Date,Close,High,Low,Open,Volume
01-01-2015,33.75812912,33.95394219,33.42341259,33.60620335,756600
02-01-2015,33.21843338,33.95394208,32.95268471,33.66456263,1404300
05-01-2015,33.13162231,33.95394529,32.90253038,33.42341564,1446200
06-01-2015,33.04577637,33.6163371,32.72118987,33.27872829,1378100
07-01-2015,33.71858978,33.9341774,32.83260116,32.83260116,1094700
08-01-2015,33.66118622,33.9423674,33.42823434,33.42823434,968600
09-01-2015,33.27920151,33.87725283,33.19190527,33.57774697,1731600
12-01-2015,33.16490173,33.8574836,32.78195587,33.27920668,1177400
13-01-2015,33.5970459,33.85507469,33.01876528,33.18323135,1419200
14-01-2015,36.40355301,39.91518533,33.54592512,33.7595846,41759300
15-01-2015,37.23551941,38.43644632,36.8959788,37.02137792,12232000
16-01-2015,37.98404694,38.38146492,36.67653132,37.21429889,5086200
19-01-2015,37.63630676,38.39110425,37.46894849,38.02310888,3989900
20-01-2015,37.66525269,38.00720351,37.57120425,37.95704239,1867600
21-01-2015,36.82266617,37.94739091,36.65578993,37.91555818,5657400
22-01-2015,37.04693604,37.52296621,36.71270153,37.08407116,1217100
23-01-2015,37.33148193,37.58854655,36.85738002,37.58854655,4241800
27-01-2015,40.21950531,41.71897756,37.23406516,37.46991293,11599500
28-01-2015,41.69582748,43.33371743,40.32995267,40.64826896,13940500
29-01-2015,39.82257462,41.91141799,39.64750009,41.7836087,4071600
30-01-2015,39.07163239,41.09440007,38.68145233,40.40712063,5898700
02-02-2015,40.12835312,40.80212452,38.76681657,39.53898207,3765600
03-02-2015,40.24603271,41.04375713,39.93446859,40.50840347,2104900
04-02-2015,39.61808014,40.60968958,39.107807,40.51178487,2867700
05-02-2015,39.84282684,40.7061448,39.11551645,40.0159732,3847300
06-02-2015,38.99398422,39.88623917,38.30429455,39.8428339,3343100
09-02-2015,38.65155029,39.06632889,38.24641976,38.9939831,980600
10-02-2015,38.62067032,39.06631745,38.26473326,38.8830447,1728700
11-02-2015,39.66775894,39.9537605,38.6375646,39.04703714,2503400
12-02-2015,39.80183411,40.14860889,39.20185093,39.74154657,1900700
13-02-2015,40.36275864,40.56146396,39.41359031,39.41359031,1042000
16-02-2015,41.53811646,42.43133541,40.36275224,42.43133541,3374400
18-02-2015,41.66110611,42.326683,40.57641227,42.326683,2920100
19-02-2015,41.56898499,41.75611775,40.5228725,41.69052414,2802200
20-02-2015,40.42834091,41.39149545,39.83800579,41.38185106,5721400
23-02-2015,40.15198517,40.99552872,39.90890686,40.12738664,1133200
24-02-2015,39.74491882,40.41676572,39.54910576,40.34683011,1707400
25-02-2015,39.37017059,40.416765,39.16278133,40.09458876,5669600
26-02-2015,39.51823807,40.11677513,39.25924525,39.51968785,1905200
27-02-2015,39.61710739,40.12641635,39.17291,39.64556219,2808100
02-03-2015,42.16607285,42.86685297,41.12430234,42.35079176,4168400
03-03-2015,41.76624298,43.18517117,41.4295983,42.6835784,2753700
04-03-2015,41.60274887,42.43278813,41.09199001,41.76817534,2221400
05-03-2015,41.88150787,42.17233709,41.2342632,41.35049627,1266200
09-03-2015,40.65694809,42.30738195,40.03092399,42.30738195,2486700
10-03-2015,40.34442139,41.46818198,40.00102454,40.99552606,1462900
11-03-2015,39.864048,40.58460623,39.45216535,40.53251697,1320800
12-03-2015,39.92964172,40.75437478,39.65521274,39.93446576,1240500
13-03-2015,39.6219368,40.57544328,39.35522404,40.32030673,2544500
16-03-2015,38.6332283,40.06952115,38.51651316,40.06952115,7726900
17-03-2015,38.911026,39.74154721,38.70074082,38.87340516,3119500
18-03-2015,39.04751205,39.64508133,38.59511637,38.97082796,4020200
19-03-2015,38.92645264,39.60794386,38.82517003,39.1241975,1964100
20-03-2015,38.78177643,40.02128829,37.63052489,39.30748209,3521000
23-03-2015,38.51651001,38.99881041,38.20928416,38.99881041,4545900
24-03-2015,38.27583313,38.96986469,37.92857633,38.58402298,2209100
25-03-2015,38.0843544,38.29463954,37.82198369,38.11377695,2225600
26-03-2015,38.16490555,38.87340558,37.98597475,38.10172579,2005500
27-03-2015,38.21409988,38.58354135,38.02455328,38.39110253,1488400
30-03-2015,38.58065033,39.25924949,38.21410471,38.57438387,2434500
31-03-2015,39.63013077,40.50357881,38.48659575,38.88304958,3770100
01-04-2015,39.93495178,40.10809816,39.18401053,40.10809816,1292300
06-04-2015,40.90726471,41.22703078,40.07915372,40.10809424,1274900
07-04-2015,41.87524414,42.10482178,40.61258366,41.23667969,1844900
08-04-2015,43.30284882,43.69640678,41.33892266,41.87475832,1882400
09-04-2015,43.45188904,45.32659111,42.4433973,43.81216454,5351800
10-04-2015,43.62021255,44.35234346,43.20253803,43.69641463,3245100
13-04-2015,42.96089935,43.62020601,42.63534885,43.62020601,3008200
15-04-2015,42.9826088,43.30815933,42.22057335,42.97296073,3832700
16-04-2015,44.2264595,44.41986242,42.2012815,43.13935555,1044800
17-04-2015,43.69110107,44.42033964,42.8408054,44.17822542,1872200
20-04-2015,43.96891022,44.31375319,42.81573068,43.14514116,1909900
21-04-2015,42.18584442,43.88932799,39.92771476,43.45525698,12573800
22-04-2015,41.28393936,42.43278046,40.43605391,41.5747649,1725600
23-04-2015,41.23329926,41.85064675,40.90871282,40.90871282,7722400
24-04-2015,39.9335022,41.09198783,39.74154907,40.63091176,2896900
27-04-2015,38.53772736,40.64827345,38.34287834,40.64827345,4170100
28-04-2015,38.65926743,40.50310079,37.74964817,37.74964817,2084600
29-04-2015,38.48274231,39.32676785,38.15043595,39.32676785,6349800
30-04-2015,39.01134491,40.51322736,38.11137012,38.43065417,4903600
04-05-2015,40.44232941,40.99552943,37.80848792,39.11359328,3258700
05-05-2015,41.38281631,42.39420018,40.99552847,41.09198706,3202100
06-05-2015,41.33699799,42.15546099,39.73624303,41.7180157,1621300
07-05-2015,40.32561874,42.04694899,39.45313823,42.04694899,1217700
08-05-2015,41.90658951,41.96012487,39.98462257,39.98462257,2022600
11-05-2015,41.93215942,42.92473294,41.4831379,41.7855397,1501100
12-05-2015,41.87813568,42.34596756,41.18892814,42.10336762,1168900
13-05-2015,41.73923111,42.53840156,41.5839311,42.01752005,1755000
14-05-2015,42.29484558,42.63535023,41.82315739,42.19645516,2771900
15-05-2015,43.25172424,43.39737987,42.36573962,42.38985243,1780800
18-05-2015,43.02649689,43.87968855,42.82875565,43.40703258,1529200
19-05-2015,43.22905731,43.81119414,42.80463437,43.39689761,1407200
20-05-2015,43.39496613,43.74463309,42.37104212,43.64624636,8276300
21-05-2015,44.14977264,44.37163035,43.14658707,43.59898649,4842800
22-05-2015,43.47454453,44.3504027,43.31056421,44.25587226,1645300
25-05-2015,43.43933487,43.88691015,42.84321176,43.40702011,2050000
26-05-2015,43.24594116,44.22693838,42.92569304,43.69062065,3720200
27-05-2015,42.5543251,43.53243014,41.53281112,43.08195885,4273000
28-05-2015,42.67586136,43.40654604,42.00835643,42.55432221,1993500
29-05-2015,40.67286301,44.26551636,39.70006423,43.39737812,23631300
01-06-2015,42.24853897,42.55817492,40.97140659,41.2849025,4038200
02-06-2015,41.33024597,42.83791659,40.97141292,42.83791659,2672400
03-06-2015,41.71753311,42.11157314,40.22384891,40.70614924,2593300
04-06-2015,41.98182297,42.24949974,40.59279962,41.76044734,1721700
05-06-2015,42.93100739,43.35880836,41.47783599,42.15305731,3294000
08-06-2015,43.14369202,43.50155728,42.4916196,43.50155728,2425500
09-06-2015,44.20138168,44.55490498,42.44339485,42.55336148,5611000
10-06-2015,43.92019272,44.32339503,43.45525309,43.92790896,2279800
11-06-2015,45.00151062,46.03074073,43.66168048,44.37162656,8594200
12-06-2015,45.10907364,45.47224504,43.49385008,44.99862864,3890000
15-06-2015,45.48382187,45.65262627,44.89252257,45.15537541,2678700
16-06-2015,45.337677,45.52915176,44.71068878,45.48092247,2233600
17-06-2015,46.07125854,46.20437391,45.30536316,45.36034832,9815000
18-06-2015,47.29339981,47.43905544,46.07125256,46.07125256,8103900
19-06-2015,49.7545929,50.55279947,47.30402395,47.30402395,7863000
22-06-2015,51.95627213,52.56107922,49.60023822,50.15922252,12956100
23-06-2015,51.30807495,52.26206346,50.59378682,52.26206346,5400400
24-06-2015,50.67722321,51.79857367,50.40038403,51.36498468,10692000
25-06-2015,51.94277191,52.08842753,49.77338484,50.71869657,7445800
26-06-2015,52.43327713,53.04339042,51.12383354,51.93409822,6722500
29-06-2015,52.62234116,52.76365479,50.3627617,50.44909386,5934300
30-06-2015,52.50706863,52.66719269,51.89551293,52.14631115,2855600
01-07-2015,53.03567123,53.68050947,52.37781436,52.57073522,5751000
02-07-2015,52.57651901,53.84400336,52.19453728,53.05303119,4948900
03-07-2015,53.64241028,53.9211813,52.6199322,52.6199322,5219900
06-07-2015,53.6727829,54.25925795,52.66670164,53.15913198,5063000
07-07-2015,53.61250687,54.59639631,53.36315474,54.19608983,5112400
08-07-2015,50.40906906,53.72729797,49.94220486,53.58357045,12273000
09-07-2015,48.60338593,51.00918775,48.1121594,50.4003553,18850200
10-07-2015,48.63581467,49.15752918,47.9243821,48.42577007,6691500
13-07-2015,49.31965637,49.75184179,48.78632566,48.88069914,9573700
14-07-2015,49.19285202,49.59696794,48.39672748,49.37627825,6645300
15-07-2015,49.9236412,50.12932876,49.19284962,49.24318411,4792000
16-07-2015,50.80592346,51.13357031,49.99382925,50.04222525,7216800
17-07-2015,50.12787247,51.38715385,49.94541367,50.73718478,8084100
20-07-2015,50.05673599,50.9956337,49.49194626,50.52425004,2941700
21-07-2015,49.42999649,50.61764959,49.19043137,50.04221477,4275200
22-07-2015,49.66763306,50.42939646,48.15959209,50.04222479,18540600
23-07-2015,49.75377655,50.57458471,49.36466641,50.0422214,9167900
24-07-2015,50.04318619,50.4293904,49.71312088,49.84863113,3066400
27-07-2015,50.60555267,50.82188535,49.37191842,50.04221409,7168100
28-07-2015,51.68141556,51.8687114,50.57409744,50.62297713,8062600
29-07-2015,52.65128708,53.23640337,51.699322,51.97324841,5517800
30-07-2015,52.6614418,53.23203959,51.94807456,52.70403337,3616800
31-07-2015,53.34577942,53.69423647,52.08020594,52.31686519,6296500
03-08-2015,55.00143051,55.17226942,52.80082903,53.47741656,4170800
04-08-2015,54.46470261,55.24969821,53.24946018,55.17226169,4563800
05-08-2015,53.8370018,55.36779125,53.53548966,54.68830153,5596900
06-08-2015,52.85358429,54.20433719,52.19200256,53.91395755,3163800
07-08-2015,53.06846237,53.96089886,52.65563983,52.99441544,4062800
10-08-2015,52.64305878,53.9623526,52.42720978,53.5267813,4285300
11-08-2015,52.77469635,53.09992465,52.30524748,52.65564302,3530600
12-08-2015,51.41571045,53.23639568,51.01014715,53.23639568,4404000
13-08-2015,51.84256744,52.38460834,51.41570654,51.49411047,3891700
14-08-2015,52.38220215,52.72339999,51.48250636,52.25782072,6539900
17-08-2015,52.2679863,52.55788225,51.01112312,52.55788225,8362500
18-08-2015,52.24474716,52.46253464,52.07729786,52.2684633,3680800
19-08-2015,52.18135452,52.36526077,51.88177717,52.24475264,6178000
20-08-2015,51.37602997,52.26846649,51.10742798,52.12811554,5316000
21-08-2015,51.72981262,52.25298189,50.40035367,50.44874966,4970900
24-08-2015,47.14615631,50.81656395,45.98899112,48.92909084,14469900
25-08-2015,47.57930374,49.19817481,47.03242207,47.56962602,24910200
26-08-2015,48.0797348,49.02589181,47.35136161,47.90308776,11040300
27-08-2015,49.36418152,49.80991426,48.41124904,48.41124904,6201100
28-08-2015,48.90489578,49.64439774,47.30296155,49.41499402,20694900
31-08-2015,48.60192871,49.06895533,48.38704713,49.00023281,4484400
01-09-2015,47.76805496,49.12268118,47.28360396,48.60193411,6406400
02-09-2015,48.60919571,48.92909593,48.08747751,48.11603067,4201500
03-09-2015,50.35388184,50.73524896,49.08104945,49.08104945,14177400
04-09-2015,49.12849426,50.85335166,48.51579216,50.85335166,6736300
07-09-2015,48.77470398,49.9647793,48.24911624,49.9647793,5277800
08-09-2015,48.5090065,49.3627247,47.96889666,48.93876965,3858700
09-09-2015,48.88020706,49.52727028,48.39672353,49.3636906,5512500
10-09-2015,48.92618561,49.51565514,47.80144325,48.58934482,5638800
11-09-2015,48.75341415,49.6835979,48.38317946,49.6835979,2067800
14-09-2015,49.83750153,50.14869511,48.74518914,48.74518914,6167300
15-09-2015,50.67137527,51.00047319,49.60664868,50.09255079,6967300
16-09-2015,50.33356094,50.96175244,49.8486263,50.83930583,4191600
18-09-2015,48.06375885,51.0488725,47.67077912,50.52618693,34401500
21-09-2015,47.77628326,48.614512,47.138414,47.90308319,7069800
22-09-2015,46.66799545,48.05697912,46.30114671,48.03859108,12573700
23-09-2015,46.89546585,47.22553117,45.27078649,46.66122511,14319300
24-09-2015,47.12002563,47.33829684,46.34519497,46.89788481,2846800
28-09-2015,46.68106079,47.58656086,46.55764678,46.76188323,2262200
29-09-2015,49.47065353,49.83895341,45.80411538,46.07562327,10475100
30-09-2015,49.66714478,50.33259982,48.60967739,49.50985688,8438400
01-10-2015,49.43774033,50.23580335,49.138163,49.75183608,5197600
05-10-2015,50.40567017,50.65684779,49.46193188,50.23095797,4358800
06-10-2015,49.99769211,50.74300218,49.7784572,50.57458177,7465000
07-10-2015,49.55921555,50.33307872,49.24027908,49.99381942,5900600
08-10-2015,48.7979393,49.55970261,48.65419874,49.55970261,4041600
09-10-2015,48.36139679,50.1196477,47.81596623,48.89327633,5027700
12-10-2015,48.04246521,48.78148349,47.78209352,48.36285281,4935200
13-10-2015,48.1707077,48.3483258,47.55461986,47.55461986,3583700
14-10-2015,47.81499863,48.25153733,47.62238207,48.17071488,2054700
15-10-2015,48.24524307,48.88069381,47.64173879,47.8159673,3411500
16-10-2015,48.37737274,48.60919498,47.90308684,48.39673188,2375900
19-10-2015,48.54626465,48.83664423,48.17070563,48.5801422,4130500
20-10-2015,51.40556335,51.77483069,48.6774388,49.06461048,37756200
21-10-2015,51.86242294,52.53658832,50.7778498,52.51045367,15041400
23-10-2015,51.03967667,52.09182336,50.87996656,52.02648674,4707600
26-10-2015,51.37699509,51.73271132,50.91335436,51.19405626,4329600
27-10-2015,51.50186157,51.88129026,51.181474,51.30101471,2621600
28-10-2015,50.4124527,51.59671997,50.15836913,51.55219359,5687200
29-10-2015,49.96574783,50.81511276,49.5054967,50.81511276,10727000
30-10-2015,50.54893494,50.79721041,50.21645109,50.3229245,4139200
02-11-2015,50.55715561,50.81704727,50.09158007,50.65201647,2493100
03-11-2015,50.84947968,51.19406344,50.48940639,51.16502658,2081400
04-11-2015,51.73562622,51.78450592,50.90175069,50.90175069,4055300
05-11-2015,51.54880524,51.9780847,51.07548679,51.78449706,5950300
06-11-2015,51.27487946,51.60059144,50.83253266,51.60059144,4034000
09-11-2015,51.74723434,52.26846881,50.3325996,50.86012219,3162600
10-11-2015,51.70899963,52.2462036,51.3005304,51.74674681,3473900
13-11-2015,51.40362167,52.12231347,50.71977854,52.12231347,6087400
16-11-2015,51.03047562,51.4747572,50.44826159,51.30052869,5449100
17-11-2015,50.62685013,51.45491744,50.24209703,51.08758497,4155200
18-11-2015,51.06628799,51.39732068,50.09254538,50.99950028,5910800
19-11-2015,52.43301392,52.51045045,50.81753236,51.10694459,3507300
20-11-2015,52.73548889,53.11008054,52.17844581,52.48672976,3861000
23-11-2015,53.20542526,53.23640062,52.5690108,52.83470689,4035900
24-11-2015,53.67003632,54.20433438,53.13960786,53.13960786,6254800
26-11-2015,53.7252121,54.63991002,53.18800809,53.76876738,7798500
27-11-2015,54.00445557,54.44051056,53.37771883,53.5277475,3494800
30-11-2015,53.633255,54.19465883,52.9808673,54.19465883,2645400
01-12-2015,54.24111938,54.44535587,53.19139489,53.38159665,4725100
02-12-2015,53.93960571,54.49374661,53.73972626,53.91395477,2736400
03-12-2015,53.68309784,54.24982603,53.52774476,54.19271604,1828000
04-12-2015,52.72436523,54.06834261,52.61450224,53.681651,1700300
07-12-2015,53.01086807,53.44547194,52.65660664,52.77856586,1933400
08-12-2015,53.59647751,54.18013901,52.08165746,52.98474286,2675900
09-12-2015,53.27947617,53.92218618,52.86084547,53.62309621,7183900
10-12-2015,53.6017952,54.01074814,53.13863815,53.3341643,1871200
11-12-2015,53.47451401,53.99913439,53.24753618,53.60179765,2803200
14-12-2015,52.63579941,53.7203688,52.45285688,53.42998916,2855800
15-12-2015,54.26143646,54.44631378,52.55980823,52.99441208,3295800
16-12-2015,54.28420258,55.13259661,54.07851496,54.30162322,4391200
17-12-2015,55.5284729,55.75206482,54.44632197,54.49471797,9175600
18-12-2015,56.27378845,56.62418034,55.52073537,55.52073537,6464500
21-12-2015,56.81581879,57.3452761,55.6562315,55.6562315,3788400
22-12-2015,57.06409836,57.24316759,56.57577775,57.15556962,2572900
23-12-2015,57.21944427,57.60613212,56.68853219,57.10813019,2848900
24-12-2015,57.11685181,57.35012514,56.63869262,57.25333316,2460600
28-12-2015,57.16960144,57.25332979,56.96294647,57.25332979,902100
29-12-2015,57.94442368,58.06638657,57.02295045,57.20492185,3623100
30-12-2015,57.82634735,58.27933928,57.52628631,58.07607391,3829300
31-12-2015,58.17238235,58.46324938,57.7024498,58.07510667,5519300
01-01-2016,59.00383377,59.22549085,58.07606866,58.23190543,3039400
04-01-2016,58.58375931,59.03433274,58.03203319,59.03433274,4072000
05-01-2016,58.05526352,59.0328758,57.88248611,58.80202468,5112000
06-01-2016,59.11418533,59.81835865,57.60178749,58.04607282,3460100
07-01-2016,59.1049881,59.91417998,58.36838836,59.04207368,7822900
08-01-2016,61.12023544,61.61097829,58.97238669,59.3924722,10350700
11-01-2016,61.03989792,61.84134699,60.21521641,61.09506943,5324000
12-01-2016,60.09712601,61.2605831,59.54733837,61.07667316,5845200
13-01-2016,58.82960892,60.9353495,58.41533158,60.20552899,10359400
14-01-2016,58.8107338,59.25017838,57.97395618,58.56003984,5575400
15-01-2016,57.83699799,59.48829575,56.92907554,58.3664591,4152700
18-01-2016,53.26737213,57.83408559,52.92907655,57.25526118,11221300
19-01-2016,54.6389389,55.26906155,51.77530461,53.26737582,6370100
20-01-2016,54.5857048,55.1722722,52.82115823,54.39792525,9801800
21-01-2016,55.57928085,56.38266451,54.3011203,55.0759545,7095800
22-01-2016,56.34008408,56.61449417,55.68963119,56.30475172,5613300
25-01-2016,56.68515396,57.59210895,56.37202558,56.38122329,4681400
27-01-2016,57.46578598,57.96862866,56.31442897,57.17589007,3929500
28-01-2016,55.90839005,57.88200648,55.46265361,57.58775353,6951900
29-01-2016,57.38303375,57.78521119,55.71431549,56.51769927,3596300
01-02-2016,58.1065712,58.72459399,56.94311037,58.72459399,3292700
02-02-2016,56.2505455,58.56100622,55.95677997,58.43420629,7836400
03-02-2016,61.75180054,62.81798178,54.21400856,55.75302453,51682900
04-02-2016,61.4047966,62.1960841,60.20552728,62.05428205,13885700
05-02-2016,64.83564758,65.33558813,61.44449044,61.44449044,23956600
08-02-2016,64.46590424,66.18689201,63.50619616,64.81871832,10352100
09-02-2016,63.72929001,64.52009378,61.90908845,63.88367568,9211800
10-02-2016,62.70861053,64.92469414,62.04460295,63.72929438,7918000
11-02-2016,59.81060791,63.25451753,58.66651011,63.25161532,11069400
12-02-2016,58.04462051,61.34769975,57.39852457,60.04098575,14716300
15-02-2016,60.10824585,60.97987206,59.20855019,59.49796609,9653700
16-02-2016,58.18641281,60.47557952,57.74019643,59.93450228,6572000
17-02-2016,59.14999771,59.67316696,56.43251878,58.55036302,6671700
18-02-2016,59.66300583,60.35072223,59.09240796,59.62477126,3276500
19-02-2016,58.54164505,60.15713017,58.26965717,59.91466284,4720300
22-02-2016,58.09979248,59.42102115,56.63579065,59.42102115,5274800
23-02-2016,57.05829239,58.51116164,56.70160874,58.38097211,4355700
24-02-2016,56.27764893,57.17492614,56.14020387,57.17492614,4758100
25-02-2016,55.68430328,56.67256432,54.28951153,56.61932763,11698700
26-02-2016,56.22199631,56.72096573,55.52266371,56.57577776,10910400
29-02-2016,57.41836548,58.7536326,54.62974532,56.22199822,6404700
01-03-2016,60.09760666,60.59270277,57.69083755,57.69083755,8677500
02-03-2016,61.66614151,63.00285593,60.43202349,60.78628863,12220100
03-03-2016,60.08647537,62.0446059,59.81642227,61.76390768,6545100
04-03-2016,61.31430435,61.82198412,59.56669834,60.9702043,4627500
08-03-2016,60.91260147,62.26432532,60.72917895,61.36510966,5294900
09-03-2016,62.17818069,62.67376421,60.0656645,60.9314827,6285900
10-03-2016,61.99524689,62.52857389,61.76584317,62.24013275,4042300
11-03-2016,61.95168686,62.42984976,61.27026226,62.42984976,4313900
14-03-2016,63.07788086,63.35131618,61.99621366,61.99621366,4579100
15-03-2016,62.66553116,63.8352762,62.15107227,63.35130896,5195800
16-03-2016,62.91983795,62.99409133,61.46048921,62.74997419,5833300
17-03-2016,63.88269806,64.54709798,63.04941189,63.43377879,9279200
18-03-2016,64.37627411,64.67425773,63.02321415,64.14429431,6992000
21-03-2016,64.58592224,65.18479968,64.06177952,64.71210187,11715900
22-03-2016,64.13507843,64.8179178,63.69100957,64.69270825,3453000
23-03-2016,66.7232666,66.96398471,64.15012436,64.35298635,12459400
28-03-2016,65.03435516,66.97368108,64.93535314,66.96397268,6596800
29-03-2016,64.61260986,65.50753806,64.44906288,64.49856019,4419400
30-03-2016,65.88414764,66.21512943,64.74219199,64.7693696,4798900
31-03-2016,67.20810699,67.84726968,65.37215178,65.57113339,7455900
01-04-2016,66.7552948,68.24473145,66.0035414,67.3522321,6645800
04-04-2016,66.67959595,67.58325533,66.31657855,66.97369921,6338500
05-04-2016,66.23162842,67.16780441,66.00401781,66.48836424,5577900
06-04-2016,67.43521881,67.89577928,66.45002685,66.87661901,4550500
07-04-2016,67.77542877,68.39566331,67.41484038,67.74000161,5609500
08-04-2016,69.24012756,69.64294128,67.55607815,68.18699129,7467300
11-04-2016,69.81958771,70.17678446,68.91495832,69.40027493,5598600
12-04-2016,71.20080566,71.56479313,69.83705972,70.07971803,12334700
13-04-2016,72.12193298,72.99161657,71.63370606,71.72979781,10425400
18-04-2016,70.99113464,73.10517491,70.71547816,72.14716051,14558100
20-04-2016,70.01566315,72.01419522,69.88559568,71.79774442,15538400
21-04-2016,67.81328583,70.08068354,67.41484132,69.9826516,18101800
22-04-2016,67.66429138,68.10350227,66.88633049,67.81327947,9793000
25-04-2016,66.52574921,68.13748541,66.28891888,67.9336533,6605600
26-04-2016,67.98654938,69.22604839,66.39179381,66.73103261,13350500
27-04-2016,67.41678619,68.34957074,67.12463056,67.9443281,7996400
28-04-2016,67.62497711,68.33257244,67.21634288,67.2648775,15367500
29-04-2016,66.28549957,67.7812454,65.956458,67.55605635,7697200
02-05-2016,68.46605682,68.91497628,65.51775914,66.72134257,7833700
03-05-2016,67.80358124,69.16489066,67.36194138,68.91495292,9893900
04-05-2016,67.49977112,68.32966573,67.10763597,67.75504811,8851300
05-05-2016,69.45366669,69.73029333,67.5706357,67.91035588,9150400
06-05-2016,70.51117706,70.6621128,69.04163819,70.11370258,6698600
09-05-2016,71.61962128,72.31216897,70.23986514,70.85621926,8606200
10-05-2016,71.94623566,72.42864189,71.28814508,72.06950499,7833900
11-05-2016,72.63102722,72.76788538,70.61793634,71.79677081,8210500
12-05-2016,74.44902802,74.69022748,72.34712474,72.99161925,9471200
13-05-2016,74.02193451,75.80644443,73.67105455,74.88434594,16253100
16-05-2016,75.42887115,76.27283591,73.92196527,74.156374,12775000
17-05-2016,75.3055954,75.94232897,75.02993892,75.94232897,6229000
18-05-2016,75.15176392,75.90351742,74.59316401,75.07120118,7226700
19-05-2016,75.10954285,75.90351418,74.79311251,75.32016563,7909300
20-05-2016,75.42304993,76.12869767,74.44416723,75.18524214,7481400
23-05-2016,74.28934479,76.04909855,72.82319805,75.71908687,10553200
24-05-2016,74.01612854,75.17554629,70.03556338,75.17554629,43044900
25-05-2016,71.2177887,73.76813004,70.41944815,73.76813004,20068600
26-05-2016,72.39321899,72.99160774,71.63272729,71.72978912,16384900
27-05-2016,74.42719269,75.12507976,72.47961671,73.21487115,13854900
30-05-2016,74.18985748,74.93287256,73.37404048,74.7387489,7632500
31-05-2016,73.6594162,75.22407652,72.50630047,74.42912765,154592300
01-06-2016,74.17967987,74.92318382,72.60337092,73.06927074,9970900
02-06-2016,77.30656433,77.65065361,73.6710591,74.36796856,15882300
03-06-2016,76.67565155,78.57275243,76.50530644,77.65065388,13053400
06-06-2016,75.45797729,77.15610369,75.23376575,77.15561494,8372800
07-06-2016,74.61500549,76.23353977,74.25344696,75.7093969,14258800
08-06-2016,75.20417786,76.26945139,74.37623078,75.10759736,9940800
09-06-2016,74.92269135,75.61038859,74.64169558,75.61038859,3101200
10-06-2016,73.72589874,75.19301582,73.52546571,75.19301582,6892400
13-06-2016,72.80330658,73.36967463,72.31216941,73.28280255,9882200
14-06-2016,72.7188797,73.20516648,72.02099259,72.80721065,7466700
15-06-2016,74.26508331,74.62130253,72.69993442,72.70042318,4862300
16-06-2016,73.73171234,74.34466733,73.37451566,74.01076785,5810900
17-06-2016,73.09013367,74.25198023,72.554831,73.93749751,6411800
20-06-2016,73.18429565,73.76813302,72.2636484,73.08869266,5460400
21-06-2016,73.82684326,74.59315558,73.04014403,73.57204762,4583500
22-06-2016,73.75889587,74.20295726,73.38034956,73.38034956,3036900
23-06-2016,74.7086792,75.12750328,73.52547544,73.52547544,3073000
24-06-2016,73.65261078,74.03892532,71.98603828,73.7098837,7542600
27-06-2016,74.69603729,74.85522253,73.1032296,73.1032296,6817400
28-06-2016,74.70623016,75.36917125,74.26313889,75.36917125,6163300
29-06-2016,74.60092926,75.15370114,74.457273,74.73875752,1971000
30-06-2016,77.61862183,77.89330822,74.54510825,74.88385826,13410000
01-07-2016,79.27354431,79.98016954,77.60211398,78.13596515,11114200
04-07-2016,79.63414764,80.38638245,78.62128917,79.35411457,4235200
05-07-2016,79.30072784,79.78604443,78.72805782,79.63414603,4760300
07-07-2016,78.57904816,79.59141767,78.43151153,79.0192365,4457900
08-07-2016,79.66763306,79.96998583,78.31165542,78.62128764,5548200
11-07-2016,83.15900421,84.59068673,80.07772952,80.55818823,26266600
12-07-2016,83.73799133,84.54215991,83.18327179,84.25097436,9689300
13-07-2016,83.23471069,84.97894319,82.73240621,83.86174338,11805700
14-07-2016,84.22409821,84.72972566,83.29978635,83.73547249,9246500
15-07-2016,84.51456451,85.33978611,84.12599257,84.51358621,7148000
18-07-2016,85.49230957,85.83521994,84.99979281,85.38836477,7276700
19-07-2016,83.96084595,85.77693381,83.54265066,85.58167324,8582700
20-07-2016,83.93218994,85.02892791,83.42024796,84.18379192,6288900
21-07-2016,84.5903244,85.32958119,84.04486813,84.79578303,23674300
22-07-2016,85.85269928,86.21310052,84.35087675,84.58207517,7320400
25-07-2016,87.26951599,87.7197729,86.00520656,86.28205913,22901400
26-07-2016,95.66944122,97.04449921,86.456924,88.39880533,95646500
27-07-2016,95.13612366,96.53692129,92.43507134,96.17117649,38403300
28-07-2016,100.2200775,101.6111588,94.0092641,95.10260751,59563200
29-07-2016,100.7626343,101.7899127,99.5711787,100.9306876,28248400
01-08-2016,109.0547256,110.8266119,101.3192617,101.6111742,52960000
02-08-2016,106.313858,114.3368623,104.914031,109.7711621,40981800
03-08-2016,97.19701385,106.3711626,96.55976003,106.3711626,54461400
04-08-2016,96.84827423,100.2278697,94.45613579,98.35690045,38068700
05-08-2016,98.06255341,99.68969516,95.34692997,99.0854665,26812600
08-08-2016,97.4763031,99.875727,96.88033811,99.73632609,16569600
09-08-2016,98.88923645,99.66832212,96.26833058,98.11404176,14404700
10-08-2016,97.126091,99.76545092,96.17117755,98.59974264,11447200
11-08-2016,97.21351624,97.87602802,95.67574864,97.62734616,8901000
12-08-2016,98.6424942,99.07574943,96.96387292,97.34661209,7975400
16-08-2016,99.12044525,100.2997536,97.34127351,98.69786982,9063600
17-08-2016,99.17093658,99.57116659,98.44673979,99.08545359,3955200
18-08-2016,98.44966125,99.99326172,97.8128966,99.41914557,6188300
19-08-2016,98.92129517,99.47403687,98.35786623,99.08546494,4067600
22-08-2016,98.75662994,99.39631466,98.31900203,98.77363168,4942700
23-08-2016,97.53749847,99.46917433,96.31690132,99.46917433,6695400
24-08-2016,97.66329193,98.59002728,97.40003186,98.39574503,4375400
25-08-2016,99.95633698,100.4648771,97.39565645,97.725456,12545300
26-08-2016,101.8142014,103.165454,100.5178375,100.5965168,9162400
29-08-2016,104.3661346,104.9883359,101.2046344,102.7574547,10646000
30-08-2016,104.6944885,106.274027,103.9965131,105.6134569,13942300
31-08-2016,106.9647141,108.439826,105.0213724,106.8568857,19100900
01-09-2016,108.4194183,109.3825882,106.8568816,107.1531669,12919100
02-09-2016,108.2149353,109.5768752,107.6243065,109.0814458,10016000
06-09-2016,109.4394226,109.7614477,108.5675685,108.8094541,7553400
07-09-2016,110.6774902,114.0454274,109.7128678,109.7225767,25193400
08-09-2016,112.9574432,114.0065854,104.9140351,112.0928745,16049330
09-09-2016,112.058876,115.0071508,111.1845909,113.7540101,7584160
12-09-2016,106.3128815,110.1451574,101.9997469,109.2660179,10346120
14-09-2016,106.9588776,107.6340184,103.7483139,107.1483054,10497610
15-09-2016,106.7597275,108.1197255,105.3997295,107.7214372,6615510
16-09-2016,105.6766052,108.5180225,104.9820316,107.7311696,8039660
19-09-2016,104.5157318,106.5168746,104.1563089,106.5168746,8248830
20-09-2016,104.4331665,105.7834483,102.0046011,102.0046011,5971260
21-09-2016,103.9668808,105.3900165,103.5588836,105.3900165,7228850
22-09-2016,109.5720062,109.9848653,104.0154477,105.2297303,13636280
23-09-2016,109.43116,111.1797226,108.6345908,110.5871521,11604320
26-09-2016,109.0717316,110.728015,108.3674491,108.6054511,6485510
27-09-2016,106.7208786,109.7711562,106.065163,109.7711562,9053720
28-09-2016,107.4494476,108.2071588,106.0845951,107.3425902,8753570
29-09-2016,100.7514648,109.0911653,98.23062008,108.7997345,15500650
30-09-2016,102.5728836,103.558888,99.13889602,101.0234651,11517110
03-10-2016,105.5648651,105.8854375,103.7774448,103.8454443,8814260
04-10-2016,105.2783051,106.502304,104.1368764,106.0797286,4900220
05-10-2016,104.3554688,106.2594633,103.7774689,105.8854621,7291610
06-10-2016,104.6468964,107.3426058,103.5540418,104.5303299,11826710
07-10-2016,105.1568756,105.8854452,104.5254472,105.5648728,6068850
10-10-2016,104.3263016,106.142871,104.1854481,105.4143015,3824020
13-10-2016,102.3834534,105.3997348,101.0477424,105.3997348,9690240
14-10-2016,103.0974655,103.9231838,101.0380466,103.1460398,8194600
17-10-2016,104.8022995,105.3997244,102.1017363,103.4277308,9208790
18-10-2016,108.542305,108.8968735,105.409457,105.7883127,13562070
19-10-2016,108.6880112,109.7662947,107.9497253,109.1202955,6481410
20-10-2016,108.9357224,110.2568624,108.5665831,109.1397209,5359990
21-10-2016,110.1888657,110.6454371,108.3431545,109.3825802,4660280
24-10-2016,109.6691589,110.9514412,109.3048741,110.4025905,3998320
25-10-2016,110.9077301,111.2283025,108.3237402,109.5768809,4172010
26-10-2016,111.5585861,113.0060166,109.2903067,110.7425916,9716900
27-10-2016,107.3231583,112.8797093,106.6625882,111.8062876,20146350
28-10-2016,104.1903076,107.5368704,102.2620261,107.3523044,14524330
01-11-2016,103.0488892,105.8805973,102.6117429,105.594021,9037750
02-11-2016,99.07089996,101.9997493,98.65804087,101.805467,13298860
03-11-2016,100.1394577,101.6257384,98.59974824,100.0374621,9680280
04-11-2016,96.47718048,100.6591699,94.23804314,100.5425961,16667440
07-11-2016,96.21005249,99.90146763,95.70490671,98.0946217,10632580
08-11-2016,95.55919647,97.32719183,94.4226222,96.82204607,9603360
09-11-2016,90.2600708,90.77977999,81.22580372,89.37121489,33848550
10-11-2016,90.26491547,95.13176252,89.7500608,92.28548362,17539210
11-11-2016,83.35807037,89.37120024,82.57121761,89.37120024,27806070
15-11-2016,79.17609406,84.3780849,74.0518265,84.3780849,43683530
16-11-2016,87.40892792,91.57633956,78.05895126,80.33693935,77573480
17-11-2016,84.62578583,87.76834997,83.54264776,87.76834997,19293840
18-11-2016,85.3300705,87.5692081,84.028363,84.70835834,16472760
21-11-2016,80.84208679,86.59778238,79.21980687,86.59778238,20767910
22-11-2016,83.34835815,83.83407118,80.65264938,82.57606881,14340860
23-11-2016,82.59550476,84.65492333,82.03693031,84.61121093,11615950
24-11-2016,79.72493744,82.65378645,79.2829368,82.32835961,16130900
25-11-2016,85.2815094,85.87407999,79.97266121,80.72551802,16230360
28-11-2016,85.41264343,87.33120851,83.32893028,85.11635817,18188630
29-11-2016,88.13264465,89.98321047,85.86436526,85.92264846,25464460
30-11-2016,89.35177612,90.13377443,88.30748862,88.39977528,17753150
01-12-2016,88.8077774,90.33291617,88.3997802,89.95406057,9974750
02-12-2016,86.1169281,88.39977803,85.48549963,87.81692383,18182210
05-12-2016,87.64692688,88.18606871,85.97121818,86.16550045,7978130
06-12-2016,87.23891449,89.75004988,86.77748861,87.74891464,8784340
07-12-2016,86.55892181,88.47262492,85.0629248,88.07919855,8880280
08-12-2016,88.55033112,88.97289903,87.82662353,88.20547905,10019200
09-12-2016,87.0737915,89.14778115,86.60750366,88.76892552,6517670
12-12-2016,81.9495163,87.11264901,81.01694802,87.11264901,23954250
13-12-2016,81.28408051,81.93007233,78.19979973,79.65693885,29139710
14-12-2016,82.44978333,83.33378456,80.90035764,81.57064396,14235920
15-12-2016,82.94036865,84.21294205,80.73037991,81.12380635,8334950
16-12-2016,82.64894104,83.83408216,82.3769429,83.63007614,6264590
19-12-2016,79.9386673,82.88208766,79.55009531,82.88208766,8083120
20-12-2016,78.27751923,80.57979441,76.38323383,80.14265561,20296040
21-12-2016,76.60666656,79.15180574,76.06752476,78.78265906,16082650
22-12-2016,74.35296631,76.23753561,73.87696952,76.23753561,18362220
23-12-2016,78.58351135,80.42436797,73.95466656,75.45066365,33652970
26-12-2016,78.68553162,79.78324069,75.97039684,78.68553162,21339160
27-12-2016,78.66122437,80.42436505,77.65094037,78.78265262,35055640
28-12-2016,79.67636871,81.68722053,78.78265844,79.30237499,21246090
29-12-2016,80.95379639,81.57550852,79.29265858,79.65694338,15940840
30-12-2016,81.81349945,83.02778196,80.9197893,81.59978454,8425640
02-01-2017,84.5189209,84.892922,81.79407053,82.76549658,9499670
03-01-2017,85.87406921,86.35978227,83.46979108,84.51407118,12602640
04-01-2017,84.69865417,86.55407439,84.31979854,86.17521876,9714280
05-01-2017,87.40406036,87.71977829,85.00463675,85.81092218,14234470
06-01-2017,85.33493042,88.87577544,85.08721201,88.49691984,40406250
09-01-2017,85.31549072,86.82120408,85.00949655,86.24320439,6153810
10-01-2017,87.40406036,87.61777529,85.49034979,85.94206678,11472930
11-01-2017,87.05435944,88.35121256,86.55407552,87.91407372,20051890
12-01-2017,86.57350922,88.39493342,86.06836342,87.6712182,7377500
13-01-2017,87.43321228,87.96264519,86.27235827,86.76778771,8211850
16-01-2017,89.14778137,89.380929,86.88921836,87.42836022,11175040
17-01-2017,88.82234192,89.81805514,88.44834821,89.75005561,8495540
18-01-2017,90.37664032,91.11978077,88.88549754,89.2449279,15251440
19-01-2017,89.98319244,90.566054,88.9826248,90.32319749,5989970
20-01-2017,88.17634583,90.34262934,87.8169229,89.83749102,6978570
23-01-2017,90.30861664,90.50776075,87.92862585,88.34148487,8296480
24-01-2017,90.31835938,90.8235052,89.46836136,90.8235052,8262880
25-01-2017,97.1280365,97.72546146,90.45919858,90.45919858,38749460
27-01-2017,96.73946381,99.08545864,96.30232504,97.14260651,13869160
30-01-2017,102.4660263,102.8740235,96.08861171,96.17118204,48663840
31-01-2017,100.7271805,104.136881,100.1297481,102.8643151,23045840
01-02-2017,103.5685806,103.9328654,99.57116472,100.9311626,18603790
02-02-2017,102.4028854,105.2977311,101.9997427,103.6900221,16817290
03-02-2017,101.7423248,103.7483223,101.2517573,102.5146069,9030790
06-02-2017,104.3020325,105.4483157,102.0094661,102.582604,12180630
07-02-2017,103.0634613,104.4283139,102.2328887,103.9426008,6587860
08-02-2017,101.9463196,103.8843175,99.57118288,102.9711745,10462970
09-02-2017,101.1108856,103.1314537,99.66831726,102.7768853,9168710
10-02-2017,102.5291748,102.8740344,100.8340409,101.5334615,6433910
13-02-2017,102.8691635,103.9425926,101.3440248,102.6797357,4844760
14-02-2017,102.9226074,103.8454668,102.4854686,103.3597537,4381000
15-02-2017,101.0671692,103.4568764,99.95974406,103.000305,6792040
16-02-2017,106.3080139,107.4397262,100.5426023,101.1157402,10350070
17-02-2017,105.8368683,108.6054385,105.0208739,107.8282947,14088530
20-02-2017,106.4585876,107.7797278,100.542606,106.1720187,6175650
21-02-2017,106.4585876,107.4348757,105.3997367,106.0991647,3354820
22-02-2017,104.549736,107.2600158,103.4568816,106.37116,10006320
23-02-2017,103.7677307,106.7597247,103.6025901,105.2054445,11961770
27-02-2017,106.0408783,107.2454446,103.8454532,104.0251647,12234400
28-02-2017,107.6534424,108.7025844,106.4683013,106.6383039,12574750
01-03-2017,104.5108719,109.6642874,104.0008717,108.7997188,20450870
02-03-2017,101.8783112,105.8465858,98.99803636,105.2054485,25871530
03-03-2017,101.6354599,102.6700311,99.48860902,101.7568882,11857510
06-03-2017,100.4406052,102.5826016,99.70718108,102.3883194,11760840
07-03-2017,102.2328949,102.5631837,99.31861619,100.532899,15346340
08-03-2017,105.0306015,105.3025996,101.902608,102.7526059,17634140
09-03-2017,105.6134415,106.3711526,103.7483052,104.3991589,13914440
10-03-2017,106.3225784,106.8568657,105.409443,106.1282962,7484050
14-03-2017,109.4505844,110.3005823,107.1871597,108.0225868,12546820
15-03-2017,110.21315,111.0534315,109.2125823,109.6740082,7815100
16-03-2017,113.025444,114.4340166,109.8537379,110.7134522,12345030
17-03-2017,112.6174316,114.9877138,111.8402878,113.6568573,8228260
20-03-2017,113.9045639,115.8231364,111.0097183,113.1711399,9783710
21-03-2017,114.0988617,115.1091458,111.3254367,113.8560052,22847520
22-03-2017,112.6562881,113.4577117,111.7140036,112.209433,6915510
23-03-2017,115.1868515,115.7648512,112.8311476,112.8311476,8737410
24-03-2017,114.3417206,116.3768596,113.7102921,115.6385736,6680100
27-03-2017,115.114006,115.502578,113.7540079,114.3368621,4792650
28-03-2017,116.0611343,117.1539887,115.2839979,115.9882803,8099590
29-03-2017,114.7011337,117.056845,113.8511359,116.5128487,6326070
30-03-2017,114.7302856,115.6094251,113.9482873,114.6282826,6579660
31-03-2017,113.76371,115.4054225,113.413996,115.4054225,4745850
03-04-2017,114.7983017,115.5025843,112.8797289,113.6617273,4736420
05-04-2017,113.9579926,115.599705,113.1711398,115.599705,6807770
06-04-2017,116.3865585,116.9645582,113.2439945,114.4145647,8568760
07-04-2017,116.7265625,118.9025549,115.8134196,116.3768485,10999610
10-04-2017,120.5296936,121.622548,115.599709,116.7362758,10466890
11-04-2017,122.0062637,123.7596882,120.6511202,121.0396921,11429670
12-04-2017,123.0019836,124.1482668,121.2339883,122.3996968,10620450
13-04-2017,123.7499847,125.5082638,122.496844,123.1574142,6133480
17-04-2017,122.3559952,124.5368424,121.0931381,123.8471306,6094760
18-04-2017,120.0731354,123.4391235,119.4757029,121.8557015,5837080
19-04-2017,120.7434082,121.6711219,118.275985,120.2431243,7772970
20-04-2017,121.622551,122.2539794,120.7482734,121.7196995,4436370
21-04-2017,121.1319809,122.389976,120.0974097,121.6225484,3801260
24-04-2017,123.5411148,123.8568253,120.6608326,121.5351176,4754880
25-04-2017,130.3362274,131.0453643,123.9539588,124.2453895,20927240
26-04-2017,127.2276917,131.1328292,126.4359769,130.656825,12073200
27-04-2017,124.8962555,127.8251045,124.1531077,127.7425267,16276310
28-04-2017,123.9734116,125.7996901,123.2496964,124.153123,11831540
02-05-2017,123.2351151,124.9399726,122.1082572,124.5271135,7085740
03-05-2017,123.3808289,124.6145367,122.3996864,123.3711125,10867780
04-05-2017,125.950264,127.4414068,123.4925569,123.4925569,11213020
05-05-2017,123.783989,126.5768393,122.8757004,125.7996954,4672050
08-05-2017,123.5653992,124.9593933,122.4482651,123.395404,4716270
09-05-2017,124.9351273,125.59569,122.8368431,123.8568436,5677030
10-05-2017,128.9082642,129.2968436,125.6588421,125.799703,13021850
11-05-2017,130.1419678,130.6471135,128.0776871,129.6805344,6727680
12-05-2017,127.718277,130.0739739,126.7711304,129.3939784,4388630
15-05-2017,129.4862518,130.9968273,127.999971,128.5196875,6341950
16-05-2017,130.9239502,131.9973867,128.9276766,129.9185354,7885300
17-05-2017,128.694519,133.4739334,126.0425301,131.1425168,24083020
18-05-2017,127.6988068,130.4625149,125.9016627,126.1882316,12109850
19-05-2017,125.2313919,129.5785297,122.9388331,128.6168125,11670100
22-05-2017,120.6656876,126.6739555,120.1994072,126.1882425,8738730
23-05-2017,119.8496933,122.8853998,115.6531329,121.4185444,13483830
24-05-2017,118.9365463,121.9042532,117.5425523,119.8739763,7871010
25-05-2017,122.2879791,123.1768349,119.3154102,119.4854127,9058070
26-05-2017,128.0145264,128.879095,122.5648255,122.5648255,13067930
29-05-2017,127.0091019,129.4911033,126.4699675,128.1699632,6522890
30-05-2017,128.37883,128.7042643,126.6448306,126.7905534,5130050
31-05-2017,128.9033966,129.6756786,127.8493927,128.5196791,7262840
01-06-2017,128.9422455,130.0739504,128.2525264,129.5882373,3879680
02-06-2017,132.2353821,132.5996669,128.033967,129.432823,6680810
05-06-2017,132.4151154,133.3428292,130.953114,132.9445409,5700090
06-06-2017,129.8456726,132.8813794,128.7139676,132.4442406,6016780
07-06-2017,130.4771118,132.1139626,129.695106,130.2779677,5509880
08-06-2017,132.2791138,133.2796816,130.6276921,130.6471247,5708190
09-06-2017,133.7508087,134.2510926,130.5305286,131.9196757,5305820
12-06-2017,132.5948181,134.3482502,131.7788236,133.0805312,3700280
13-06-2017,133.2310944,134.0568125,132.2111087,133.4739509,4356440
14-06-2017,132.2110901,133.5710806,131.53108,133.4933648,6347270
15-06-2017,136.5096436,137.2625077,131.3562353,132.2208039,15697740
16-06-2017,137.0002289,138.4136557,136.3202335,137.4568004,8245160
19-06-2017,135.9851227,138.107687,135.5722635,136.5048394,4262230
20-06-2017,136.932251,139.1956611,135.518824,136.7476776,7811610
21-06-2017,137.6171112,138.5254073,136.0968414,136.4659733,4491810
22-06-2017,136.17453,138.6225284,135.5431089,137.8453844,4775860
23-06-2017,136.0725403,137.5054,132.6968427,136.4853994,6207810
27-06-2017,131.1376801,135.9996731,129.8554051,135.9996731,10538290
28-06-2017,133.3136597,133.7653692,127.635673,130.2682442,9982180
29-06-2017,133.697403,135.4993945,132.7453945,133.9596774,7268690
30-06-2017,133.3865051,134.0567915,131.3853699,132.8522178,4962600
03-07-2017,134.751358,135.028218,132.7453609,134.056792,4465140
04-07-2017,134.013092,136.8496545,133.7216612,135.0282306,7043420
05-07-2017,135.8587646,136.6796207,133.0950568,133.5710608,6439290
06-07-2017,136.282486,137.6654844,135.60561,136.2435352,4181300
07-07-2017,135.5422363,136.7012188,135.1234523,136.2045184,2020050
10-07-2017,137.59729,137.816431,135.873424,136.8960569,1496500
11-07-2017,138.2205811,139.3698298,137.2856136,138.2400639,6655560
12-07-2017,140.6067352,141.4151016,138.2985182,138.7367852,6549340
13-07-2017,144.7167358,145.0673524,141.3079695,141.4151028,10117980
14-07-2017,146.0315247,146.9324157,143.2314671,144.6290587,5705220
17-07-2017,149.8395996,150.9303998,144.9260945,146.5720437,9470060
18-07-2017,147.2927704,150.4872697,146.7717126,149.7860367,5017080
19-07-2017,150.1658936,153.6282339,147.5508852,148.0037606,26552730
20-07-2017,155.3764191,156.6084438,150.6771949,151.0570282,21696350
21-07-2017,157.9086609,158.8972025,154.3684189,155.7221855,13805410
24-07-2017,155.5760956,159.4620796,154.6557216,159.0432954,8354750
25-07-2017,158.5076141,159.0335315,155.8292981,156.5013143,8138540
26-07-2017,164.3171234,165.1547065,158.7510992,159.335465,14759060
27-07-2017,163.5574646,169.4448888,162.7539727,165.9582063,19555620
28-07-2017,165.700119,166.630227,161.9212683,162.8416275,9262680
31-07-2017,165.8705444,167.9060611,165.3348783,167.3217101,5769280
01-08-2017,167.1512909,168.2859166,166.1578748,166.5328486,6925910
02-08-2017,166.2698669,168.120334,164.701834,167.9985923,3961710
03-08-2017,165.7390747,168.3930336,165.3787093,166.9321339,7757090
04-08-2017,167.8524933,168.4904182,165.6708779,166.0458516,7106360
07-08-2017,175.1277924,175.887459,168.4514848,169.0261017,15040330
08-08-2017,173.3406219,178.181071,172.5809553,176.5740872,17610650
09-08-2017,165.344635,172.3764335,163.8691269,172.3764335,18995600
10-08-2017,159.2964935,164.5849579,156.8081016,163.6207588,18350020
11-08-2017,165.1206055,168.7436377,154.8553575,154.8553575,35055760
14-08-2017,166.6302032,169.6932269,166.0555863,167.6431019,13118550
16-08-2017,167.6479645,168.4904219,163.9324223,168.4904219,7057540
17-08-2017,168.3686676,171.6556915,167.5651758,168.4904092,7292690
18-08-2017,166.0507202,167.7989284,164.448611,166.5425612,9323350
21-08-2017,164.6531525,168.5878511,163.4795611,166.0507443,10900570
22-08-2017,163.9032135,166.8931956,161.9212707,166.3477954,6543340
23-08-2017,173.2919006,173.8178328,165.1693026,165.1693026,18250880
24-08-2017,171.4219818,175.0839803,170.7110147,174.4703976,13245320
28-08-2017,178.2248688,178.950459,172.0939622,172.7270276,13473450
29-08-2017,172.7172852,178.7167164,171.6070021,178.7167164,14822570
30-08-2017,174.144104,177.1973938,173.0727865,175.1131776,10646010
31-08-2017,173.5451355,175.863101,172.3861528,175.0547347,11167650
01-09-2017,175.3031006,175.9897253,174.3340418,174.3340418,4893960
04-09-2017,175.4394379,177.2558285,172.9266886,175.1083042,6589650
05-09-2017,174.7625732,176.79809,173.8032485,176.2672982,7412290
06-09-2017,181.0493011,183.3916091,173.1360946,173.5548787,27428920
07-09-2017,191.2025604,193.4133779,182.2375041,183.0994296,42717340
08-09-2017,184.1902466,192.3469373,183.1968454,191.8648451,28563290
11-09-2017,187.0389862,188.4998859,184.8573706,185.0472947,10988040
12-09-2017,184.5018921,188.4560582,183.7422254,188.4560582,14739970
13-09-2017,185.7436523,187.4529097,184.5603272,184.5603272,8108100
14-09-2017,186.0115051,188.5047717,185.1447052,186.313422,9518700
15-09-2017,185.315094,186.2257338,183.2357524,184.6187355,9221490
18-09-2017,186.1819153,187.8960471,185.6900892,186.6055887,4309470
19-09-2017,186.1965332,187.8424826,185.441741,187.3944817,5980200
20-09-2017,185.5245056,186.8831315,185.0472731,186.8782719,3775510
21-09-2017,186.9464417,187.579507,182.2764346,185.8264246,7548800
22-09-2017,181.4583588,186.0212332,179.8854514,186.0212332,17729430
25-09-2017,174.9184265,181.1467193,171.3148614,181.1467193,18268840
26-09-2017,179.2134399,181.4242724,173.4526317,174.9184059,10449470
27-09-2017,175.9653778,181.0541697,174.8453457,181.0541697,7641480
28-09-2017,179.4812622,180.6645873,174.4314215,176.9636386,39255550
29-09-2017,179.0137634,182.6124533,178.2638457,180.9518956,12169640
03-10-2017,181.9112244,182.4663734,178.3953253,181.1515577,9752930
04-10-2017,181.4096375,183.0945375,180.3723964,183.0945375,5380690
05-10-2017,181.7554016,183.6351003,180.703552,181.6385344,3984630
06-10-2017,187.3457642,188.4122221,181.9696495,183.0994154,12276150
09-10-2017,189.0696259,190.3065101,186.6055765,187.7742931,9995740
10-10-2017,189.994873,190.8324561,189.2352064,189.3325908,5171170
11-10-2017,187.3409119,191.5726527,185.2372275,191.5726527,7269780
12-10-2017,190.2237396,190.6717405,187.287332,188.9430153,10193500
13-10-2017,190.2140045,192.2251788,189.7660036,190.4136626,8498320
16-10-2017,183.713028,191.5726613,182.6465699,191.4752769,26527530
17-10-2017,181.8430634,185.2420805,180.8009478,183.123773,17824210
18-10-2017,181.9794159,183.4890004,180.046158,182.1254999,7100460
19-10-2017,179.7782898,182.398172,178.4245235,182.398172,1698450
23-10-2017,178.5949554,180.8496126,176.4961311,179.69063,10111370
24-10-2017,177.845047,179.9828373,176.8662544,179.9828373,9298720
25-10-2017,168.1349335,177.2558222,166.8883003,177.2558222,28652790
26-10-2017,170.1217804,171.9966047,165.5783738,169.3669733,16412620
27-10-2017,177.158432,178.0982888,170.6769082,171.4171069,16560790
30-10-2017,175.7267456,178.8384691,175.093695,178.4245445,5639010
31-10-2017,175.366394,177.6502684,172.8293024,174.0418444,7648830
01-11-2017,175.9653778,177.2266195,175.4053692,176.2429523,4689990
02-11-2017,176.3013916,177.4408917,175.5027592,176.7688754,4586030
03-11-2017,178.9066467,179.6906557,176.126057,177.7427895,7699950
06-11-2017,177.4506226,179.6809379,176.4572066,177.0610552,5830970
07-11-2017,175.5563049,179.9828288,172.7075478,179.9828288,7695900
08-11-2017,172.9412994,175.7851822,172.5371089,174.7771579,5495670
09-11-2017,170.7305145,174.6651986,168.7826479,174.0467563,8663490
10-11-2017,169.9513397,172.2887734,168.5975732,168.5975732,8059540
13-11-2017,168.3686676,171.4073338,167.3703922,171.4073338,5445300
14-11-2017,170.9155426,172.3764424,167.5359932,168.5878428,6335540
15-11-2017,166.9126587,171.7969326,166.2552509,171.6167573,9264650
16-11-2017,171.8261414,173.3795658,167.1756021,168.0034512,9010890
17-11-2017,174.075943,176.9636512,173.1750519,174.3340347,9439390
20-11-2017,175.8192749,176.0384158,172.3910409,174.0223671,6021150
21-11-2017,176.2575531,177.5236543,174.4557709,177.1584294,4955850
22-11-2017,172.7708588,176.9344166,172.2449266,176.9344166,7382040
23-11-2017,171.7677307,173.598715,170.1461236,173.0679232,5874120
24-11-2017,174.3340454,175.1424118,171.8018131,172.6783619,5729470
27-11-2017,172.7026825,173.7788744,171.8991907,173.3600903,5730990
28-11-2017,172.0355682,173.7448258,171.6557349,172.5809685,5529620
29-11-2017,171.0518799,173.1604386,170.5356965,171.8991969,6871180
30-11-2017,168.2031555,171.3538304,167.7454057,170.910689,13045560
01-12-2017,166.6983948,169.6396621,166.0848122,169.1721783,6018220
04-12-2017,163.2263184,167.9060598,162.6614354,167.9060598,8020410
05-12-2017,166.2893524,167.4191036,161.7751627,163.2263285,11099200
06-12-2017,162.7880707,167.0198117,161.9163963,165.5637714,9332130
07-12-2017,163.2604065,164.6092985,161.7702901,164.1077235,9861670
08-12-2017,165.7877655,166.3672569,163.9421581,164.107725,7677140
11-12-2017,166.3282928,167.5164924,164.6141759,166.5425593,6161890
12-12-2017,165.495575,167.1269158,164.6044179,166.0555835,10518280
13-12-2017,162.822113,165.6416533,161.7702785,165.0573024,9323780
14-12-2017,164.190506,165.4614814,158.463775,163.1337821,12570720
15-12-2017,168.4514923,169.4351595,164.789494,165.5686435,15072790
18-12-2017,171.105423,172.6783302,161.0106166,168.1008479,16301700
19-12-2017,171.1931,172.4689649,169.3718497,171.9966067,7074670
20-12-2017,172.4250946,173.8470433,170.4382778,171.8991773,9578930
21-12-2017,170.2483826,172.8682652,169.7906476,172.8682652,8963980
22-12-2017,173.5986786,174.1781699,170.4382708,171.0226366,6627160
26-12-2017,174.2853088,174.820975,172.7951925,173.8178252,4942240
27-12-2017,172.4786987,175.0742241,171.6070244,175.0352733,4504130
28-12-2017,170.9398651,173.5548731,170.0000233,173.3600894,8863760
29-12-2017,171.0908356,171.9868523,170.2581269,170.3652601,4475070
01-01-2018,168.0667725,171.4122304,167.5554487,171.3635307,5353190
02-01-2018,167.9693756,169.4351497,166.5425671,169.4351497,5762080
03-01-2018,167.0587463,169.3036699,166.6399622,168.1982463,4161360
04-01-2018,170.8278656,171.2417902,166.9321331,168.0034655,7301470
05-01-2018,176.7201843,177.3532499,171.3246007,171.996617,9843270
08-01-2018,178.8968964,179.4958706,177.2558215,177.2558215,8250220
09-01-2018,177.2071228,179.4958715,176.2818893,179.4958715,5127210
10-01-2018,175.5222168,177.3483413,174.7235846,177.2558165,4067910
11-01-2018,173.3942108,175.1132024,172.6832288,175.1132024,8184710
12-01-2018,172.3958893,174.4216719,170.5502968,173.6522713,6063160
15-01-2018,169.2841949,174.8112686,168.78262,172.483569,8470370
16-01-2018,164.3365936,170.0292335,164.068768,170.0292335,10765810
17-01-2018,165.6854858,166.5279433,162.2280354,165.0913861,11995010
18-01-2018,161.7410583,167.2486482,161.0885102,166.7373245,9616920
19-01-2018,165.7536774,166.6643024,159.0043132,161.7605457,9745970
22-01-2018,166.1870575,168.1008472,163.4259657,166.9321157,9244980
23-01-2018,166.4159546,167.3217202,164.8284536,166.5425707,12454930
24-01-2018,169.3815613,170.1314939,165.2813114,167.0295195,14413130
25-01-2018,166.5717926,169.6494251,165.8997763,169.5617746,8808910
29-01-2018,167.0587463,169.0017382,166.542563,166.6399622,6431370
30-01-2018,163.4649506,167.4142576,162.7442495,167.0295498,6801040
31-01-2018,163.4113617,164.5946868,160.211988,161.4245299,13322250
01-02-2018,168.4368591,171.4122175,160.187645,163.7960539,19398120
02-02-2018,158.6439362,166.8347158,157.7966193,166.3526088,16450450
05-02-2018,156.3114014,158.5514507,150.6187607,155.8293092,14721640
06-02-2018,161.8822937,163.9859929,147.1807717,149.0117708,21094160
07-02-2018,159.8857117,164.3025016,157.8355868,163.6207514,14669830
08-02-2018,161.8822937,163.5233687,159.5351113,161.0885358,7507460
09-02-2018,159.6666107,161.1859441,157.5142118,158.6585863,7037200
12-02-2018,160.0951233,161.2833228,159.2672742,160.2119905,4721150
14-02-2018,162.6419678,165.2715993,160.8499343,161.0885432,10660360
15-02-2018,163.3334503,166.7227333,156.0045949,163.5038916,11771160
16-02-2018,163.1581421,165.9533403,162.7977916,164.5946994,9476850
19-02-2018,159.9880219,163.1338221,158.1229313,163.1338221,6953100
20-02-2018,159.603302,161.4489096,158.3615431,161.171335,5839550
21-02-2018,155.483551,161.478108,154.5923939,161.478108,16897440
22-02-2018,155.8634033,157.5336952,153.5357036,154.6605952,10506250
23-02-2018,159.0822296,159.5302454,156.0581715,156.491564,7114740
26-02-2018,163.1289368,163.601295,159.3841624,159.725045,10366590
27-02-2018,161.3611908,163.6158478,160.7963228,163.231155,6052440
28-02-2018,159.7493744,161.6339475,158.6536996,160.1145993,17563490
01-03-2018,161.6095581,162.2572318,158.5562837,159.2380338,12383900
05-03-2018,159.4279785,161.6728871,157.8745541,161.6728871,7437790
06-03-2018,159.5058899,162.8270054,158.5173484,161.1859305,9441760
07-03-2018,157.6164551,160.5674709,156.4136472,159.8224127,6445770
08-03-2018,158.5611877,159.5205125,155.2644292,159.233204,6631960
09-03-2018,161.108017,162.374133,157.4314253,159.2380671,8397180
12-03-2018,162.1841888,163.8057956,161.1907879,161.9650628,4861870
13-03-2018,163.6889496,165.4566257,162.0235174,162.2085671,8208020
14-03-2018,166.5522919,167.6041414,162.4763843,162.8416092,8486590
15-03-2018,168.1252289,169.4546531,166.9321547,167.0392879,7391870
16-03-2018,164.390152,167.9693589,163.7230102,166.7373342,10176990
19-03-2018,158.9312592,165.4614819,158.458901,165.4614819,8489840
20-03-2018,161.4099274,161.9748103,157.3096774,158.4589113,13187580
21-03-2018,166.0117798,166.7373552,162.208572,163.0851059,11310980
22-03-2018,165.1401062,167.5165055,164.6093144,166.3477887,11537160
23-03-2018,164.1369476,165.0816639,161.1859315,161.1859315,10884260
26-03-2018,169.6201782,170.2434948,164.205113,165.4614801,12889840
27-03-2018,172.6247711,175.113178,170.4188132,170.438296,16702390
28-03-2018,172.1475525,174.6262105,171.4901447,173.0679116,9869600
02-04-2018,177.1194611,177.7427776,172.2887467,172.2887467,6332030
03-04-2018,178.6437073,179.2037159,175.4638158,177.2558494,10494570
04-04-2018,180.1970978,182.0865303,178.8822822,179.2036819,17934410
05-04-2018,186.5666351,187.1997006,181.7359349,181.7359349,13859590
06-04-2018,188.7092896,189.2839214,185.9092316,186.8977732,16120010
09-04-2018,189.3569489,191.6456828,187.9934336,189.1962416,11317920
10-04-2018,187.5843964,190.1555794,186.3767287,189.9169705,10138110
11-04-2018,187.4480286,190.4039191,184.209704,187.579519,11889760
12-04-2018,187.9057617,189.1475352,186.1234625,187.3603616,5353540
13-04-2018,186.4448853,189.8049516,185.7874774,188.0664922,5928860
16-04-2018,189.2644348,189.9169683,184.8086935,186.4059433,7727230
17-04-2018,188.4609375,190.881162,186.8003797,190.881162,6962030
18-04-2018,187.6623077,189.9705246,187.121782,189.5273981,4629050
19-04-2018,186.3426208,188.5047535,185.8410459,188.4560539,6325890
20-04-2018,183.138382,185.8069641,180.1922401,185.8069641,12261960
23-04-2018,184.9839783,186.9708101,181.2294704,183.0994201,7621250
24-04-2018,186.7809143,188.2856394,184.9109643,185.8264639,7848950
25-04-2018,185.0326843,188.8407664,183.941884,187.5746504,6776750
26-04-2018,184.2778931,186.5081934,182.7682938,185.9238276,10983390
27-04-2018,185.1592712,186.5519882,184.3168139,186.2159802,6415910
30-04-2018,185.797226,187.4723921,184.5408439,187.4723921,6472100
02-05-2018,185.5439911,188.6264977,185.0472906,185.9238244,6870830
03-05-2018,182.544281,185.7047041,181.404781,185.5391373,4717500
04-05-2018,180.8983459,184.3898879,180.3383225,183.0994295,5621770
07-05-2018,184.6041565,185.2420815,180.7668575,181.6385318,4855190
08-05-2018,181.9696655,184.9012138,181.1515653,184.9012138,6697570
09-05-2018,180.0899811,182.6221983,179.6906649,182.6221983,6455530
10-05-2018,178.95047,181.2927778,177.0610374,180.3724039,5887920
11-05-2018,181.2976379,183.1724621,178.044705,179.6906543,4832490
14-05-2018,181.5898285,183.4841356,179.4910038,181.4534784,6429710
15-05-2018,185.2371826,188.3099399,180.6158607,181.6628357,15703020
16-05-2018,186.9902802,187.8716884,182.4079231,184.3168386,9528360
17-05-2018,201.2632751,203.3377575,185.6413943,187.9690939,55812030
18-05-2018,209.3615417,211.5139406,201.180509,201.5944336,83167340
21-05-2018,205.0567627,209.2982376,202.6316637,206.9608039,23768230
22-05-2018,209.3274689,212.1129186,205.4999183,205.5973176,19633730
23-05-2018,202.4222717,209.2008533,201.234072,209.2008533,14438270
24-05-2018,204.0146332,205.4803923,201.4093593,204.0876752,8409320
25-05-2018,206.084259,209.5806755,204.8668426,205.2077103,13421450
28-05-2018,204.0341034,208.226893,203.1867864,206.960777,8061900
29-05-2018,202.2956696,205.2077203,201.1220783,205.0129366,7272590
30-05-2018,206.3423462,207.4477549,200.2649982,200.9516228,12515080
31-05-2018,205.4901581,208.908658,204.6233582,208.6651748,13233970
01-06-2018,202.3248444,206.4737935,201.1950785,206.4737935,6045740
04-06-2018,200.9077911,204.4042074,200.1724669,203.5714987,5131520
05-06-2018,204.5843658,206.4299731,200.1432337,201.1171667,8168790
06-06-2018,210.4328766,211.6259358,205.2077197,206.6686195,18029770
07-06-2018,211.289917,213.9925753,210.3841515,211.5382598,14894130
08-06-2018,212.9845581,216.2082743,209.1083085,210.8467827,30395950
11-06-2018,219.1641693,219.9628016,213.8951876,215.23922,20595810
12-06-2018,220.2306213,221.764563,217.7714462,219.6219132,16551670
13-06-2018,217.2893372,221.2386436,216.7682943,221.0828107,10953720
14-06-2018,218.4775391,219.3297305,213.9730985,217.6740472,13213410
15-06-2018,222.4073639,223.1816389,217.2942151,219.1349481,16375000
18-06-2018,218.467804,223.6150439,217.5961297,221.2775956,11268770
19-06-2018,221.1412659,222.1541647,216.899791,217.6740661,11515820
20-06-2018,220.8685608,224.2091593,220.2209018,221.5649194,11272730
21-06-2018,219.8605347,222.8359082,219.1446932,221.7645758,7170230
22-06-2018,227.5156403,228.0951316,219.1885092,220.7906333,17142240
25-06-2018,232.8284302,233.6465304,227.3159656,228.095115,23935350
26-06-2018,230.5640411,235.6090072,228.343475,232.2830324,23379420
27-06-2018,227.4620819,231.7765985,226.2008403,231.7765985,10691260
28-06-2018,221.5405731,228.6795048,219.5050564,227.6081724,17130030
29-06-2018,223.6491394,225.9524967,221.1412644,222.2612965,13784210
02-07-2018,223.9608154,225.4363237,222.1639074,224.0046406,8403760
03-07-2018,226.0596008,227.3159679,222.6167439,224.491568,8106670
04-07-2018,227.0627441,228.3872936,224.64252,227.218577,9163790
05-07-2018,227.3310852,229.1700992,226.5749957,228.1944921,6887850
06-07-2018,228.8481445,229.7554519,226.7310642,228.1749733,6906170
09-07-2018,229.0773773,230.5554361,227.9993358,230.1456681,5516950
10-07-2018,230.8627472,232.3895745,229.2676352,230.2432421,7841340
11-07-2018,229.8139801,232.389582,228.7798391,230.8188541,5948050
12-07-2018,235.6090851,236.9749289,230.2773965,231.7066572,13961500
13-07-2018,240.8383484,241.4627363,236.3115324,237.4481081,13904850
16-07-2018,241.1993103,243.8432118,239.9993179,241.4627284,11726440
17-07-2018,240.8919983,243.145663,237.6188409,241.4627349,9446860
18-07-2018,242.8041687,246.1504932,241.1066073,241.7749106,14054780
19-07-2018,245.872467,247.5114796,229.9993378,244.282223,48898170
20-07-2018,265.4968262,267.8041272,242.6188296,245.9505359,73612740
23-07-2018,268.8577271,272.8772523,265.0723974,265.3650676,35518880
24-07-2018,264.7163391,269.0724212,262.1700189,268.1943807,27788370
25-07-2018,263.9065857,271.0528894,262.6334257,266.0480503,18841050
26-07-2018,261.6236267,266.184577,259.0041246,262.9260536,21859050
27-07-2018,264.7504578,265.80413,260.1992429,261.9504705,9587030
30-07-2018,261.2675781,265.6188074,260.0968674,264.9309877,8221620
31-07-2018,263.2090149,264.2821885,260.2968126,260.6821964,7111740
01-08-2018,265.6382751,270.4041249,263.6772955,264.8773029,15845410
02-08-2018,261.8383179,265.9748824,261.4626996,264.8090248,7811730
03-08-2018,261.5895081,264.2919287,259.5358446,263.4138884,7418520
06-08-2018,263.0480042,264.1894773,260.1406849,262.8187508,6229050
07-08-2018,268.0333862,268.7309715,261.6578204,263.9017047,11664830
08-08-2018,274.4528503,275.0869889,268.4870238,268.7991954,21139340
09-08-2018,276.1114197,277.6626312,273.1699504,275.5114011,11470830
10-08-2018,273.9943848,276.8187567,272.3163393,274.7309729,8775080
13-08-2018,269.3066101,273.9456269,268.7017384,273.9456269,8093650
14-08-2018,276.1163025,276.8285064,269.5894888,269.5894888,10516580
16-08-2018,278.691925,283.70653,275.3211859,276.2919399,22297270
17-08-2018,278.1650391,281.4625952,277.2186992,279.608948,6881330
20-08-2018,277.0479736,280.7747991,276.7113881,280.7747991,6654800
21-08-2018,280.1748352,281.2675104,275.5894998,277.1553301,9515490
23-08-2018,282.3260498,283.804079,280.1260512,281.8528649,16759200
24-08-2018,284.5455933,287.1602134,282.0529241,282.1456079,13277100
27-08-2018,287.8771973,288.682055,285.3698806,286.769874,9760040
28-08-2018,286.1065063,290.9260071,285.443071,290.9260071,12337420
29-08-2018,291.2674866,292.0967586,285.8528791,285.8528791,14025830
30-08-2018,285.5357361,292.0869626,284.9698972,292.0869626,14529960
31-08-2018,278.691925,288.2772468,277.1797162,286.3406811,13572060
03-09-2018,265.7602234,280.9748157,264.9065673,280.9748157,25168400
04-09-2018,267.9309692,270.9895069,261.8041581,265.7553548,26069920
05-09-2018,265.0626526,269.7358182,260.2919203,267.3309506,17284550
06-09-2018,261.8627014,266.4870695,260.6236911,266.2431677,11478790
07-09-2018,267.7261047,268.428543,260.7407546,263.2578077,12644360
10-09-2018,255.1846313,267.121168,253.2675673,266.5358276,15701790
11-09-2018,253.7310333,260.3700326,249.97494,255.7066318,33576600
12-09-2018,253.072464,257.2627094,245.4724916,255.4090619,26823400
14-09-2018,260.7016602,261.8041006,256.2187455,256.6333665,17951310
17-09-2018,254.1065826,259.5114536,252.5114855,259.5114536,14553200
18-09-2018,250.7700348,256.3358597,249.6578285,254.6334302,14492900
19-09-2018,243.8578339,253.4334034,242.5846591,252.1943934,18945570
21-09-2018,232.1359406,249.4627162,207.2823454,246.8285801,57508800
24-09-2018,220.5652161,236.3358955,211.570119,236.3066285,77981720
25-09-2018,224.3115692,227.3505905,212.7408691,218.0481738,55373960
26-09-2018,225.906662,229.653004,223.9115475,227.2188545,27287560
27-09-2018,215.0432892,226.6725226,213.867681,226.6725226,27962940
28-09-2018,211.5116119,219.3164684,206.53601,217.7554911,38310960
01-10-2018,215.4628143,217.8871983,200.214072,211.511603,48217720
03-10-2018,217.7750244,227.3115781,211.3213779,214.6335683,55677010
04-10-2018,212.5993958,215.8042684,206.6872196,211.6091552,40027180
05-10-2018,197.3945618,216.057928,191.5360371,210.7311074,34704410
08-10-2018,192.6677399,203.9018533,186.5555629,194.3409022,59666690
09-10-2018,201.0579529,206.4237908,190.0140757,192.6823612,48590160
10-10-2018,221.555481,224.9457214,204.8774775,204.8774775,72359570
11-10-2018,210.9360046,217.5603699,200.9750502,204.8774784,54670860
12-10-2018,223.1554718,226.3408281,217.292079,217.292079,36655770
15-10-2018,224.9944916,226.3164498,220.5945092,226.3164498,24354130
16-10-2018,225.2530212,230.4383749,222.9505881,226.8286319,25284840
17-10-2018,209.8042908,231.1456941,208.082345,228.2920407,38119850
19-10-2018,208.8286743,214.4384144,200.3847972,209.755498,42867900
22-10-2018,206.3750305,216.4823196,203.9994299,213.4628148,36819460
23-10-2018,203.2530975,210.2774652,194.8823874,204.3896732,90647750
24-10-2018,225.540802,228.194454,210.731096,212.1945064,103572950
25-10-2018,227.8042297,229.0725218,220.174976,222.9261948,52011590
26-10-2018,228.1847229,231.8822669,222.2920631,227.3115505,37958310
29-10-2018,232.2383728,233.3651977,225.8530266,228.1847268,22011450
30-10-2018,229.8871613,236.4773916,229.301806,233.6578879,22022300
31-10-2018,232.4432678,233.3652088,225.0627979,231.0042414,28088120
01-11-2018,235.9115143,237.5602924,231.4578662,233.3115283,25521340
02-11-2018,232.5164032,241.4529663,230.7310407,238.3407778,23671170
05-11-2018,230.1846924,235.0236942,227.5798238,233.1700471,16259990
06-11-2018,228.2676544,233.1603229,227.5456999,231.2188596,13686820
07-11-2018,229.1115265,230.6822542,228.65299,230.2432341,1714670
09-11-2018,231.7408142,232.5700712,228.1213057,229.2334971,13278460
12-11-2018,222.2042389,232.6822631,221.462783,231.740806,14796780
13-11-2018,222.9262085,225.2042575,217.8628056,221.4627979,22977100
14-11-2018,223.7993927,225.8530415,220.975006,224.2920642,14561460
15-11-2018,228.4188538,229.0725086,222.9359327,223.1213004,15771150
16-11-2018,234.3505554,235.8237166,228.2920296,228.487148,19188730
19-11-2018,230.3359375,236.3212811,229.2969137,236.0968957,13577950
20-11-2018,232.2042236,233.4578822,228.8530159,230.7310624,12377020
21-11-2018,237.1261597,237.5603119,230.4091106,233.0725136,15147250
22-11-2018,232.3407898,239.4919905,230.2432408,237.2676079,16042790
26-11-2018,233.618866,235.306662,228.9700991,234.1456872,13914340
27-11-2018,237.6042023,238.0383545,231.7066598,233.6578738,15949550
28-11-2018,235.3700562,238.9261327,233.7798121,238.6285797,13962600
29-11-2018,244.5358734,245.6187977,235.7895608,237.5602898,28612840
30-11-2018,247.5798187,250.1846879,244.5895806,247.6090857,27373410
03-12-2018,244.7456512,249.3212355,242.9993064,248.5846623,11155920
04-12-2018,248.1504974,248.6822014,243.4139299,244.7797737,13295870
05-12-2018,243.3261414,247.7944231,241.004192,247.7944231,13270310
06-12-2018,237.3066559,243.3163838,235.9017794,242.0481066,13174720
07-12-2018,242.5700226,243.6822139,235.5749227,238.3407749,14787200
10-12-2018,233.7115173,238.4285835,232.4237239,235.1651771,13998940
11-12-2018,236.7554169,238.6822316,227.5213008,230.2432376,21892780
12-12-2018,243.3114929,245.3553906,237.4968691,238.5358929,16831970
13-12-2018,242.8383331,246.7261275,241.4627237,244.8968644,17131610
14-12-2018,242.5700226,245.0724567,240.4139396,242.7553903,12043790
17-12-2018,241.4041748,244.8675823,240.6090528,243.7651417,10196020
18-12-2018,247.0432129,247.6285831,238.6920191,240.945669,16531070
19-12-2018,253.3553772,256.4968328,248.7944116,248.8578285,29463140
20-12-2018,252.8188171,254.6236663,246.9846764,249.7553968,14670280
21-12-2018,252.804184,255.9895554,247.0920087,255.1212508,30424640
24-12-2018,250.233429,254.1309741,249.0724691,253.0724489,10500170
26-12-2018,250.4773102,251.9944016,244.2626989,249.7553706,16620680
27-12-2018,252.4041901,256.2675859,250.7310274,253.5456635,16263010
28-12-2018,257.0529175,257.9309577,252.2870682,253.9504649,19015810
31-12-2018,258.0627136,260.126113,257.1309922,259.2139228,14533270
01-01-2019,259.2041321,259.9016875,254.838285,258.0480402,9178720
02-01-2019,255.0285339,259.7065824,253.8431751,257.0821973,13049150
03-01-2019,252.3114929,258.3407374,251.2480848,254.8285758,12824780
04-01-2019,251.3212585,254.8188014,250.1114856,253.7553933,10510210
07-01-2019,249.1309967,254.1456159,248.3261239,253.7553791,10243280
08-01-2019,247.5163574,251.9017207,246.3456321,249.7553735,12333790
09-01-2019,246.2773285,249.7358532,244.877335,248.3895258,10939920
10-01-2019,245.3310242,248.0432106,244.3602999,246.4383477,9108390
11-01-2019,245.2870941,246.8285549,242.7310087,245.4627111,8182180
14-01-2019,248.2724609,249.0627002,242.3554022,245.4578401,10215040
15-01-2019,254.0675812,254.9260903,248.8773449,248.8773449,14663030
16-01-2019,250.7163239,254.8431517,250.0285341,253.5016923,9525970
17-01-2019,247.4041748,252.3456266,246.540768,251.1212351,9941830
18-01-2019,248.0870972,249.2675882,246.3505179,248.2919812,7537750
21-01-2019,253.09198,254.2431891,246.4968672,248.5846655,13321590
22-01-2019,255.7944031,257.0724459,251.2188038,252.1944108,14747130
23-01-2019,257.0090332,258.8285308,254.7309991,255.5114729,9925040
24-01-2019,257.1358643,258.8773263,253.9602587,257.4626843,7538560
25-01-2019,253.6139221,259.6090466,252.1944269,258.4383062,9169270
28-01-2019,239.8529816,254.6334213,229.7554434,254.6334213,23640470
29-01-2019,245.4188232,250.7407763,231.3798384,240.7798219,61188330
30-01-2019,253.2187805,255.9699994,248.3895438,251.7066016,38797070
31-01-2019,251.2041473,254.4382868,246.4383275,254.4382868,20834180
01-02-2019,256.4285278,262.2334011,251.2187903,251.2187903,21177680
04-02-2019,253.1163788,255.9553989,250.9456471,254.6334406,9421130
05-02-2019,254.0089874,257.7650798,253.0675304,253.6577832,10108170
06-02-2019,264.5114441,265.3651002,254.8382925,255.5114637,17984610
07-02-2019,263.0821838,266.4382743,261.8626751,265.8529041,17605800
08-02-2019,264.1114807,267.0675691,260.4871038,260.4871038,15107850
11-02-2019,259.2382507,265.8235969,257.0724024,265.8235969,11947020
12-02-2019,255.7846527,261.1846414,255.2480807,260.2919526,12003700
14-02-2019,254.5553741,255.8041498,249.4529392,251.701706,12141260
15-02-2019,249.8627014,254.6334341,244.4871269,254.6334341,16406960
18-02-2019,248.7261353,249.8529602,245.1163774,248.589536,11545200
19-02-2019,249.7358551,254.335853,248.291961,248.8773311,11483390
20-02-2019,254.2578583,255.1017787,250.8286145,252.1944586,10381270
21-02-2019,258.9943848,259.5114553,252.9797594,254.6334204,11398230
22-02-2019,257.5993042,260.8773297,256.8188007,258.7846632,8256720
25-02-2019,259.2919312,260.9748591,254.9992665,257.4626681,10240400
26-02-2019,259.2919312,261.2675293,253.657807,257.2968316,16189960
27-02-2019,257.7554016,263.0870907,256.0968577,260.4870895,11478390
28-02-2019,258.4382935,260.194404,256.5846461,260.1553713,11368430
01-03-2019,259.5846252,260.9065536,257.560229,259.83338,7070940
05-03-2019,262.9407349,264.2285135,258.0090189,259.0236585,8473070
06-03-2019,269.9212036,270.6529089,263.4138918,264.8773023,15434240
07-03-2019,266.809021,271.4431544,265.8529154,270.7260677,8598510
08-03-2019,270.077301,271.1212078,265.033429,265.8431698,11780870
11-03-2019,272.296814,273.9455922,270.1455838,270.1455838,11690750
12-03-2019,268.5894775,274.7943535,267.8528895,274.0284985,13853350
13-03-2019,275.9162598,276.8723652,268.1797044,269.2674966,15492960
14-03-2019,273.9601746,276.5845595,271.9113941,276.2918894,8960550
15-03-2019,279.0968018,282.8284809,274.6333875,275.004123,20915620
18-03-2019,285.8088989,286.9357237,277.5601559,280.1943064,18199860
19-03-2019,284.9650574,289.0626189,283.9065321,285.8528634,14805650
20-03-2019,279.8626099,286.2967392,278.8089674,285.3455462,14068620
22-03-2019,276.7455444,282.4869709,274.7309138,279.8040519,12508760
25-03-2019,278.0285034,279.2187452,273.2675363,273.5602065,10667570
26-03-2019,286.2772217,287.0235753,278.9260198,279.0235864,15706370
27-03-2019,287.3406372,294.0625835,286.0967443,287.8040565,24196560
28-03-2019,292.2772217,292.6821069,286.8333476,286.8382304,13669450
01-04-2019,292.8235168,297.2088948,291.8040243,295.6283866,11090000
02-04-2019,298.0674438,300.1942898,292.5211204,295.10162,11362380
03-04-2019,297.1698914,301.3649895,296.4040363,299.8040123,10527520
04-04-2019,296.5308533,299.0235218,294.3845061,298.5357184,7727760
05-04-2019,303.8235474,304.8771898,297.1796363,297.365004,12444080
08-04-2019,295.0333252,305.3650001,294.4381894,304.6820632,16421890
09-04-2019,293.5308533,297.4723136,290.6772149,294.2967083,17333240
10-04-2019,292.5211182,296.2918595,291.3162578,293.7650111,9948990
11-04-2019,297.3504028,298.0479583,291.9016457,293.4625932,10167120
12-04-2019,293.5406494,298.730886,292.8089441,297.755279,10481380
15-04-2019,294.8528442,295.9016039,292.8723631,295.4723345,6516340
16-04-2019,295.8527832,298.272299,294.4381413,294.4381413,10214780
18-04-2019,294.0918579,297.1698968,292.1942952,296.457693,6588260
22-04-2019,291.8283997,293.6576625,290.2430385,293.6576625,6621570
23-04-2019,296.101593,298.3893925,291.4186618,291.9016122,9919680
24-04-2019,301.7601013,302.3405886,295.8040399,296.0967101,9905800
25-04-2019,300.5845337,303.8430576,299.7699102,302.4186797,12405640
26-04-2019,302.1308594,302.9259815,297.0723393,301.3650043,6138070
30-04-2019,302.0430298,304.3893633,296.5845078,301.6576758,9009680
02-05-2019,305.5357056,307.2137508,298.5357374,301.9503618,8958300
03-05-2019,303.5942688,308.7796225,302.6625772,305.3747635,7307280
06-05-2019,296.0284119,301.8527866,295.2186712,299.121099,9664870
07-05-2019,294.3454895,299.4918401,293.4235635,297.8430619,9702640
08-05-2019,285.0040283,294.3405928,282.925981,293.8527894,11550230
09-05-2019,289.8870544,291.8821545,281.4626768,282.9260876,17452340
10-05-2019,285.155304,292.2918718,282.9260383,289.7650531,16300890
13-05-2019,286.0332947,288.5796441,283.5113593,285.8430442,13562290
14-05-2019,281.155304,287.0187116,277.8626303,285.6528678,18617600
15-05-2019,292.9504089,294.9504213,280.0772664,284.974833,24536700
16-05-2019,303.4186707,305.2674353,293.6821017,294.0479544,36446720
17-05-2019,322.0576172,323.5112919,304.5893748,306.0479323,58487160
20-05-2019,332.4429932,336.0527215,326.1454328,330.730798,27248590
21-05-2019,334.9551392,340.2917107,329.2673634,333.4673444,28849970
22-05-2019,336.4771423,337.5161365,331.5161589,335.8039711,15668120
23-05-2019,329.5356445,343.2185266,327.3795614,340.9746424,24062050
24-05-2019,338.330719,339.0233915,330.8575667,331.7063399,15685230
27-05-2019,336.4868164,339.9941244,335.6087761,339.5112038,9320000
28-05-2019,332.6625061,338.355165,330.4137092,338.3405166,16277680
29-05-2019,332.6087646,334.925831,330.1941614,331.9990103,9212780
30-05-2019,339.6722412,340.4575978,331.711284,332.5747058,11751110
31-05-2019,338.2526855,344.4868284,336.4575723,341.2136563,21728660
03-06-2019,342.5404968,344.3794957,337.5600125,337.5600125,12411330
04-06-2019,344.5014038,346.3404323,342.3940894,342.8770398,10514000
06-06-2019,336.8722229,344.6819317,336.1405177,344.6819317,13149160
07-06-2019,342.3844299,343.3161216,333.6527348,336.8917574,12850440
10-06-2019,343.3746338,347.0965769,342.0478226,346.0429344,9832740
11-06-2019,346.5209656,347.7063245,342.5600036,345.0722035,9031550
12-06-2019,342.0331726,345.3599961,339.7063702,345.3599961,12144700
13-06-2019,345.803894,346.4380326,341.4624312,341.9502347,8803180
14-06-2019,343.2575684,348.2722027,341.5600217,346.7258441,8646410
17-06-2019,338.1941223,344.3697306,337.169747,344.2916654,9534600
18-06-2019,342.3697815,344.3892953,338.442969,338.9258897,10835270
19-06-2019,343.9502258,346.1453415,341.4722056,345.2673012,8739410
20-06-2019,349.5161133,350.1453691,342.1844119,343.3161197,11070050
21-06-2019,347.8868103,351.1209499,346.3404816,350.9355821,10582660
24-06-2019,345.8867798,349.2574884,344.6867726,347.5111735,5437030
25-06-2019,349.252655,349.8526736,344.4234183,345.8868288,8278690
26-06-2019,353.9454041,354.633194,347.6088107,348.2770992,9788060
27-06-2019,355.3355713,356.9745839,353.1794882,354.6331331,11351420
28-06-2019,359.1306763,360.316065,354.1160718,356.3355718,12000360
01-07-2019,360.8770447,362.5355886,359.5112008,359.8721706,9138840
02-07-2019,362.0574951,362.9257996,358.0526475,360.877019,7064780
03-07-2019,362.4770203,363.9306651,360.4867737,362.340421,6050400
04-07-2019,364.1452942,365.8428408,361.4770235,363.9013925,7436160
05-07-2019,362.8428955,367.0233752,361.6038555,364.2916577,7762800
08-07-2019,333.0039063,363.4087051,329.2673447,363.4087051,38571320
09-07-2019,351.5209656,353.6575473,325.5015428,332.6819963,51961250
10-07-2019,334.5404968,351.2136159,332.8771001,351.2136159,29095840
11-07-2019,337.2770081,344.5677848,329.0186671,338.1516961,27122410
12-07-2019,330.0888367,339.1290195,328.964928,339.1290195,26966780
15-07-2019,333.4703369,336.1970598,327.7530263,332.1412001,16180730
16-07-2019,337.0473328,338.6305816,332.879091,335.5520388,16858560
17-07-2019,338.4742432,340.2773945,336.1971073,336.1971073,9155470
18-07-2019,338.899353,344.0155933,336.587978,338.1516912,13204640
19-07-2019,324.7722473,342.1831541,318.9083446,339.7154343,30339090
22-07-2019,317.2957458,324.0783283,309.2866257,324.0783283,36920230
23-07-2019,320.257019,322.2556157,313.5379645,318.3121677,22236910
24-07-2019,310.1564636,321.9282308,306.3888957,319.9833794,27679890
25-07-2019,297.739624,316.9829985,292.8237206,312.6339557,102905770
26-07-2019,319.0549011,320.3645023,292.6087054,297.7396196,69450800
29-07-2019,317.8870544,322.5146365,310.7868315,319.8514415,34784730
30-07-2019,317.6231689,322.4169082,315.8004821,318.6053774,22849050
31-07-2019,317.8283997,319.3530418,308.8419914,315.9715031,24381300
01-08-2019,314.9013062,318.7030836,310.2004137,315.7711326,18925160
02-08-2019,316.4454956,321.2978712,304.9229192,311.6664009,33560190
05-08-2019,308.8371277,312.7219695,307.1707852,312.7219695,20133710
06-08-2019,319.8025818,321.2441304,308.162732,308.8370832,20051390
07-08-2019,319.1721497,324.957879,317.8527957,320.0712944,23989100
08-08-2019,325.9058838,328.3784945,318.7030627,321.5372758,15877420
09-08-2019,334.2131348,337.1353034,326.4239162,328.373659,21017570
13-08-2019,314.8768921,334.6333527,313.5281898,334.2131135,19006940
14-08-2019,321.5323792,325.4367555,317.1393443,319.5777453,27702370
16-08-2019,326.150238,328.2710291,317.9554253,320.6186201,17581540
19-08-2019,325.256012,330.2354438,323.5896994,328.8574231,14328420
20-08-2019,321.9380493,325.8766363,316.1865283,325.1534311,16887170
21-08-2019,318.7470398,324.6598255,317.2566373,321.5275078,15528010
22-08-2019,304.3463135,318.5076283,302.8168099,318.5076283,25061940
23-08-2019,310.2346497,312.7414704,292.9996531,304.7274583,31437870
26-08-2019,324.884613,326.3066261,311.0849009,319.9736008,29500170
27-08-2019,328.1585999,332.0922947,326.4336509,327.5966605,22259370
28-08-2019,325.0898743,328.63754,322.1969943,327.2839463,12509150
29-08-2019,322.446228,325.4465987,320.1690923,324.8308842,15299260
30-08-2019,325.6908875,327.108009,318.6053393,323.5065983,21189530
03-09-2019,318.4587402,323.9805751,316.0838672,322.8077829,11997260
04-09-2019,317.6524963,320.0078342,313.5233255,319.2895204,18793490
05-09-2019,321.8011475,323.0032581,316.9243453,321.1463618,15012260
06-09-2019,329.6490173,331.1149929,322.3191397,325.4465661,17008940
09-09-2019,335.9381104,337.1744309,327.6113786,329.7468143,18025510
11-09-2019,333.8905945,337.7607615,330.8511231,336.7199165,13011120
12-09-2019,330.5628357,335.1220283,329.4145,332.532144,11640860
13-09-2019,334.9607239,335.8061234,329.6001545,331.2127216,13283630
16-09-2019,334.1300354,337.169477,330.5579429,331.7991248,11797670
17-09-2019,329.1994324,335.6106291,327.7920936,334.7261584,13618720
18-09-2019,333.641449,338.5915631,331.1639462,332.9719891,18536680
19-09-2019,328.5788574,334.8679199,326.4532048,334.8288189,12376920
20-09-2019,361.8222961,366.4938701,320.8189751,330.8511184,56480860
23-09-2019,393.2479248,397.7680159,367.8523571,373.3350911,40110020
24-09-2019,387.1885986,393.3701414,383.7924455,393.3701414,21896040
25-09-2019,384.1735535,390.8193273,380.1763303,387.0175496,24147290
26-09-2019,391.0049744,392.3927776,385.5613413,386.5288756,23881650
27-09-2019,396.5366516,399.2340565,389.9495436,391.513257,20244780
30-09-2019,395.4273682,401.8483184,393.9565013,397.3673282,22563610
01-10-2019,390.1840515,399.6347206,385.6786342,398.7453585,16155060
03-10-2019,386.9980164,391.4105873,384.2664021,389.4608446,12458400
04-10-2019,381.5396729,391.3177346,380.40112,388.874442,14782660
07-10-2019,381.2416077,386.8465365,373.281371,379.1990186,14061520
09-10-2019,393.2626343,394.3474419,379.2039185,382.619637,13566000
10-10-2019,385.9327393,392.3927906,384.1833334,392.2608432,11027880
11-10-2019,388.3075867,392.3927645,383.5969117,388.8744174,16238660
14-10-2019,379.5215149,391.5425324,376.5651368,389.7540255,17683520
15-10-2019,379.1452942,382.717387,375.5829542,380.6650151,13948940
16-10-2019,392.5296326,394.0542448,381.1536478,382.1309649,23817690
17-10-2019,401.364563,402.3809811,391.0245616,392.8863494,21035930
18-10-2019,404.3795776,410.3753971,398.7453309,400.6999649,18362130
22-10-2019,394.2643738,412.4131291,390.9366104,407.0525593,50347550
23-10-2019,394.6748047,401.6772894,387.799376,399.717764,24422490
24-10-2019,393.4825439,398.7454065,392.1534069,396.9862475,12675570
25-10-2019,389.6807251,397.1669769,381.1536283,394.6210554,17580980
27-10-2019,388.8647156,392.392816,386.5289134,392.392816,2146910
29-10-2019,395.5446777,396.7907511,387.2570178,389.9495313,13355150
30-10-2019,390.144989,398.2518175,389.4608551,398.2518175,13385540
31-10-2019,393.6193237,395.8133957,390.438152,391.3372968,12512200
01-11-2019,397.7533569,401.6772991,392.9791835,393.7610252,18756120
04-11-2019,401.970459,408.2741654,398.3690483,399.4294587,18631580
05-11-2019,413.190094,415.8483975,404.1205931,407.7366781,29346520
06-11-2019,409.315033,418.2916875,408.1911243,416.3370534,20766950
07-11-2019,412.9995422,414.3042821,409.3199588,410.9325261,11416030
08-11-2019,406.5101624,414.3824443,405.3911152,412.4278101,15096930
11-11-2019,407.4483948,409.3004,404.89272,406.563924,7693020
13-11-2019,405.0539246,408.0298681,403.8274167,407.2382437,8990150
14-11-2019,411.5042114,412.5255208,402.693714,406.3684057,13836290
15-11-2019,409.2612915,415.090984,408.0836078,412.4473248,11931710
18-11-2019,406.0654907,411.4065253,405.1126304,410.3754629,9273640
19-11-2019,404.1939087,408.7286443,403.2654456,407.0525491,8295350
20-11-2019,404.4675293,408.7139728,403.3778006,404.6092295,8138790
21-11-2019,403.011322,406.5638789,401.8727692,404.6092449,7028530
22-11-2019,398.5792236,404.9806686,394.9338499,403.6319662,12226150
25-11-2019,404.7753601,405.5034564,397.0154614,400.6999354,13893040
26-11-2019,400.5386963,407.9272103,399.4294618,405.0978884,15027270
27-11-2019,402.4933472,403.1334886,400.2113203,402.7523505,4850640
28-11-2019,400.9002991,404.5163838,397.2793528,402.6545962,9697080
29-11-2019,398.1785278,404.1206024,397.0203797,400.2113342,8319830
02-12-2019,386.0842285,398.4863545,383.1180677,398.2566993,20654040
03-12-2019,387.4621887,390.438132,379.8342369,385.0579973,19843820
04-12-2019,390.0325928,391.3275499,384.574285,386.8221025,14308300
05-12-2019,390.0325928,394.2497185,387.7994196,390.0325928,12553040
06-12-2019,386.2015076,393.6437675,383.8314958,391.9041443,11713550
09-12-2019,385.5368652,388.1365319,379.223406,387.9557307,12689420
10-12-2019,389.6416626,390.4381784,385.6004469,386.0402515,11594800
11-12-2019,394.5233154,396.3020395,389.3679743,391.0733876,13659810
12-12-2019,396.512207,397.2794045,391.9090518,395.8134289,10870560
13-12-2019,397.9586182,399.6493576,394.9435736,397.7680342,8616560
16-12-2019,394.7823792,399.5223732,394.0102903,399.5223732,8260690
17-12-2019,404.1939087,406.0752321,395.5153286,396.4926456,13794840
18-12-2019,402.5911255,406.45154,400.8026483,404.6532801,11097750
19-12-2019,399.9034424,405.0978845,399.263301,401.9753496,7361040
20-12-2019,404.1792603,405.0979407,398.8431172,401.3841476,10542340
23-12-2019,406.5639038,408.9094588,403.6319526,404.4724309,11378790
24-12-2019,404.5603638,408.5869048,403.2067702,406.3683763,7519790
26-12-2019,409.2124329,410.126222,403.9496006,405.5817034,12650200
27-12-2019,415.6187439,416.3370576,409.6913137,410.27768,11266480
30-12-2019,414.7049255,418.4431751,413.405107,417.7883596,8319100
31-12-2019,413.8693237,416.9625404,412.2909365,415.066543,7796080
01-01-2020,413.5321655,415.555219,412.5255302,414.1674156,4070420
02-01-2020,414.9737549,419.8310223,413.8938087,414.3824673,8638440
03-01-2020,409.8330078,413.8742232,407.8343814,412.4277833,11768500
06-01-2020,390.6043091,410.864072,389.3435618,406.9548038,28667350
07-01-2020,391.6744995,399.9181668,390.5554524,396.3020816,21490420
08-01-2020,395.8085327,396.8249508,386.0402531,386.0402531,16305760
09-01-2020,403.065094,405.3910834,398.7453397,401.2765872,14193880
10-01-2020,405.0832214,409.0951184,402.4591277,403.6417027,11066240
13-01-2020,407.0036621,408.7383938,405.1956198,407.3456992,6451520
14-01-2020,409.789032,410.7077124,405.6305729,407.5412147,7034340
15-01-2020,411.1817627,412.4278361,407.5461417,409.4909933,6169760
16-01-2020,412.45224,413.4002388,409.3003864,409.4958618,5787280
17-01-2020,413.5760803,414.577854,410.6685863,412.1345617,6711290
20-01-2020,405.8406982,415.6480787,403.1579676,413.3073852,8486390
21-01-2020,404.4724426,409.1146989,402.3663255,405.5817071,8979220
22-01-2020,404.8242493,409.1537564,402.9819972,409.1049025,7979010
23-01-2020,403.2214355,406.9401494,399.2339953,402.947788,11545220
24-01-2020,409.9356689,411.025368,401.7750652,402.6546446,8648920
27-01-2020,406.9890747,411.2550546,405.9775479,407.9321822,7821550
28-01-2020,411.7436523,415.2619996,405.6012411,405.6012411,10527640
29-01-2020,431.8763733,434.3196658,411.9488953,414.8612809,45814130
30-01-2020,426.5304565,438.32668,424.6295678,436.2743083,35777740
31-01-2020,426.6868591,431.9839308,423.5496797,427.0875627,17369270
03-02-2020,426.0467224,427.7619187,415.379298,415.379298,10941810
04-02-2020,441.6740112,444.6792732,427.7863438,428.841863,19583230
05-02-2020,442.5487366,443.6970722,437.6084058,441.2586708,12856310
06-02-2020,456.0503845,457.1742932,442.2359975,442.5487461,18464770
07-02-2020,454.8726501,458.0587132,452.116609,455.8157575,9503260
10-02-2020,461.4646606,462.66188,453.4751058,455.4297399,11608790
11-02-2020,464.1620789,467.6462166,462.8573689,462.9551066,11674290
12-02-2020,466.0531921,467.3725762,461.4891381,466.1802481,8829640
13-02-2020,468.6577454,469.1708309,462.7596333,465.7893221,6810390
14-02-2020,467.3285522,470.5781433,465.9847413,469.1121677,7311180
17-02-2020,466.8301697,468.9167214,464.2305027,467.3285811,7164840
18-02-2020,465.0074768,466.3708533,459.4954237,466.1216326,7286110
19-02-2020,476.7401428,477.6148607,467.1673389,467.6462147,11720490
20-02-2020,476.9747314,481.1722916,474.3652817,475.7481937,16346430
24-02-2020,469.49823,476.5398163,464.3428883,473.0214688,12633890
25-02-2020,471.6483154,473.988979,467.5484633,473.988979,9593090
26-02-2020,470.0894775,472.8015263,465.9114533,470.578136,8513460
27-02-2020,465.1834106,470.5781904,460.5215889,470.5781904,11748700
28-02-2020,436.4551086,453.4750927,421.3946499,453.4750927,49414100
02-03-2020,426.1835327,451.3201277,420.7985064,449.5658306,22382160
03-03-2020,436.307312,438.3496932,423.1762666,431.0078707,20235030
04-03-2020,419.8800049,440.4899941,413.8654722,437.4729524,24729910
05-03-2020,424.2194824,427.8291708,418.5820909,422.1917792,18332950
06-03-2020,413.9487915,415.1389574,395.4007609,404.069903,33122380
09-03-2020,394.4505615,404.3147716,386.4524483,398.6822824,35456270
11-03-2020,394.8276978,403.4723561,390.3559887,393.1967164,27936830
12-03-2020,365.8032227,379.0860988,355.3953625,378.1114381,52726190
13-03-2020,387.1772766,396.0864056,321.3996104,336.9697575,48499170
16-03-2020,359.7201538,375.5107101,352.6428027,375.5107101,31404670
17-03-2020,337.4448547,365.837513,333.2474522,362.644127,25585480
18-03-2020,299.8786621,345.785893,295.7204201,341.8676392,54435800
19-03-2020,268.9978638,299.0655665,243.3920946,274.2777243,83247130
20-03-2020,289.1572876,298.1790571,256.8072162,274.2630112,61101890
23-03-2020,221.9837341,264.4820809,217.9528259,260.2454578,48442350
24-03-2020,242.3635559,251.6155237,206.1637915,242.1480508,62572210
25-03-2020,253.2759094,264.4821171,235.0952152,239.9930322,62263550
26-03-2020,273.6606445,287.6488098,251.2629351,258.3402873,50961240
27-03-2020,249.0344086,297.787285,244.8908594,289.4609958,71706090
30-03-2020,219.6279144,236.5057875,218.0508168,234.120553,76983550
31-03-2020,217.051651,229.2178261,205.7083055,225.7991446,110431110
01-04-2020,217.3993988,224.0163543,208.906586,213.5448193,64083010
03-04-2020,216.2386169,229.5802654,213.8435773,222.2433453,61726720
07-04-2020,220.7299042,223.9281778,203.8960962,219.9119622,111614780
08-04-2020,228.5223236,232.5483295,210.0330657,213.9366262,91093390
09-04-2020,249.9698792,251.3706476,231.8724546,234.2136105,71932460
13-04-2020,224.0555115,246.8499539,221.9641492,246.8499539,81831990
15-04-2020,213.78479,231.960595,212.4085048,229.7075964,93336280
16-04-2020,217.4630585,220.4017485,207.8633349,210.1163335,72467400
17-04-2020,226.0979309,232.734467,218.9520176,230.6871831,101915460
20-04-2020,226.1077271,229.7566068,221.8711182,227.7484988,54031770
21-04-2020,205.6838379,216.4835188,204.2389758,216.4835188,73839850
22-04-2020,210.4346771,212.5652302,198.1019791,201.7851316,90627230
23-04-2020,212.8052216,217.3748927,206.8837633,211.58567,71440060
24-04-2020,193.5862274,207.0307418,192.9789029,207.0307418,104944510
27-04-2020,200.2276306,204.2389434,187.6500417,195.9126556,144952470
28-04-2020,218.2565002,219.8238075,199.341135,203.8471322,147563440
29-04-2020,224.951828,232.6462939,215.508838,215.508838,150601540
30-04-2020,227.0725861,236.9514894,224.4326705,231.6716433,88833050
04-05-2020,203.7148895,215.7194432,198.7093202,215.5039381,73127450
05-05-2020,196.142868,209.1367753,195.6187981,208.6469936,115212090
06-05-2020,206.3205261,208.8331085,191.2450471,196.8922291,131496960
07-05-2020,201.8439026,212.5505369,200.6488491,205.6054369,77702040
08-05-2020,198.2783051,208.6469895,197.3820112,208.6469895,69663750
11-05-2020,197.3869171,204.9932259,195.4522735,202.7696129,76549900
12-05-2020,202.7402344,203.7491835,193.6694828,194.9037273,103365270
13-05-2020,211.6885529,219.4173078,210.1163577,217.4630835,94411850
14-05-2020,206.8838043,221.2784969,205.3948636,211.4877497,143075310
15-05-2020,204.381012,209.2935219,201.3982432,207.6625404,80267260
18-05-2020,189.8981628,205.0667028,188.6639183,204.7287522,108205710
19-05-2020,192.4792938,196.2604089,188.2916665,191.9944148,94135140
20-05-2020,200.1052094,201.7900596,189.5455171,192.973989,163185080
21-05-2020,194.9526978,203.509184,193.4147762,201.6920833,98795420
22-05-2020,185.6566467,196.5983679,182.713054,193.4637681,161950940
26-05-2020,179.1621399,189.4230725,178.4323699,187.8802631,98692950
27-05-2020,189.6875458,190.6230306,174.6561452,179.2600899,173352460
28-05-2020,190.789566,194.2474236,188.7618626,191.4066808,90517750
29-05-2020,191.3723907,193.9535347,185.2354272,187.4884109,103618470
01-06-2020,211.6689453,218.0899757,195.6236934,195.6236934,189159830
02-06-2020,229.8251495,232.6462968,211.6689541,212.0999494,234424700
03-06-2020,236.26091,244.5822967,234.8993174,236.760482,187051760
04-06-2020,226.5778961,240.3505695,223.0269789,236.4665894,163153500
05-06-2020,234.1499329,235.976809,222.8506658,229.6096471,158500390
08-06-2020,245.6010284,249.5633604,242.4957995,245.3806207,149925030
09-06-2020,239.3661041,248.3193127,236.593938,248.3193127,123730770
10-06-2020,238.5873566,241.9521544,235.193173,239.0134642,89614430
11-06-2020,229.1100769,240.8746276,227.268493,236.0747731,100427670
12-06-2020,240.0077209,241.9521549,215.4059813,215.5039436,168024570
15-06-2020,230.3345184,238.0289841,228.3362158,237.0543234,120703460
16-06-2020,231.6667175,240.5219631,223.8302112,240.1889151,129143510
17-06-2020,234.7033844,237.5441121,228.4390726,229.903515,96502790
18-06-2020,247.4328156,248.9756249,232.4503953,232.646305,127382680
19-06-2020,264.3449402,265.9073449,250.7682071,250.9641317,186038260
22-06-2020,278.2254028,280.5077725,267.2248946,268.4003827,139393260
23-06-2020,296.3668823,304.5707255,277.5102877,284.0684715,161869530
24-06-2020,287.447998,306.113572,285.1509206,306.113572,201088070
25-06-2020,294.3930664,298.3749937,279.2735089,281.9232146,159821300
26-06-2020,284.4162903,299.6289114,281.3355437,298.032218,125724990
29-06-2020,279.9543457,283.5297463,271.3390721,277.6082721,116139990
30-06-2020,277.3144226,287.663513,275.8450774,285.052968,97030570
01-07-2020,289.3532104,290.802945,274.8654612,277.3143694,127048960
02-07-2020,290.3670349,295.4362929,286.522261,291.909859,116197340
03-07-2020,287.1589661,292.8355484,286.1304366,291.9098539,85435970
06-07-2020,304.5266724,307.0588354,289.4609826,290.9303277,114375830
07-07-2020,328.3447876,334.9764216,306.142973,308.562496,228764010
08-07-2020,314.2488098,333.9135558,311.510947,328.3447406,191261830
09-07-2020,326.1946106,331.0826224,312.98031,316.8887583,187577860
10-07-2020,324.6420288,332.5617909,320.5180452,320.8070295,161504130
13-07-2020,316.8495178,330.8964511,315.047125,329.1332492,131364670
14-07-2020,312.5737915,315.3998415,305.8539709,315.3998415,124044220
15-07-2020,308.4890137,323.0306346,305.8442102,316.3990006,109802620
16-07-2020,313.9304504,314.9295942,303.8899268,311.5011227,99999250
17-07-2020,323.3832397,325.5088754,313.9500403,314.439822,84256260
20-07-2020,337.1167603,338.336312,324.872217,327.6590762,105554950
21-07-2020,322.5162964,344.7572966,315.2871148,342.8471364,259600480
22-07-2020,318.651947,327.1741602,312.8333383,325.2150334,170696590
23-07-2020,323.0403748,325.2150064,315.032457,318.6519205,87180350
24-07-2020,318.5393066,322.2763432,315.4193998,317.8683081,66376830
27-07-2020,310.6342163,321.2967727,308.7779546,319.6315031,70898670
28-07-2020,317.3392944,319.3376118,309.6595223,311.0113244,82116970
29-07-2020,321.7131042,326.0966565,317.3393572,317.8683298,80700220
30-07-2020,315.2528687,325.6068607,313.9549651,322.8053238,65082780
31-07-2020,318.4854431,320.6110789,311.6235969,316.9867124,72353970
03-08-2020,310.9624023,317.7703498,310.4236246,317.7703498,44639200
04-08-2020,316.9475098,319.3376467,307.8620658,313.6561913,66791450
05-08-2020,319.5482178,326.1945579,318.1572547,318.9457959,69853800
06-08-2020,327.6835022,330.9748504,318.8478521,322.4722482,81729060
07-08-2020,339.3501282,341.0300758,324.2354727,326.4884565,101512670
10-08-2020,337.2587891,348.4160005,334.344582,342.259441,71292450
11-08-2020,338.6742554,342.31333,333.5119668,339.1542618,55718180
12-08-2020,334.8392334,337.9493349,329.3291899,335.5004267,56625270
13-08-2020,334.9763489,340.1043781,333.149473,337.949327,46633590
14-08-2020,326.3023682,337.8318492,323.8632647,335.5004834,55313350
17-08-2020,331.5625916,333.0025508,324.470533,328.1537006,46705720
18-08-2020,335.000885,336.7690197,329.7798251,332.953601,47062980
19-08-2020,334.0262146,339.4187159,333.1495161,337.6555137,41988490
20-08-2020,332.4442444,334.4719479,328.4525114,330.8965174,36774590
21-08-2020,332.0033875,336.9697806,331.0924007,335.9902173,26273800
24-08-2020,342.0684204,344.3165315,333.1544175,333.3454096,62055750
25-08-2020,356.8451538,358.5201988,343.8267481,345.2960931,98540590
26-08-2020,357.1047058,363.1241417,355.6794543,359.0099637,66650850
27-08-2020,355.8263855,359.3430143,352.2901762,358.2214251,46110620
28-08-2020,359.578125,361.2629753,354.3129716,357.5406463,42513280
31-08-2020,341.6520996,367.3215437,339.4186964,363.9077798,85297660
01-09-2020,356.9382019,359.8915699,342.866754,344.5124432,60651820
02-09-2020,359.3674927,360.4793066,350.0420605,356.8255246,42810110
03-09-2020,354.5725403,360.1609359,353.132581,359.303818,32213660
04-09-2020,352.3293152,357.5210185,344.8797555,346.9123314,49146490
07-09-2020,343.3516541,355.4835255,340.6529523,353.3285042,46651680
08-09-2020,342.8471985,350.184119,340.3982899,344.8063253,44487030
09-09-2020,335.289856,342.205571,332.3119749,340.5942,45632470
10-09-2020,342.7197876,345.1442126,334.814705,338.5860295,47622820
11-09-2020,347.1964111,348.4992171,338.6056519,341.8675845,46083840
14-09-2020,337.0383606,350.1987915,335.0106573,348.4306869,45315090
15-09-2020,344.1598206,345.2177658,338.4391736,340.3983005,38936370
16-09-2020,344.953186,349.4493777,341.0496409,344.6054602,39077180
17-09-2020,340.0994873,344.5124248,338.5566631,341.7500491,27811560
18-09-2020,340.3786621,343.2193897,335.8922455,342.0047408,37690870
21-09-2020,326.2093201,339.6146428,324.651788,339.203213,36274190
22-09-2020,323.5497437,328.5259419,315.130396,326.0966142,42249680
23-09-2020,317.7556763,327.565988,313.4798618,326.1946052,42443280
24-09-2020,296.6999207,312.9459684,294.5448696,312.5786322,59637770
25-09-2020,307.4800415,310.2424175,296.6901662,301.705526,62325930
28-09-2020,326.6990967,328.153734,309.8114036,311.3052318,55886950
29-09-2020,322.7416382,330.308771,318.7989017,328.9373584,46434460
30-09-2020,321.1596375,327.5513125,319.3376639,322.6583981,36035360
01-10-2020,337.2440796,338.9289298,324.7301634,325.7048242,53821060
05-10-2020,331.3764648,344.7083065,330.137303,339.4186709,42071900
06-10-2020,340.3297119,340.8880702,332.1895423,336.9600114,47587570
07-10-2020,326.3072205,333.0515234,321.8159311,333.0515234,65710800
08-10-2020,325.8468323,331.8760434,323.4518227,328.545534,44618100
09-10-2020,325.0093079,334.8588094,323.7456629,325.6949842,56840990
12-10-2020,325.9203186,331.0336405,323.7456868,328.1537218,32046520
13-10-2020,320.5718994,327.1741466,317.7360445,325.2101174,37776570
14-10-2020,330.3136597,331.3226088,316.6634462,320.1213038,53044470
15-10-2020,314.9051208,330.1128352,313.5582213,329.936521,52680190
16-10-2020,316.531189,320.2633227,310.5313639,317.0209706,50762360
19-10-2020,320.0429382,322.7367374,313.1272234,318.857675,42066370
20-10-2020,319.5482178,322.2273388,316.0854581,318.8478336,32520900
21-10-2020,316.6781616,322.7661446,303.7969087,320.3172361,75364600
22-10-2020,324.6713562,327.6639148,308.562431,309.5419943,70857690
23-10-2020,324.911377,328.8198252,323.5497695,326.3317558,32047770
26-10-2020,322.6584167,326.1946264,317.0504101,326.1946264,35462450
27-10-2020,338.2677307,339.4187057,321.1008588,325.8027809,60209460
28-10-2020,330.1912231,341.857827,327.9480444,337.8465136,46491050
29-10-2020,331.09729,336.1861284,326.5619073,329.897319,37803490
30-10-2020,324.1374817,332.1699125,318.6372435,329.6181394,42876230
02-11-2020,334.9910889,337.6946634,320.7727123,325.7586863,42885510
03-11-2020,341.9459229,344.8062607,334.6041011,335.9901915,44460450
04-11-2020,348.8665771,349.699212,339.1248424,339.8105188,43711430
05-11-2020,366.053009,367.3362346,351.4330389,353.6223485,63321410
06-11-2020,370.3484497,374.9083162,362.8400878,365.778778,57440500
09-11-2020,378.6012573,379.9432544,370.867615,373.2136586,41498980
10-11-2020,412.2541504,415.7217832,380.3448618,381.9268471,114214480
11-11-2020,418.1560364,433.9025004,404.9466081,412.494161,138966540
12-11-2020,421.0456848,423.661132,411.4214932,417.2939705,55900380
13-11-2020,428.6618347,431.9874416,416.3144278,417.2939912,60884590
14-11-2020,428.5393982,434.436359,425.1305069,431.0078871,7894790
17-11-2020,439.6280212,441.190426,425.6202772,430.8805277,58515230
18-11-2020,455.8643494,458.2397788,437.2771266,438.3546524,75130190
19-11-2020,444.3837585,468.7210083,442.0328128,453.4300406,83510050
20-11-2020,461.9473572,466.4827401,442.2973195,447.8514566,87364100
23-11-2020,471.3120422,476.9788203,463.6812645,467.1538002,73250390
24-11-2020,471.2336426,476.2637099,467.2517152,473.6188769,42973850
25-11-2020,459.3907166,472.6393046,457.9458547,472.3454475,47633210
26-11-2020,472.2720032,475.4800673,454.5174166,455.9867617,62732080
27-11-2020,480.8480835,485.8634433,468.7357917,475.969847,123647070
01-12-2020,476.1755371,485.1189555,472.6638108,485.0014127,40174270
02-12-2020,472.5315857,478.4187412,468.7210699,476.4596145,36549700
03-12-2020,476.7975464,479.0064665,471.8556661,476.5575582,28768440
04-12-2020,477.5714417,485.6675175,471.659773,477.0473716,36793780
07-12-2020,473.0752258,482.4300438,471.6597496,477.047348,31151240
08-12-2020,469.4214783,476.5576013,467.7415306,475.0882562,29710760
09-12-2020,474.5151672,475.3673825,469.3283664,472.1495135,19659920
10-12-2020,469.6810303,476.0677723,468.7210475,475.088209,19259630
11-12-2020,474.4858093,478.9085224,470.6801961,470.6801961,26700190
14-12-2020,479.8537903,481.4260002,474.8922995,475.8228967,17863480
15-12-2020,501.781311,504.4751102,476.934697,479.0015612,59367960
16-12-2020,504.1420593,511.8218625,501.5364471,509.2750216,32691840
17-12-2020,517.8658447,519.4772459,499.7341438,503.4809564,37331520
18-12-2020,514.515686,517.6943645,505.9445061,514.2707952,32550430
21-12-2020,493.8811646,512.7720182,480.4954225,512.1157275,35515700
22-12-2020,490.898407,502.0262326,472.7715818,496.638634,54735210
23-12-2020,498.4899902,506.0423851,486.8772564,489.781658,34314570
24-12-2020,507.8938599,511.2293022,500.1651195,503.3927944,26255590
28-12-2020,509.7745361,513.7613661,506.9240331,507.8937912,19326060
29-12-2020,509.4219971,513.9769914,506.1894494,511.8219397,19695290
30-12-2020,522.5137329,523.8704376,506.8260722,509.4218791,38647000
31-12-2020,518.6983643,526.2703692,516.4257703,522.597007,28692120
01-01-2021,517.2241821,522.8909301,514.2707841,520.1677749,14471870
04-01-2021,510.9598083,521.5195295,509.0006817,521.5195295,23336590
05-01-2021,501.438446,511.7434412,495.9039194,511.1361167,39534000
06-01-2021,492.7497559,506.2726508,488.8315024,502.5160038,36079230
07-01-2021,497.716156,502.6678716,491.8681615,496.1488486,30357500
08-01-2021,497.8140869,503.3730967,493.8958337,502.5159789,29984510
11-01-2021,488.2388306,500.6499109,485.6919899,500.3609265,29241640
12-01-2021,493.9154358,499.4793485,484.9818228,488.238853,33359080
13-01-2021,480.2701416,497.0304568,472.7617799,496.2468181,32693730
14-01-2021,477.7673035,486.5295046,473.5209048,480.2701105,26808110
15-01-2021,478.3795471,482.6308784,474.3437509,477.7330616,25449160
18-01-2021,462.3392029,478.0269246,459.0234012,477.0473612,37034130
19-01-2021,485.7801819,489.2870056,465.4885301,466.7717557,47674650
20-01-2021,488.0135803,492.9750712,480.0840136,486.6470703,33147070
21-01-2021,501.3699341,511.821889,488.8021485,489.0960056,70618090
22-01-2021,487.092804,503.2017313,484.4528734,503.0058066,30847960
25-01-2021,480.8382263,505.7485136,479.0064478,494.5814981,36730600
27-01-2021,474.5984192,484.4528236,471.2679099,482.072492,28004930
28-01-2021,471.1944885,480.8676773,462.6575969,468.1872216,34773290
29-01-2021,463.7791443,484.8838494,461.0902477,478.6832267,42607950
01-02-2021,495.5218811,497.6181609,457.1132121,467.74148,42907450
02-02-2021,506.7477417,522.8860247,499.0777436,499.5773305,43479930
03-02-2021,513.7908325,516.2299359,503.4956111,511.1949655,26507830
04-02-2021,539.2348633,542.9718995,509.9655085,510.7443043,53258880
05-02-2021,542.5360107,551.2002792,535.8211235,541.306654,44379870
08-02-2021,538.5345459,554.9226211,536.3403336,542.8740042,28008090
09-02-2021,528.9936523,542.5801919,527.259806,542.4332335,22639040
10-02-2021,536.3991699,538.9900746,528.4744754,532.3633135,26380120
11-02-2021,545.3278809,547.3800376,534.425335,535.8212009,20289470
12-02-2021,546.3466187,550.3187413,541.8994221,545.6168487,16252680
15-02-2021,566.1728516,568.0487535,548.5554208,549.0794609,31688260
16-02-2021,564.2530518,570.3213946,557.4010103,567.3043823,21268100
17-02-2021,558.8555908,568.0488023,555.4124113,561.2897914,23463950
18-02-2021,544.9653931,559.7959366,540.9344397,558.2531722,23175130
19-02-2021,538.559021,550.7056306,531.413123,544.6372284,27444560
22-02-2021,526.6964722,542.5507012,522.5724893,536.8006696,20005630
23-02-2021,527.3675537,539.2154044,524.0664298,530.9233737,21902450
24-02-2021,544.9212646,546.4886019,527.2989299,533.2743021,19087950
25-02-2021,541.6936035,550.5096732,539.8716301,548.6533816,15845950
26-02-2021,515.7302246,534.2537984,511.4299278,531.9028228,37133260
01-03-2021,515.9163208,526.0156146,508.8830644,520.6378224,20318810
02-03-2021,520.7652588,529.9437624,515.4511397,519.1685658,22086340
03-03-2021,542.9622192,545.9450331,523.096703,525.4525221,22524130
04-03-2021,537.3786621,545.337614,529.0621194,531.9028769,22346980
05-03-2021,533.3624878,540.6945058,529.1699874,532.8825113,20757600
08-03-2021,521.1913452,538.1671938,520.2460403,535.7231882,17210420
09-03-2021,530.4384766,533.3722641,522.5970669,526.1234711,18114960
10-03-2021,543.1727905,544.7351654,532.8824726,532.8824726,21912500
12-03-2021,544.4265747,555.4124037,540.8168863,548.5554604,25080130
15-03-2021,532.7894287,547.149801,524.1202573,545.719617,20870080
16-03-2021,534.4448242,539.4455357,530.9233228,537.628405,15613050
17-03-2021,525.0263062,534.8807103,523.5227028,534.8415493,11347580
18-03-2021,526.2067261,543.1678676,519.6583476,531.217183,23390580
19-03-2021,534.1804199,536.7028076,508.3983042,520.7358765,32203100
22-03-2021,527.9209595,538.465973,522.7929598,533.5191902,19384610
23-03-2021,526.8874512,533.3721547,524.0663044,529.9436835,18490380
24-03-2021,516.2592773,526.417344,515.2502984,526.417344,17376430
25-03-2021,501.7519226,519.1685881,499.8858855,517.2094613,23432710
26-03-2021,507.7125854,514.0748448,503.0057906,506.4342624,23474600
30-03-2021,508.7410889,515.2503063,504.4751097,512.7866902,18452800
31-03-2021,504.4604492,511.2145581,501.8254212,507.903629,18459750
01-04-2021,516.4404907,518.0420265,505.645684,510.3524785,21482340
05-04-2021,486.1083069,515.1523838,482.0039341,515.1523838,37396800
06-04-2021,489.1057434,495.6051554,485.138524,494.6794609,20709060
07-04-2021,497.334137,500.4589467,483.9043308,487.8225845,24027820
08-04-2021,492.6714172,501.0466722,491.2510384,499.5773272,14078790
09-04-2021,477.272644,490.7612201,474.5984254,489.7816568,29026460
12-04-2021,441.8810425,464.3130377,431.0078831,464.3130377,45000460
13-04-2021,463.2110596,467.7317353,442.1798314,444.2418232,31750190
15-04-2021,456.5059509,465.2926362,447.2784501,461.188263,28971850
16-04-2021,452.2252197,459.4152111,449.6195776,456.5744834,21426480
19-04-2021,438.8052063,441.1953434,427.2855612,435.905707,34265070
20-04-2021,451.9362488,460.2968258,446.2106996,446.9747579,33945970
22-04-2021,459.2878723,461.7661664,441.3667772,445.7013332,25635390
23-04-2021,457.2405701,466.2525647,451.6276614,452.6659962,27295250
26-04-2021,463.9750671,473.0311253,459.415201,459.415201,29039890
27-04-2021,476.5624695,478.9917674,464.9546379,464.9987314,26449970
28-04-2021,517.2976685,520.1481717,481.4554169,481.4554169,85764540
29-04-2021,537.2758179,541.2087793,522.1072929,524.0664198,72584860
30-04-2021,534.0480957,541.1744423,521.8819368,524.0663437,41248880
03-05-2021,543.7702637,546.5963133,518.3114234,520.7652343,40335910
04-05-2021,550.0983276,563.2440517,544.6372497,549.5350667,48383470
05-05-2021,540.2438354,558.3510476,534.0970522,556.6857782,43786930
06-05-2021,541.5809937,550.5048015,536.1493316,545.4208653,22231110
07-05-2021,538.1525879,549.8436756,534.6457339,547.5759838,18510330
10-05-2021,538.5150146,546.1066315,533.3723065,546.1066315,19973390
11-05-2021,531.383728,534.6554961,527.9846717,530.066244,16172480
12-05-2021,524.8892212,532.8824314,522.0484637,530.2474037,15393360
14-05-2021,522.1415405,529.4540075,515.9360448,529.4540075,15257620
17-05-2021,531.9127197,537.7802948,520.6428383,524.0664075,24115830
18-05-2021,557.2490845,558.8408749,538.8577592,538.8577592,31478830
19-05-2021,551.6116943,560.5942733,548.0656799,555.8972839,22509060
20-05-2021,547.4534912,554.2369557,543.1679014,551.2982656,14888270
21-05-2021,551.6656494,557.8614004,547.2135501,554.4329282,18569660
24-05-2021,548.8395386,557.1756324,547.5759234,551.8860261,12150600
25-05-2021,550.3823853,554.3153467,546.7923069,552.4737627,13155460
26-05-2021,565.3206787,567.6373364,547.1938546,552.4737153,29167460
27-05-2021,556.6074829,566.398274,553.5512499,566.182739,21525900
28-05-2021,549.6085205,563.2489282,547.7816444,560.7020874,15263750
31-05-2021,551.293335,554.8932183,544.6372188,550.5145988,17958110
01-06-2021,566.6577759,569.9099333,551.043534,552.8655672,28534510
02-06-2021,568.9940186,572.5547407,562.5191196,563.8856295,20131950
03-06-2021,578.0892944,579.4116809,566.2022844,572.0649563,22303780
04-06-2021,587.0964355,588.7176418,577.9424437,579.4117889,24453670
07-06-2021,561.2653198,572.4421718,556.632004,568.1467767,28358050
08-06-2021,563.7778931,569.812037,560.324968,563.3468828,17890070
09-06-2021,555.8532104,567.6569363,551.2296406,567.6569363,15381120
10-06-2021,596.2014771,599.003014,556.0981494,559.8204783,52961200
11-06-2021,599.4928589,610.2680573,592.1657431,598.0577721,37027210
14-06-2021,606.7562866,612.1292377,585.3479461,594.565612,26336010
15-06-2021,603.5236816,611.227938,602.431478,609.1904893,15236610
16-06-2021,595.7312012,603.4991909,593.8896771,601.4518773,14816580
17-06-2021,592.6603394,599.0029881,579.9015028,579.9015028,18718570
18-06-2021,596.2650757,602.2354851,584.3143919,596.5442249,27096150
21-06-2021,599.1008911,600.9620853,586.4743656,587.7379807,12719620
22-06-2021,589.383667,606.2517789,587.7380077,602.4314579,15406110
23-06-2021,589.2661133,599.0029752,587.8359293,592.7337459,12382150
24-06-2021,592.0088501,598.31724,588.8154642,590.3828014,10824210
25-06-2021,595.1630859,598.2193186,590.6962797,593.3215022,9619940
28-06-2021,591.3673096,599.2674904,589.2073556,597.5336441,8284810
29-06-2021,592.8708496,601.2216502,587.9436776,591.6562008,13100790
30-06-2021,589.2906494,599.982562,587.73802,592.6358368,12257940
01-07-2021,584.5201416,591.6562339,581.8606009,591.6562339,11206010
02-07-2021,587.5176392,590.6767071,584.3095452,587.738017,8112980
05-07-2021,594.859436,597.1368729,588.3306082,590.5787491,8631790
06-07-2021,607.5643921,621.3175005,592.9297125,593.1256372,34913930
07-07-2021,607.1921387,615.753513,603.4501994,609.2884186,19479250
08-07-2021,600.2457275,610.3613438,596.57619,606.3484289,11305600
09-07-2021,602.0459595,605.4652393,594.6775426,596.8311655,14475440
12-07-2021,603.3607788,608.2027329,598.8523809,605.8577791,9787400
13-07-2021,603.8267822,610.7634929,602.4237504,606.8389082,10021270
14-07-2021,601.8253174,606.5446285,600.4615097,603.4049485,7765740
15-07-2021,601.413147,606.0735913,598.6954128,601.8252715,8709900
16-07-2021,600.9961548,607.32947,598.2244049,600.95202,9631210
19-07-2021,590.1987305,600.7558744,582.3103357,597.3218623,12905320
20-07-2021,582.9823608,591.4300154,575.7365865,590.6500209,14018370
22-07-2021,607.8740845,612.6277694,580.9514278,581.8197518,34885910
23-07-2021,606.4366455,610.7634736,602.4237314,607.2313715,9537390
26-07-2021,604.6264648,608.1438957,601.4426501,603.4049426,7335020
27-07-2021,611.3963623,620.771207,605.8577729,606.348346,20685280
28-07-2021,614.3937988,616.5523326,604.0917631,613.9914953,11491530
29-07-2021,627.9434204,630.8770381,614.5949449,617.1360801,14846640
30-07-2021,611.067627,629.5867604,609.5075782,629.5867604,14068850
02-08-2021,608.3597412,616.5474381,605.367257,615.1787199,10124350
03-08-2021,621.2518921,622.2428592,608.8992365,609.782292,10917100
04-08-2021,623.9255981,635.5325751,619.593859,622.3410565,16320910
05-08-2021,613.0447998,623.5675708,611.4504369,623.4204348,8665670
06-08-2021,610.6948242,618.0730628,609.389883,616.6503889,7297890
09-08-2021,607.6386108,615.1738071,602.036244,610.7635593,8811790
10-08-2021,605.3770142,613.0642562,602.6249063,610.7634971,7310090
11-08-2021,605.1514282,608.30578,594.2803107,605.9657365,7919290
12-08-2021,608.2615967,613.6971251,603.5275543,606.4464403,7946020
13-08-2021,604.0476074,611.1412755,601.5407261,609.2918052,6679320
16-08-2021,625.6916504,627.4429699,598.876909,603.3067983,14233350
17-08-2021,628.9245605,631.5491148,618.612704,628.909829,16027760
18-08-2021,642.0718384,651.4810565,628.5271227,631.2694694,21537300
20-08-2021,653.5513306,660.5763714,633.3936971,634.9929703,21647320
23-08-2021,662.489563,669.0927182,657.0736762,661.2925933,17383400
24-08-2021,684.8498535,691.6099651,660.1102263,664.7265358,26229900
25-08-2021,681.4011841,692.1006131,679.0513196,687.2929723,15096670
26-08-2021,680.1256714,686.1401026,672.5757439,676.990902,12345880
27-08-2021,683.5253296,689.1914732,674.2437243,681.8966531,9359060
30-08-2021,703.0402832,706.1309176,684.8400335,686.404933,15043820
31-08-2021,738.2634888,745.553398,699.5572582,702.5006969,29464380
01-09-2021,737.7827148,752.9806598,734.2260599,738.3125122,22277890
02-09-2021,735.7075806,744.3368049,730.4682931,735.859687,11833780
03-09-2021,738.1555786,741.2559743,732.1067738,735.8596701,8802470
06-09-2021,736.4827271,747.1428715,734.3977913,740.7654209,8970710
07-09-2021,731.670166,742.3597735,726.7546138,738.6952066,8360130
08-09-2021,732.2490234,737.2332628,727.1323198,731.6407176,8592560
09-09-2021,729.0554199,731.9350817,724.0859119,728.991643,7004360
13-09-2021,730.5172729,735.3690479,721.3386698,729.0553748,8025650
14-09-2021,727.7702026,738.8031884,726.8331911,733.8974567,7192580
15-09-2021,727.4365234,733.897393,724.0859306,730.4633812,6572830
16-09-2021,727.1765137,730.4633294,719.2291937,730.4633294,5771290
17-09-2021,728.8739624,753.515442,722.1236711,730.5124599,34749690
20-09-2021,730.2130737,743.8068338,718.2725425,722.1235289,10838060
21-09-2021,766.6530151,769.9153386,726.1463564,734.0102584,19931330
22-09-2021,764.6710815,774.6150089,762.4487708,770.1998506,15005410
23-09-2021,775.0123901,784.8189425,765.7503667,771.5341834,21091470
24-09-2021,764.6465454,779.9965378,757.9992556,779.9965378,11293460
27-09-2021,764.8475952,771.1809107,759.4120668,770.1016738,6507740
28-09-2021,740.1080933,767.7469673,728.5060265,766.765821,15723010
29-09-2021,737.3706055,749.1885548,731.5573261,738.7050098,9458790
30-09-2021,752.3527222,755.482581,734.9668401,740.2748147,14907070
01-10-2021,738.0917969,749.5172039,733.4067997,747.6334199,9377400
04-10-2021,754.9969482,762.2525439,741.7612949,744.4937609,10901980
05-10-2021,757.8569336,761.8600269,749.0167967,753.814616,7732430
06-10-2021,758.9313354,773.2020905,754.0108728,766.2752006,17646310
07-10-2021,760.182251,773.6337871,759.2109258,769.7975317,9405500
08-10-2021,758.6417847,768.1393319,756.6599102,760.3882535,7565710
11-10-2021,766.9717407,775.537127,760.58447,762.7331824,9086480
12-10-2021,770.763916,777.5583413,760.3882833,766.2751603,10994490
13-10-2021,777.9802856,785.898143,771.3085031,775.8806183,10524380
14-10-2021,771.4654541,781.8754612,766.5057671,781.8754612,11348490
18-10-2021,771.7253418,789.8225883,765.3724449,789.8225883,8550980
19-10-2021,759.338501,776.5477844,752.6372554,774.124382,12449890
20-10-2021,761.5018921,768.5857387,743.2182236,759.5052261,11028990
21-10-2021,759.1422119,768.2374561,754.0108366,768.2374561,6394610
22-10-2021,756.4834595,778.5396097,752.0486589,760.9770665,15173760
25-10-2021,750.2481689,768.9979191,721.1915326,760.3883369,11697290
26-10-2021,770.7542114,774.6101093,750.6848467,754.9920934,16605750
27-10-2021,734.1082764,777.0628227,732.033102,772.1620026,31122330
28-10-2021,734.3143311,745.2786278,721.4760714,739.7842331,15723020
29-10-2021,726.0678101,740.7358974,717.5170948,733.8973374,9483340
01-11-2021,727.4169312,735.8793174,708.3875808,728.9916517,10373140
02-11-2021,731.4788208,741.2559692,726.0727554,732.5924313,6871160
03-11-2021,737.4540405,739.6665301,731.0520374,734.4860492,6687040
04-11-2021,738.3223267,742.6295728,737.3313594,741.8446079,940330
08-11-2021,752.8972168,756.7727561,734.4859947,740.1668693,9003010
09-11-2021,743.463562,760.8200414,740.7654099,755.4826034,8002470
10-11-2021,743.8511353,746.6522886,736.3502531,740.274838,4649890
11-11-2021,731.218811,745.7642548,727.0292978,742.7472783,6344000
12-11-2021,743.6204834,745.6956579,731.2482443,735.8596434,4971280
15-11-2021,739.2200928,748.3643829,734.8785326,743.6107581,4025180
16-11-2021,741.324646,750.5768475,735.9332524,738.31252,5980490
17-11-2021,746.4217529,754.6977193,737.9446348,738.6068966,6455740
18-11-2021,734.3830566,755.256967,729.972809,747.6334415,7725390
22-11-2021,692.5223999,737.2822822,685.8260655,735.0747034,19352430
23-11-2021,698.0168457,704.2667423,679.3554255,686.8023516,11875890
24-11-2021,704.1980591,718.1793928,693.2778968,702.5006953,10993800
25-11-2021,699.1452026,706.9158641,695.3187084,701.5195598,6154860
26-11-2021,667.8712158,691.5020864,664.7266251,688.8628004,16890820
29-11-2021,677.5550537,684.8400523,655.238888,663.9416501,14918150
30-11-2021,686.5324097,706.4055281,672.0114598,677.9719342,21955390
01-12-2021,690.5993652,697.3692979,681.994694,689.9615963,11367680
02-12-2021,704.5120239,707.4064172,689.0001047,695.6326627,8477040
03-12-2021,693.5968018,709.7415801,692.1986803,702.500716,8164110
06-12-2021,682.0683594,696.2116215,680.7291043,693.5968283,8582530
07-12-2021,696.9229126,703.481873,682.6815602,691.5118766,10796080
08-12-2021,722.270752,724.7088857,698.5760488,698.5760488,14026910
09-12-2021,730.0022583,732.7298137,719.867001,726.0482102,10769500
10-12-2021,731.1992188,732.6218927,722.1236162,723.4972449,6791450
13-12-2021,708.2648926,733.6030044,706.3271528,732.9161901,12985990
14-12-2021,693.2681274,704.4629794,690.2363593,704.4629794,12764810
15-12-2021,671.8153076,693.9156497,670.220945,693.9156497,18175280
16-12-2021,689.6329956,693.0277233,680.2188661,681.4060747,17683180
17-12-2021,677.0987549,689.25517,673.5568317,686.8023047,16805110
20-12-2021,650.9071655,673.5422184,637.0190705,672.0852304,22263190
21-12-2021,645.3538208,662.2736822,641.669612,659.8355482,13755910
22-12-2021,664.3536987,666.2718563,649.8916136,650.9904925,12678980
23-12-2021,678.7324219,686.1645563,670.9322978,671.1039864,13393990
24-12-2021,672.2814331,685.6200878,663.01941,685.3208454,9807740
27-12-2021,676.083313,677.8542746,652.8595998,662.3717593,9123600
28-12-2021,677.6433105,684.8400394,673.2379737,684.8400394,8624640
29-12-2021,678.1339111,681.891718,672.3844086,675.5093569,5323790
30-12-2021,674.1553955,681.4011703,672.7621846,676.9811015,6589920
31-12-2021,684.5751953,686.7043259,674.5920436,675.2249021,7699070
03-01-2022,708.3483276,710.7374162,684.3494702,684.3494702,12697250
04-01-2022,720.4556885,723.5953685,709.9083662,711.3310402,9591730
05-01-2022,752.6176758,754.614282,727.5199382,732.9064214,25832620
06-01-2022,760.2166748,763.2680253,737.9200898,738.3125722,15359860
07-01-2022,751.4941406,763.8222438,744.1993217,761.7569505,11659510
10-01-2022,758.5535278,761.2713218,752.5145445,754.108907,6390600
11-01-2022,752.5244141,761.364551,742.8257742,759.3090785,10379120
12-01-2022,762.7921753,772.0640195,754.6780765,758.03358,14584040
13-01-2022,766.1133423,770.15566,762.7431074,768.0412611,6163740
14-01-2022,768.4532471,769.8170546,758.2787664,762.8411199,5696350
17-01-2022,770.454895,776.0866648,765.4461627,767.2073034,6797740
18-01-2022,759.7996826,779.5206984,757.0573357,775.1006297,11300240
19-01-2022,742.9042358,789.3320789,733.2105071,770.199729,50003170
20-01-2022,738.8276367,750.5768384,726.1462743,746.6522537,29103830
21-01-2022,723.4726563,735.761536,716.8106953,726.2934515,13704500
24-01-2022,680.105957,721.1424059,668.9160166,721.1424059,25025820
25-01-2022,683.2456665,686.409839,662.4894905,676.9908596,25259340
27-01-2022,670.8096313,677.2213951,658.1626432,669.4948692,17610280
28-01-2022,673.7775879,691.2763516,671.5945616,682.9807439,14675220
31-01-2022,686.8269653,694.2493395,679.9442096,684.8302991,12512490
01-02-2022,688.2348022,698.1639965,675.6172172,694.249233,13834490
02-02-2022,711.0807495,714.274385,696.1231815,696.6137546,13398210
03-02-2022,697.6587524,714.9661865,696.6138293,711.6253548,8398560
04-02-2022,702.343811,705.28725,692.1987317,695.6327438,8232080
07-02-2022,679.9932251,702.9912958,675.1267181,702.9912958,11830120
08-02-2022,692.1986694,701.2252268,678.433159,686.8023651,16405420
09-02-2022,698.3161011,702.2946419,693.670388,699.4149801,6491660
10-02-2022,700.2440796,710.3498738,693.1798147,700.0478384,12442000
11-02-2022,687.9404297,694.6465854,679.0561582,690.7269112,12764610
14-02-2022,665.8009033,679.9343436,661.6899581,668.1605888,11697660
15-02-2022,700.739502,705.934654,665.8008421,667.1793812,13468200
16-02-2022,693.532959,708.8731887,691.7080415,704.9535146,10540410
17-02-2022,694.8918457,699.3609592,685.0362495,698.5760543,9036160
18-02-2022,689.7555542,698.183566,687.7834409,688.764587,7625170
21-02-2022,687.425354,694.7398154,678.0700918,686.8023166,8166640
22-02-2022,687.9159546,690.349178,666.1001831,667.1794199,12587320
23-02-2022,691.1733398,698.3160528,689.4955583,692.6891939,7952280
24-02-2022,650.2841187,677.010532,646.8157332,667.1794278,19300400
25-02-2022,683.8000488,685.8162971,663.1567539,667.1794295,14132810
28-02-2022,687.0280151,689.2552363,667.826976,673.0663233,15808910
02-03-2022,670.2749023,680.5572945,663.4510144,678.7568698,16080090
03-03-2022,662.1118164,681.3373474,659.8208185,678.9531693,13339990
04-03-2022,641.463562,657.1717225,637.7450394,656.2298604,19965090
07-03-2022,600.9520264,624.9901074,598.499161,623.0278151,28435880
08-03-2022,604.5675659,610.0129153,580.1419122,601.2463765,28857830
09-03-2022,635.046936,640.1979541,600.643039,610.2239469,22801310
10-03-2022,646.0748901,666.5906888,637.8430599,666.5906888,20915610
11-03-2022,650.3037109,655.8962564,636.7688154,642.6507823,12647710
14-03-2022,653.9780884,656.2887284,637.745041,647.6545938,12668460
15-03-2022,654.0859985,662.2736342,648.0470154,655.1308617,14792700
16-03-2022,671.1628418,676.931986,661.6212193,665.2170984,16335960
17-03-2022,686.2529297,692.3850937,679.9441665,681.6709935,16706780
21-03-2022,674.0866699,688.6419955,672.0851532,686.8023463,9620190
22-03-2022,685.4092407,687.7835981,663.9417536,674.0475491,12737960
23-03-2022,687.2732544,697.0062676,683.8588849,691.7080543,11767500
24-03-2022,686.5620117,690.2903556,675.1512758,683.7608583,7837160
25-03-2022,684.2023315,693.42022,680.9155155,692.5911801,7023730
28-03-2022,686.9397583,690.2363954,674.047482,685.8212372,9369730
29-03-2022,690.663208,692.6892775,685.281635,690.7269849,7159500
30-03-2022,711.5125732,713.7299734,696.5157785,696.6138692,12722540
31-03-2022,712.307251,730.4633667,710.4136459,715.0544484,16330110
01-04-2022,726.8428955,730.8558097,708.4170015,709.363774,8715130
04-04-2022,734.9422607,744.7782751,728.9916068,730.8558085,10497590
05-04-2022,724.914917,733.8924284,719.1801463,729.4821812,10720820
06-04-2022,720.8432617,728.5011011,716.2367728,721.1425041,7670310
07-04-2022,715.2752075,721.7311063,713.2932731,717.2178578,7182660
08-04-2022,722.7711182,728.5010382,712.3121262,719.0133714,8819730
11-04-2022,719.8325806,724.4783532,715.7461283,720.6567697,5975080
12-04-2022,713.7348022,716.2318025,708.3875436,716.2318025,8055980
13-04-2022,719.0280151,724.0858522,714.4755426,717.5121611,6723170
18-04-2022,712.4544678,723.5953644,709.5257007,712.8518009,7582220
19-04-2022,712.2679443,730.2965042,701.6175625,716.2366636,11911100
20-04-2022,689.9910889,715.7167144,682.8777787,713.7789745,15581810
21-04-2022,700.3519287,705.1497477,691.4431049,696.5156736,8753430
22-04-2022,697.6685181,707.1120499,693.8077103,694.6514816,8079870
25-04-2022,687.34198,694.1560477,681.8966304,686.8023615,6849530
26-04-2022,710.4038696,712.6016277,696.3195338,699.6553953,10124190
27-04-2022,658.7514648,696.61393,656.2741062,696.61393,39843570
28-04-2022,660.0808105,667.6699617,645.5941731,662.0774166,24990940
29-04-2022,654.6011353,669.4949279,652.5603343,667.1794371,13375170
02-05-2022,650.1221924,652.4475041,640.2469533,642.6507735,12387410
04-05-2022,622.0221558,654.2087105,617.1409772,650.4901279,16491150
05-05-2022,619.0493164,637.4948536,617.1409798,627.9335883,14860280
06-05-2022,588.7171021,608.8060438,586.2347738,608.4086509,30648650
09-05-2022,592.3130493,601.957733,572.258419,584.861213,19356480
10-05-2022,581.6676025,599.7795833,578.8762703,588.6877325,11779330
11-05-2022,569.751709,588.3542058,562.8836844,584.4689045,18613390
12-05-2022,548.7943726,565.6062633,540.2093428,564.1590966,24940440
13-05-2022,541.1757813,564.0610306,539.6304639,559.2533898,21053150
16-05-2022,553.8961792,560.425735,538.4529497,546.9889324,14149550
17-05-2022,572.7244263,573.8724104,554.5438191,555.3287241,14017700
18-05-2022,570.5562134,584.4393975,568.0837055,577.890258,16550940
19-05-2022,559.9401245,563.6684679,550.5210855,554.4456701,10650250
20-05-2022,566.0820923,573.1806702,560.430681,572.9893395,10986100
23-05-2022,568.4761353,579.4894775,566.2390932,571.5176645,9680210
24-05-2022,568.9470825,572.3025859,561.7062185,567.3968547,10840690
25-05-2022,571.7531128,576.6883068,569.241381,572.8912759,8675980
26-05-2022,570.8112793,576.4675418,554.681233,573.9705414,12595460
27-05-2022,588.0499878,596.242595,575.0547104,578.8762942,16258050
30-05-2022,599.5980835,601.1483113,592.7202388,597.321817,8174840
31-05-2022,596.7478638,605.2886983,590.301726,599.4803296,15489660
01-06-2022,589.6835938,601.4426165,586.4555844,594.5745932,8876200
02-06-2022,594.3635864,596.5368515,583.7034432,589.3744966,7508090
03-06-2022,591.4545288,605.1709328,590.061318,600.9520163,10434650
06-06-2022,590.7481079,593.5934559,579.9554996,589.4922719,7376570
07-06-2022,576.7766113,587.7016842,572.3663638,586.7254485,8969820
08-06-2022,584.2039185,593.9859779,569.2855726,578.8763014,13341460
09-06-2022,578.7339478,581.9766286,574.4610754,579.3668062,12376740
10-06-2022,556.0645752,572.4987731,554.5830349,571.5176269,21518910
13-06-2022,525.7227173,544.9286677,522.4603939,542.08823,19327850
14-06-2022,527.4396362,535.803871,518.4572148,524.6188411,18845410
15-06-2022,538.1538086,539.6206174,529.4412251,531.5850273,16599430
16-06-2022,518.4277954,550.9086175,515.5775373,546.0077976,21796860
17-06-2022,531.7370605,537.177499,512.158273,512.158273,19379390
20-06-2022,536.7310791,540.6115289,525.1094317,532.5661185,11194560
21-06-2022,544.4527588,545.9098065,535.2152883,542.0833121,10023590
22-06-2022,533.7043457,542.7210823,530.3095581,542.7210823,8983460
23-06-2022,534.5432129,539.1398808,524.2264454,534.2930158,11018570
24-06-2022,548.2399902,551.0754572,535.2152505,540.6115546,13049330
27-06-2022,553.4841919,561.7062019,548.2399942,559.2533364,10490080
28-06-2022,547.1116333,551.3060571,542.0832592,550.1286698,7395000
29-06-2022,540.8863525,544.9286704,535.7058714,538.1587371,7559820
30-06-2022,531.7973022,545.0614939,529.4832374,542.8557337,11982750
01-07-2022,552.8604126,554.7855543,525.3523009,528.2030805,12218900
04-07-2022,554.4262085,556.2626993,545.6326175,552.7127474,7898180
05-07-2022,557.4590454,566.7055677,554.047029,557.3507408,12284530
06-07-2022,582.628479,584.8096573,555.9623407,559.3202049,22229520
07-07-2022,577.1140747,589.5412194,572.712351,584.4305272,13352470
08-07-2022,578.3449097,583.7411481,571.2352104,583.7411481,8032820
11-07-2022,577.1928711,581.372997,572.4957438,576.0604206,7613370
12-07-2022,578.3793945,586.8480109,569.5612824,576.0406878,9754460
13-07-2022,578.906311,588.7633552,577.6950661,583.9332809,8869340
14-07-2022,574.1747437,583.6378762,570.6149349,583.4458489,6929200
15-07-2022,582.480835,583.7658857,572.4021932,576.552809,5698590
18-07-2022,596.7197876,597.5371209,584.0711054,587.8671766,9664320
19-07-2022,597.3253174,600.4961424,591.0330116,594.7700016,9785600
20-07-2022,598.1575317,605.5626356,594.9719812,605.5035549,8270920
21-07-2022,617.1133423,618.7135101,594.3761619,598.6105002,13254930
22-07-2022,616.2615356,622.8345203,612.2685089,617.5170158,9532950
25-07-2022,613.1843262,623.7208279,609.0484957,614.4644484,7240230
26-07-2022,616.8720703,628.614828,611.7564498,620.3727378,15304060
27-07-2022,629.8605347,633.1150227,610.0332147,618.3048755,14449890
28-07-2022,696.8459473,700.1300055,642.2334915,642.2334915,64857820
29-07-2022,709.8934937,714.905738,701.6120363,706.5356295,26067620
01-08-2022,715.0041504,719.8292956,708.2096281,714.0243602,12270770
02-08-2022,722.9705811,724.3590079,707.2445931,709.1402246,12491240
03-08-2022,718.4852295,726.3679074,710.7699369,721.4048867,12186210
04-08-2022,720.4841919,727.2147659,709.4898292,722.6801555,9494810
05-08-2022,719.3074341,725.5357918,716.4862246,722.7785915,7580780
08-08-2022,723.0001221,728.4948691,715.2996749,718.8446381,9574820
10-08-2022,704.0147705,725.6392142,699.6426172,725.6392142,19065230
11-08-2022,720.7106934,721.3064289,710.705918,713.3302317,10270510
12-08-2022,719.7702026,723.0788426,716.0922932,719.0415205,10369410
16-08-2022,717.4758301,727.116264,716.0972601,722.6850301,8044640
17-08-2022,741.2076416,752.1281384,718.4507465,718.8446581,23444140
18-08-2022,737.381958,747.2832969,733.85172,737.5542718,8353540
19-08-2022,719.0120239,742.3498687,715.9889304,739.5237309,11004270
22-08-2022,699.3668823,716.855496,698.0523213,715.00422,10608620
23-08-2022,709.7557373,713.9210783,694.2267037,697.6732193,10886030
24-08-2022,706.7227173,712.5818052,703.0891031,705.5508997,9530960
25-08-2022,693.9460449,712.8378702,691.7747234,710.2579121,13542960
26-08-2022,695.4182129,703.2368818,691.8338224,701.1197125,7591390
29-08-2022,685.7925415,690.8293679,675.6499513,677.5848898,9967350
30-08-2022,719.460022,722.2910879,689.3030151,689.3030151,17313810
01-09-2022,707.1560059,722.1778936,703.2860688,711.8137058,14625790
02-09-2022,708.0471802,720.1247694,706.3830032,710.6813508,9063700
05-09-2022,708.62323,714.3149326,704.8615975,708.0816467,7070250
06-09-2022,701.055603,714.4133126,699.6425343,711.8284264,7919050
07-09-2022,705.6986694,709.7802875,696.1961101,696.983873,7919940
08-09-2022,714.6743164,716.8209958,706.5356027,710.9668364,7722510
09-09-2022,707.1166382,721.2079596,705.5509091,718.8446108,6496070
12-09-2022,717.5546875,720.8042473,707.8010197,710.656728,8347160
13-09-2022,729.0315552,733.0246425,720.0657104,721.798825,13827000
14-09-2022,736.9092407,744.4472907,716.1021912,716.1021912,14933880
15-09-2022,727.3427124,741.7737324,725.7080459,737.5493112,7174200
16-09-2022,716.2941895,736.5843587,708.441082,727.2147461,11870360
19-09-2022,738.1549683,740.9466674,708.1062628,716.3828523,16481170
20-09-2022,751.8721313,759.7105142,744.939733,745.427164,16134500
21-09-2022,757.3126831,761.6799081,747.012504,752.3250805,12392620
22-09-2022,760.1585083,765.91416,748.3861799,755.2792105,12810390
23-09-2022,739.243103,761.335264,736.0772061,759.6907405,14123310
26-09-2022,714.8565674,734.6001657,702.0060001,732.3353247,18752050
27-09-2022,713.21698,726.7174954,709.9871338,721.3064708,11428290
28-09-2022,709.2435913,718.5984183,705.0683939,706.9295266,8690690
29-09-2022,699.6179199,720.5087514,697.9734567,720.0754728,9696320
30-09-2022,722.3649902,724.9498767,691.9420885,697.2792468,16186650
03-10-2022,706.2205811,728.4949142,703.5421749,722.4881539,8201980
04-10-2022,737.4262085,739.0313046,719.4698794,722.2910885,11914950
06-10-2022,729.1004639,748.2877531,723.4629734,743.4626075,15100600
07-10-2022,723.2906494,729.4549979,716.1120118,727.2590344,9911960
10-10-2022,718.1947632,722.5865701,711.0653493,715.3981356,6531130
11-10-2022,709.2731934,724.014403,706.2993237,719.5339451,7322060
12-10-2022,711.5773926,714.7580146,703.5814819,709.4897938,7407310
13-10-2022,704.2363281,711.5577093,700.5977853,711.016126,6086550
14-10-2022,716.1366577,723.2758681,711.0653325,718.8446341,8390120
17-10-2022,724.2802124,725.9640427,710.6713947,714.4083848,6174010
18-10-2022,727.74646,731.6459675,720.91251,728.6918115,9069750
19-10-2022,726.7617188,732.6306634,723.7681957,730.3658226,6271770
20-10-2022,731.8822632,733.5169298,715.0041715,725.7327002,10260540
21-10-2022,708.2835083,737.5542452,704.3741441,737.5542452,23869600
24-10-2022,709.6375122,719.8293261,708.0127024,719.8293261,2278840
25-10-2022,699.435791,713.1874135,698.1655256,713.1874135,9098990
27-10-2022,686.4572144,709.9821577,682.5084829,707.6188089,16414580
28-10-2022,689.9776001,698.1655383,687.3336329,689.3030702,8396690
31-10-2022,703.4927979,704.0344412,693.8327107,698.5594081,8189860
01-11-2022,709.9329224,712.5423907,705.058553,708.6970956,7627420
02-11-2022,704.6843872,712.9363347,703.0940761,709.686775,5859140
03-11-2022,701.2771606,708.5050215,698.3722889,699.6425542,6323130
04-11-2022,710.1790771,711.4493425,701.2771824,701.2771824,9219250
07-11-2022,708.0176392,713.9850318,700.2334094,713.7339237,7224940
09-11-2022,703.4830322,712.443948,700.5928854,712.443948,6896340
10-11-2022,686.8511353,705.5509333,685.8122643,704.8616183,10081820
11-11-2022,694.3695068,704.8468684,688.8107504,703.9754428,12333420
14-11-2022,691.843689,699.8396001,689.4064741,694.709194,8550600
15-11-2022,691.8387451,695.4477175,687.4320929,692.7643831,7195210
16-11-2022,678.9684448,692.7347925,674.7883189,690.3862288,13362040
17-11-2022,678.9684448,684.3794691,672.7598009,676.5017198,7339440
18-11-2022,668.7716675,682.2130404,664.6850612,680.4307022,13276890
21-11-2022,657.7033691,664.3896469,650.9334288,664.3896469,10717480
22-11-2022,658.2893677,662.4941357,655.852213,657.8167219,9587690
23-11-2022,667.644165,670.1010332,658.7767689,661.583193,8936670
24-11-2022,666.7874756,673.5327743,663.4344797,670.9823867,7546110
25-11-2022,664.4389648,667.442345,657.299754,666.654582,8590580
28-11-2022,667.3881226,672.8385738,662.572834,662.6171896,6040540
29-11-2022,663.1242676,670.4850753,661.8293602,667.1468648,6818600
30-11-2022,661.8244629,665.0986645,657.595113,663.2080215,14828310
01-12-2022,664.463623,666.6545982,660.4508821,665.138153,9816160
02-12-2022,657.3735352,663.8923675,654.5424692,662.7353352,14386020
05-12-2022,655.8668823,659.6630134,653.0653868,657.2553692,10292500
06-12-2022,659.6186523,663.2079708,653.0653814,657.2405786,8409800
07-12-2022,652.395813,662.2183574,650.0127506,662.2183574,9610270
08-12-2022,648.1368408,657.7919991,645.9753764,657.7919991,11377840
09-12-2022,641.7854614,651.6868004,639.0824135,650.1604985,11312920
12-12-2022,640.7072754,643.9076113,629.4322337,640.8648039,11000480
13-12-2022,651.8936157,654.6409592,640.75645,640.75645,9586360
14-12-2022,655.3499756,658.6339738,652.5336346,655.6256656,6782830
15-12-2022,652.4155273,661.140181,650.3082749,653.0654754,8577060
16-12-2022,649.6090088,659.2986662,645.9753948,648.9295506,8802330
19-12-2022,658.4813843,660.2538659,649.6189163,649.9241767,6595590
20-12-2022,654.1337891,659.6482495,648.4372182,655.822608,6077160
21-12-2022,642.6963501,659.1608783,640.5595273,659.1608783,6223900
22-12-2022,639.1464233,647.4525229,630.9092613,646.9601636,8497060
23-12-2022,627.71875,636.7190325,624.3165304,635.1435067,9943030
26-12-2022,633.5384521,637.103129,620.3727682,627.7237196,5305350
27-12-2022,640.5299683,643.0213355,633.1741481,636.7191116,7810350
28-12-2022,637.713562,646.9600836,636.5270194,637.6052574,7559340
29-12-2022,641.1405029,642.0857944,630.4562693,634.1588211,5218800
30-12-2022,647.472229,661.7210791,641.5442035,644.9907188,15202660
02-01-2023,645.3600464,650.8990893,638.565463,646.467855,5793400
03-01-2023,650.5297852,655.8226481,643.0213051,646.4678206,7420810
04-01-2023,647.0585938,653.6562207,644.9907086,649.4219425,6712530
05-01-2023,600.6832886,639.0823865,593.2978989,639.0823865,51023000
06-01-2023,588.901123,604.612326,585.0804099,603.6325358,29319220
09-01-2023,590.1763916,598.5120016,586.3999738,592.8006452,14005480
10-01-2023,581.3926392,592.308267,578.5222059,590.7327412,11203750
11-01-2023,580.5655518,585.809191,577.591682,583.9382014,11088910
12-01-2023,580.8264771,587.37482,576.7497274,581.6290252,14769490
13-01-2023,588.6451416,589.3541102,578.2268015,582.953439,11084900
16-01-2023,591.904541,597.9408109,588.3250792,590.8311713,9083390
17-01-2023,589.3491821,592.7956974,584.9228766,592.7956974,8170050
18-01-2023,590.6982422,595.6563342,589.3541108,591.2201719,7962810
19-01-2023,592.0571899,593.7509374,586.9563543,589.1571862,5481420
20-01-2023,577.0844727,592.7759613,574.7999183,592.0620644,8330900
23-01-2023,577.3405151,584.4305012,575.1741222,579.1129966,8560640
24-01-2023,576.5577393,583.0519304,575.3366977,580.2307209,6081450
25-01-2023,570.7330933,576.5576823,568.8719606,576.065323,8278370
27-01-2023,567.2669067,577.1978164,559.3202196,572.613922,16213520
30-01-2023,592.9779053,597.3500587,568.1876238,568.1876238,24481600
31-01-2023,579.6448364,595.7548201,578.4237948,595.7548201,19967880
01-02-2023,572.8305054,588.901121,562.1660456,585.3167908,26348660
02-02-2023,563.02771,573.0078437,555.8737141,573.0078437,20250440
03-02-2023,592.234375,593.7853188,565.9227227,568.1826351,14868920
06-02-2023,601.0919189,603.0417027,586.4590148,590.8311678,10738200
07-02-2023,606.6408691,608.75311,600.6784046,602.9383172,14721930
08-02-2023,625.4588013,627.9550967,606.86244,607.0790493,19032080
09-02-2023,635.6358643,638.8657702,623.8438829,627.7482586,18381540
10-02-2023,633.7156982,642.784979,632.1893963,635.5325355,12912820
13-02-2023,624.8532104,637.4231585,620.0822774,633.661526,7365570
14-02-2023,636.0001831,637.3443143,621.3574227,625.6704948,10340900
15-02-2023,639.0775146,639.6732502,629.9540814,635.1435682,6189790
16-02-2023,633.8929443,642.5043045,632.1894002,640.5595091,5290480
17-02-2023,631.8644409,637.6841622,627.0196417,631.2046962,6160440
20-02-2023,627.0097046,634.508327,624.6069888,632.6816933,4657320
21-02-2023,628.1766357,631.0323439,625.4933014,629.7275796,4485090
22-02-2023,610.3926392,626.2810848,609.0485078,623.4253766,9347000
23-02-2023,610.757019,616.6751883,602.9088395,611.9042549,8097680
24-02-2023,614.0950928,618.9940434,610.5254881,615.8183502,6077610
27-02-2023,609.9840088,614.5629147,604.1249205,612.0026701,5950040
28-02-2023,601.8699341,615.1143524,599.6936841,612.4950271,9778520
01-03-2023,606.0794678,610.9144694,600.6881579,600.6881579,5448040
02-03-2023,599.0043335,611.4709051,597.7291397,607.0987519,5822980
03-03-2023,600.6832886,604.7156825,598.0196079,602.8250396,7120370
06-03-2023,604.1101685,608.8515916,602.6528039,604.617313,6084770
08-03-2023,590.5209961,603.5340794,589.3541069,603.5340794,13427950
09-03-2023,581.1120605,594.7701043,580.0091804,590.8312295,9408580
10-03-2023,578.4384766,579.7432408,569.2658201,577.5374806,7708610
13-03-2023,574.4405518,585.6614405,572.2200063,577.9314228,7933560
14-03-2023,564.3964233,576.0603864,562.8799182,575.0756678,13725650
15-03-2023,563.1359253,573.1062007,561.3880258,571.1367636,6794730
16-03-2023,562.7765503,566.705568,557.8431004,564.214201,8849630
17-03-2023,564.4752197,572.7862481,560.1178514,565.2334724,10471510
20-03-2023,546.5976563,565.2728122,540.1871281,565.1300688,17127560
21-03-2023,562.2841797,562.7666822,550.0785734,551.6196604,11301140
22-03-2023,574.5045166,576.7497039,564.7361248,566.1934891,12425340
23-03-2023,574.3913574,580.9840566,568.4288927,572.072364,10544190
24-03-2023,556.2922363,574.066398,554.1209146,571.5209385,12780420
27-03-2023,550.7580566,563.7514264,549.9210698,561.0926741,11187430
28-03-2023,544.9876099,553.8451491,543.8305775,553.5152468,9481360
29-03-2023,553.9238892,555.9720604,547.0111458,547.715246,11096120
31-03-2023,553.0917969,560.698784,550.0834888,560.698784,12678280
03-04-2023,562.7716675,564.6377287,554.6132394,556.8584269,7453860
05-04-2023,567.3258667,585.6170246,565.5386002,574.2878336,24333290
06-04-2023,584.1547852,586.7938841,561.836158,567.2964062,17405020
10-04-2023,573.9727783,587.8671432,572.2199504,585.4102752,9282570
11-04-2023,574.854126,579.014538,572.2347408,576.8481451,8116200
12-04-2023,576.744812,578.6945358,569.7582018,574.7803031,10230690
13-04-2023,581.4222412,584.6275054,576.0998078,576.7448274,8330060
17-04-2023,587.0350952,590.6342105,580.9839801,590.6342105,6728570
18-04-2023,582.5250854,590.2403776,578.0544845,588.3693882,6408890
19-04-2023,585.6860352,586.8922914,579.0145425,582.5250668,5549280
20-04-2023,582.2346191,587.4781979,579.6201623,586.8923192,4367310
21-04-2023,584.7160645,585.4152363,573.8940161,582.2641246,6431010
24-04-2023,584.3074951,587.3551708,578.7192282,584.9229443,5448920
25-04-2023,598.241272,599.9596014,583.8101901,586.8825077,14944750
26-04-2023,596.3406982,602.6281368,592.1409186,600.678413,9740070
27-04-2023,610.5305786,615.8874512,597.3303944,598.2166653,28271360
28-04-2023,618.413208,619.9788771,601.7615809,614.8485311,14896680
02-05-2023,615.3654785,623.7848717,612.9676908,623.326951,9912540
03-05-2023,608.5807495,615.9414972,606.1878304,614.2723919,6682510
04-05-2023,629.2598877,630.1215166,608.7678941,610.2301869,12451410
05-05-2023,629.2203979,634.946539,623.4893285,628.2455362,11600400
08-05-2023,655.6207275,659.2789837,629.0382528,629.6734155,22247350
09-05-2023,645.2122803,663.6856125,644.2029797,654.8379295,21307700
10-05-2023,653.0161743,656.3149576,642.528897,649.0230874,8353210
11-05-2023,656.1623535,657.7920918,652.376139,655.7242066,5674940
12-05-2023,661.1794434,663.0750146,650.3770493,654.8378533,9120780
15-05-2023,660.9727173,664.685126,658.3632488,661.1795299,7390760
16-05-2023,668.0922241,674.4338145,659.7614829,661.7309201,12651330
17-05-2023,660.2588501,670.6377641,656.0196431,668.1316717,7407850
18-05-2023,668.5648804,672.6268448,664.2075124,665.6500915,11067180
19-05-2023,668.0527954,671.5781049,660.9431558,669.6086677,5928340
22-05-2023,668.9242554,671.3811234,665.8568666,668.0527698,4197920
23-05-2023,667.6934204,676.8907194,665.3842839,670.5983525,7901960
24-05-2023,668.2251587,674.3895074,662.6910444,666.5561134,5539360
25-05-2023,673.6608276,674.3353575,664.3010715,667.4423266,5302600
26-05-2023,679.8990479,681.4253498,673.6657616,674.197488,6940730
29-05-2023,682.6118774,686.5359667,679.6330796,683.4144255,6407280
30-05-2023,689.8742065,691.1494004,682.4149508,684.1825039,8819230
31-05-2023,688.3035889,691.8633374,682.1441686,689.7855953,21476270
01-06-2023,693.2911987,694.945519,684.487811,691.6664489,5900260
02-06-2023,691.6566162,699.1503115,689.7954834,696.7623805,6642090
05-06-2023,693.5570679,698.3230726,690.5881266,696.1961067,5771620
06-06-2023,700.5239258,702.3013357,691.7648344,691.7648344,6905860
07-06-2023,697.1758423,703.1875301,695.4082892,701.1196451,5344830
08-06-2023,690.2976685,700.2334465,688.8255188,697.1808426,4553600
09-06-2023,692.9613037,697.4269763,690.4896503,690.5585878,4473610
12-06-2023,698.9237671,700.1349518,693.3994499,694.2414252,5132550
13-06-2023,705.7232056,708.997407,699.1502208,699.1502208,8001340
14-06-2023,698.8400879,707.224982,697.3827234,707.224982,4015200
15-06-2023,701.7695313,703.256466,694.8174203,698.6578469,4370180
16-06-2023,709.312561,710.8290062,702.202861,706.0432878,14148580
19-06-2023,727.3328857,728.5785693,709.2189669,710.1741753,11845900
20-06-2023,713.8027954,726.3431719,709.0958118,726.3431719,8638260
21-06-2023,709.6029663,717.456133,706.7325333,716.3827633,5468040
22-06-2023,692.2572021,709.4060556,691.2724835,709.0072758,8271940
23-06-2023,688.2838745,694.7189842,684.9801027,691.3659885,8152260
26-06-2023,689.1750488,692.7495824,683.8871144,688.3183484,5635390
27-06-2023,691.1986694,692.2572541,684.7734159,692.2572541,7097890
28-06-2023,698.1851807,701.6119821,693.2418742,694.6549429,7097820
30-06-2023,708.1138306,711.5156591,701.2508418,702.1210812,8879080
03-07-2023,725.1625366,727.3381352,708.0545273,708.1138591,12092270
04-07-2023,777.3221436,783.2110771,752.8171617,756.5106994,41622080
05-07-2023,775.1762695,791.1124303,769.3664649,779.2505447,19786660
06-07-2023,768.0067749,773.7177137,764.9164531,768.9709312,10459840
07-07-2023,753.7764282,766.2910241,752.1200278,763.43308,10949150
10-07-2023,744.965332,754.5280067,734.9823253,753.7764308,14515180
11-07-2023,736.1394043,759.4774905,729.9092672,748.3028989,16750430
12-07-2023,734.9477539,742.4683417,731.605257,738.7006238,11317550
13-07-2023,739.1654053,743.941763,733.3703882,738.7055389,7470520
14-07-2023,739.9317627,743.5462318,731.7782629,739.1060674,7266000
17-07-2023,742.7600098,745.8305944,735.9415652,743.6549959,5067440
18-07-2023,733.7659302,747.1161189,729.1279733,743.6549589,13097090
19-07-2023,750.0531616,751.4673459,734.7548626,735.9366088,9759430
20-07-2023,751.2299805,755.240035,741.8749973,746.7205855,6494360
21-07-2023,749.7614136,757.2721622,744.9504108,751.2299198,6733940
24-07-2023,749.7466431,755.996517,747.6452243,749.7515924,5843420
25-07-2023,752.2040405,756.4513614,745.7365771,756.4513614,8508690
26-07-2023,735.0664063,764.8175735,724.964736,755.0274101,22288660
27-07-2023,720.3267212,749.3806927,718.7049663,749.3806927,21471720
28-07-2023,729.9685669,731.254189,712.999019,723.7780852,10070500
31-07-2023,721.928894,728.8116204,720.0252075,726.3492615,7493150
01-08-2023,718.90271,724.8658234,716.3612826,721.9288108,7527650
02-08-2023,712.3511963,720.9101794,706.5710881,720.9101794,8985360
03-08-2023,702.9468384,714.4131389,694.0170159,709.5378547,10818980
04-08-2023,706.9370117,712.5045399,699.2829129,705.9778049,7313490
07-08-2023,704.3115234,710.3042727,699.312566,708.2522871,7184090
08-08-2023,709.3994141,712.5045838,700.6525963,705.5822631,8073620
09-08-2023,704.6279297,713.3946049,701.1321844,712.0101167,5115720
10-08-2023,706.4573975,709.4389541,701.3299384,702.125998,6161300
11-08-2023,698.2247925,707.9556238,695.3025675,706.4574214,6303960
14-08-2023,694.0169678,698.0566577,686.3529706,696.1876168,6937850
16-08-2023,690.4025879,691.6387165,684.3208109,691.6387165,5987950
17-08-2023,684.6422119,694.2098354,682.6396594,694.2098354,7101180
18-08-2023,678.5950928,683.9054966,676.9040471,681.7002021,7455330
21-08-2023,696.9985962,698.4621533,672.5528835,672.5528835,12308310
22-08-2023,699.149353,707.4116169,697.1764967,697.2803122,12487800
23-08-2023,703.7478638,706.9667477,692.5287283,702.1210991,8032480
24-08-2023,705.8244629,710.6206176,704.1976984,707.0655408,9103600
25-08-2023,713.1473389,719.7334055,702.2199137,703.6044019,13032760
28-08-2023,715.5306396,718.0424315,705.8888356,714.4774556,7036260
29-08-2023,721.2415161,722.9819345,715.5701121,716.9546003,14183050
30-08-2023,718.7445068,724.954846,717.7457053,724.4702328,4602680
31-08-2023,708.3511353,720.4157627,705.5822192,719.9213113,14129800
01-09-2023,723.9362793,724.8065187,707.5600491,708.8999933,6760760
04-09-2023,718.9572144,728.8214975,717.7853667,728.8214975,5813630
05-09-2023,726.3590698,727.6792166,719.9213024,720.2179612,12213530
06-09-2023,730.5817261,731.4914999,720.979457,723.4121799,6051570
07-09-2023,728.1490479,730.5817709,722.2650631,729.8103976,5496220
08-09-2023,732.8413696,736.727751,728.8214767,730.7992826,6246420
11-09-2023,730.9624023,736.139355,728.030339,734.2604153,4068490
12-09-2023,734.8834229,737.6227032,722.4430074,733.8648239,9635170
13-09-2023,739.2939453,742.4930317,729.8746211,734.685624,5798460
14-09-2023,741.1135254,742.8342069,734.4631772,739.2939778,6503720
15-09-2023,740.9058838,748.1199747,737.281576,741.578391,7874940
18-09-2023,746.4882202,747.6106347,738.2160566,740.5795492,7066180
20-09-2023,745.5339355,756.214075,739.996043,740.5547755,8441900
21-09-2023,740.1146851,749.9493316,734.2603968,744.6438772,6757250
22-09-2023,738.8439941,749.2917559,737.0886673,741.0789244,5263040
25-09-2023,773.307251,776.2789091,742.6661079,749.093977,23475330
26-09-2023,778.3309326,781.2284111,768.8720731,773.3122379,12468200
27-09-2023,775.0576172,776.783248,765.6828368,776.783248,7441100
28-09-2023,765.3119507,774.2120765,763.2401678,771.8139387,7775050
29-09-2023,772.4073486,776.0909878,763.9274942,765.3119824,5730050
03-10-2023,787.9182739,788.6994855,766.8941889,769.4455752,9445550
04-10-2023,776.6893311,795.3746108,773.3220876,793.5945976,11763840
05-10-2023,776.3778076,782.7018006,774.0044165,782.7018006,7950610
06-10-2023,807.7902222,810.1092307,775.7942896,776.288741,21450340
09-10-2023,793.8616333,804.4725425,792.9023661,801.2141243,7478000
10-10-2023,799.3895264,804.4725017,793.1989846,796.5612786,9650240
11-10-2023,801.2041626,808.2302981,800.5613516,804.9471334,7123720
12-10-2023,792.536438,803.6813929,791.4189729,803.4836003,7640920
13-10-2023,796.2299805,799.320302,786.7760712,791.077835,6622820
16-10-2023,794.682373,797.945801,789.4066145,795.5031794,4382460
17-10-2023,800.3190918,806.845887,796.813448,799.0335301,8382830
18-10-2023,777.9254761,799.4884976,776.2888127,796.0668716,15446420
19-10-2023,775.453186,783.5077591,764.5208113,775.626232,10614530
20-10-2023,768.2984619,774.5433864,763.680302,772.3332028,7711530
23-10-2023,771.2355347,779.7400759,767.5221993,771.3442995,8822300
25-10-2023,760.9064331,776.9761059,759.0818758,771.2355316,7087740
26-10-2023,733.9439087,757.1039965,731.9067712,754.0483205,13246300
27-10-2023,742.3891602,746.5228274,733.4297022,742.6611326,9119440
30-10-2023,741.9787598,744.3323534,727.0908343,742.2507322,7992760
31-10-2023,740.9503784,749.5587351,737.7710289,748.5797308,7494100
01-11-2023,738.8983765,746.5228397,737.4892019,743.6549971,4627780
02-11-2023,736.6436157,753.049541,732.8956955,744.6438666,8550300
03-11-2023,732.925415,745.4300513,729.0637202,744.4460977,11387550
06-11-2023,747.8133545,748.7923587,736.0009018,737.3259979,6340430
07-11-2023,741.2420654,755.5218259,736.3370852,755.5218259,15630070
08-11-2023,737.7166138,745.237201,732.4457444,744.3472246,9167170
09-11-2023,730.4729004,740.193833,728.4950946,740.193833,7717910
10-11-2023,736.2183838,737.1282179,726.4925628,728.8214097,4962610
13-11-2023,727.916626,736.7326738,723.7780697,736.5151441,7322400
15-11-2023,714.413147,739.3236146,704.014818,735.684459,19234400
16-11-2023,728.0748291,729.879589,685.4333398,686.7485976,45570430
17-11-2023,714.086792,717.9435376,702.9171501,706.1261354,20800340
20-11-2023,699.0158691,715.8668127,697.186423,707.1644191,19029400
21-11-2023,702.4326172,704.9741051,695.1987895,700.6377559,16662250
22-11-2023,704.9246216,709.8196427,698.709333,700.781116,10414040
23-11-2023,699.5152588,708.0544446,697.7698308,705.5821875,6061580
24-11-2023,694.2890015,703.7824457,693.3198355,702.9122062,7264990
28-11-2023,704.84552,705.5822479,695.1888683,695.6932185,7281580
29-11-2023,705.0977173,708.9049696,703.5105473,705.4834039,6824300
30-11-2023,704.2868042,708.4105127,700.702031,705.2856058,12719340
01-12-2023,717.8792725,719.9065115,706.2745106,708.0545239,9004770
04-12-2023,732.5446777,733.7659583,723.3874271,725.8547351,11014260
05-12-2023,726.8238525,735.7437762,723.8818905,734.7548733,15222420
06-12-2023,734.4680786,737.6226812,728.3319194,730.7992272,7018000
07-12-2023,730.9179077,735.7437587,724.4702415,730.7992442,6688620
08-12-2023,722.6506958,731.600255,719.3279965,730.8536285,11443880
11-12-2023,721.182251,727.1107196,718.9374219,724.371439,5900550
12-12-2023,723.3380127,727.239242,719.9213362,719.9213362,6333120
13-12-2023,717.7457886,722.3442117,712.7024074,721.8843452,6829550
14-12-2023,739.1257935,742.7896956,721.9090204,728.6730825,17295670
15-12-2023,743.1655273,744.5351676,736.2382572,744.5302183,11739380
18-12-2023,750.3399658,752.5550986,744.2482902,746.4238887,10827980
19-12-2023,754.7949829,755.68001,745.1383317,755.6206782,7914080
20-12-2023,741.0789185,760.9607922,737.7364218,756.5107291,8745460
21-12-2023,728.5396729,739.4027574,722.4430475,734.4186479,9130820
22-12-2023,721.4343872,735.7437837,716.2623838,733.6621623,11294850
26-12-2023,708.2819214,726.250331,706.5958854,724.3713913,12258440
27-12-2023,715.2537842,724.2132429,711.1102782,713.9780607,16052790
28-12-2023,717.8099365,720.9101565,712.0100311,719.4268023,18560640
29-12-2023,724.6433716,726.1514123,712.519412,715.1399685,9128020
01-01-2024,721.8051758,725.5530959,719.2290428,725.5530959,3314890
02-01-2024,734.7598267,736.2481304,719.9262827,724.2725304,11129900
03-01-2024,730.2850342,740.2779396,728.6434818,736.2332999,5534050
04-01-2024,762.0040894,764.8126002,747.6106145,747.6106145,29118790
05-01-2024,762.5578613,770.2565043,758.795093,764.9114551,10526010
08-01-2024,765.0153198,774.311032,754.6615346,759.1808285,11212090
09-01-2024,763.9719849,772.3331759,761.2574512,768.7731496,12470830
10-01-2024,759.5317993,764.9411295,757.4996111,763.0374431,5590720
11-01-2024,758.4638062,770.681743,756.6145625,759.4774558,6517410
12-01-2024,757.6034546,763.3292411,753.2473686,759.8730303,8086380
15-01-2024,739.5015869,761.2525017,737.1282561,761.2525017,9972200
16-01-2024,737.3903198,753.0001872,734.5472238,739.2049785,11947230
17-01-2024,727.718811,739.5213646,722.1166375,722.2254627,13802710
18-01-2024,718.4923096,727.0166474,715.3723524,721.5035019,16869960
19-01-2024,723.7879639,730.6806491,718.0671866,727.8326037,8308100
23-01-2024,699.2236328,727.3381371,696.4448179,727.1304458,25332970
24-01-2024,697.7006836,702.5166358,691.9155655,702.5166358,20636750
25-01-2024,700.6871948,704.6725028,695.792113,697.7007489,11683490
29-01-2024,711.1843262,714.4773897,700.6475972,700.6871316,18603610
30-01-2024,674.1548462,691.0947575,672.9484136,691.0947575,41531470
31-01-2024,678.6741333,684.4196566,673.6406515,674.4317617,18105120
01-02-2024,666.8469238,680.3602605,665.8283248,678.9708833,19111370
02-02-2024,677.2304077,683.3319219,667.8061339,668.0039265,13675080
05-02-2024,653.4868164,681.8485441,652.6759088,681.749678,17712220
06-02-2024,652.493042,662.4661506,646.2481171,657.422709,24395330
07-02-2024,663.4746704,666.283181,655.1728722,656.7303459,15382370
08-02-2024,650.2680054,666.2733981,646.4162089,665.7146654,21932090
09-02-2024,658.0654297,660.3596916,649.906981,650.6980912,12098740
12-02-2024,649.6251831,659.7812361,647.8798152,659.543909,5447840
13-02-2024,653.0368652,656.5326708,648.0379682,652.6759253,9480140
14-02-2024,657.274353,658.2137625,647.7314157,649.1010559,6361260
15-02-2024,654.5944214,660.3300464,651.2568739,657.2248767,8808590
16-02-2024,654.574585,658.6093257,652.873701,657.6253721,10294310
19-02-2024,663.8307495,673.136299,655.1778494,657.5116457,13158810
20-02-2024,668.8543701,671.662881,660.710769,663.7417589,11067090
21-02-2024,661.4573975,671.4650903,659.108753,671.4650903,8549440
22-02-2024,660.0877686,663.2423714,648.8192001,661.6798878,10223740
23-02-2024,662.352356,664.4439365,655.8998002,659.9938731,12803110
26-02-2024,656.9529419,663.3560641,655.0690529,661.576051,8920560
27-02-2024,648.3494263,656.8292802,641.9067098,655.7414509,11503060
28-02-2024,642.6583862,652.3545729,640.314691,649.9070621,5353210
29-02-2024,642.3270874,646.6436997,629.5554268,642.6880877,16990980
01-03-2024,649.8526611,653.5363006,642.9946215,643.948879,9190800
04-03-2024,652.9182129,656.6265989,648.4681497,651.4892409,3971180
05-03-2024,625.4068604,656.2606407,620.2398672,652.9181443,17175580
06-03-2024,624.1213379,627.547913,611.9133607,626.2227565,21047920
07-03-2024,634.9794922,639.6817304,625.5206333,627.9533562,14694210
11-03-2024,636.2354736,647.9292638,633.2935113,647.7314711,12039710
12-03-2024,636.4628906,641.3035901,627.0980083,633.3923662,10946770
13-03-2024,638.4505615,644.2653156,632.0622872,636.7793131,11321830
14-03-2024,632.6456909,639.8201864,622.7913072,638.4505462,12198650
15-03-2024,644.2059326,650.5002897,628.9422194,630.430523,19705000
18-03-2024,643.2467651,648.2258648,638.4456004,644.205972,6764250
19-03-2024,652.3051147,659.3213523,643.2813752,643.7461307,14080870
20-03-2024,657.5709839,665.6305062,653.2692201,653.6648054,14908310
21-03-2024,664.1224976,669.6504311,658.3275409,663.3066406,18060920
22-03-2024,668.5874023,672.750645,661.2101648,663.0594085,11252380
26-03-2024,683.3417969,686.7930583,667.0150005,667.9544703,18503210
27-03-2024,694.4818726,697.0777429,682.8375157,686.8673075,15512750
28-03-2024,716.4848633,726.7743661,695.4063966,695.4063966,35745180
01-04-2024,717.048584,726.1959366,713.9929075,718.067183,11252380
02-04-2024,712.7418213,717.4490085,705.5821744,717.0484738,9676150
03-04-2024,722.8139038,724.2082908,710.6405105,711.7134919,9589430
04-04-2024,720.2575684,726.8436351,717.4490576,726.3491837,10405890
05-04-2024,709.6021118,717.8446392,707.6588911,715.4465014,12004940
08-04-2024,709.888916,714.6752329,706.3536362,713.4934866,5182100
09-04-2024,711.3771362,715.5057935,704.5438441,713.9878542,7102810
10-04-2024,715.0015869,717.3502314,708.0545195,715.5603195,5679860
12-04-2024,714.932312,718.3390897,707.6885862,714.3834781,10925880
15-04-2024,699.7723999,711.8914095,698.5065752,706.5760565,7584480
16-04-2024,687.7077637,695.6239359,685.4085524,693.2159599,9632930
18-04-2024,681.6705933,691.7376181,678.9807458,685.1218549,13851330
19-04-2024,704.0494385,707.0655803,673.4478307,676.4145394,12183750
22-04-2024,721.1277466,722.4924374,708.776359,708.776359,11652720
23-04-2024,717.9336548,725.8448785,715.6492913,722.7892021,10815670
24-04-2024,724.7817383,733.7115603,716.9545937,720.2179611,8869290
25-04-2024,721.3947754,728.3121464,704.6032233,724.8658343,11733540
26-04-2024,665.6503296,692.2320449,661.724414,692.2320449,58147230
29-04-2024,675.0844727,676.3700948,663.8554988,671.460165,16810300
30-04-2024,684.671875,689.7597999,674.6246477,675.415758,17986750
02-05-2024,680.6322021,689.2603556,678.8818247,686.0859556,11395720
03-05-2024,685.4580688,731.7881455,683.0302953,724.7669591,68186010
06-05-2024,678.3725586,694.2049041,676.9040522,693.0182085,12299880
07-05-2024,679.628479,686.6051818,671.2672879,681.3491604,12981260
08-05-2024,672.3995972,680.3207191,670.9706252,679.5246595,7259250
09-05-2024,653.1852417,675.687733,651.1925878,672.4441024,13811150
10-05-2024,660.9974976,662.3671377,652.7945651,656.5227482,8249080
13-05-2024,664.4191284,666.9457681,654.6537124,660.982715,5122560
14-05-2024,660.1619263,666.7035094,658.3720144,663.553856,7558400
15-05-2024,660.5871582,665.7245162,657.1309473,661.7738538,5950590
16-05-2024,667.2276611,668.7060662,654.9553421,662.5995423,10598510
17-05-2024,665.2745361,670.4761751,662.6687673,667.2128076,4801580
21-05-2024,666.8024292,670.9706819,663.0594579,663.0594579,7616240
22-05-2024,666.9705811,670.2240502,665.2597378,670.2240502,4160460
23-05-2024,675.0893555,677.7445573,665.5365803,668.4538558,7093170
24-05-2024,676.1030273,683.3319051,671.7617291,674.431779,7420430
27-05-2024,681.8980103,688.2319626,673.4429022,678.2885507,6554710
28-05-2024,679.6779785,686.7931429,678.0809098,683.7226184,7528670
29-05-2024,673.1164551,683.1340453,671.0051379,680.1673369,7213310
30-05-2024,654.3027344,672.3502138,652.0876013,670.4663247,11555750
31-05-2024,662.3375244,669.6801165,656.8688623,659.0988432,28417330
03-06-2024,683.8807373,691.1145644,675.7123897,687.1738009,11482120
04-06-2024,643.7313232,683.9202924,630.4948479,683.9202924,32993870
05-06-2024,676.0783081,678.5852109,646.302455,653.071527,12185170
06-06-2024,684.8944092,693.5126644,674.6592276,677.3985081,14657160
07-06-2024,711.1596069,721.8002112,686.397441,691.7375406,29840520
10-06-2024,701.0184326,716.954593,699.6735392,716.954593,8723180
11-06-2024,705.8887939,708.9445305,697.2754277,700.4399292,12052130
12-06-2024,713.7653809,719.6246182,703.6043799,706.8677472,12685080
13-06-2024,721.3997803,724.3714386,715.1895009,717.1721959,13454950
14-06-2024,726.0080566,728.8214565,716.6579626,721.5085,11874880
18-06-2024,725.3306274,734.7005192,721.8991631,728.3270324,9469040
19-06-2024,715.3674316,726.739815,709.8245899,725.3305801,5204000
20-06-2024,712.7122803,718.428108,703.2088769,713.9879434,9001580
21-06-2024,709.0497437,722.0445703,703.1610922,719.4903242,14998180
24-06-2024,703.8419189,706.3365356,697.7495075,703.2604847,6356540
25-06-2024,703.1064453,709.6212381,695.5083105,705.7451314,15608110
26-06-2024,711.4301147,713.5221861,699.185662,702.6641977,9125520
27-06-2024,712.2798462,719.4605739,703.9611816,710.6151306,11376060
28-06-2024,707.1912842,718.1685322,706.1726065,712.1059656,8295840
01-07-2024,723.2124023,725.9207272,703.161141,703.161141,7727450
02-07-2024,712.1655884,723.1328879,707.8323413,723.0384997,12810270
03-07-2024,721.4284058,723.9975746,712.6028592,714.5856196,8363930
04-07-2024,706.3464966,728.007818,705.6458031,725.6274864,18979770
05-07-2024,709.4224854,710.6051899,703.3599189,709.0249748,9310790
08-07-2024,705.4718628,710.3815696,700.3782929,710.1132061,6777050
09-07-2024,702.4703979,709.8597992,699.8813929,706.6247562,9735030
10-07-2024,701.168457,708.5628327,697.7942579,702.4654467,8097140
11-07-2024,690.7676392,704.4432027,688.7500594,704.4432027,9718010
12-07-2024,696.1345215,700.179569,687.2642673,695.4040435,10688330
15-07-2024,702.0430298,704.1549978,695.2350629,697.6998344,5333730
16-07-2024,701.5808716,704.6519484,696.2239727,703.658081,5582000
18-07-2024,706.6396484,707.4247818,692.8397913,700.388245,8646050
19-07-2024,688.9786377,706.6396798,686.7623329,706.6396798,9385980
22-07-2024,684.203125,691.5925264,680.7395118,688.9488659,5751930
23-07-2024,668.5845337,690.2259591,657.9401924,689.1476518,19322120
24-07-2024,656.6630859,661.3888693,650.0935767,658.9340461,31006260
25-07-2024,660.6981812,662.5119405,651.1272339,651.976971,9509650
26-07-2024,674.8110352,676.6646487,662.6212987,663.4114062,11101840
29-07-2024,677.0671997,681.2961104,672.4258559,678.2002231,7485650
30-07-2024,678.175293,685.6690914,674.1401941,677.0671406,11794130
31-07-2024,676.5205688,681.2960944,675.1341044,678.5083036,8896590
01-08-2024,673.012146,680.2028222,670.8604451,678.960488,8395230
02-08-2024,668.3757935,670.8604618,663.2176195,668.3757935,6222180
05-08-2024,655.6244507,660.9217806,649.2537877,660.9217806,9440410
06-08-2024,649.8252563,665.5929516,647.156725,658.5364572,8918280
07-08-2024,659.6447144,661.8510708,654.0740464,655.9524704,4642840
08-08-2024,654.1832886,663.7095282,653.1049814,658.4420438,6903890
09-08-2024,657.7612915,665.8911191,655.0579408,665.8911191,6994900
12-08-2024,656.7624512,660.4248499,652.3795229,657.8507068,6748870
13-08-2024,642.5402222,660.4198863,641.2630686,660.4198863,10723270
14-08-2024,641.8892212,645.0149535,639.1511117,644.2745272,7742760
16-08-2024,655.0480347,655.9524272,638.5597492,646.5106878,7534190
19-08-2024,657.5773926,661.5180424,655.3163202,659.7290934,5287300
20-08-2024,668.0974731,673.235811,657.5774262,660.6583907,9571590
21-08-2024,669.4044189,670.5920977,665.3941909,668.0726707,6331110
22-08-2024,670.2243652,672.3512559,668.2664757,670.8604549,7282600
23-08-2024,669.4541626,672.053116,666.3830858,671.3573967,6180450
26-08-2024,673.6781006,677.7181738,671.4617351,673.4444957,8983430
27-08-2024,682.1507568,683.1198139,668.872704,673.6780744,20359020
28-08-2024,685.7684937,687.4580803,680.9979424,683.3831877,8489860
29-08-2024,702.0231323,711.4102165,683.9347956,684.6801961,26391590
30-08-2024,715.5994263,717.0802789,702.7685646,702.7685646,20443670
02-09-2024,739.4423218,740.431215,718.4667697,722.939173,22963780
03-09-2024,730.8701782,741.4250446,716.190738,741.4250446,18986560
04-09-2024,725.4734497,733.1759213,720.0817317,721.0457539,8867460
05-09-2024,720.046936,728.1717894,714.8887621,727.5108894,6734470
06-09-2024,727.2276611,734.9648916,721.1054044,721.1054044,18428270
09-09-2024,730.2390747,733.270358,721.8260214,727.9084848,8789380
10-09-2024,719.7438354,732.475274,714.8887837,732.475274,13089320
11-09-2024,730.0502319,738.6422347,716.2106411,720.5538366,11048900
12-09-2024,738.2744751,739.4372829,725.1851989,737.4495482,14467640
13-09-2024,755.1900635,761.3023718,730.6912703,738.2744828,22084380
16-09-2024,730.0701294,763.2901338,727.7096944,763.2901338,26795550
17-09-2024,732.03302,740.9281454,724.1466846,729.2502034,15677860
18-09-2024,758.4300537,762.5446789,733.3249562,734.1945901,29749930
19-09-2024,754.3800659,770.048399,751.3637052,762.7931796,17206440
20-09-2024,753.5949707,760.8054834,744.1333338,758.8177487,16450040
23-09-2024,754.8521729,758.912082,748.5510274,757.8983786,5734970
24-09-2024,750.7872925,755.6820773,743.8004362,755.0410741,10695400
25-09-2024,757.7145386,759.3146504,745.2066962,749.8729107,12720380
26-09-2024,772.0759277,773.1691575,754.1018151,759.3146445,16681650
27-09-2024,770.8434448,776.2103524,766.371042,773.2287506,11781310
30-09-2024,765.5759888,777.6018198,762.9074574,769.8496061,9619520
01-10-2024,765.5759888,776.6725563,760.4078665,761.3123198,7882880
03-10-2024,738.8260498,765.2778182,733.5734272,756.3330125,10406620
04-10-2024,716.7125244,738.4434238,711.1120723,737.4495565,17681110
07-10-2024,722.4818726,727.9084097,714.6204092,716.7124804,9362270
08-10-2024,714.2874756,725.0659375,711.6139701,722.0296801,9038050
09-10-2024,725.5678101,738.1253327,716.1906748,717.1745937,10543750
10-10-2024,727.4810791,732.2814755,722.8397354,727.5109242,5594270
11-10-2024,725.7219238,728.5047402,718.17347,728.0078065,3615870
14-10-2024,716.4590454,726.899626,715.5844374,724.7976064,4451810
15-10-2024,697.3867798,721.1650439,693.6200444,720.0469431,14855670
16-10-2024,691.3688965,701.6057177,687.7561791,696.7009849,11256980
17-10-2024,685.718811,695.5879068,682.8862526,693.8138196,6897550
18-10-2024,685.7237549,689.6097495,677.8871012,685.0727427,7449290
21-10-2024,673.9315186,690.8123404,667.6055021,686.6679307,22099660
22-10-2024,663.6946411,679.1095331,660.2906576,675.829783,17006190
23-10-2024,695.2897339,705.5315296,656.0518099,656.5239333,26373910
24-10-2024,699.7720947,707.9167843,694.7729128,696.9494847,8951250
25-10-2024,686.7772217,701.6653343,685.1025577,699.7720487,10223240
28-10-2024,686.8964844,700.1795111,683.283767,687.7561699,7149810
29-10-2024,697.9433594,701.670362,676.0484321,686.6728767,14097500
30-10-2024,691.2347412,697.739586,688.9488584,695.6077818,5660440
31-10-2024,684.7497559,692.8050922,683.7558885,690.6384686,7301530
01-11-2024,688.1139526,690.1961362,685.9672259,688.7500423,450110
04-11-2024,680.1729736,693.2224564,671.1486414,693.2224564,7162390
05-11-2024,688.78479,697.1929291,667.0837366,680.3021594,12234300
06-11-2024,696.3233032,698.1023039,685.0031401,689.2469729,6962620
07-11-2024,686.2157593,699.5783138,682.7869046,696.3233738,4590470
08-11-2024,685.3659058,690.8918663,679.9046097,686.2157036,4248400
11-11-2024,673.7228394,686.1859147,671.0742046,681.7930378,7623160
12-11-2024,659.7490234,679.4921884,657.4432439,677.7181619,10572330
13-11-2024,652.5732422,666.1146841,648.6574026,659.4309508,8673470
14-11-2024,650.8986206,659.873272,648.9953864,653.199426,5277030
18-11-2024,652.7670898,661.6175077,651.4800486,659.2322018,5965350
19-11-2024,655.4853516,660.4049463,652.0763332,655.3909026,8040460
21-11-2024,642.5998535,657.3438977,641.1438111,657.3438977,11010800
22-11-2024,664.2960205,668.1174115,641.6457436,643.0322081,9698550
25-11-2024,664.4400024,682.0910949,662.6411051,674.8259275,11327510
26-11-2024,657.7364502,669.8467219,656.792264,668.0776695,6632780
27-11-2024,666.4078979,669.2006625,657.169858,660.9217312,6420100
28-11-2024,646.947998,668.5000085,645.5168267,667.2825453,15768820
29-11-2024,653.557251,656.8469494,647.0423972,647.9021434,7096430
02-12-2024,660.9863892,662.4125864,645.1192703,655.455515,9202490
03-12-2024,663.4511719,668.1173864,659.0135881,665.5084846,13136660
04-12-2024,669.8665771,672.2916158,662.5964352,666.0650225,11304410
05-12-2024,680.8388672,684.7646553,664.4450301,671.8543282,13482430
06-12-2024,680.8289185,689.246945,673.7078207,683.3781297,8332070
09-12-2024,682.6228638,688.2531001,678.6026269,680.8090438,8409100
10-12-2024,689.366272,691.6173961,680.2078182,684.2577792,12045630
11-12-2024,707.1465454,712.1059336,685.0826788,691.7217052,19931040
12-12-2024,708.210022,710.4561719,703.1611588,707.817425,9667960
13-12-2024,713.875061,717.2988806,693.7790319,705.5464479,12504360
16-12-2024,716.4193115,720.3549871,711.2213444,713.8750137,7960740
17-12-2024,710.8934326,721.2892458,706.6396514,715.5844572,10318560
18-12-2024,703.1064453,713.477448,701.7100327,710.5157429,7275140
19-12-2024,687.6120605,698.1371422,684.5608806,690.7377927,9076750
20-12-2024,680.6251831,698.092413,676.2968498,687.0952689,27000190
23-12-2024,682.4588623,693.4112997,681.3904428,685.4703094,5829280
24-12-2024,676.6447754,686.7623377,675.2335007,683.9795213,6014270
26-12-2024,677.3951416,681.5942068,675.8347626,678.8511233,3290960
27-12-2024,686.5387573,693.3914316,678.8511471,680.4860783,5554180
30-12-2024,684.600708,695.2102301,682.2899542,685.76849,4908760
31-12-2024,678.1156616,683.4825694,675.0346972,682.781876,6153980
01-01-2025,689.2768555,690.5340516,676.4260972,678.1156838,4187210
02-01-2025,734.3884277,738.4434234,692.8248889,693.7193937,31716510
03-01-2025,736.182373,745.400517,731.4118219,734.4431052,15059280
06-01-2025,730.4279175,755.3292573,727.1879001,745.4005319,19059760
07-01-2025,730.8850708,740.1230505,725.6672674,730.9844333,10425380
08-01-2025,731.0291748,734.3138991,721.2197088,731.6702387,8444660
09-01-2025,723.2819824,731.0291614,719.1623829,729.3445489,6681410
10-01-2025,724.3354492,732.1870251,720.061832,723.2819523,8089630
13-01-2025,710.7095337,721.0607008,709.0249819,719.5599514,6642740
14-01-2025,729.0016479,734.2691324,714.7048575,718.5660415,9980110
15-01-2025,713.3383179,730.4924775,706.162625,729.5482914,6817500
16-01-2025,721.5228271,724.4299377,714.993172,715.584494,8608490
17-01-2025,713.805481,724.0273798,711.2412862,717.6715788,6652740
20-01-2025,739.4472656,742.4189193,713.8054998,713.8054998,10679710
21-01-2025,724.6932373,743.9096836,723.2968853,740.431148,10032060
22-01-2025,735.1785889,737.4744199,721.5824306,729.399248,7273680
23-01-2025,739.7603149,747.7858058,728.0078216,729.5979851,10302950
24-01-2025,739.2981567,745.8974505,729.3296987,739.7603317,6796870
27-01-2025,725.0709229,742.8661465,721.5476802,733.4840365,6928100
28-01-2025,755.9951172,765.9536875,729.9955738,734.4679769,24789330
29-01-2025,771.2062988,773.9245115,752.2532413,761.0290463,15149200
30-01-2025,785.3191528,820.0051467,780.1858499,780.1858499,56488830
31-01-2025,783.6743164,793.1707112,774.3219911,787.6398372,18335460
01-02-2025,795.1038208,806.021439,773.666095,783.1674643,16153780
03-02-2025,837.4127197,838.7544163,787.2472318,787.3615168,43369260
04-02-2025,842.3373413,843.7933837,825.208052,837.3332459,19663000
05-02-2025,845.7264404,853.6028269,839.3706395,844.7872285,18674930
06-02-2025,845.5127563,860.9674423,841.0105688,848.1912362,17094730
07-02-2025,842.2280273,853.2351204,833.2484625,853.2351204,9665400
10-02-2025,823.5979614,843.594567,816.958935,842.6802261,12438380
11-02-2025,814.0966187,830.3861191,808.9434189,824.8105378,9630590
12-02-2025,816.3676758,823.3197733,797.5785836,809.9671673,14837310
13-02-2025,835.743103,844.5884863,814.6780767,814.6780767,18003130
14-02-2025,834.083252,840.3744491,823.120927,835.6982863,8633150
17-02-2025,837.4922485,843.5946087,816.9838464,816.9838464,8627990
18-02-2025,841.3981934,842.7995196,830.9426893,837.8301829,8689770
19-02-2025,838.7693481,847.6694468,834.8485344,840.7272376,8961980
20-02-2025,834.7938843,840.3744395,829.4468733,830.4606374,7900700
21-02-2025,834.5205688,836.8661419,823.7172358,830.8730927,6086470
24-02-2025,830.3711548,834.7491694,826.0080628,827.6926751,3552600
25-02-2025,843.6740723,847.4358333,828.6915107,830.3711488,10985410
27-02-2025,865.2012329,868.5406732,849.0211045,849.0211045,18382830
28-02-2025,847.7987061,861.683004,845.7861004,861.1860703,17545800
03-03-2025,857.4938354,859.7748047,838.6352263,848.365166,8749960
04-03-2025,853.3295288,856.6440983,846.1438871,846.9936243,7655060
05-03-2025,824.7806396,844.787193,817.0582714,840.3147902,16300920
06-03-2025,835.9269409,840.7918803,822.4798866,831.3700373,8814220
07-03-2025,835.2958374,841.8056565,831.5141794,835.8325039,4729460
10-03-2025,829.1437988,858.4926706,827.4989192,838.6004614,10164530
11-03-2025,828.9300537,832.3638823,816.0893049,825.406811,8135670
12-03-2025,843.2417603,847.2222037,822.1817095,828.9946505,20882230
13-03-2025,836.8809814,850.7504167,834.1528205,844.7872129,12173510
17-03-2025,852.7728882,857.7024917,833.4570799,834.768992,11020850
18-03-2025,852.7728882,852.7728882,852.7728882,852.7728882,0
19-03-2025,867.8051758,882.4548313,862.9352622,864.6645817,12898200
20-03-2025,862.6420898,871.4278431,848.8769908,867.1492515,7924330
21-03-2025,886.1420288,903.3260336,877.6842082,898.4510853,27448010
24-03-2025,903.4304199,905.9101142,887.2254196,904.0167677,14332170
25-03-2025,901.1643677,920.3261597,892.1997252,906.903976,17482600
26-03-2025,881.1677246,907.0927757,879.5676128,904.62303,8862110
27-03-2025,894.8632813,899.986636,876.8146158,880.6658519,20920440
28-03-2025,889.0739136,897.352845,880.6657745,894.2420356,9770990
01-04-2025,864.4857178,887.0266223,861.782367,872.9435387,11834240
02-04-2025,861.6083984,870.6128338,855.9185324,867.6461544,6464950
03-04-2025,854.18927,871.1247481,840.8316902,859.6952734,13966330
04-04-2025,866.5380249,874.3051005,853.1158418,860.2915348,18496580
07-04-2025,851.5455322,854.7756011,825.6205413,828.8853688,13981240
08-04-2025,876.8145752,881.858464,859.6952348,859.6952348,14775630
09-04-2025,868.2225952,878.7774609,857.2105288,876.0940071,10487740
11-04-2025,886.6389771,891.8468322,875.6667035,877.0929007,10097220
15-04-2025,908.4940796,923.3027267,901.9842609,919.8738724,12633610
16-04-2025,900.0959473,911.5254213,890.9026747,909.3389011,7198220
17-04-2025,910.6309204,913.3640555,889.7100257,898.4560459,11415130
21-04-2025,921.6628418,925.7874155,908.5438416,911.3763392,7824150
22-04-2025,920.3707886,933.5395301,917.3395055,923.7996428,11293580
23-04-2025,926.5825195,929.1168691,909.3886265,922.5076877,10818710
24-04-2025,924.3959961,960.0758582,921.6131797,956.1003888,18496710
25-04-2025,905.6119385,928.7193543,893.4867447,925.340181,10893540
28-04-2025,903.7235718,906.9039594,894.5302988,902.4315564,9946560
29-04-2025,903.7235718,908.9910566,890.5051481,907.4008931,11768180
30-04-2025,858.1547852,883.3492985,850.35289,878.5787473,39690570
02-05-2025,881.4112549,886.0327624,851.3467669,852.290953,18933030
05-05-2025,887.7223511,897.7603873,881.16279,882.3057618,8930610
06-05-2025,874.3547974,891.8965803,869.6339275,885.6351675,12040870
07-05-2025,893.138916,894.2321458,866.950475,869.633929,11635570
08-05-2025,877.833313,901.8849143,872.1185759,892.1947079,12018090
09-05-2025,859.9691162,873.9021887,856.3863504,860.864838,12151340
12-05-2025,897.5386353,898.6831619,878.330912,880.6697142,10638220
13-05-2025,899.8774414,911.9693213,894.8017858,896.0956196,13363000
14-05-2025,903.7587891,906.6946987,896.8918111,900.1760232,7594000
15-05-2025,914.4573975,917.0947534,898.4841369,905.5999805,10385000
16-05-2025,912.317688,924.1607631,908.9836664,914.4573734,6251920
19-05-2025,921.1253662,924.5091367,912.3176982,912.3176982,7162740
20-05-2025,903.5597534,926.5492982,902.564534,925.3550227,8106160
21-05-2025,915.3530884,923.5636488,898.5338554,905.6496987,7321500
22-05-2025,909.5310669,915.5023835,902.7137773,915.3530763,6159740
23-05-2025,919.9310913,924.2105836,906.7444334,909.5310965,4251690
26-05-2025,922.5186768,929.1866592,920.5779867,921.0755964,5476790
27-05-2025,912.7157593,924.5588954,909.9291569,922.5684564,7150000
28-05-2025,922.3196411,925.0067458,909.7300906,920.0803973,6507400
29-05-2025,916,923.5138946,911.6210102,920.5779851,7081750
30-05-2025,918.0499878,920.3499756,912.0999756,917,15041740
02-06-2025,911.8499756,916.5,904,913,6619630
03-06-2025,897.9000244,912.7999878,897,910.5999756,9080270
04-06-2025,898.7000122,903.9500122,896.4500122,897.5,5544930
05-06-2025,893.4000244,898.7000122,886.9500122,898.7000122,7853320
06-06-2025,937.1500244,943.4000244,887.5999756,894.5,19783860
09-06-2025,960.75,978.7999878,940.2999878,955,23496010
10-06-2025,949.75,970,948.5499878,970,9044040
11-06-2025,942.5,957,940.4000244,949,11860810
12-06-2025,936.8499756,953.2999878,935.5,944.9000244,12388330
13-06-2025,933.0999756,936.5499878,914.7000122,915,10182020
16-06-2025,938,956,925,956,7016290
17-06-2025,923,943.5,917.5,941.5,6110175
18-06-2025,919,932.5,915,927,5002923
19-06-2025,900.5,922.5,894,919,6585940
20-06-2025,905,907.5,886,897,14320241
23-06-2025,915.5,918,890.5,899,5870597
24-06-2025,916.5,936,914.5,920,11555634
25-06-2025,928,930,916,918,6623799
26-06-2025,951.5,953.5,928.5,930,11677790
27-06-2025,947,959.5,936,950,21637194
30-06-2025,936.5,956,934,956,6086081
01-07-2025,936.6500244,941.7999878,928,932.5,5381327
02-07-2025,923,939.8499756,914,933,9394493
03-07-2025,910.1500244,924.5,905.2000122,922,7606558
04-07-2025,925.2999878,940.7000122,919,922,10613046
07-07-2025,924.6500244,929.2999878,918.0999756,925,3383973
08-07-2025,927.6500244,929.5,918.7999878,918.7999878,3851432
09-07-2025,940.5999756,946,924,926.5,5341529
10-07-2025,947.6500244,951.7000122,942.25,943,5409906
11-07-2025,933.5,947.1500244,931.5499878,938.7000122,4278038
14-07-2025,918.8499756,932,911.2999878,932,6657978
15-07-2025,928.4000244,930.5999756,918,919,3892075
16-07-2025,921.75,927,919.4000244,924,3952491
17-07-2025,923.2999878,926.25,916,925.9500122,4583882
18-07-2025,942,944.9000244,920,920.5,7893820
21-07-2025,948.4500122,951,937.3499756,938.9000244,4660232
22-07-2025,952.5499878,962,940,955,6237382
23-07-2025,968.2999878,970.9500122,953.6500244,954,9694991
24-07-2025,958.9500122,970,954,970,5189112
25-07-2025,913.75,924.9000244,898,906.4000244,24415481
28-07-2025,880.5,913.75,879,909.25,14011284
29-07-2025,886.5499878,894,873.5,875.0499878,11323854
30-07-2025,884.8499756,892.5999756,875,890.9500122,5054496
31-07-2025,881.2000122,887.8499756,868,872,6999179
01-08-2025,875.5999756,895.8499756,873,884.7999878,5300299
04-08-2025,885.2999878,886.75,873.7000122,874,3969985
05-08-2025,891.9000244,893.5999756,882.4000244,889,4446791
06-08-2025,876.6500244,895.5,874.5999756,888,4212648
07-08-2025,879.0999756,882,867.25,871,5998002
08-08-2025,877.1500244,888.2999878,876,877,3736916
11-08-2025,877.7999878,888.2999878,872.75,877.1500244,5367926
12-08-2025,853,884.9000244,851.5,877.2000122,8257312
13-08-2025,860,864,849,854.5499878,10117225
14-08-2025,861.4500122,866.9000244,855.4500122,860,5379250
18-08-2025,905.2000122,919.6500244,875,875,16277779
19-08-2025,902.2999878,909.9000244,890.5,905.9500122,5764382
20-08-2025,887.7999878,902,886.0499878,900.5499878,5561646
21-08-2025,895.5999756,901.2999878,884,888,6697533
22-08-2025,894.5,903.9000244,892,895,6424895
25-08-2025,900.7999878,908,898.1500244,902.0999756,5837876
26-08-2025,876.25,901.9000244,873.5,899.9500122,6712926
28-08-2025,876.8499756,884.5,869.7000122,870.2000122,8349342
29-08-2025,877.8499756,888,870.8499756,870.8499756,5672446
01-09-2025,889.3499756,894.7999878,877.8499756,877.8499756,4101526
02-09-2025,890.0999756,899.5499878,886.1500244,895,6103185
03-09-2025,896.2999878,898.8499756,880.0499878,892.7000122,5493809
04-09-2025,934.75,948,912.25,915,21738706
05-09-2025,937.5999756,942.3499756,932,942,5467260
08-09-2025,944.2999878,949.6500244,935.6500244,937.5999756,5657331
09-09-2025,948.4000244,949.4000244,940,944,5417393
10-09-2025,967.9500122,969.6500244,947.7000122,951.0499878,6836239
11-09-2025,970.25,975.9000244,965.5999756,968,5982627
12-09-2025,1003.25,1004.599976,970.8499756,972.25,11412561
15-09-2025,1009.849976,1025.699951,998.0999756,999,9989753
16-09-2025,1003.25,1015.299988,1000,1005.849976,7602155
17-09-2025,1007.5,1011.799988,1000.349976,1010,6995023
18-09-2025,996.5,1009.799988,990,1007,9738376
19-09-2025,992.4500122,996,988.5999756,991,6736440
22-09-2025,1006.5,1010.900024,989,989.9500122,4250045
23-09-2025,1025.5,1028.800049,999,999,10230040
24-09-2025,1029.75,1036,1020.400024,1021.5,6433184
25-09-2025,1012.75,1031.099976,1008,1020,16731453
26-09-2025,985.0999756,1010.5,981.0499878,1008.049988,9109737
29-09-2025,990.9500122,997.7999878,981.0999756,990,5804877
30-09-2025,998.9000244,1002.299988,989.4500122,990,7182200
01-10-2025,987.7000122,1000,977.75,991.5,6932272
03-10-2025,989.75,992.2000122,972,975,7692197
06-10-2025,1008.900024,1023,992.0999756,993,9299635
07-10-2025,1016.549988,1029.5,1008.900024,1008.900024,7991437
08-10-2025,1023.150024,1028,1012.049988,1012.049988,4448915
09-10-2025,1024.099976,1029,1014.950012,1023,4444154
10-10-2025,1023.849976,1027.5,1017,1018.099976,3714548
13-10-2025,1036.75,1040,1021.5,1023.849976,7684523
14-10-2025,1019.150024,1042.099976,1011.349976,1040,7668358
15-10-2025,1059.900024,1063,1018.400024,1026,10205158
16-10-2025,1065.75,1081.099976,1058.849976,1062,9901992
17-10-2025,1070.099976,1076.449951,1056.099976,1056.099976,5761670
20-10-2025,1081,1086.5,1072.199951,1081.5,5700858
21-10-2025,1086.5,1089,1081,1084.900024,911624
23-10-2025,1094.150024,1102.5,1083.900024,1090,11143407
24-10-2025,1089.75,1098.599976,1087.400024,1093.5,6440277
27-10-2025,1084.400024,1094,1075.75,1090.949951,7366175
28-10-2025,1072.75,1092.400024,1063.050049,1078,12324341
29-10-2025,1062.949951,1079.150024,1061.25,1072,5386803
30-10-2025,1052.300049,1066.800049,1045,1063,4271927
31-10-2025,1042.800049,1069.449951,1041.400024,1052,5315632
03-11-2025,1043.099976,1048,1031,1037,4135617
04-11-2025,1057,1060.400024,1035,1040,6202540
05-11-2025,1057,1057,1057,1057,0
06-11-2025,1041.900024,1052.800049,1035,1037,5776277
07-11-2025,1066.599976,1076.900024,1034.199951,1039,6940923
10-11-2025,1085,1088,1062.900024,1066.599976,5692236
11-11-2025,1005.200012,1043.699951,997,1043.699951,23762890
12-11-2025,1013.200012,1018.400024,1008.799988,1011,11131278
13-11-2025,1005.400024,1019.400024,1003.5,1012.5,8503994
14-11-2025,1018.5,1019.900024,1002.599976,1004.900024,4381122
17-11-2025,1026.800049,1033,1017,1021,6011603
18-11-2025,1013.599976,1024.099976,1011.700012,1021.200012,4562185
19-11-2025,1005.599976,1016.099976,1004.599976,1009,5158832
20-11-2025,1028.599976,1031.699951,1007.299988,1015,5459073
21-11-2025,1004.099976,1027.599976,1001.5,1020,6304584
24-11-2025,994,1009.299988,990,1005,9574900
25-11-2025,986.2000122,996.9000244,984.5,995,6376983
26-11-2025,1010.700012,1012.799988,981.2999878,986.2000122,9772235
27-11-2025,1033.800049,1044.900024,1010.900024,1015.599976,12076038
28-11-2025,1037.5,1043.5,1031,1038,4983147
01-12-2025,1021.099976,1042,1018.799988,1041.900024,6459837
02-12-2025,1025.5,1036,1013.900024,1014.5,6706145
03-12-2025,1021.400024,1026.300049,1014.200012,1021,5895670
04-12-2025,1029.099976,1032.300049,1016,1018,5404918
05-12-2025,1048,1061,1026.5,1028.900024,13123572
08-12-2025,1026.400024,1049.800049,1023,1048,5189635
09-12-2025,1016.700012,1026,1013.700012,1025,5968501
10-12-2025,1010.299988,1021.700012,1007.299988,1016,4990527
11-12-2025,1006.400024,1020.5,1000.099976,1011.900024,4670539
12-12-2025,1017.299988,1020.799988,1000,1000,4381711
15-12-2025,1012.700012,1016.5,1008,1015,3958977
16-12-2025,998.4000244,1010.599976,996.5,1007.5,3861617
17-12-2025,999.5999756,1011.200012,995.2999878,1000,4695550
18-12-2025,1000.299988,1009.700012,995,1002.099976,3103997
19-12-2025,1008.299988,1014,1002.5,1003.200012,5126009
22-12-2025,1007.799988,1015.400024,1005,1008.299988,3921237
23-12-2025,1011.400024,1018,1005.700012,1013.5,4712043
24-12-2025,1011.700012,1037.400024,1006,1011,5984816
25-12-2025,1011.700012,1011.700012,1011.700012,1011.700012,0
26-12-2025,1000,1011.700012,998,1011.700012,5211460
29-12-2025,998,1003.900024,989.5999756,1003,6715489
30-12-2025,989.2999878,997.5999756,987.0999756,994.0999756,7473887
