Date,Close,High,Low,Open,Volume
01-01-2015,308.0735779,309.7714266,298.5232256,300.8577568,2460188
02-01-2015,309.8987122,311.5541036,307.3094969,308.8375461,2795887
05-01-2015,303.0224609,310.9174495,301.8764383,310.9174495,1605267
06-01-2015,300.6455383,302.3009301,295.7642195,302.3009301,3916948
07-01-2015,301.3670654,303.9138526,297.5469422,298.77785,4899318
08-01-2015,306.5879517,308.116001,299.7965576,302.6829144,7096620
09-01-2015,302.0462341,309.7714241,300.4757277,307.7340057,3831782
12-01-2015,296.2310791,301.9613069,294.6605729,301.9613069,2276975
13-01-2015,293.9814148,299.0749599,292.2835952,297.0375418,1604173
14-01-2015,293.5569763,295.5943945,292.5807242,294.5332571,3415213
15-01-2015,296.5706482,299.3296627,291.4346746,293.8116624,4966049
16-01-2015,291.0527039,298.8203218,287.8692341,294.5757146,9779165
19-01-2015,297.5045166,299.0750231,290.2462385,291.9440872,3385131
20-01-2015,301.2822266,303.0649606,295.4671124,297.504531,2891041
21-01-2015,313.2519836,314.1008936,300.9426174,301.3670724,5052826
22-01-2015,314.1008911,317.4541312,306.587958,316.944791,2502844
23-01-2015,326.0707397,329.1692959,315.7987902,316.605272,6269436
27-01-2015,334.6448059,335.3239454,323.9484025,324.8822264,5268554
28-01-2015,317.1570129,335.9181745,315.4591644,334.220326,4490563
29-01-2015,319.0246277,323.0145501,308.200883,318.1757178,7542171
30-01-2015,317.2419128,323.2692538,310.8325739,323.2692538,5409140
02-02-2015,305.0174561,316.9447956,302.640468,314.1008957,4157252
03-02-2015,315.416687,317.4965332,305.696538,305.7389663,4242370
04-02-2015,313.2095032,320.2980097,309.8562633,318.3454768,5535031
05-02-2015,309.601593,315.7138184,305.6540992,314.1008553,8259274
06-02-2015,312.6153259,314.1009184,304.7627936,309.7714258,3318996
09-02-2015,302.3009033,310.4505479,299.881487,309.8562937,3030260
10-02-2015,302.3433533,307.1397575,299.6692238,301.6217568,6847286
11-02-2015,302.3009033,306.1634838,295.4246524,303.022471,3489433
12-02-2015,299.4145813,305.4843507,296.528253,304.762783,4361948
13-02-2015,301.3670654,302.640459,296.528233,300.3483563,3377769
16-02-2015,306.7577209,310.2383032,298.8203043,299.6692142,2355833
18-02-2015,298.820282,308.6253169,297.5469172,308.200862,3408770
19-02-2015,302.8102112,304.2533752,297.2922397,301.324619,3057263
20-02-2015,296.5706482,304.5929498,295.6368531,301.3670521,4072136
23-02-2015,294.8303223,297.8864202,293.0475889,295.4245763,2410807
24-02-2015,290.3735657,296.9951322,288.718174,293.8116912,7390936
25-02-2015,295.934021,297.5469845,292.5807804,294.4908567,2882686
26-02-2015,296.5706482,299.3296627,293.9390046,297.1224453,4571845
27-02-2015,301.5368652,303.9987384,294.8728133,296.2735491,3711112
02-03-2015,296.315979,308.1584032,293.3023089,302.4706327,4619840
03-03-2015,296.4857788,297.6318302,291.7742599,297.1224612,2293482
04-03-2015,298.1836548,304.2534244,296.5282631,298.8203373,3694564
05-03-2015,295.3397522,298.7354496,292.0714258,298.3109946,3879220
09-03-2015,291.5620117,294.3634544,287.8692022,294.3634544,3823862
10-03-2015,312.3606262,324.5426506,289.2699712,290.3735656,12896222
11-03-2015,330.6973267,334.4750218,307.5217581,314.1008962,14318713
12-03-2015,337.7009583,339.4836923,328.5750606,330.6124504,18411651
13-03-2015,339.7807617,341.860637,330.56998,338.6771673,12653947
16-03-2015,329.7210083,339.483615,327.8533894,339.483615,15605904
17-03-2015,328.1505432,333.1167468,321.7412042,332.9469763,13158523
18-03-2015,324.5001831,331.3340056,323.8635007,327.5987388,4777244
19-03-2015,324.2454834,326.7922705,322.3778644,325.1368503,4636137
20-03-2015,322.8022766,329.211643,320.5526313,323.4389877,7256601
23-03-2015,325.3491516,330.9944663,320.8922879,325.9858341,3546841
24-03-2015,334.3476563,336.5973019,323.9483667,324.1181659,8101985
25-03-2015,335.3239441,337.4038195,328.4901212,328.5325782,11374656
26-03-2015,339.2714233,342.5397782,331.0793219,331.0793219,12656646
27-03-2015,319.618866,343.3886576,315.0346896,340.4174445,9357286
30-03-2015,330.5700073,333.541221,320.5527143,322.5901328,5166621
31-03-2015,333.8807678,335.9181861,326.8347177,330.2728432,6709861
01-04-2015,341.5210876,343.6858195,333.6685555,333.880783,6096908
06-04-2015,340.2476807,347.2937308,338.2527193,341.5210743,4825167
07-04-2015,343.6008606,348.0576944,336.3425843,341.26633,4691848
08-04-2015,355.8253479,358.9663601,345.5109444,345.5109444,6392808
09-04-2015,345.6807556,356.9714125,344.0253641,355.8678181,5176227
10-04-2015,349.7131653,351.3685857,340.8419526,345.5110149,5103339
13-04-2015,361.3858337,362.4894282,346.3599095,347.2937334,4307880
15-04-2015,352.4296265,360.7914966,347.3361105,360.7914966,3883730
16-04-2015,354.8491211,359.0513,351.8354506,353.2786147,3429760
17-04-2015,344.6196289,360.5368912,342.8793521,356.5045403,6165372
20-04-2015,341.5210876,346.0203507,338.507417,342.7944526,3642501
21-04-2015,338.1253662,348.015316,334.4750134,337.573569,4315761
22-04-2015,339.0592346,340.6721694,332.098069,337.0218161,4659581
23-04-2015,339.4411926,342.0304081,337.0217764,341.0966129,6374398
24-04-2015,338.8469543,342.2850796,335.2814869,339.568522,8213565
27-04-2015,331.9282532,342.7095411,326.1131399,338.6771616,16825758
28-04-2015,340.2052002,347.6332472,325.476391,330.2303664,5756976
29-04-2015,328.8296814,341.690845,325.9009249,334.4750244,12480808
30-04-2015,323.5239563,329.3814984,315.6289958,328.9146151,9124401
04-05-2015,333.5412292,334.5599385,317.1570535,317.1570535,5025010
05-05-2015,328.5750122,332.7771622,324.7124032,332.7771622,2710648
06-05-2015,331.2491455,343.8131684,327.6836776,333.8807894,15076384
07-05-2015,334.177887,339.9930005,327.1318655,330.994446,8782001
08-05-2015,337.8282471,339.5685238,334.5598923,337.0217654,6371723
11-05-2015,336.3426514,341.9030805,335.0692577,337.0217908,4799566
12-05-2015,332.3951111,339.0167055,330.1879225,336.5972895,6930590
13-05-2015,324.7548828,339.5685512,323.1843764,336.1728826,6440531
14-05-2015,327.6836853,332.947002,323.3541638,324.2879878,5484794
15-05-2015,332.7771606,335.3239191,328.5325537,329.3814636,4322623
18-05-2015,337.4037781,339.3987392,332.7771447,334.4749931,4866514
19-05-2015,337.8707275,343.8131839,335.408854,338.634781,6042689
20-05-2015,340.0354309,342.8368737,336.8944184,337.2339881,5645720
21-05-2015,336.5548706,341.8606439,334.0505691,340.4174798,2829064
22-05-2015,335.2390442,338.4649421,331.6311196,335.7483844,3589617
25-05-2015,339.4836121,347.2088006,333.031817,335.2390055,5979086
26-05-2015,340.0354309,345.4685173,338.0404697,341.2663675,6978361
27-05-2015,346.996582,350.6893916,339.6958482,339.6958482,5615442
28-05-2015,342.1152954,350.3922821,339.5261087,349.7555996,8018965
29-05-2015,361.3009644,369.2808101,341.5210918,341.9030898,75197864
01-06-2015,353.6606445,357.3534545,348.2275577,353.1088473,4727277
02-06-2015,354.934021,360.3671076,350.3922726,356.844097,4759119
03-06-2015,357.1412048,359.0937091,347.3785975,354.9764444,4054895
04-06-2015,353.4908752,360.282241,351.4534569,356.971429,3630919
05-06-2015,352.8117065,358.5419056,351.2836285,354.0001861,5527337
08-06-2015,348.5246887,354.7642576,346.402385,354.2973456,3158812
09-06-2015,346.3175354,349.7556614,341.9880423,349.7556614,3013310
10-06-2015,352.3448486,355.3160624,346.4448494,347.8880137,3796042
11-06-2015,348.5246887,354.5944871,347.293752,354.0851181,3434353
12-06-2015,352.1325989,357.693028,345.9779156,348.9915861,2529220
15-06-2015,351.1563416,355.1887215,349.4160646,354.6793813,2604882
16-06-2015,351.7081604,352.5570704,347.3362107,350.6469942,4285319
17-06-2015,358.4994812,360.3671002,352.0901139,352.8117103,4864718
18-06-2015,362.0224915,367.9649468,351.368546,354.9340135,6872461
19-06-2015,368.4318542,371.233297,362.064944,362.064944,3747410
22-06-2015,360.3670654,370.1296718,359.5181556,369.195848,4135774
23-06-2015,365.290863,368.6016462,363.5930145,364.1448117,5811630
24-06-2015,360.7491455,366.2246892,359.3908666,364.1872709,2864319
25-06-2015,362.2347717,364.61176,358.6693037,361.2160625,4373706
26-06-2015,354.8066711,363.7203398,354.212417,361.9800631,2623558
29-06-2015,351.3685303,353.1512639,344.6620506,350.6469339,3194613
30-06-2015,356.5894775,358.2448694,351.4535028,354.4671737,5214359
01-07-2015,360.324707,363.7204046,356.8016959,359.6880245,3142082
02-07-2015,367.7102966,371.9549039,361.2160435,363.3383471,4975741
03-07-2015,369.3656921,371.657795,367.1585032,368.3894399,3975749
06-07-2015,367.6679077,371.9974007,364.8240073,365.4606899,2229083
07-07-2015,366.6066895,370.2146141,365.5879803,367.5829416,1311090
08-07-2015,365.290863,367.5829371,359.2635222,364.1023834,3088205
09-07-2015,368.3469849,375.9872602,365.2908575,367.0311343,6238280
10-07-2015,355.9527283,370.129743,354.5520211,370.129743,5725932
13-07-2015,359.6879578,362.4045153,356.1649473,358.2447937,2771223
14-07-2015,358.4994812,361.2160101,357.3958869,359.6879608,1532422
15-07-2015,359.0513,362.3196263,357.0138817,358.2448184,2387269
16-07-2015,360.4944763,361.9800975,356.0376416,361.1311588,2347739
17-07-2015,361.5131531,365.0361636,358.3721405,360.7915567,3436416
20-07-2015,364.5692749,367.1584904,360.8764649,360.8764649,2266929
21-07-2015,377.9822083,384.0944341,368.346972,373.5253739,6657689
22-07-2015,373.0159912,380.9534068,371.7001408,375.6476345,3125401
23-07-2015,367.4980469,374.5016398,365.7153131,374.3743263,2619973
24-07-2015,368.3469849,372.5915631,365.1635152,367.9649582,2156436
27-07-2015,354.8066711,368.2620594,353.5757346,366.7340101,2565851
28-07-2015,348.0577698,360.7915917,347.2937451,355.6980744,3535491
29-07-2015,354.552002,356.504535,343.0491174,348.9066878,3834817
30-07-2015,353.9577637,361.5980682,350.2649536,354.5520179,3646699
31-07-2015,355.5282593,361.7678277,351.4534514,355.485831,3222836
03-08-2015,355.6130676,359.0936203,354.3821314,356.5468625,1546763
04-08-2015,350.8167419,361.6404864,347.378588,358.9239288,5116932
05-08-2015,354.4671326,363.0836893,352.9390544,361.6405251,6127568
06-08-2015,352.3023376,358.2447929,351.4534278,356.5045162,4021215
07-08-2015,349.4160156,354.0001922,348.1426221,353.1512823,4145596
10-08-2015,348.2275696,352.6844044,346.7844054,350.3498732,2977050
11-08-2015,343.6858215,349.7556198,341.9030876,348.9067098,3210336
12-08-2015,338.4649353,344.4073908,332.1829101,342.9642268,4155754
13-08-2015,328.4939575,354.0614998,321.9633431,345.7381699,7871377
14-08-2015,337.2868042,338.7380776,327.213453,332.9330706,3612439
17-08-2015,333.1038818,340.3174111,329.7318659,338.0551978,1642969
18-08-2015,329.1343079,337.7991115,328.024534,336.4332271,1956234
19-08-2015,326.5732727,329.8599282,318.3353012,329.5184571,4410748
20-08-2015,324.3963318,334.6404332,318.7620746,332.9330781,4434974
21-08-2015,315.4754333,319.1889196,306.0423297,319.1889196,6592108
24-08-2015,297.3349304,312.9998776,288.4994053,304.9753211,7423096
25-08-2015,297.377594,313.7254527,283.8468354,299.2556704,8827955
26-08-2015,289.5664368,299.5544288,287.2615289,298.7861262,7620596
27-08-2015,296.4811401,299.7250998,292.2981281,296.6518612,8545234
28-08-2015,309.4570618,311.4631933,300.0666513,304.676496,6812371
31-08-2015,302.4569397,312.4449315,298.7861188,311.5912394,8370962
01-09-2015,294.8592529,302.7130589,292.9384817,299.6398481,4459476
02-09-2015,293.0238342,298.6153972,290.0359554,297.078792,7030063
03-09-2015,296.0116577,297.0360707,293.0238081,293.0238081,3675760
04-09-2015,298.7861023,301.0483442,292.1701266,294.517729,5305451
07-09-2015,296.3104553,298.7007526,292.8957739,298.7007526,2898337
08-09-2015,296.8653259,298.3165705,289.5664083,297.9324337,3089268
09-09-2015,302.627655,312.188815,297.0787869,298.7861131,6374276
10-09-2015,299.1703186,300.9203398,295.3714709,300.9203398,3357167
11-09-2015,297.6763611,302.1581506,295.6275347,300.322769,3354447
14-09-2015,302.3289185,303.0545264,295.4995258,298.7007919,2811019
15-09-2015,299.639801,302.2008193,297.9324459,302.2008193,2361340
16-09-2015,306.8960266,309.1155739,300.0666349,300.0666349,2974270
18-09-2015,304.6764832,309.8412145,301.5178833,307.3655567,6783352
21-09-2015,300.7495728,306.4691908,299.9812702,302.2008174,2792725
22-09-2015,293.4933777,303.0545394,290.5055273,303.0545394,4558449
23-09-2015,288.4566956,292.8104591,287.0481454,290.2494115,4087837
24-09-2015,284.2309875,289.0542481,283.4626849,288.4566665,9967481
28-09-2015,279.6638489,286.3224913,276.0784171,283.5053622,5295350
29-09-2015,275.4381409,278.9809068,269.4197459,277.4442725,7126332
30-09-2015,288.4139709,289.1822735,277.4442326,281.7126059,7251836
01-10-2015,289.7798767,290.6335399,286.4932215,289.737182,5093796
05-10-2015,295.5848083,296.6092213,289.6090805,291.8713222,5969834
06-10-2015,297.8043823,299.2983216,295.0299484,297.9324376,4610836
07-10-2015,292.5116577,297.8898057,290.5482206,297.8044452,3635620
08-10-2015,291.5726013,295.1153382,287.6456987,293.2372619,4770259
09-10-2015,296.7373352,297.8471089,293.0238483,293.6640957,5548083
12-10-2015,298.3592529,300.5788,296.7372874,297.0787584,2441453
13-10-2015,294.9019165,300.2373691,292.6823692,299.725177,2590061
14-10-2015,295.6275024,298.9141574,291.8713501,296.6092497,3464048
15-10-2015,299.8532715,301.6886533,293.664126,297.0788369,5514188
16-10-2015,298.4873657,300.8776632,291.1030864,296.3958735,4598180
19-10-2015,310.4815063,312.146167,295.3714759,301.3471765,4334115
20-10-2015,308.9021912,313.2986203,306.8960595,309.7558833,2588064
21-10-2015,317.1401672,319.1036042,310.6522458,310.780301,4434717
23-10-2015,306.5545349,319.8718753,304.3349878,319.2742938,4452331
26-10-2015,300.6643066,311.8047409,296.0971266,311.5913251,7353435
27-10-2015,301.0484009,302.798451,297.1641926,300.0239876,2855148
28-10-2015,305.8716431,307.1094721,299.6398323,300.749606,3806874
29-10-2015,303.3959656,306.4265102,297.9324578,304.3350182,4560952
30-10-2015,297.9751282,308.0911455,294.1335865,301.3471147,3988476
02-11-2015,298.9142151,300.2374047,293.3653461,296.6519728,2857066
03-11-2015,296.7800293,302.030122,295.2860897,299.6825191,1670964
04-11-2015,295.7129517,299.0422731,292.9811829,297.9324993,2412413
05-11-2015,287.3042297,295.3714509,285.2127087,293.1092088,3467567
06-11-2015,289.5664368,292.0847894,270.7002264,284.2736789,3373067
09-11-2015,286.1944275,289.0542512,273.8161668,285.1700432,3630757
10-11-2015,283.1212158,286.5785922,279.6211447,283.974879,2421896
13-11-2015,285.0420227,286.8347387,277.4869927,277.4869927,2780378
16-11-2015,286.6212769,289.6518215,282.1394875,286.5785821,2697681
17-11-2015,285.5541992,288.2432731,282.566349,287.2615546,2173068
18-11-2015,285.0846558,292.084798,283.804161,286.8347058,2486993
19-11-2015,289.8652649,291.1030939,283.5907592,286.1090831,1983013
20-11-2015,291.4018555,293.9628739,285.1273501,289.0115581,2315668
23-11-2015,289.395752,295.5422027,287.6457307,291.6152996,2146374
24-11-2015,291.5726013,295.1153382,286.1090645,289.8225513,2882252
26-11-2015,292.0848083,295.0726585,290.2920925,291.9567531,8126680
27-11-2015,292.1274719,294.3043245,289.69448,293.5787166,1460049
30-11-2015,285.4261169,293.6640879,284.4443985,292.8104247,7110699
01-12-2015,275.5235291,286.7920464,274.4137552,286.7920464,9058372
02-12-2015,275.6515503,277.9137924,270.1453476,277.7003766,6804758
03-12-2015,272.791748,278.7247822,271.8953902,274.8832402,4408535
04-12-2015,274.285675,275.3100883,270.742938,271.4685749,2941586
07-12-2015,273.261322,276.5906436,272.0234929,274.2857064,2685214
08-12-2015,271.3404846,273.5600318,268.9928822,273.1758661,4590607
09-12-2015,265.3647766,271.0417003,263.017174,270.8282845,5188413
10-12-2015,266.9013367,268.4379706,263.3586004,267.9684444,2341048
11-12-2015,264.2550049,268.9075155,262.5049549,268.9075155,2355955
14-12-2015,261.3525085,265.4928269,259.6451533,262.0781164,3826300
15-12-2015,263.9562073,264.6391494,260.0293045,261.3525229,2623471
16-12-2015,273.4747314,274.8406158,264.2550406,265.4928698,4587498
17-12-2015,275.2247009,276.8466956,273.2185694,274.0295668,4000133
18-12-2015,272.3649292,276.0784162,271.4685713,275.1393635,4544383
21-12-2015,273.9441833,275.9503147,270.6148338,272.7063546,3305363
22-12-2015,275.9076843,279.4077557,273.3466656,274.0296078,3705221
23-12-2015,283.718811,284.1456716,276.7613626,278.297997,3980119
24-12-2015,288.926178,290.0359516,280.560181,283.6333914,2858615
28-12-2015,283.2065735,288.542055,281.712634,287.9017788,3336594
29-12-2015,286.1944275,287.0481196,282.1394985,284.1882959,2788729
30-12-2015,284.3590698,289.694523,283.4627118,289.3957466,1726114
31-12-2015,290.5908813,291.7433499,283.8041833,285.1273729,3275719
01-01-2016,290.676239,293.664089,288.243247,290.2067127,1387248
04-01-2016,278.980896,289.353025,274.0295802,288.5420566,3498169
05-01-2016,276.1210938,280.6455783,274.0296015,279.1516387,2351113
06-01-2016,275.0539856,283.8468144,272.8771041,278.2125855,2678635
07-01-2016,275.1820984,278.1272542,270.2734475,273.9442692,3135368
08-01-2016,276.4625549,277.4016076,271.8954047,276.8467207,1999282
11-01-2016,274.1576538,276.5906172,268.6514508,274.0295985,2795794
12-01-2016,269.2489624,277.8284038,267.7123573,274.8832198,3262399
13-01-2016,263.4440002,275.3527632,257.8524372,274.0295737,5044083
14-01-2016,263.5720825,266.346517,256.529274,261.9927824,3633282
15-01-2016,261.309845,266.0904113,258.7488263,266.0904113,3572695
18-01-2016,256.3158264,263.5293551,250.8522898,262.7610525,4574694
19-01-2016,264.8952637,266.6879796,254.73655,257.6390396,3707778
20-01-2016,264.2976379,267.9257638,258.4926596,263.3586143,5629713
21-01-2016,264.0415955,267.5416666,259.2183348,267.2001956,3422136
22-01-2016,254.9926147,265.6635488,248.8888595,265.5781883,5904068
25-01-2016,253.9682007,256.9133848,249.7425218,255.9743611,3479687
27-01-2016,254.2243042,255.6755489,249.1022676,253.9681937,5644966
28-01-2016,248.7608337,252.5596815,246.1571203,251.2364919,7080505
29-01-2016,247.4802856,253.7974857,240.9923645,247.0534541,7373584
01-02-2016,253.1998901,254.3950532,248.5900456,249.4437377,4425387
02-02-2016,257.9804382,259.5170432,252.4315422,253.1998446,4808715
03-02-2016,255.9316864,257.6390418,252.8157809,256.6999891,5232930
04-02-2016,259.7305298,261.0537193,257.4682876,259.3463929,3411138
05-02-2016,262.2488708,263.3586445,257.8524419,257.8951077,2647351
08-02-2016,265.4928284,267.6270152,260.8829837,263.2305863,2753109
09-02-2016,266.559906,268.0111507,262.0781166,263.7854718,3145945
10-02-2016,265.7489014,268.8648354,263.358633,265.4928198,10180024
11-02-2016,263.5294189,269.334428,259.9013208,260.3708183,6520711
12-02-2016,277.0601196,281.7126301,262.5049488,266.7733224,4049410
15-02-2016,272.2368774,281.6272885,270.1453563,280.47482,5615585
16-02-2016,269.1636658,277.3589434,267.8404761,275.1820904,2910959
17-02-2016,272.791748,274.5417691,263.4440034,267.6270165,3974587
18-02-2016,274.2003174,275.8223122,269.8038882,275.7369517,2569038
19-02-2016,278.3406067,279.9626013,270.4014412,273.6027358,5961801
22-02-2016,280.9443359,285.8956518,274.8832464,277.0174332,3455165
23-02-2016,274.285675,284.2736966,271.5539354,284.2736966,5437598
24-02-2016,276.5479126,277.9137969,271.169765,271.5965966,2523354
25-02-2016,275.3527222,277.8283796,271.4685149,277.4015481,9556967
26-02-2016,271.4258423,277.3161813,270.614845,277.3161813,7064596
29-02-2016,269.3344116,275.1820861,267.2428903,270.6149066,3988625
01-03-2016,273.773468,275.1393522,264.8525549,269.3770391,4830530
02-03-2016,278.5967407,279.791875,274.0295905,274.8832537,3289694
03-03-2016,284.6151123,285.9383016,276.5905582,280.3467392,3265002
04-03-2016,281.0723572,287.3895565,279.2369469,283.4199596,2167900
08-03-2016,282.9931641,285.127351,278.9382061,281.2858088,2393678
09-03-2016,285.6394653,286.7065729,280.2613193,280.9015954,3430173
10-03-2016,287.0907593,289.1395854,282.5663043,283.4626622,1837525
11-03-2016,287.9017944,289.224984,285.1273601,285.9810233,3018179
14-03-2016,290.889679,291.956758,283.2492889,286.1090839,2633043
15-03-2016,292.7250366,294.0909208,286.8346972,290.2493788,2309456
16-03-2016,288.9688721,294.3470192,286.3224643,291.3164746,4361912
17-03-2016,290.889679,300.2373955,288.584742,291.3591764,7155690
18-03-2016,293.9202271,297.2922431,290.2921004,295.2007219,3951904
21-03-2016,301.9020996,303.0545393,292.9811854,294.5177909,2813415
22-03-2016,299.5544739,304.5057904,294.2190205,302.9691849,4425316
23-03-2016,305.7863159,308.5180847,300.4935283,300.4935283,5116641
28-03-2016,298.6154175,308.1765783,296.0970648,306.3838625,4630593
29-03-2016,302.627655,305.4020891,295.4140975,296.2250948,4073263
30-03-2016,302.0300903,306.6826298,299.7251824,303.0545035,4229163
31-03-2016,299.4690552,304.4630654,295.840958,301.7739919,7926944
01-04-2016,286.3651428,298.9568467,283.5907089,298.9568467,4517171
04-04-2016,297.5056152,299.5544125,286.450516,286.450516,3434762
05-04-2016,282.1395264,295.7983121,280.9016973,295.7983121,5289842
06-04-2016,285.5541992,289.865268,283.0358753,284.6578413,3037097
07-04-2016,282.7796936,287.0907324,281.0723386,286.9200113,2415746
08-04-2016,285.6394653,288.0297621,277.956412,283.3772527,2319546
11-04-2016,297.2921753,298.7860856,291.1030315,291.4871683,4524262
12-04-2016,298.8714905,300.9202877,293.7921199,297.2494959,3089585
13-04-2016,299.8532715,311.1644544,298.4446924,299.6825215,6614377
18-04-2016,306.8106079,309.8838177,300.6641594,303.097122,2828391
20-04-2016,304.4630737,311.0363552,302.2861922,310.7375788,3250868
21-04-2016,304.9753113,306.4692509,299.639858,305.4875324,2218219
22-04-2016,301.4325562,305.5728748,298.5727323,299.6398402,1460160
25-04-2016,306.4265137,310.737582,302.4569453,302.4569453,3431082
26-04-2016,307.6643677,310.5668573,303.3959937,305.1460438,2605766
27-04-2016,318.4633179,325.5915148,309.1582684,311.5912314,8618572
28-04-2016,318.1645813,328.6647662,316.2864759,327.3415766,10016684
29-04-2016,310.3961182,318.0792024,307.7497103,317.4389261,5411248
02-05-2016,305.4448547,311.1644742,304.2497203,309.8839503,1745061
03-05-2016,314.4510498,316.2864313,305.6155268,305.6155268,4349238
04-05-2016,308.5606995,315.2193704,306.7253179,312.4022415,1883272
05-05-2016,302.5423279,312.44496,300.1947251,309.4570809,2375047
06-05-2016,306.5545349,311.1216843,302.5422723,304.7618193,3196077
09-05-2016,313.1278992,314.0669229,305.7862857,307.5363068,2070741
10-05-2016,314.8778992,315.2620649,307.6216756,313.7254308,2932396
11-05-2016,306.3838501,322.2195158,304.7618554,311.1644159,5316307
12-05-2016,309.1155701,310.3533989,303.6520625,309.8838727,3224321
13-05-2016,302.9691772,309.0302674,301.3471823,309.0302674,4006032
16-05-2016,301.7313232,304.0362601,292.6823834,303.0545128,2996171
17-05-2016,299.8105774,306.4692492,297.5910298,303.9082305,2749594
18-05-2016,299.8532715,301.00574,296.4385606,298.7861635,2421651
19-05-2016,294.3470459,301.1764383,293.1519116,299.8532487,2741126
20-05-2016,291.9140015,295.7982377,289.6517886,295.2860168,4199413
23-05-2016,295.2433472,297.7190047,291.5298609,295.968955,1842701
24-05-2016,294.645813,296.1824472,291.7860182,295.2860604,2293594
25-05-2016,300.1947327,300.9203406,296.225135,296.3104955,2157455
26-05-2016,301.2191162,303.9081899,296.8653532,300.4934794,5273432
27-05-2016,299.8532715,305.2741142,298.4020266,301.3045164,3075870
30-05-2016,303.8227844,304.9325869,300.7068794,301.4325161,2845695
31-05-2016,299.9813232,304.7618895,296.3531966,304.676529,24281872
01-06-2016,310.0973206,311.0363442,300.7495764,301.8166553,3081625
02-06-2016,312.6156616,314.1522669,307.1521537,308.4753432,2604662
03-06-2016,305.7435608,312.1888157,303.3532925,311.5912342,3677399
06-06-2016,297.7190552,306.5119132,296.3958657,304.7618632,5264582
07-06-2016,298.0605469,300.5788708,296.4812467,297.7190758,4463323
08-06-2016,301.0484009,305.8289961,300.1520429,303.5667537,2654000
09-06-2016,299.8532715,304.2497009,298.6154424,303.4813693,1549979
10-06-2016,299.7251892,301.8166814,296.7373391,298.530055,2180603
13-06-2016,292.2982178,299.2129996,291.5726098,297.3348943,2180335
14-06-2016,292.5116577,294.0909579,287.987173,292.9811841,3358585
15-06-2016,300.4081116,301.2191089,296.2250986,297.0787906,3259569
16-06-2016,295.7983093,300.4508204,291.3165194,300.1093782,2614007
17-06-2016,304.7618713,306.3838661,294.0482708,297.0788157,5592177
20-06-2016,311.1643677,312.4448911,302.0300402,303.9081452,3205939
21-06-2016,309.2010193,311.3352064,307.4509691,309.2436851,1615514
22-06-2016,309.9266052,313.2986212,308.0485288,310.6949079,2399688
23-06-2016,311.4205627,312.2315602,309.0302651,311.3352022,1405739
24-06-2016,303.7801819,307.3229192,297.6763968,304.7619005,2445195
27-06-2016,299.7678833,305.5728624,298.5727201,302.2008465,2697253
28-06-2016,304.8471985,306.0423615,300.3227435,300.7922409,3541398
29-06-2016,304.078949,307.5790204,302.4142883,306.042415,2469054
30-06-2016,313.1278992,315.8596388,303.4386829,305.6155646,4076692
01-07-2016,314.4510498,318.2925916,309.5850949,312.2741684,2907785
04-07-2016,318.7194824,320.8963353,314.9206346,316.3291848,1855655
05-07-2016,312.3595581,319.2743398,310.3961212,319.2743398,1559936
07-07-2016,310.1827087,316.9694063,309.5851272,311.5912588,2606039
08-07-2016,303.097229,309.2436797,301.3471788,307.9631848,1746867
11-07-2016,307.1948853,312.3596179,305.6582797,312.3596179,2437511
12-07-2016,310.1399841,311.1643972,307.3228554,309.3716815,1333227
13-07-2016,310.4815063,312.4022776,306.5546033,312.3595829,1609500
14-07-2016,313.2559204,313.8961967,308.9021861,310.3961256,1097465
15-07-2016,323.4573669,324.3537249,311.93274,311.93274,2814751
18-07-2016,309.585144,324.3963979,308.2192597,324.1403163,3592796
19-07-2016,310.9937439,314.3230655,305.2741246,306.5119537,3552577
20-07-2016,310.2253723,313.2559171,308.4753512,310.9083144,2845114
21-07-2016,314.0242615,315.6035616,309.4570823,312.3595719,2198453
22-07-2016,313.5974426,315.6889641,310.8230079,314.1523296,2559958
25-07-2016,317.5243225,318.2499594,309.9693216,310.7376243,1850765
26-07-2016,315.7315674,318.3779752,313.170549,315.8596226,1862583
27-07-2016,318.036499,322.0487621,314.4937333,316.4571991,2593217
28-07-2016,317.4816589,325.9330468,310.3961554,325.9330468,8216550
29-07-2016,309.0729675,317.4816608,307.7070831,317.4816608,4178023
01-08-2016,310.7375793,313.2985977,309.1155847,310.268053,1775282
02-08-2016,305.4448547,311.4205847,303.6094439,308.9449264,3557285
03-08-2016,306.3411255,307.6643148,301.5605602,306.597236,2491473
04-08-2016,312.6583862,314.7925733,301.3898694,307.1521831,3301158
05-08-2016,310.7375793,317.1401397,306.9387321,313.4693477,4259304
08-08-2016,300.1093445,311.5058865,298.1885735,309.8838918,5372323
09-08-2016,298.3165894,303.0971839,294.3043264,301.2617734,5734542
10-08-2016,295.7555542,301.6885878,294.5177254,299.6397906,1704178
11-08-2016,296.8354492,297.178266,293.1073277,296.7497523,2758046
12-08-2016,298.0781555,299.1066058,294.9071076,295.0356675,2615030
16-08-2016,293.4930115,301.1206486,291.136157,298.6780971,4152972
17-08-2016,296.2354736,299.535081,294.3928591,294.3928591,3575486
18-08-2016,302.6633301,303.3061297,297.2639872,298.5923914,2093475
19-08-2016,301.1634827,304.2488044,297.6496183,303.391777,1895295
22-08-2016,300.1350708,302.5347593,296.6212059,300.8207044,983587
23-08-2016,303.1775818,304.591683,295.4213839,298.2496154,2546554
24-08-2016,302.1919861,307.1199523,299.9636623,303.3918304,1809971
25-08-2016,296.5354614,303.3917671,294.9070747,301.034913,3583163
26-08-2016,294.7785339,298.3352614,292.7216624,297.8210218,1250748
29-08-2016,293.621582,298.0353083,287.3223198,294.3929126,2828305
30-08-2016,284.4083557,294.907086,281.7515477,293.7500759,4487274
31-08-2016,284.236969,288.7364208,281.8372517,284.7511796,7103241
01-09-2016,266.410553,284.8368738,258.3972367,282.8228362,39290697
02-09-2016,273.3097229,275.0666406,262.6824325,264.0965335,17010250
06-09-2016,275.5380554,276.6522028,267.9532518,273.3097607,7841855
07-09-2016,274.381073,276.3094141,270.9100706,272.9669717,3788590
08-09-2016,278.023468,280.4231856,273.3954557,274.3810431,3819474
09-09-2016,276.0522766,280.0375185,272.8383943,277.25215,3280689
12-09-2016,272.5812073,275.9236777,269.1959029,272.4526474,3494956
14-09-2016,274.1239319,277.03786,271.7670484,271.7670484,2224288
15-09-2016,276.5664978,278.5376726,271.5956688,273.4383127,2301243
16-09-2016,277.3378296,279.8232441,275.1952319,276.0522594,3584872
19-09-2016,277.8092346,278.5377022,275.1523969,276.8236471,1697274
20-09-2016,273.5668335,277.6806349,272.2812923,277.6806349,3040194
21-09-2016,275.8380127,276.8236292,273.2240382,274.5953054,1845538
22-09-2016,280.2517395,281.065933,276.523618,277.3378114,1642721
23-09-2016,280.2088928,282.8228379,277.6806156,279.3946994,2369838
26-09-2016,274.5524902,281.7087517,273.4811768,279.3947598,2391218
27-09-2016,269.7958679,275.8808438,269.1530974,275.8808438,2490305
28-09-2016,275.7523193,277.2092835,266.6248544,268.7245892,3263576
29-09-2016,270.5672302,277.4235374,269.195963,276.3950869,6941546
30-09-2016,269.1102295,271.252827,264.053704,270.6100565,6355157
03-10-2016,273.1383667,274.2525142,269.1102906,269.1102906,1672721
04-10-2016,277.6806335,278.4091011,270.9100239,272.1098681,2908344
05-10-2016,275.7094727,279.5233208,274.7667481,275.9665925,1439691
06-10-2016,276.2236328,278.7518808,273.4810989,278.49479,1741337
07-10-2016,273.7811279,278.0663233,271.8527871,276.4807993,1477152
10-10-2016,270.7386169,274.1667556,269.9672575,272.6240946,2687189
13-10-2016,262.896637,269.0244744,261.825353,268.2102811,3440146
14-10-2016,261.7396545,263.8822518,259.1685436,263.8822518,5431236
17-10-2016,258.2258301,262.1253451,253.8977724,261.7396654,3779712
18-10-2016,262.8110046,263.9680149,254.5834311,258.8257633,5102965
19-10-2016,263.0681152,265.2107127,260.539838,262.8109954,5073975
20-10-2016,264.9107666,266.1106399,261.3969016,263.1966826,5290430
21-10-2016,265.4677734,266.8819033,261.9110753,266.8819033,2362713
24-10-2016,262.8110046,263.9680149,260.2398934,262.5538848,2185144
25-10-2016,267.2247925,267.7390032,258.5686752,260.1113654,4024793
26-10-2016,272.281311,276.7379005,269.7958965,269.9672903,6538988
27-10-2016,276.9093018,279.0947333,268.7674251,269.5816185,5615716
28-10-2016,273.2668762,276.7807409,272.7526656,276.7807409,1566275
01-11-2016,272.0670471,274.8524154,271.0385967,272.5384238,2398681
02-11-2016,265.3392944,270.4815468,264.5251299,270.3958499,2221637
03-11-2016,264.7821655,270.2672336,261.6539808,264.8250285,2989059
04-11-2016,262.8538818,266.1534902,260.582753,265.4678565,2376146
07-11-2016,261.9111633,267.3105067,260.2827761,267.3105067,1847168
08-11-2016,261.3112183,262.8967425,257.968776,262.7681825,1527704
09-11-2016,257.96875,261.3968889,242.5849009,246.8272478,5669889
10-11-2016,264.525116,269.1959623,259.8971036,261.3969017,3190980
11-11-2016,258.3115845,263.9251844,255.6976099,260.5398793,1886129
15-11-2016,259.382843,261.3111838,251.9694628,259.6828258,3114405
16-11-2016,265.3821411,266.8391053,259.9399352,261.4397624,2746958
17-11-2016,254.6691284,270.4815049,252.9550446,266.8819433,4236589
18-11-2016,260.3255615,260.9254981,253.0407422,255.7404131,3641254
21-11-2016,256.683136,261.8682209,254.9262184,260.8826337,1826207
22-11-2016,260.4969788,261.7825489,252.826479,257.9687305,3327374
23-11-2016,257.5830688,264.1822848,256.3832246,261.7825673,1970256
24-11-2016,259.1685791,261.1397828,255.7404404,257.9687349,4795418
25-11-2016,257.96875,262.2539454,255.9547122,259.597108,2099139
28-11-2016,273.2240295,275.2809303,257.9687546,257.9687546,4886483
29-11-2016,278.4090881,279.3947045,271.5099479,274.9380865,4516337
30-11-2016,278.1948242,280.0803309,277.5091907,278.537641,4993485
01-12-2016,272.7098083,278.3662708,268.7245669,277.6806372,7124295
02-12-2016,273.0526123,275.3666037,269.3673538,269.9672614,1836012
05-12-2016,280.0375061,281.6658932,272.1098857,272.1098857,2481220
06-12-2016,281.8372498,284.4940869,278.3233853,280.166029,3142493
07-12-2016,281.2373657,287.0652517,278.6234201,282.565799,2899591
08-12-2016,284.9225769,286.2509808,281.4515757,283.508447,2061325
09-12-2016,284.5369568,289.2078321,282.0515422,286.3796007,2646396
12-12-2016,282.0943909,282.8228584,279.8660963,282.3943447,775144
13-12-2016,282.8228455,283.6370389,279.3947068,279.3947068,1063869
14-12-2016,276.4807739,282.6085836,275.5380206,281.1944826,1481398
15-12-2016,272.9240417,276.2665124,272.1098483,274.9380793,3073256
16-12-2016,265.8963318,273.9096486,264.3536708,273.3954379,4401700
19-12-2016,261.8254089,266.9676313,260.6255358,266.024878,4126010
20-12-2016,259.2971497,262.8967114,256.3403585,262.2539408,3596096
21-12-2016,258.568634,262.5538752,257.1116701,260.6255346,2651665
22-12-2016,250.4696198,257.9258625,248.755565,256.6831554,3156188
23-12-2016,253.2978363,254.6691033,249.5268812,253.1692764,2047449
26-12-2016,253.7692108,254.5405412,247.4271157,252.3979439,2719536
27-12-2016,256.7688599,257.7973102,249.5269028,253.683538,2548216
28-12-2016,256.683136,259.7684866,254.3691448,256.2546223,2899350
29-12-2016,259.6828308,260.925538,254.9690927,258.3115637,3551526
30-12-2016,261.9539795,263.1966868,257.1974361,258.2258866,1955045
02-01-2017,266.539093,267.3961203,259.7684844,259.7684844,1643255
03-01-2017,260.9255371,269.067385,257.1116895,267.3533301,3286354
04-01-2017,269.0245056,270.1386527,256.3831787,259.1685465,5776206
05-01-2017,275.1952515,276.8236386,265.7249695,268.3817781,4268281
06-01-2017,274.038208,282.8228553,272.7955008,273.5239974,2656936
09-01-2017,272.4955139,275.4523046,270.9956871,274.7666712,2635116
10-01-2017,274.3382263,275.1095569,271.7242517,273.3954728,1058176
11-01-2017,276.6093445,278.2377316,273.2240394,275.1952433,2609766
12-01-2017,275.795166,278.8376542,274.2524759,277.2092671,1680284
13-01-2017,274.4238892,278.5376615,270.8243275,276.3093669,2614161
16-01-2017,273.0526123,277.1664135,271.9384651,274.2524565,1871694
17-01-2017,272.9669189,274.0810662,271.7670457,273.3097357,2050997
18-01-2017,269.0245056,273.2239743,266.7533484,272.5383698,3670155
19-01-2017,271.7670898,276.4808285,266.5391695,269.1102812,2526854
20-01-2017,274.7238464,280.6802627,269.15311,269.15311,3784887
23-01-2017,273.9524841,275.9665216,270.3100598,275.1094943,1985278
24-01-2017,271.2528687,273.3954665,269.6673445,272.538439,2393587
25-01-2017,266.8390808,269.7101749,261.3968754,261.3968754,14931206
27-01-2017,277.4664001,281.1088251,265.9392176,265.9392176,3540993
30-01-2017,296.2354736,317.0615392,276.0522075,276.9092639,23241046
31-01-2017,298.42099,302.5347625,294.0072346,299.1494866,11732135
01-02-2017,295.7641602,299.8779324,291.521799,296.5354906,4103983
02-02-2017,302.7918396,308.3626045,295.0356434,295.6784139,6964972
03-02-2017,303.2203979,310.2481278,301.8491598,302.7918842,2662623
06-02-2017,304.4631042,305.9200684,302.2348096,303.3918199,1504449
07-02-2017,302.6633301,307.5055993,300.6492922,303.5632206,4062008
08-02-2017,301.8491821,304.9773675,297.3068665,304.2488709,4888372
09-02-2017,304.4631042,305.9629314,300.6492855,301.7205989,2043938
10-02-2017,306.4342651,308.8768163,304.2916677,305.9628885,2203893
13-02-2017,306.862854,308.5340752,302.834778,302.9204749,3669035
14-02-2017,316.2044983,317.0186917,304.2488041,306.3914015,4739203
15-02-2017,313.076355,319.2470282,308.6197657,317.0187336,3974478
16-02-2017,313.4191895,316.1617239,308.791177,309.6482045,4049974
17-02-2017,316.6759033,318.9899238,310.5052303,314.5333057,2551827
20-02-2017,321.6895752,324.81776,317.2329574,317.2329574,3876138
21-02-2017,310.976593,323.875012,308.105499,318.9041835,7028108
22-02-2017,309.3911133,319.2470458,307.7627262,311.0194714,7531248
23-02-2017,313.8905334,343.6726429,311.7050729,317.9614718,39500561
27-02-2017,304.8488159,314.919035,302.1491442,314.5333551,10077345
28-02-2017,312.9477844,319.7612571,305.4487072,305.9629179,13488220
01-03-2017,310.8908997,316.1188486,309.7767523,315.8617287,3826413
02-03-2017,305.8343811,313.6763047,301.8491684,311.9622206,4657721
03-03-2017,305.2344666,309.8196159,302.791886,305.8343742,4021692
06-03-2017,309.8195496,311.9621468,306.1342915,308.5339796,3302817
07-03-2017,309.4767761,310.6337864,305.4058378,309.3910792,3171320
08-03-2017,309.1339722,312.0479004,307.2484943,308.7054584,3024515
09-03-2017,308.7054749,310.162439,305.6629866,308.405492,1304223
10-03-2017,312.733551,314.1048183,308.4912184,309.262549,2319807
14-03-2017,309.4767761,316.9330192,307.3341785,313.6762743,5921380
15-03-2017,311.2765503,313.8048276,305.2772714,308.5340162,7389777
16-03-2017,309.091095,313.3334562,307.7626909,311.9621891,2670827
17-03-2017,297.2639771,311.1051506,294.8214255,309.5196556,6378625
20-03-2017,299.4494324,301.9348468,290.7504818,296.5355042,4737850
21-03-2017,299.8779602,301.5063473,295.7213246,299.1066297,2511084
22-03-2017,289.8505859,298.6780962,279.2232948,297.3925261,8955493
23-03-2017,290.1076965,292.8502017,287.5794192,290.3647873,4762081
24-03-2017,291.8217773,297.9924501,289.8505737,292.5931078,5308761
27-03-2017,290.2791138,292.9787852,287.2366256,291.3932611,3212610
28-03-2017,292.0360413,294.3928957,290.1933975,292.1645722,2316105
29-03-2017,295.5498352,296.8782682,292.4216507,293.5357978,9825597
30-03-2017,300.9921265,302.0205769,293.2787915,295.5499203,4345156
31-03-2017,300.0065002,301.934841,295.678442,299.9636373,5787371
03-04-2017,292.9359436,296.5355054,288.1793716,296.5355054,7333921
05-04-2017,295.2499084,297.6067628,290.6218967,293.9215044,4693744
06-04-2017,292.9359436,293.964394,289.3363818,293.964394,2412374
07-04-2017,295.4213562,300.3493221,292.8930788,294.8642826,6347228
10-04-2017,296.2783813,298.5923729,293.1501963,298.5066759,1532435
11-04-2017,300.1350708,304.8916429,293.8358376,293.9643976,2327556
12-04-2017,300.6492615,303.3060987,295.9784156,297.3925167,2529238
13-04-2017,291.6075134,302.9633015,290.750486,299.9636473,6554985
17-04-2017,292.5073853,294.2214691,290.0219709,293.7929554,2089233
18-04-2017,290.3648071,294.2643518,288.2222094,291.3932575,6170878
19-04-2017,291.3504333,292.8930945,285.1797309,290.8790566,2779410
20-04-2017,293.7500916,294.6499819,289.7220163,293.107321,2097176
21-04-2017,293.7929688,296.535503,291.6503711,293.1073352,1500170
24-04-2017,295.378479,296.92114,290.2362565,294.8214054,1487606
25-04-2017,303.3489075,308.3625987,292.5930867,293.9643536,4747068
26-04-2017,306.4342651,308.5339996,301.6776936,303.3489144,3272330
27-04-2017,306.7342224,310.2052239,303.177524,303.6060377,4978376
28-04-2017,304.6773376,306.7342383,300.3921716,304.5059438,2985691
02-05-2017,297.9068298,305.0630917,297.1354701,304.6774119,2436068
03-05-2017,296.8354492,299.9636342,294.6928516,298.3352762,2616848
04-05-2017,296.5354614,301.1634729,294.5642579,297.1353689,1345900
05-05-2017,295.4641724,299.1065969,294.0929053,296.9211364,1708526
08-05-2017,301.0777588,304.4630633,295.0785092,295.4641599,2955948
09-05-2017,295.8926697,300.820664,294.4785687,299.9636076,3126657
10-05-2017,319.4612427,326.0175948,288.3935947,288.3935947,27085852
11-05-2017,313.6763,317.8329356,310.6338118,317.104439,8059693
12-05-2017,312.9049377,317.3615267,309.8195868,310.4623574,4070508
15-05-2017,312.0907593,317.0615881,309.7339048,313.6762833,4132180
16-05-2017,320.83255,323.6607813,313.2049127,313.5905635,6500818
17-05-2017,322.2037964,326.4461285,318.1328581,318.1328581,5842838
18-05-2017,317.7471924,327.0460496,315.9045487,320.2754405,3683713
19-05-2017,319.4612427,325.2462644,315.5188646,319.6754995,6026064
22-05-2017,319.289856,324.4749412,318.3042687,320.5325631,3037325
23-05-2017,318.7328491,322.4609712,317.9615185,318.8614091,6451328
24-05-2017,315.6903381,319.6755508,313.3763175,315.3903553,7704006
25-05-2017,317.7043762,322.5466454,309.1768482,314.5333281,15733429
26-05-2017,320.1897888,326.0605084,315.8188964,316.2474101,3171630
29-05-2017,319.7612305,324.7320589,315.3046127,321.1324975,2214859
30-05-2017,317.7043762,322.9323252,316.5473659,321.2182412,2172819
31-05-2017,318.4328003,323.0179486,315.4331467,320.5325346,17087943
01-06-2017,314.4476318,320.0183686,313.5477414,317.1044403,2467620
02-06-2017,319.8898315,326.8318354,316.9330403,317.7900678,5747881
05-06-2017,319.1612854,323.7892969,318.2613951,319.8469189,2588187
06-06-2017,316.2473755,319.2470004,314.5332917,317.1044029,3666864
07-06-2017,319.5041199,321.6038544,317.961459,320.0611935,4307736
08-06-2017,315.1332703,320.7897331,314.2762137,319.6327227,3858535
09-06-2017,315.2189026,318.0471334,313.8904986,315.1760396,3205017
12-06-2017,312.9906616,318.6471243,311.5765315,314.4476258,2462371
13-06-2017,311.2765503,315.8188652,310.3337969,311.9621838,1257634
14-06-2017,313.2477112,315.8616853,309.8624357,311.5336564,2338631
15-06-2017,313.076355,317.5329443,312.3478584,313.2477489,2823152
16-06-2017,312.6906738,314.9618314,309.0482781,313.6762902,4962261
19-06-2017,314.9618225,316.0331358,311.3194269,311.9621974,1888109
20-06-2017,314.1904907,317.8329154,313.4620232,316.0331345,2553936
21-06-2017,314.7904358,315.5617663,312.3907183,314.0191053,2945763
22-06-2017,313.8476563,316.2045106,310.6766085,315.1760603,7013343
23-06-2017,313.8476563,315.8616938,311.319408,313.5905364,5681037
27-06-2017,318.3471375,322.1609561,312.8192348,312.8192348,4226917
28-06-2017,323.2750854,327.0889036,314.9617867,321.3038819,4209925
29-06-2017,327.7745667,331.1170084,323.7036283,323.7464623,4698010
30-06-2017,325.4177246,329.0172864,319.3327484,327.7745791,3628132
03-07-2017,327.4317932,329.2315743,322.9323406,326.9175535,1687712
04-07-2017,325.0748596,329.0172376,324.0464094,329.0172376,1836644
05-07-2017,322.5037842,324.3892911,319.9755356,323.1037208,2338530
06-07-2017,326.7889404,328.1173735,320.4897078,322.7180022,2399488
07-07-2017,330.7313538,332.1454839,328.2459392,329.1029957,4849963
10-07-2017,347.7007141,351.5145326,334.373752,336.0021389,2101702
11-07-2017,338.9160767,350.4432583,337.2019928,346.3723199,6175288
12-07-2017,340.3302002,344.7868187,338.0590425,340.9301369,2894251
13-07-2017,346.3875427,347.8911562,342.5640959,345.6142649,2879273
14-07-2017,349.6954346,351.0701634,345.5712772,348.0199947,2424013
17-07-2017,350.9413147,352.2730725,348.793308,351.8434769,2517635
18-07-2017,350.8124695,369.4571675,349.0081448,349.0081448,4039652
19-07-2017,361.9391479,363.2709058,349.9102977,352.2731024,5104135
20-07-2017,360.6932678,364.7315122,357.5142144,362.5835056,3406260
21-07-2017,353.3900452,358.28751,345.914978,358.28751,12143745
24-07-2017,360.9080811,363.0131166,348.8792315,349.6954804,5425590
25-07-2017,367.5668945,370.8318613,359.7051741,363.1419965,7134553
26-07-2017,366.2351685,369.5001355,362.3687501,369.4571643,5764897
27-07-2017,357.471283,366.6647619,353.5189514,366.0203686,15443045
28-07-2017,355.1084595,356.9986973,350.7265326,354.8936617,1940125
31-07-2017,359.9629517,362.1109585,352.2730867,356.5691003,2953735
01-08-2017,358.3305054,363.4427392,355.4951339,360.9940212,2448373
02-08-2017,357.299469,363.1420387,354.635924,361.595483,2195053
03-08-2017,364.4737549,365.2470327,355.065508,357.3853413,2812811
04-08-2017,361.6383667,363.7434313,353.6477913,363.7434313,3004061
07-08-2017,358.6741943,363.0990637,357.8149741,361.5954792,1299253
08-08-2017,358.9749146,365.1611667,355.7958606,358.7171456,1994391
09-08-2017,357.471283,359.9629722,353.9915181,359.9629722,1360936
10-08-2017,357.6431274,361.2947187,354.249276,356.6550228,1661135
11-08-2017,356.1824951,359.146722,352.2731057,353.991517,2538665
14-08-2017,351.0272217,356.0965128,348.1059373,354.8506683,2234285
16-08-2017,350.3398743,353.2182167,346.9030809,349.695481,4181433
17-08-2017,357.7290344,360.8651168,348.7933249,353.1323097,3282886
18-08-2017,361.7243347,362.9272081,354.6358919,355.6669386,3062360
21-08-2017,360.1347656,365.8484497,358.7170656,363.8293276,2075746
22-08-2017,362.6694641,365.1611533,357.9008834,363.1850021,3456653
23-08-2017,371.0896301,372.8939546,364.4737542,364.5167254,4754764
24-08-2017,371.9917603,373.1946335,367.7386892,372.0347023,2773039
28-08-2017,373.2376404,376.459636,369.6289913,372.8939581,2806489
29-08-2017,367.8247375,374.1828167,367.180315,374.1828167,2102533
30-08-2017,368.5979614,370.9177949,367.3091457,370.7459683,2389197
31-08-2017,367.4810181,371.0037251,364.4308488,371.0037251,7912495
01-09-2017,363.0560303,369.8437318,361.8960992,369.4570784,1996184
04-09-2017,357.7720032,365.1181859,355.4521407,363.4427167,1409182
05-09-2017,349.2658386,356.4831358,341.8766858,355.7957714,7204076
06-09-2017,345.8290405,348.4496139,345.0127916,345.0127916,2064288
07-09-2017,341.3612366,350.0821485,339.4280275,345.9149902,2642421
08-09-2017,346.6882629,347.848165,340.7597518,341.8767117,2013742
11-09-2017,346.2157288,350.0391757,342.3922818,349.6954935,1612161
12-09-2017,348.1489258,349.6954814,341.9626453,349.6954814,2583110
13-09-2017,345.0987549,350.2969307,343.5092281,350.0391617,1877714
14-09-2017,342.7359924,349.2659268,341.1034943,349.2659268,1667328
15-09-2017,340.2442932,346.2157474,337.9674017,343.6810869,5339372
18-09-2017,340.8027649,344.7550965,339.5569203,342.8218873,1309340
19-09-2017,339.2132263,342.8218755,335.6045771,342.8218755,1103781
20-09-2017,340.9745789,342.7359613,318.7642038,318.7642038,11779464
21-09-2017,343.7669983,345.7431787,334.8742594,336.8074685,6557075
22-09-2017,339.685791,344.4973135,336.1630552,341.9626532,5273742
25-09-2017,334.8742065,341.0175154,332.8550844,341.0175154,3002284
26-09-2017,332.8121338,337.1511185,329.1175715,332.7262205,4203146
27-09-2017,331.6092834,335.0890482,330.1916123,333.3276948,2714173
28-09-2017,328.2583923,334.1439328,324.349003,332.9410304,16167139
29-09-2017,334.6164551,336.6785485,325.7666883,328.1724349,5337179
03-10-2017,330.4923401,337.5807545,329.0746397,336.8074766,1842563
04-10-2017,324.0482788,332.1247679,323.1461166,331.6522303,3138906
05-10-2017,324.5208435,327.0554746,320.6114544,323.7045945,3371352
06-10-2017,328.473175,329.5471639,324.9504393,324.9504393,1065853
09-10-2017,325.5947876,327.8716785,324.3919145,326.8406319,1192143
10-10-2017,330.4493408,332.9840011,322.2009957,326.0244427,1502210
11-10-2017,346.7312622,349.1800094,331.652271,331.8240976,7774168
12-10-2017,343.895813,347.8052017,339.9864533,346.4304729,4023386
13-10-2017,370.2304382,375.4715856,361.5524973,369.4571604,45960026
16-10-2017,389.4765625,393.3429805,371.3473748,371.3473748,21145098
17-10-2017,400.34552,403.2668049,391.0231563,391.7964633,18843801
18-10-2017,396.9086914,402.9660879,393.0852443,402.1068677,9015866
19-10-2017,407.0472717,410.5270363,398.2404177,399.5292334,2646228
23-10-2017,427.3244019,430.8041662,408.1212268,408.1212268,29564820
24-10-2017,431.3626709,433.6395621,424.1453729,424.1453729,17646810
25-10-2017,443.1337585,445.0669675,424.3601776,432.0930136,10080877
26-10-2017,439.3103333,446.2269206,431.7063814,439.5681022,11031934
27-10-2017,416.9710083,439.6539469,414.9948283,439.5680336,8904315
30-10-2017,423.5009766,427.6251634,417.6154364,421.4388831,7211306
31-10-2017,427.1955261,432.5225861,418.173904,421.0092751,12690735
01-11-2017,463.196167,468.0076895,438.1933629,445.4965745,35708310
02-11-2017,466.7189026,471.3156273,455.8929261,468.222487,10951971
03-11-2017,465.0434265,485.2776499,461.6495752,466.7188957,18131291
06-11-2017,457.5683899,467.9217704,452.928694,463.8835258,8295950
07-11-2017,441.9308777,461.0481405,439.9976687,460.4466893,7054590
08-11-2017,425.5630798,437.3341604,415.080815,426.1645019,50336608
09-11-2017,433.2529297,436.4749252,425.5630651,431.5345185,10980638
10-11-2017,432.5656128,439.6969981,426.6800721,435.6157821,10487687
13-11-2017,427.8829651,435.4010042,426.7230337,432.1789791,7079805
14-11-2017,428.0117798,433.8114065,425.1334665,429.3865087,6449030
15-11-2017,418.2168884,428.7421243,415.4244593,427.8829041,9690914
16-11-2017,420.9234009,425.2194146,413.4053623,420.1501231,10682218
17-11-2017,424.0165405,434.7136334,421.9115047,425.3053564,11712737
20-11-2017,423.2861938,426.7659585,420.1501115,424.5749805,5804375
21-11-2017,432.3937378,437.5489716,424.8757284,425.5630929,10087242
22-11-2017,428.8280945,436.0453934,425.6920118,433.4677908,3621523
23-11-2017,426.46521,435.6157164,424.0164632,432.1788941,5918577
24-11-2017,426.8518677,430.6753436,425.3053121,427.0237233,3900017
27-11-2017,427.8829651,429.4295499,421.8685396,426.0786403,3499938
28-11-2017,422.7277832,427.8400466,421.1812274,427.8400466,3346897
29-11-2017,425.949707,427.2385227,421.0093002,422.7277114,5898170
30-11-2017,426.551178,429.0858383,421.6966842,423.028442,14879534
01-12-2017,415.9829712,428.6561848,414.006791,428.6561848,6127500
04-12-2017,416.1118164,422.7276921,414.5652609,416.7132676,3040197
05-12-2017,421.5677795,422.6847396,409.7107856,417.271766,4264268
06-12-2017,415.3814697,423.5868422,411.5580234,418.0020429,8331495
07-12-2017,442.2315674,445.496534,416.0258923,416.7132568,6949368
08-12-2017,451.2102966,456.1077616,442.575298,442.6182692,14197096
11-12-2017,457.6972351,462.2510176,450.5229083,456.0647663,12378453
12-12-2017,450.0933533,458.7283231,447.2579818,458.0409586,3625294
13-12-2017,444.5084839,457.9550044,441.8019971,453.6589909,7920791
14-12-2017,447.0432129,451.0814581,439.0526068,444.9811191,3350247
15-12-2017,445.0240479,455.2485443,442.2745897,453.4871909,6986672
18-12-2017,452.1553955,456.9239759,425.3912379,433.9832652,10462828
19-12-2017,461.0482178,464.1413294,446.9572726,452.5850739,6870721
20-12-2017,454.432312,464.69978,452.3272763,463.9694734,7494558
21-12-2017,450.308075,456.8809792,448.5037506,454.0885502,5651594
22-12-2017,454.1315613,463.0672706,449.7496345,452.7138902,9484716
26-12-2017,466.5040894,469.468316,451.2961864,456.2365932,6436620
27-12-2017,459.3727417,470.4134874,455.8929478,467.8358849,6700159
28-12-2017,456.5373535,461.864414,455.4633355,459.2438404,8699172
29-12-2017,455.0766907,462.6376709,448.5037859,456.9239573,7502053
01-01-2018,453.5730896,462.3369434,451.4250828,456.2366052,4807939
02-01-2018,443.8211365,457.8691087,439.7828918,457.8691087,5242199
03-01-2018,445.2388,451.5109644,442.2745445,446.0550199,6333269
04-01-2018,449.3630066,452.9716558,442.0597948,445.926213,5953924
05-01-2018,463.9694519,466.1174588,445.5395525,451.0814108,8008838
08-01-2018,443.649353,458.9431422,441.8020571,458.9431422,12287843
09-01-2018,438.0214844,447.6874994,433.6395289,445.0669261,7541257
10-01-2018,435.1001892,444.6373492,433.2958648,442.4893426,6667296
11-01-2018,442.2745667,443.9500067,432.3507818,436.4749397,5905519
12-01-2018,437.8067017,444.508491,433.467746,443.3485597,4847824
15-01-2018,433.4677429,439.868792,431.7063605,438.0215254,2834570
16-01-2018,427.2385254,441.3294395,422.2121761,436.4749459,6420450
17-01-2018,429.5154114,432.3507826,422.2551421,425.3053111,6824337
18-01-2018,425.3053589,437.1623541,423.5869475,430.4605641,7912892
19-01-2018,427.7970276,429.81615,415.424495,415.8541197,9966300
22-01-2018,421.6107788,428.3125395,419.2909162,425.8208503,4532165
23-01-2018,422.8136597,428.570316,419.9782882,424.4461578,6150836
24-01-2018,394.8036499,418.4317261,391.0661161,418.3458128,29348889
25-01-2018,388.9610291,398.240391,381.8725868,398.240391,20580178
29-01-2018,378.5646667,383.5480152,373.7960869,381.485951,27139736
30-01-2018,381.0206299,390.1007801,378.1236142,381.0206299,10679523
31-01-2018,380.3721008,385.6905006,377.388614,382.6637638,7069368
01-02-2018,379.1181335,386.5552249,371.9404834,380.5450311,8096718
02-02-2018,365.2384644,380.9341622,359.5741825,378.5992788,6668088
05-02-2018,380.6747437,386.3390254,355.5962041,361.2604858,15080352
06-02-2018,379.7667236,387.2037855,361.9523049,363.2062319,9331070
07-02-2018,372.0702515,388.6307459,369.3462058,384.7824937,10982569
08-02-2018,371.6810608,377.0426806,367.530118,375.3131211,6173490
09-02-2018,365.3681641,375.2698589,362.9467809,366.665341,5393964
12-02-2018,367.011261,372.7187926,364.3736865,371.6810569,3987231
14-02-2018,376.0049744,379.2046524,368.6543533,368.6543533,10468199
15-02-2018,370.9460144,379.8964452,369.0002635,379.8964452,4583095
16-02-2018,362.9468079,376.1346812,361.8226015,376.1346812,4403814
19-02-2018,358.3202515,363.2062388,348.6779974,363.0765182,6457099
20-02-2018,361.5631714,365.1087317,358.9688175,358.9688175,8022411
21-02-2018,362.9035645,365.3681684,360.9145638,363.2062264,4731875
22-02-2018,359.8335876,362.5576327,357.4554545,362.1684708,10769504
23-02-2018,368.0057373,370.2973999,360.698367,362.3414558,7504250
26-02-2018,365.9302979,371.8540211,363.9413263,371.8540211,4071745
27-02-2018,372.2864075,374.1456877,366.9247874,368.2219644,5188255
28-02-2018,370.6000977,374.8807613,368.3084349,371.8540247,25920217
01-03-2018,369.9082642,377.5615469,368.1787046,371.0324705,5837005
05-03-2018,364.4601746,369.346162,361.1307761,369.2164414,3863655
06-03-2018,357.9311218,369.8217887,355.0773559,366.4059196,4204736
07-03-2018,348.6780396,360.0066045,338.3439605,355.1206166,12064643
08-03-2018,347.0349731,358.1041268,341.5868816,355.8557137,8664079
09-03-2018,347.7700195,353.2613606,343.7920469,350.1481531,5093353
12-03-2018,364.5466309,367.0977348,349.3698159,350.234581,8387164
13-03-2018,368.6543274,371.6810638,363.3359575,365.8005615,5712773
14-03-2018,365.4546814,368.3084475,361.9523414,368.3084475,4194515
15-03-2018,363.5954285,366.9247978,360.828133,365.4546795,3636202
16-03-2018,360.3957214,369.0434897,357.7148969,359.0985445,8030364
19-03-2018,345.6080627,364.5899101,343.0569586,361.4767028,6000592
20-03-2018,346.2566528,348.9374777,339.5978846,345.0459757,8280683
21-03-2018,361.6496582,363.3359678,347.8132403,348.5050349,9266412
22-03-2018,359.4012451,363.4224381,356.3745086,358.0175975,5382163
23-03-2018,356.8934021,362.2982429,350.4075755,356.8501521,5696201
26-03-2018,364.503418,365.8005657,351.6182361,356.2880322,4884776
27-03-2018,357.3258057,365.281751,353.001921,364.9358391,6746611
28-03-2018,344.786499,357.1960484,341.9327331,355.4232682,11413279
02-04-2018,341.6733093,347.4240914,337.6953368,345.4783405,5533293
03-04-2018,347.8132629,349.369852,338.3439494,338.3439494,5059176
04-04-2018,341.6300659,350.0616429,339.8140358,349.3698191,4025117
05-04-2018,340.6356201,346.6890352,338.2574572,344.2676809,9747139
06-04-2018,332.8958435,342.8840099,331.2960045,340.895009,9425575
09-04-2018,328.8746033,334.4091644,325.7181755,331.123016,13296149
10-04-2018,333.4147034,334.4091892,323.8589194,329.5232015,13281396
11-04-2018,333.1984863,337.954753,331.5121768,335.5333697,7693575
12-04-2018,328.7881165,333.3714123,327.9233221,332.0742647,4967973
13-04-2018,326.7991638,333.9768145,324.9831335,331.1662983,7738347
16-04-2018,325.7181702,328.8745979,323.8588901,326.0208321,4140008
17-04-2018,330.3880005,331.5986776,323.5562618,326.020866,6356203
18-04-2018,332.2904663,338.862763,330.6473775,331.8148338,6360948
19-04-2018,341.8895264,343.575836,333.3282283,336.1819943,3848720
20-04-2018,347.6402893,349.1104077,338.5168878,340.3329181,7492919
23-04-2018,348.3753662,351.5317943,343.1866872,347.2079098,4195101
24-04-2018,351.3156128,353.3478345,342.9705055,347.5538314,6982218
25-04-2018,363.0765381,369.6056146,356.2880496,358.4067418,22192116
26-04-2018,353.8666992,363.2062927,350.6238003,363.2062927,13874130
27-04-2018,353.4775391,356.0718639,346.7755211,351.3155968,5013031
30-04-2018,354.169342,357.3690199,349.5427666,351.96415,3633132
02-05-2018,353.2180786,357.0663303,351.0993865,357.0663303,6754394
03-05-2018,349.7157898,352.8289681,345.045993,351.3588496,4124205
04-05-2018,343.1002197,361.7794057,340.7220861,355.2935789,15994662
07-05-2018,344.3973694,349.84546,342.0192067,347.2078853,6553080
08-05-2018,346.9052124,348.4618307,343.1434605,347.1646537,3955811
09-05-2018,348.0294189,354.1260832,343.4893143,348.6779928,9019801
10-05-2018,356.3744812,357.7581287,349.2833315,350.1048466,9023511
11-05-2018,334.3227234,348.245642,329.9123682,346.0404497,25555353
14-05-2018,331.3392334,340.7220761,327.1450696,333.8038669,9823967
15-05-2018,330.3015137,335.6631341,327.1883355,331.2095289,7078344
16-05-2018,324.5939941,331.1662914,323.4265377,331.1662914,6766242
17-05-2018,317.8919678,327.7071635,316.0326876,326.2370452,9999816
18-05-2018,312.4870911,318.2810936,307.0390005,318.2810936,12433574
21-05-2018,311.3196106,319.3188046,307.1686973,312.4870669,5482372
22-05-2018,312.9194946,320.9186898,304.0555343,308.6820808,7236788
23-05-2018,308.5523987,316.3353735,306.3472064,312.8762833,6604278
24-05-2018,321.6105347,323.3400944,308.6388803,310.4549107,4997302
25-05-2018,325.9775696,328.615144,317.3730518,321.9563769,4145304
28-05-2018,324.4210205,329.3070081,320.6592393,326.5397127,6609989
29-05-2018,327.8800964,330.085259,321.0483588,325.1128014,3858054
30-05-2018,324.9830933,327.6639177,322.56171,327.6639177,3737750
31-05-2018,323.0805969,331.3824531,321.0483755,325.2425389,11979616
01-06-2018,331.8148499,333.7173507,322.1725956,323.9021552,4548210
04-06-2018,321.9564209,334.4524417,320.0539199,332.0743082,3958335
05-06-2018,315.0382385,321.9131984,309.2009852,321.1781538,5535807
06-06-2018,328.3989563,330.2582363,313.135642,313.135642,5566018
07-06-2018,328.5719604,334.0200512,324.2912968,328.3557692,4036551
08-06-2018,326.4964905,331.5986693,321.9131648,328.1828001,4298662
11-06-2018,336.2251587,338.8195123,326.6693764,326.6693764,6040503
12-06-2018,329.1772766,340.2031785,328.2260408,337.2197212,6132581
13-06-2018,324.8533936,331.1230287,322.8211721,323.4265252,7432828
14-06-2018,325.588501,332.074328,322.994176,322.994176,5218952
15-06-2018,327.1018372,328.8313674,320.1403782,327.4909698,6339567
18-06-2018,320.7457275,329.3934968,318.2811233,326.8424218,3120256
19-06-2018,321.0051575,325.0696007,319.2755978,320.8322161,3962117
20-06-2018,321.6105347,325.5885075,320.3566075,322.129388,2785850
21-06-2018,318.8432312,324.2913224,314.6058172,324.2481017,4261882
22-06-2018,323.9021912,325.5885009,316.7677609,320.7889836,3404583
25-06-2018,323.5562439,326.8423924,321.5240224,321.6969637,3337617
26-06-2018,328.7881165,330.9932791,322.7346732,323.4264969,4792013
27-06-2018,324.8533936,329.9555723,322.6482307,329.6961603,3786049
28-06-2018,326.8423462,329.8258323,318.7134321,323.1670363,6498784
29-06-2018,330.3015137,331.4689701,324.5507606,324.5507606,3820380
02-07-2018,318.2810974,329.8258819,316.1191553,329.5664406,4872211
03-07-2018,320.6159973,323.9453664,316.5947751,323.9453664,3092637
04-07-2018,317.7189941,321.6104958,313.6545511,320.7024807,4355428
05-07-2018,314.2598877,317.1569037,311.016989,315.6435354,7104382
06-07-2018,313.2654419,315.9894877,311.23322,313.0492506,8008826
09-07-2018,313.1356506,316.8542108,312.7032681,316.5082989,5248262
10-07-2018,318.0649109,319.7944705,313.4815853,313.4815853,1879352
11-07-2018,313.0491943,319.0161674,312.0979293,319.0161674,2085140
12-07-2018,313.1789551,315.6435594,311.6223659,315.6435594,2299214
13-07-2018,310.4115906,315.5137688,309.0279431,314.7787244,5311215
16-07-2018,300.4234924,311.1034837,298.1750794,307.8605848,3618410
17-07-2018,296.2293091,303.2772391,294.0241169,300.077561,5420158
18-07-2018,291.2568665,298.4345175,286.2411578,297.5697229,5322210
19-07-2018,298.3480225,300.5099649,291.9486952,293.1593724,5027938
20-07-2018,298.6939392,300.6829403,294.3268336,296.6184967,4212334
23-07-2018,310.4115906,311.3196056,298.3479541,298.7803659,4145242
24-07-2018,308.5523987,316.8974767,307.2119716,312.5303714,4350541
25-07-2018,304.6608582,307.6875653,297.0508257,307.0822414,5175174
26-07-2018,309.2874451,311.3196668,304.7041191,305.3094723,3816677
27-07-2018,315.3841248,323.3400698,304.098781,311.2331816,9016962
30-07-2018,331.4256897,336.3116767,307.2551666,310.4548442,7476176
31-07-2018,337.7817993,339.4681088,327.4909427,330.3447084,8096298
01-08-2018,332.5067139,345.0459855,330.9068748,337.2629812,9444961
02-08-2018,324.67276,334.9003971,321.365105,333.7253003,6186750
03-08-2018,325.9784241,328.0674786,322.4096299,326.2395633,3647704
06-08-2018,335.7708435,337.4681892,326.1525216,326.2830617,4039536
07-08-2018,332.4196472,336.6847927,330.1129866,335.770835,2430919
08-08-2018,335.3791199,337.6422474,325.0209139,330.8528353,3321970
09-08-2018,319.4936829,336.2495637,317.2740587,336.2495637,12249927
10-08-2018,321.8873901,326.2395725,317.796347,320.4946871,4489796
13-08-2018,322.1919861,327.0664461,315.9683562,321.1039554,4235777
14-08-2018,319.4501343,324.4116312,316.838831,322.1920072,3215464
16-08-2018,323.8023071,325.5431858,317.8833492,319.0584165,3012465
17-08-2018,323.2800903,326.4136427,318.7103019,323.8458723,3362891
20-08-2018,322.5402222,325.412665,319.7113124,324.1505315,2837782
21-08-2018,320.538208,322.4096269,316.0554562,316.8388443,3451323
23-08-2018,321.9744263,327.9369178,320.4076501,324.0634809,4746745
24-08-2018,321.1474609,322.7577699,317.7092368,322.0614185,2318341
27-08-2018,330.0259399,334.0734497,319.7983036,322.0614311,6589318
28-08-2018,327.9804077,335.7272806,326.761778,332.8113053,4072000
29-08-2018,326.3265686,332.8983743,324.4551204,329.0249083,4481303
30-08-2018,333.4642029,335.1180157,326.9794328,328.4156689,7796683
31-08-2018,334.1169739,335.9884221,327.2840585,330.6352167,8709625
03-09-2018,334.0734863,337.0764987,331.1575401,336.8588925,4176986
04-09-2018,329.3296204,333.7688393,327.0229596,332.767845,3202349
05-09-2018,323.8458252,328.8943583,318.7972921,326.4135953,6639329
06-09-2018,324.0634766,326.1525311,320.4076458,325.4996832,2611929
07-09-2018,339.1220398,340.6017795,321.0169577,325.4562064,5463110
10-09-2018,338.0775146,345.9984918,332.6808341,338.8609323,5613805
11-09-2018,329.6342773,341.559261,328.5462465,338.1645692,5815679
12-09-2018,327.8933716,332.6372625,323.6282555,331.5492022,4065958
14-09-2018,333.8993835,337.9033898,324.6727412,329.0249232,3596796
17-09-2018,332.5502625,340.34067,328.2415834,330.8964201,3424364
18-09-2018,325.282074,334.9439291,324.2810797,330.9399227,2955053
19-09-2018,322.10495,331.1139561,313.6181927,325.9783864,2182182
21-09-2018,322.4966431,330.635225,310.9633699,317.6222123,6106651
24-09-2018,310.0494385,324.5857249,305.0879707,322.4096337,7884016
25-09-2018,313.7923279,316.5342306,299.4301431,312.6607639,6854558
26-09-2018,314.4886475,317.7092658,310.8763499,315.968387,4398347
27-09-2018,310.5717163,316.3601052,308.7002679,314.6627594,4483893
28-09-2018,294.6861877,312.486623,291.726709,310.5716713,12408231
01-10-2018,284.4150391,295.9483111,280.0193246,295.0778866,10867591
03-10-2018,277.1904602,284.8938303,275.3625449,283.7622665,7389608
04-10-2018,269.9658203,276.3200201,263.0023351,274.4921049,8969681
05-10-2018,259.9122925,274.9708565,254.0803709,268.52962,7954131
08-10-2018,256.9528198,260.0864016,253.2969892,260.0864016,10015308
09-10-2018,251.5561066,258.4325554,249.8152278,257.8667735,9499251
10-10-2018,256.8657837,264.4385842,247.3780313,251.5561109,11334821
11-10-2018,248.3790283,256.6046474,245.6806736,251.5125806,5194191
12-10-2018,252.470047,254.6896709,247.7696895,250.6856648,9995231
15-10-2018,253.3840027,255.0378447,247.2474388,252.4700451,2892892
16-10-2018,255.9082947,257.5621369,251.7302151,254.5155917,3341220
17-10-2018,251.1208954,259.69469,247.7697075,258.0843809,4302545
19-10-2018,250.0763855,255.211956,247.7261917,249.8152463,4139025
22-10-2018,248.7272186,252.4265531,240.9803297,251.9478372,7247010
23-10-2018,248.8577881,252.9488313,246.3335063,246.3770394,7364748
24-10-2018,274.9273071,286.1559373,249.5105679,252.4265138,13531404
25-10-2018,257.2574463,270.1834223,254.2979673,267.2239434,16981629
26-10-2018,259.3465271,266.3535459,249.8152413,258.6066425,8719999
29-10-2018,255.9953003,264.2209183,252.4265066,260.3474819,6271130
30-10-2018,254.6896973,258.6937037,251.8607582,256.3000065,5334354
31-10-2018,254.4720764,256.7787075,242.7647004,254.9507923,8163543
01-11-2018,255.4730988,259.3900689,250.119922,255.0378864,5268238
02-11-2018,262.9152832,267.9202833,255.4730531,255.8212288,4910534
05-11-2018,266.1188965,268.0498302,261.554866,264.0124072,4841471
06-11-2018,267.7426147,270.2879483,265.8555479,266.8210295,2943744
07-11-2018,268.7958984,271.2095731,266.777172,271.2095731,307017
09-11-2018,263.0908508,266.2944815,253.3922553,254.3577371,9425801
12-11-2018,259.9749756,267.6987398,258.044042,264.1879541,6792319
13-11-2018,261.1599121,266.8210841,254.7965769,259.7994821,4317488
14-11-2018,264.4512634,273.6671164,261.5548482,263.3102262,5418605
15-11-2018,267.1721497,269.1908464,261.5548743,264.4512898,4493893
16-11-2018,292.0549316,295.6096433,265.0656388,265.8555648,25046229
19-11-2018,295.6535339,297.4528381,279.9865822,289.1146732,13062401
20-11-2018,291.3528442,297.9356018,288.1492136,292.3621927,11910774
21-11-2018,292.0110779,297.9355679,289.7729293,290.5189887,9406787
22-11-2018,287.7542725,298.2427944,282.0931002,291.3089551,9903933
26-11-2018,293.6348572,297.4528583,287.9297888,287.9297888,6623860
27-11-2018,288.0175171,294.8196961,284.462835,293.064318,7734474
28-11-2018,275.6858521,292.0988639,272.9649921,291.3967007,10180878
29-11-2018,278.4067383,282.6196875,273.8426778,281.7419984,9217365
30-11-2018,275.1592102,284.638382,272.7016395,279.986559,6595578
03-12-2018,280.6448669,281.742008,276.0369397,277.7923476,3368628
04-12-2018,279.5916443,283.936283,272.3067231,281.7420303,7156660
05-12-2018,274.5448303,281.6103282,272.262815,280.6009798,5027352
06-12-2018,266.8210754,272.9649881,265.0656676,272.9649881,6566491
07-12-2018,266.7771606,270.1563169,262.3886561,267.698746,5298884
10-12-2018,258.8778687,264.7584623,255.2792902,261.9498099,5748768
11-12-2018,254.7526855,258.3951306,247.5116323,252.7778555,9994368
12-12-2018,268.181488,272.9649705,255.8497968,258.0440491,10299827
13-12-2018,266.0310974,274.5886831,264.6706677,270.7706829,7666679
14-12-2018,280.2060242,292.6255094,267.8743316,267.8743316,22730782
17-12-2018,276.6513367,283.6729386,274.5448472,280.2060191,6809035
18-12-2018,278.9333191,281.4786528,273.4915701,275.7735852,6272518
19-12-2018,283.2340698,284.3750774,279.1527505,280.4254174,5789644
20-12-2018,277.8362427,282.2247476,275.5980939,278.2311909,5987582
21-12-2018,270.2440796,285.0333416,268.225383,280.8642593,12363968
24-12-2018,271.2973328,274.1059853,267.0404874,271.9117329,5225655
26-12-2018,281.2592468,283.4973955,265.5922953,270.5074074,8367166
27-12-2018,277.967865,284.1117777,275.5980866,283.6729332,8764732
28-12-2018,277.8362427,281.7420067,276.0369384,278.1434279,5184819
31-12-2018,274.2815247,281.6542378,273.052754,279.9865929,4210832
01-01-2019,280.425415,282.6196673,274.9836659,277.3095774,6117146
02-01-2019,274.4131775,281.7419941,271.2973397,278.1434155,6218991
03-01-2019,275.1592102,276.9146179,270.287965,274.2814915,6230813
04-01-2019,283.0146484,284.9894785,274.2376393,274.2376393,11361086
07-01-2019,285.2088928,287.7980932,282.7074257,284.726152,5511088
08-01-2019,288.9830017,291.177254,283.7168082,284.1556527,7194973
09-01-2019,293.5909424,296.5751208,287.2715039,292.4499347,8018192
10-01-2019,296.0484924,297.2333964,291.747751,295.3902257,5748158
11-01-2019,294.1175842,296.048518,288.7635977,295.9168587,5922578
14-01-2019,291.0456238,293.8542765,288.0175488,293.2398763,3674704
15-01-2019,296.4434509,297.8477771,286.5693305,289.6412718,5706902
16-01-2019,293.1081848,303.0262014,290.870066,295.5657556,7705383
17-01-2019,291.4406128,295.5657993,289.8168641,292.2744353,4569576
18-01-2019,273.0966492,291.7916763,267.0843957,290.0801647,16359865
21-01-2019,273.2721863,276.9146615,268.576496,272.7016824,8621248
22-01-2019,267.5671387,273.930444,264.6707231,273.842681,8770625
23-01-2019,266.5577698,269.8052671,265.3289991,269.2786595,5617992
24-01-2019,264.7584534,270.156306,258.4828821,269.1908243,10389592
25-01-2019,269.8930054,273.8426655,265.0656562,266.821064,6040052
28-01-2019,267.8304138,271.5167554,258.6584563,270.3318811,4546062
29-01-2019,270.2002258,271.780078,264.802343,267.6987585,3210022
30-01-2019,266.5577698,274.6326167,263.3980652,271.2095934,6553462
31-01-2019,268.9275513,272.4822335,266.0750025,267.2599064,9493241
01-02-2019,273.7109985,281.6542149,267.6987456,267.7865382,9243929
04-02-2019,269.0592346,272.7455764,265.2412335,272.0872799,3895812
05-02-2019,270.5074158,273.5354906,257.0347161,259.2728352,14678663
06-02-2019,270.9901733,272.526159,264.1879935,269.4541876,5202682
07-02-2019,273.0966492,275.9491684,267.8743219,270.8585004,3852519
08-02-2019,274.9398499,275.7736427,268.6642771,271.2096114,3413931
11-02-2019,274.018219,276.8707381,272.9649743,276.4757602,3303611
12-02-2019,273.1844177,277.0024188,271.7800914,273.5793659,2226134
14-02-2019,264.0123901,271.9994727,260.238286,271.2095467,8573394
15-02-2019,267.3476563,268.6203231,260.9843516,264.1879521,6727458
18-02-2019,265.5483704,269.585793,263.3541183,269.3663708,4440252
19-02-2019,266.5577698,275.1592539,264.6707322,266.7333254,7593977
20-02-2019,271.2095642,272.8333127,267.6548821,268.1814895,6216966
21-02-2019,271.9995117,272.9649935,265.9433916,268.4887256,5805770
22-02-2019,275.4664307,277.7923424,270.3757626,271.385111,6199607
25-02-2019,278.4506226,280.8642974,273.4916136,275.5981032,4154758
26-02-2019,276.8707275,281.3031283,275.0714532,277.0901498,5562215
27-02-2019,280.9959412,285.472209,275.9052731,279.9426964,4527145
28-02-2019,279.1527405,286.9642973,277.3095698,285.1649933,7687680
01-03-2019,270.0246277,278.933295,265.1533829,278.933295,29577827
05-03-2019,270.2002258,271.3851001,266.4699879,270.3318851,11396759
06-03-2019,271.5606384,274.9397946,270.5951568,272.9210683,7093395
07-03-2019,270.0246277,274.0181836,269.4541239,272.0872204,6466583
08-03-2019,270.9462585,273.8426741,270.0246731,271.867844,4441514
11-03-2019,292.9765625,295.8729782,270.9462744,271.2534894,17059011
12-03-2019,308.775177,310.7061107,289.0707727,292.0988475,30070085
13-03-2019,296.4434509,312.9442543,295.3463396,305.8787566,13993813
14-03-2019,300.5247803,303.640618,293.634838,295.785194,6931287
15-03-2019,296.3995667,302.6751082,290.6944992,301.9290785,11536718
18-03-2019,290.211792,301.6219283,289.0269177,296.6629196,5844953
19-03-2019,295.5657959,297.9356041,291.3967131,291.3967131,5639437
20-03-2019,293.1520996,298.3305305,291.703877,295.9168558,3309504
22-03-2019,291.00177,304.9133153,289.0269397,294.9075343,9113700
25-03-2019,287.0082092,293.9420485,283.6729489,292.1866405,5253505
26-03-2019,287.7103271,290.870061,286.3498973,288.3685939,4247229
27-03-2019,283.0585327,292.2744167,281.2153619,290.5190088,5951916
28-03-2019,289.5974121,292.2744053,278.8894393,283.1463144,13616927
01-04-2019,299.1204224,302.7628969,292.449903,293.0643031,7080411
02-04-2019,312.8564453,315.0945938,301.0513918,301.0513918,22251488
03-04-2019,307.1952515,318.605356,305.0009995,312.4614741,12250809
04-04-2019,313.1636963,315.5334746,308.9507174,308.9507174,12168154
05-04-2019,313.0320435,315.7529034,310.3111538,314.743555,3728070
08-04-2019,311.539978,319.3076104,309.4334884,314.5680235,5656181
09-04-2019,308.5996399,316.8500422,299.7348671,314.6996564,10073980
10-04-2019,298.4183044,311.0572117,296.6629263,307.8974774,4759411
11-04-2019,303.9917297,308.2924719,295.9168826,299.9104098,18189273
12-04-2019,300.1297913,307.5025039,297.5405908,304.5621922,8349759
15-04-2019,305.1766052,306.3176129,293.8542618,302.7190342,10210051
16-04-2019,306.098175,308.160768,299.0765738,305.4399083,9519380
18-04-2019,304.5183411,307.5902825,291.9671972,306.7564601,16138821
22-04-2019,306.6687012,314.6996513,295.4341205,301.9291148,15339393
23-04-2019,302.5472412,311.0548689,300.3486201,310.672522,11627154
24-04-2019,310.1945496,311.9152148,301.6869215,302.5472541,7161510
25-04-2019,314.0182495,318.2242742,306.8488798,308.5695452,11517967
26-04-2019,311.1026917,320.900849,308.091557,315.452115,5000316
30-04-2019,306.179718,312.3931754,300.2052387,309.7165981,6139942
02-05-2019,309.9078064,314.8785845,307.4224471,308.6651267,7925814
03-05-2019,316.8381958,319.1323965,310.1467821,310.1467821,9901409
06-05-2019,318.7499695,321.5699154,312.1063762,316.8381458,14870120
07-05-2019,310.6246948,325.8237648,307.2790033,325.0112218,17735230
08-05-2019,310.1945496,313.0145254,305.9885252,310.5291366,4864438
09-05-2019,301.5435486,311.8196324,298.8191815,307.087862,7998137
10-05-2019,309.8121948,313.9226398,301.3045373,304.8414173,7855974
13-05-2019,304.6024475,312.918917,300.7787998,307.3268143,6620278
14-05-2019,321.7611389,324.7244838,301.3045519,302.0692755,10954653
15-05-2019,316.6469727,323.0994076,314.2094033,321.1875839,7782551
16-05-2019,310.8637085,318.606643,306.8966619,317.3639337,4591691
17-05-2019,313.970459,316.121261,307.9481897,309.4298473,4117918
20-05-2019,325.106842,326.8752672,316.4079962,317.4117275,7858379
21-05-2019,316.0734253,325.106828,314.0659926,325.011219,4316609
22-05-2019,320.3750305,323.0516075,314.1616034,316.4079844,6791987
23-05-2019,323.8641357,333.6144728,319.4669232,322.6692459,5449864
24-05-2019,337.629364,340.3059116,325.0112606,325.0590799,9756740
27-05-2019,334.0924377,336.3866383,331.0813033,334.2836261,4004333
28-05-2019,330.3643799,336.1954904,326.6363114,333.3755144,8643505
29-05-2019,323.8641357,329.9342239,322.9560135,328.643725,4581547
30-05-2019,331.4158936,334.1402604,324.5810816,325.0112479,14152211
31-05-2019,333.4233398,336.8646111,329.2651049,333.6144985,11028688
03-06-2019,337.1991577,340.0668933,333.4710896,336.0042679,5214139
04-06-2019,336.864563,340.2580738,334.3313847,335.5263042,6749428
06-06-2019,338.2028809,340.2581034,333.1365239,337.2469689,10510811
07-06-2019,341.3573914,345.9935817,336.2910347,338.2028584,5879853
10-06-2019,347.4274902,348.5745905,338.0595291,339.1588101,5992522
11-06-2019,347.2363281,350.7732086,342.4567679,346.9973501,5668149
12-06-2019,344.0339661,346.4237756,341.3574186,346.4237756,2868026
13-06-2019,347.7142639,348.8613642,341.3096476,341.3096476,3839377
14-06-2019,337.7249451,346.9495373,336.1476784,346.5671606,5170880
17-06-2019,328.8348999,339.9235251,327.0186555,339.9235251,7087101
18-06-2019,329.9342651,332.0372775,326.158377,330.1732431,4977568
19-06-2019,326.0627747,332.658579,319.5625496,331.2247111,4008250
20-06-2019,333.1843262,334.5704043,324.2465026,324.2942922,3563847
21-06-2019,328.6437378,334.4748185,327.5922168,332.1806179,9764198
24-06-2019,329.8864136,333.1843454,328.3569664,329.9342329,3310679
25-06-2019,333.2321167,336.482229,329.3606498,330.2209824,2848907
26-06-2019,330.3165588,336.4822261,327.4488232,334.5704023,4732848
27-06-2019,333.2799072,335.3829193,325.8715604,331.9416187,13137225
28-06-2019,331.368103,334.5704258,327.4010566,333.0409489,8737050
01-07-2019,333.1365356,334.4270346,329.9342425,331.7026677,3469130
02-07-2019,338.0116882,338.8720208,332.0372388,333.6144756,3816212
03-07-2019,337.629364,340.7838676,334.331432,337.3425666,8473243
04-07-2019,346.7583618,348.9091639,337.4381899,337.7727473,8565250
05-07-2019,348.717926,354.788014,344.6075109,346.7583126,6878479
08-07-2019,340.6882629,348.3355879,338.8242288,346.0413874,3543845
09-07-2019,346.328125,347.2362472,338.4896124,340.3058567,3931858
10-07-2019,342.7434998,348.8135584,338.0595193,346.9017345,5299464
11-07-2019,344.8464966,346.4237631,340.592653,342.4567168,3513505
12-07-2019,340.4014893,344.8942811,338.5374551,344.8942811,4750306
15-07-2019,335.1439514,343.556,333.7578732,341.8353645,3524295
16-07-2019,335.287323,339.3021586,334.2358022,335.526301,3651688
17-07-2019,330.9857483,337.8205607,329.5996699,335.0961937,4765414
18-07-2019,327.401062,335.7175019,323.6729935,332.6585777,3711155
19-07-2019,324.9634705,330.7467617,321.2831915,328.3569817,2517348
22-07-2019,327.4488525,328.3569748,320.8052288,324.0553413,3120156
23-07-2019,328.4525146,333.1364945,322.5258553,327.8311601,3682410
24-07-2019,323.9597473,329.5518498,320.9486129,328.8349159,4840787
25-07-2019,324.0553284,328.3091721,319.8015144,320.2316807,7600173
26-07-2019,320.1360779,323.9597553,313.731462,323.0994227,5089100
29-07-2019,319.8015137,321.6177582,313.6358462,319.9449123,5072884
30-07-2019,330.5078125,332.945412,320.3750971,322.1435523,12960949
31-07-2019,322.717041,338.1550898,318.0330607,328.0701953,11065547
01-08-2019,309.6210022,323.8163413,306.9922445,320.2316717,9957404
02-08-2019,328.4047852,339.3022237,312.7755762,317.3639479,28586783
05-08-2019,341.9309387,345.7067966,324.1031106,325.1068418,15513355
06-08-2019,352.2070313,358.8506245,338.4896191,338.4896191,17339262
07-08-2019,349.9606934,356.5087087,346.5193922,351.7769381,12759435
08-08-2019,355.7439575,362.0529943,349.291522,349.8650573,16351434
09-08-2019,354.7880249,357.273384,348.0966118,355.6005381,7844936
13-08-2019,336.1477051,348.9091786,330.8901888,345.2767187,14292351
14-08-2019,345.2766418,347.8098201,331.9893959,339.3499528,7813907
16-08-2019,345.6112061,348.9091079,339.3499596,344.1295486,5827109
19-08-2019,345.0854492,350.1039863,343.9383491,347.4274392,4606667
20-08-2019,342.2655334,346.3759487,341.6441788,344.6075236,5364922
21-08-2019,339.254425,344.3207824,337.5815791,342.2177403,4122882
22-08-2019,337.1991577,341.4529714,335.526312,339.3499594,3171984
23-08-2019,340.6882629,343.1258324,335.0483708,338.3940625,4676421
26-08-2019,344.750885,346.6627385,331.6070667,342.1699169,5024254
27-08-2019,332.9453735,351.9680629,329.5518623,346.5193589,32805677
28-08-2019,330.555542,334.0924219,325.4891852,334.0924219,5628194
29-08-2019,328.3569946,334.3314447,326.1105836,327.2576839,6040518
30-08-2019,331.5114746,334.1880518,323.8163597,329.7908391,4855098
03-09-2019,322.0001221,330.6989685,320.7096528,330.2688022,4305439
04-09-2019,330.4599915,332.0372581,320.3272771,321.1876097,5241168
05-09-2019,332.3717957,333.9490622,325.9193605,329.7908276,3325608
06-09-2019,333.8534546,338.3940659,329.8864083,334.7615769,6392799
09-09-2019,340.7360535,341.6441757,334.1402494,335.4785083,3782198
11-09-2019,339.4456177,345.9936327,335.7175193,345.8024444,4900745
12-09-2019,332.2283936,342.6000852,331.46367,342.6000852,5639186
13-09-2019,327.9267578,334.2835832,325.8715355,332.2761803,5012583
16-09-2019,328.8348999,330.1731884,323.4817756,327.878988,5104088
17-09-2019,324.8678589,333.4233059,317.8896784,333.4233059,8486044
18-09-2019,320.8052368,328.978308,319.8493248,326.5407384,7631530
19-09-2019,322.717041,327.4488407,319.9449143,323.4817943,11891538
20-09-2019,340.6882629,349.0047322,320.2794665,324.7244687,15819981
23-09-2019,332.6585693,346.2803737,329.7908336,340.3058945,5854791
24-09-2019,333.2799072,336.4822299,330.1731936,332.6585526,4811334
25-09-2019,326.5884705,335.4784741,323.0993805,333.6622595,4697149
26-09-2019,328.8827209,331.7504568,325.4414201,326.0149851,4958745
27-09-2019,333.7101135,339.2544269,324.2943328,328.8349445,3416220
30-09-2019,350.8688049,358.372732,329.0739279,337.4381877,19984719
01-10-2019,335.4784851,354.3100435,331.5592584,353.6886889,7344343
03-10-2019,329.6952209,339.9235132,326.2539205,335.4784816,5037665
04-10-2019,324.5332947,333.3277203,319.514757,332.9453733,4794009
07-10-2019,326.4929504,331.4636987,322.2391065,323.0994391,3566103
09-10-2019,343.5560303,344.9421086,324.0553543,327.9746113,8848384
10-10-2019,360.6190796,368.0274261,346.0413646,346.9016971,48555442
11-10-2019,366.0200195,368.3620097,356.1741031,358.4204842,11113337
14-10-2019,376.200531,379.4984331,363.4868488,367.5016849,10930620
15-10-2019,366.736969,374.671062,364.7295361,372.8070277,8746356
16-10-2019,368.266449,369.7481066,360.7147029,364.2994025,9079900
17-10-2019,368.8399963,370.417263,362.339771,368.027483,4877679
18-10-2019,366.5935974,369.3657242,363.7258319,367.979646,4053714
22-10-2019,357.6079712,379.0204693,351.0121374,364.9684988,11570680
23-10-2019,344.4641113,361.3360273,339.3499649,357.0343941,13588127
24-10-2019,355.9350891,359.7587364,311.1504542,338.3462404,74062675
25-10-2019,358.6116638,361.7184072,346.6149161,353.5930967,28275934
27-10-2019,356.6520691,358.9462696,349.4826998,355.6005481,2033141
29-10-2019,344.0339661,349.5304894,337.5337411,346.9973109,36912144
30-10-2019,351.7290649,354.9791773,344.7508843,348.2399746,17185921
31-10-2019,357.7513428,360.1889419,347.7142379,350.534184,13034332
01-11-2019,356.6042786,359.8066016,347.3319261,347.3319261,13938891
04-11-2019,361.3360291,364.872909,357.5123518,361.575007,7763797
05-11-2019,367.0237122,368.5053994,358.0381285,360.3801186,6766429
06-11-2019,355.0748291,368.4098373,353.9277287,368.0274903,8335534
07-11-2019,355.3615417,358.9462409,352.7805738,358.2770967,4906572
08-11-2019,352.8761902,359.280836,350.4386206,353.6887332,6094415
11-11-2019,355.1226196,357.46461,352.0159056,354.8836416,2826663
13-11-2019,352.3504333,356.9388344,350.0084432,355.6961548,6544841
14-11-2019,346.5193176,350.9165299,334.8571576,342.1221054,21487581
15-11-2019,375.7225647,380.9322905,341.5007759,342.0743409,56210391
18-11-2019,391.160553,402.0101998,374.8144131,378.5424812,43462375
19-11-2019,419.9814453,426.0036842,402.8705514,408.0802771,63965674
20-11-2019,418.0217896,432.9818813,414.0069539,428.5368496,56689066
21-11-2019,407.5067749,422.9925842,403.5875181,422.9925842,22595291
22-11-2019,402.105835,410.9958697,398.6167444,404.3522459,17090583
25-11-2019,431.5002136,435.5628689,402.7749484,402.7749484,34112216
26-11-2019,413.2900391,427.2941899,410.948049,425.3823661,23906748
27-11-2019,414.2459412,417.7350314,407.602318,414.3893101,13586924
28-11-2019,417.4004517,424.3308425,409.6097579,414.2459484,22352772
29-11-2019,422.9448242,429.8274264,415.9666427,420.2204869,20386454
02-12-2019,438.3828125,464.1925225,434.9893015,450.3795304,56782244
03-12-2019,438.8607788,444.5484606,425.6213514,442.3976588,24319749
04-12-2019,441.0593567,444.309469,434.6547412,440.5336111,16851755
05-12-2019,427.6287842,443.1624132,425.7169602,442.8756455,17642464
06-12-2019,425.2389526,432.4561109,423.3271289,431.978155,11629491
09-12-2019,426.1948853,431.6914084,422.227839,427.8677311,8012971
10-12-2019,427.2941895,431.117837,423.7095199,425.812532,7274085
11-12-2019,423.2315979,429.2538373,421.1763753,424.9044438,6931352
12-12-2019,419.3123169,424.2830648,417.2570944,423.3749425,7527779
13-12-2019,408.9406128,421.2719177,407.2199773,420.6027734,13320154
16-12-2019,403.2528992,412.0473241,401.9146404,411.4259992,7093336
17-12-2019,420.5549927,422.0366502,399.1902844,406.0250664,23423482
18-12-2019,418.9777222,427.3897706,415.0106759,427.2941913,17986000
19-12-2019,429.6362,436.6621705,411.2826254,416.7791488,14236801
20-12-2019,433.7944336,440.1034702,426.0515291,430.0663652,21689127
23-12-2019,434.7503357,438.9085703,426.7684534,429.2538125,10630886
24-12-2019,436.9967346,439.7211013,432.4561234,434.4635562,6974012
26-12-2019,427.8199463,436.3753936,426.3382888,435.2282933,5997570
27-12-2019,435.0371399,436.9011742,429.2060589,429.2060589,5997611
30-12-2019,440.1990662,444.2139021,435.0371003,439.7211102,12141748
31-12-2019,435.7062378,442.1108831,434.4635583,439.7211034,5212590
01-01-2020,433.3164673,440.1990687,429.9229562,435.945225,5154996
02-01-2020,435.1326904,439.1475262,433.5076343,434.0811695,4933053
03-01-2020,435.0371399,438.9563969,431.5958686,435.6107049,5154587
06-01-2020,429.8273621,437.2834985,425.047773,433.8899875,7538915
07-01-2020,425.4779663,435.2283037,423.5661424,432.0738003,4353883
08-01-2020,438.6217957,440.4380401,420.9373662,423.0881679,14118818
09-01-2020,439.8166809,454.0120199,435.2282801,447.7507733,18180867
10-01-2020,436.853363,445.4088106,434.1768155,444.3095,37724966
13-01-2020,448.2287292,449.5670178,434.2245785,438.76516,15206224
14-01-2020,448.6589355,451.8134688,446.0301776,448.2287692,8238486
15-01-2020,447.2250061,451.1920521,444.5006395,448.8022725,10875259
16-01-2020,453.0083313,455.9238567,447.3684391,448.5155096,16290593
17-01-2020,478.0055542,481.5902241,454.1554556,454.1554556,61915666
20-01-2020,486.2742004,490.097878,472.461237,477.0018188,45298836
21-01-2020,489.1897278,492.2964415,482.1637278,487.516882,65202963
22-01-2020,491.8184814,500.6607259,484.3623449,492.0574594,20285793
23-01-2020,500.565094,502.8115048,489.7632657,492.2964441,15772863
24-01-2020,501.1387024,504.1020175,491.4839443,497.5540029,23824625
27-01-2020,491.7229309,500.9952827,489.3331213,498.1753366,11856786
28-01-2020,469.5934753,491.7229383,464.6705168,491.6751189,31674769
29-01-2020,468.6375122,479.295971,466.7256885,471.3618788,20037283
30-01-2020,468.2073364,471.170681,458.9349559,470.3103484,15337903
31-01-2020,474.564209,477.384155,465.5308061,471.4574657,18356252
03-02-2020,487.5646667,490.71917,474.1818408,474.1818408,15212799
04-02-2020,496.0244751,499.5613548,481.2556016,491.3404952,14646591
05-02-2020,509.8375244,513.8046008,493.0612154,495.1642277,30647706
06-02-2020,522.694458,528.4299284,510.5543434,511.4624655,17180298
07-02-2020,515.6685181,524.7975291,514.5213883,524.7018903,8967847
10-02-2020,514.9516602,519.6834898,512.4663009,516.3855281,8570467
11-02-2020,510.745636,520.6394022,509.2639784,515.7164139,6622800
12-02-2020,515.8118896,518.4406768,511.4147073,512.3706191,5160923
13-02-2020,516.1464844,518.8230612,508.307972,515.9074767,5729055
14-02-2020,540.0922852,542.5298547,510.6978434,520.8783475,37517890
17-02-2020,539.9487915,543.62907,531.9669097,540.0443708,23354434
18-02-2020,524.0806274,543.77246,513.6133268,538.5149446,21865560
19-02-2020,519.444458,529.1947954,514.9994259,524.8931917,22088140
20-02-2020,521.5474854,527.6653334,514.8560426,519.7312408,16010058
24-02-2020,506.5396729,518.1540464,503.8630952,518.1062567,9834434
25-02-2020,511.6537781,514.2347762,507.5433326,509.5030058,9804202
26-02-2020,512.322937,515.6208393,497.3628431,509.2161933,18965240
27-02-2020,508.2124939,512.2273005,503.7674615,511.1280195,11381143
28-02-2020,500.4217224,505.1057026,490.8625737,501.760011,16934165
02-03-2020,495.4987793,512.3706962,489.285322,510.4588723,10096159
03-03-2020,497.8407593,509.8374775,491.4839332,500.8996833,10563605
04-03-2020,493.9693298,509.3117706,485.031535,501.8556334,18066379
05-03-2020,503.671814,507.3043028,493.8736877,499.7525872,14344961
06-03-2020,496.2634888,500.5650923,488.9029315,494.9252002,9503868
09-03-2020,474.3730469,489.4287192,469.4022692,487.5168953,15664232
11-03-2020,472.0310669,486.0830082,465.5308419,465.5308419,21401999
12-03-2020,444.4529114,460.273308,438.9563878,457.4055721,14471096
13-03-2020,470.1670227,486.6087732,401.4844952,433.7944312,24254296
16-03-2020,444.3094788,471.2184997,436.040829,451.4310581,14936276
17-03-2020,434.6547546,459.795321,424.7610189,444.5006711,12629709
18-03-2020,406.7898254,457.6923133,389.4877425,439.7211158,29342689
19-03-2020,425.1433716,431.7391753,345.8023906,398.0909532,24017236
20-03-2020,442.254303,451.1921277,417.4005019,425.3824146,19758966
23-03-2020,389.3921204,426.051475,381.8881651,398.043146,14907385
24-03-2020,386.2376099,418.5475439,382.5095417,392.785624,12947855
25-03-2020,410.1832886,418.9299238,387.7193001,388.6273926,14093189
26-03-2020,449.9493713,471.696425,401.723435,407.6979137,22302573
27-03-2020,429.1582642,453.8686958,418.2130363,449.9494389,16378409
30-03-2020,412.0473328,429.492814,409.1318074,424.2830585,10210726
31-03-2020,421.4631042,427.2941845,405.3081222,421.5586835,17059457
01-04-2020,402.7749634,420.6027921,394.2195457,420.6027921,9646905
03-04-2020,405.2603455,412.9554601,397.2784632,412.9554601,14419445
07-04-2020,449.4714661,464.3359503,414.0547859,414.0547859,15553539
08-04-2020,441.2984009,469.4501347,433.02975,453.4385489,13639333
09-04-2020,467.1558838,470.5971845,450.2361775,450.2361775,11962829
13-04-2020,489.6199036,497.9363432,469.3544758,469.3544758,24416550
15-04-2020,487.994873,512.3229278,482.7851172,510.4111038,26277115
16-04-2020,478.3879089,490.3846578,475.424564,477.9577426,17401120
17-04-2020,480.2996826,489.9066505,476.2370571,488.4727827,16430317
20-04-2020,468.6853333,485.318272,465.4352208,485.318272,11688508
21-04-2020,478.4356995,481.5902328,458.0269014,462.6630924,15781695
22-04-2020,479.29599,494.2560825,470.3581959,493.2523512,18447565
23-04-2020,474.1340637,484.9358921,469.4022641,479.7261663,12767355
24-04-2020,472.4612122,477.0017937,463.093222,473.0825371,12161869
27-04-2020,472.27005,480.8732874,469.4501038,476.0936979,10074370
28-04-2020,464.2403259,475.52014,462.7586684,475.52014,11729091
29-04-2020,474.1340637,476.4282642,465.5786164,469.3066848,8371711
30-04-2020,491.6273193,493.2045859,473.3693537,480.9210699,20170888
04-05-2020,509.0249939,516.1943332,477.8621289,480.2996984,34658164
05-05-2020,504.7711182,529.2903596,502.8592944,514.282507,30498970
06-05-2020,521.9298096,527.1395949,506.6830085,508.308035,26074684
07-05-2020,504.7711182,521.3084773,501.3298472,521.3084773,15823732
08-05-2020,506.6829834,521.7386251,505.0101079,516.1943125,13847608
11-05-2020,512.5618896,524.3196904,508.6426624,509.5507847,14490804
12-05-2020,535.1693115,539.1363285,507.1131577,509.5029971,23041211
13-05-2020,531.4411621,544.6327695,525.0843067,543.3423301,21509772
14-05-2020,516.0509644,537.7024107,511.5103531,526.8050031,13428330
15-05-2020,529.6727295,532.3493066,515.620789,519.5400159,14758117
18-05-2020,514.3303223,534.3567431,511.6059554,532.3493398,21991328
19-05-2020,572.4021606,576.8949823,532.4448998,533.8787677,73259076
20-05-2020,567.8615723,585.0202573,562.6518462,578.3288736,36412918
21-05-2020,568.3394775,577.850866,559.5929017,564.4680404,20673544
22-05-2020,567.0490112,571.0638171,561.1223222,570.6814405,11630640
26-05-2020,534.5957642,551.0374858,532.9706781,546.7836716,77933211
27-05-2020,538.2759399,540.6179298,529.4337261,536.2684776,22948762
28-05-2020,537.9413452,542.9599118,531.488911,539.7575895,16574283
29-05-2020,528.2388916,539.1362997,519.8268427,533.400828,55206200
01-06-2020,534.40448,536.8898984,525.8968526,534.3566903,40024637
02-06-2020,533.4963989,547.0704435,531.5845751,538.1803793,32573015
03-06-2020,527.3307495,543.2467244,525.036549,542.9599865,29783799
04-06-2020,547.2138062,559.5929309,525.3233518,527.9520799,30007267
05-06-2020,558.5891724,563.9901163,542.4342489,558.2546448,48771843
08-06-2020,559.3538818,567.5269817,553.6662004,562.0782484,20813563
09-06-2020,542.7687988,565.5673765,540.7613956,554.4309605,15219451
10-06-2020,542.0996704,550.6072986,538.228233,545.8277389,19489440
11-06-2020,527.5219116,548.504303,522.5989831,544.871814,27803048
12-06-2020,535.4082642,537.2245089,516.1943853,516.1943853,19224358
15-06-2020,526.4226685,538.8973734,524.7976419,531.4890258,13838935
16-06-2020,520.8782349,534.6434356,513.32652,533.4007265,19430678
17-06-2020,538.6105347,540.5702076,517.1502468,522.7423494,20916747
18-06-2020,536.1729736,547.6439762,533.5920352,539.3752964,19692591
19-06-2020,547.2615967,552.7103303,536.2685501,537.1288827,41924711
22-06-2020,555.4346313,562.0782244,545.254129,550.4160646,12954502
23-06-2020,553.2838135,558.8281259,549.0299999,555.4346448,9944839
24-06-2020,532.77948,556.3428095,530.5330692,555.3868382,12619809
25-06-2020,534.3567505,538.8495724,525.7535428,529.4816113,15881470
26-06-2020,535.6950684,541.4305405,532.5883246,535.3126917,11317405
29-06-2020,542.0996704,543.8681253,526.9005992,534.2611568,13162970
30-06-2020,535.1693115,551.5632439,532.8273212,546.7836839,13182057
01-07-2020,535.4560547,549.6513643,533.6875998,549.6513643,13894655
02-07-2020,533.8309326,542.0040323,533.0183897,539.9009906,13795692
03-07-2020,555.8170166,557.7288999,535.8861757,537.0333056,21005887
06-07-2020,551.1808472,563.3210242,549.6991896,561.6959382,16114629
07-07-2020,542.1473999,556.9163031,541.0959088,553.474973,12759442
08-07-2020,536.5552979,548.6954138,534.3566769,546.7835901,9581306
09-07-2020,543.5813599,545.1108072,535.5994769,539.1363275,8611659
10-07-2020,549.364624,553.4750694,540.7136264,544.0115287,13532330
13-07-2020,560.9311523,563.0341942,544.8718085,549.1734121,16660491
14-07-2020,563.3687744,570.490324,553.0448427,558.7325839,32935464
15-07-2020,538.7539673,562.9864117,534.9780498,562.9864117,20062926
16-07-2020,537.9413452,541.2392468,528.9079135,540.9524495,11528871
17-07-2020,541.7650757,548.5998876,536.9855161,538.276015,12189475
20-07-2020,550.3683472,556.8207824,542.5776233,545.8277358,9789671
21-07-2020,542.7210083,558.0634488,541.3827197,554.4309596,12005925
22-07-2020,544.0592651,550.1293236,537.9892067,542.9599843,11034525
23-07-2020,542.1952515,550.3683521,539.1362976,544.8718287,9718786
24-07-2020,534.7868652,542.3863706,530.9154281,540.0922296,9960443
27-07-2020,534.8347168,538.8973725,520.16145,533.5920669,10895560
28-07-2020,539.7098999,548.9344919,530.8198949,533.8787894,14210206
29-07-2020,541.2393799,544.0593263,535.5516975,540.3312575,9979767
30-07-2020,528.3344727,554.8611184,519.1098807,550.6073043,45326361
31-07-2020,530.3897095,534.6435235,522.216609,526.613792,13917435
03-08-2020,523.2202759,531.966911,522.3121537,530.0550873,9392745
04-08-2020,524.7976074,528.9558421,521.7864433,523.8416955,12035116
05-08-2020,534.3088989,535.7905564,522.45558,527.6653056,12920232
06-08-2020,532.7260132,538.8658301,530.1837084,538.8658301,10620956
07-08-2020,538.0024414,540.4967254,529.6081464,533.3975635,7346008
10-08-2020,536.1317139,542.0317249,532.2463742,541.3601479,9594610
11-08-2020,528.6967773,537.7146287,527.8333553,535.3162672,8290695
12-08-2020,525.4349365,538.4341084,523.180459,527.6414528,12613101
13-08-2020,513.5870361,526.0106152,502.9383222,512.2919626,37464752
14-08-2020,507.1114197,520.7821092,503.6577316,520.7821092,18550546
17-08-2020,500.204071,510.8528729,497.0382401,508.9821451,19369462
18-08-2020,504.9049377,507.5911265,499.0049267,500.8276934,13771669
19-08-2020,514.0666504,517.9520496,505.6723557,507.4951222,17395288
20-08-2020,504.1853638,511.908141,501.4512139,509.4138571,13690809
21-08-2020,499.1008606,508.2626251,495.0236164,508.2626251,22244899
24-08-2020,505.4805298,510.7569251,487.5407202,496.8463986,29714401
25-08-2020,507.1593933,513.8748052,504.6170885,512.7715769,19881871
26-08-2020,493.5845947,506.9195258,491.1862333,506.9195258,26386996
27-08-2020,490.3707581,497.4219881,487.3488109,493.4886576,22268191
28-08-2020,502.1707764,508.022826,491.2821676,491.2821676,22217757
31-08-2020,492.2415161,501.067552,487.8765042,497.4220187,190329697
01-09-2020,524.0439453,532.8699517,493.2968364,496.4626678,75732733
02-09-2020,528.1690674,536.2755342,522.940634,527.6414339,35680638
03-09-2020,516.1293335,530.4236404,513.8748557,528.1691626,25084656
04-09-2020,501.8829346,516.1292787,498.3813448,509.8935391,28610361
07-09-2020,494.4959717,506.5357696,489.5553353,503.657736,16450037
08-09-2020,477.8513184,495.8390891,473.9179876,495.0236283,33745174
09-09-2020,483.7513123,486.0537513,471.1358888,473.1984917,32068518
10-09-2020,477.1317749,487.3488364,471.2317938,487.3488364,21400064
11-09-2020,471.6635132,482.0244587,468.689527,479.0025113,15888599
14-09-2020,454.8269348,477.0358325,449.2627126,475.8366518,53032505
15-09-2020,465.8114929,467.8261046,450.941592,455.8342674,31436333
16-09-2020,462.1659851,470.7521555,461.0147656,467.2025743,13379581
17-09-2020,459.527771,462.7415934,454.7310181,460.4871156,13750507
18-09-2020,474.4456177,477.4196038,455.9781748,463.365134,55830089
21-09-2020,448.7350464,475.8366488,442.4993069,475.8366488,23162880
22-09-2020,451.8049927,459.0480679,442.2594786,449.4545926,18950065
23-09-2020,416.1652222,448.0155575,406.6676691,448.0155575,86810146
24-09-2020,402.2546387,415.8773665,399.2326915,407.9627445,36458719
25-09-2020,421.7774353,426.8619858,404.9888444,407.7229647,34232784
28-09-2020,425.6147766,429.4521847,416.4050509,427.8692542,21445626
29-09-2020,417.8920288,426.4781984,412.0400091,425.9505649,18187111
30-09-2020,403.8375854,422.4969026,401.1513968,420.1944637,27686374
01-10-2020,414.7741699,416.9326952,406.4278362,408.6823139,13593932
05-10-2020,407.1953125,419.7148132,405.8042569,414.7741766,15282146
06-10-2020,409.401825,412.5196949,405.9002053,409.6416611,11078299
07-10-2020,405.2766113,414.1985397,403.9814783,410.4091227,10393534
08-10-2020,407.1953125,417.796124,402.062801,408.6823205,17018635
09-10-2020,407.9147949,417.3164251,406.0920284,410.6009835,20948615
12-10-2020,398.1773987,413.0952597,395.1074903,410.6009758,14326607
13-10-2020,398.4172363,410.1213051,396.3066724,404.0294495,28303313
14-10-2020,396.4506226,402.4465562,394.5798946,399.47257,14374547
15-10-2020,382.9717712,398.6091419,378.942518,396.5945301,28378188
16-10-2020,385.3221436,390.7424819,382.1563126,388.0083321,23786283
19-10-2020,381.5327148,388.2001949,377.9831342,387.1448981,17237471
20-10-2020,388.5359802,396.4026414,380.8132326,381.532741,26395238
21-10-2020,401.9668884,403.1181079,387.1449484,389.2075513,23929199
22-10-2020,413.14328,414.7741718,401.0075292,401.9668738,27014551
23-10-2020,416.7408142,419.8107228,409.9294499,417.2204865,18512271
26-10-2020,416.4050598,421.5855325,410.6010012,416.6928572,11956996
27-10-2020,415.73349,421.057876,410.1213066,416.4050371,13021129
28-10-2020,433.4814453,468.161883,424.0318535,427.8692616,125905730
29-10-2020,432.4741516,438.5180465,426.9099291,429.5001654,25537340
30-10-2020,416.117218,436.4074566,412.9993482,436.4074566,23483928
02-11-2020,438.8058472,441.300161,417.3164563,417.3164563,28703578
03-11-2020,436.1196594,441.9716795,429.2603335,439.381443,16337850
04-11-2020,434.6326904,437.031052,428.9725452,434.5847292,10191499
05-11-2020,438.7098999,443.1229031,434.2009742,438.4221025,9407770
06-11-2020,431.6107483,441.6359356,430.50749,438.4221132,12195207
09-11-2020,452.6204224,455.4504947,434.1529801,437.7505222,24953555
10-11-2020,447.4399719,454.8749224,446.0968776,454.7310087,9800899
11-11-2020,459.1440125,461.7822101,445.1854949,448.9269507,16032885
12-11-2020,460.3432007,463.557023,455.7383525,457.4651668,14785276
13-11-2020,456.4098511,458.5684062,450.8936198,457.6090616,8428163
14-11-2020,461.9261169,467.202542,459.5277555,467.202542,4014491
17-11-2020,464.8521423,474.8293678,461.6862813,470.9439983,19050384
18-11-2020,458.9520874,465.2838088,451.9488487,464.2764732,10504589
19-11-2020,449.5025635,461.8781502,448.0155555,456.6496865,11541941
20-11-2020,464.0366821,466.1952074,446.4326613,451.3732978,12090462
23-11-2020,457.848877,466.9626798,455.7862743,466.9626798,10193531
24-11-2020,454.9708557,461.6862979,452.0448606,458.9521478,9346208
25-11-2020,445.2334595,458.4724687,440.0050254,457.1294042,14497115
26-11-2020,449.3586731,450.5578539,441.3960889,449.6464705,11535113
27-11-2020,444.4180298,453.4359109,443.218849,449.2627439,18491882
01-12-2020,459.9594727,462.8854677,441.7798269,448.7350753,18534936
02-12-2020,465.1878967,468.0659305,454.7789604,461.446441,20948620
03-12-2020,460.3911743,469.2651415,454.7309996,467.2984612,20094168
04-12-2020,473.6781616,477.5635013,463.7488972,467.058642,31622330
07-12-2020,488.2602234,489.7472314,474.4935808,477.7553644,22541162
08-12-2020,483.1276855,495.2634357,479.3382687,493.1049105,19661141
09-12-2020,482.6000977,486.2935924,478.8106804,484.3749031,11826802
10-12-2020,484.6147156,488.0683441,474.0139043,481.1130661,13441906
11-12-2020,483.8951721,487.8285027,477.0838078,487.8285027,14019094
14-12-2020,482.6000977,491.1862678,480.7773309,486.3895149,14147649
15-12-2020,483.7033386,486.1976226,477.8513187,485.2862393,13320211
16-12-2020,495.2154846,497.7097984,481.6886787,483.7033201,17707777
17-12-2020,494.1602173,501.2593789,491.1862313,495.982954,20023766
18-12-2020,489.8910828,493.9683268,484.5187355,493.0089823,11000487
21-12-2020,470.9439697,490.4187173,460.6309862,486.8691366,15539470
22-12-2020,479.9618835,484.4708091,465.8114911,473.9179887,21632475
23-12-2020,486.5813599,488.7878464,478.1391038,479.9618704,13326963
24-12-2020,496.270813,501.7390833,489.6992546,498.8610494,21241048
28-12-2020,500.3959656,505.5764382,495.5992427,498.9569487,13124256
29-12-2020,499.1008606,503.609786,494.1602241,501.7390582,11457626
30-12-2020,495.1675415,502.1228196,492.4333915,502.1228196,10691466
31-12-2020,488.9797668,497.3740624,485.7179831,496.0789591,15816475
01-01-2021,494.2081909,495.4073716,487.5407103,491.4260797,10377082
04-01-2021,496.0788879,499.3406712,490.8024633,495.9829356,13489114
05-01-2021,493.10495,495.8870613,490.3228386,493.10495,10689423
06-01-2021,503.9455566,510.1333348,492.2414877,494.0642543,30837593
07-01-2021,523.0845337,531.910539,505.6723294,510.3731891,39444841
08-01-2021,518.2878418,527.4016152,515.4577097,526.9699042,14538362
11-01-2021,524.9073486,531.8146655,519.4870099,519.4870099,19892197
12-01-2021,542.7511597,545.8690592,522.8446714,526.6821092,25857074
13-01-2021,554.743103,577.2398007,543.9504459,564.0967432,85239439
14-01-2021,556.9495239,561.0267082,546.8763472,559.0120967,16974338
15-01-2021,578.151123,585.8259391,569.6609059,584.7706124,57451072
18-01-2021,563.0893555,578.4868886,560.2592832,578.1511001,21359539
19-01-2021,568.2219238,573.1625307,562.6577012,567.0706745,11034273
20-01-2021,571.9154053,578.0072613,565.0560497,568.2219107,13333007
21-01-2021,557.71698,579.4941959,551.0495296,575.8486629,17380638
22-01-2021,553.3999634,561.746297,549.4666029,560.1633367,12662954
25-01-2021,557.1414185,563.9528126,546.3967235,555.4625356,12503932
27-01-2021,547.5958252,558.1007129,539.4893583,556.4218303,15567653
28-01-2021,547.6918335,552.4405949,539.8731338,543.4707056,15201598
29-01-2021,531.0950928,554.9828433,528.2170592,554.9828433,25521965
01-02-2021,555.6065063,557.4772343,526.8740097,536.2756109,14212955
02-02-2021,574.9852295,581.0291237,555.7023574,561.1226359,21711996
03-02-2021,584.0990601,597.1941541,575.0811502,584.6266936,30641248
04-02-2021,576.1844482,597.6738368,571.435687,589.9030986,51976676
05-02-2021,557.4771729,581.2690003,552.8243341,579.2543291,35465208
08-02-2021,573.0186157,579.1104716,560.9308266,565.056032,21646080
09-02-2021,574.6015625,583.0438788,570.8121452,574.5536012,20927436
10-02-2021,566.2072754,583.0438873,556.6617902,580.3576984,31642664
11-02-2021,573.7860718,579.0145052,565.0559892,567.9340227,19253595
12-02-2021,562.4178467,573.5462921,560.8349459,573.5462921,15905053
15-02-2021,569.5649414,578.4868689,566.015331,568.0299425,17972742
16-02-2021,569.8048096,577.1438374,568.8934263,570.8121154,15064854
17-02-2021,569.7088623,574.4576238,566.0633292,572.6828185,16436661
18-02-2021,565.1040039,573.6901438,561.4105094,572.7307992,22193564
19-02-2021,557.71698,571.7714189,552.1047967,566.0153518,19465126
22-02-2021,547.1162109,561.1226896,544.9097542,558.3406381,20227667
23-02-2021,542.5593262,553.5438271,541.0722884,551.625138,23764401
24-02-2021,549.6585083,550.7617367,542.223558,545.0056692,8888950
25-02-2021,555.6065063,560.6910567,553.5918349,556.325985,16230241
26-02-2021,533.6853638,562.130031,529.3202924,551.1454703,198547005
01-03-2021,510.565033,536.3714718,499.8203387,535.3162048,55091122
02-03-2021,519.1992798,521.8854091,507.3512956,518.5277027,30622757
03-03-2021,524.0918579,528.3609471,518.0479634,526.442258,24669015
04-03-2021,517.6642456,523.804063,516.1293062,518.0479954,17678275
05-03-2021,511.140625,516.6089245,503.0821192,513.2512187,16658703
08-03-2021,504.3293457,513.6829855,503.4179624,509.413896,15293359
09-03-2021,500.539856,510.3732274,493.3927328,508.5504608,20181762
10-03-2021,504.4732056,508.9341399,495.3594024,499.0528969,19013738
12-03-2021,502.8902283,511.0926777,500.3479832,508.9821436,11624491
15-03-2021,501.5951843,506.343946,495.4073759,506.343946,10875944
16-03-2021,507.7829285,512.0520176,502.6983786,502.6983786,13252045
17-03-2021,501.643158,509.413897,497.901702,507.3033031,8482758
18-03-2021,505.7683716,510.5650947,494.40009,508.3106169,12465338
19-03-2021,508.4065247,513.0114026,504.1374352,506.5357967,49597558
22-03-2021,506.5357971,512.2919244,501.7390741,511.380541,13581706
23-03-2021,507.7350159,510.8048948,500.9236214,508.1667269,15239339
24-03-2021,502.3626099,511.7642701,500.300037,506.5357766,10801499
25-03-2021,487.1090088,502.3626296,479.2423473,502.1228233,17572322
26-03-2021,501.2593994,503.5618384,489.843157,491.2821739,11148490
30-03-2021,500.3000488,506.4398661,495.2634599,506.3439436,10691124
31-03-2021,496.270813,504.5211946,495.2634773,501.1155272,7712521
01-04-2021,499.62854,502.6025264,493.6326061,498.8130792,7111516
05-04-2021,506.7756653,507.4951439,493.6805399,499.6285122,9376649
06-04-2021,510.565033,515.9853712,503.2260057,507.0154225,13115141
07-04-2021,519.5829468,524.6674972,513.4910905,515.1699734,21391503
08-04-2021,520.9260254,526.2504416,518.5276639,524.5715587,11367448
09-04-2021,523.0845337,527.401584,514.6902394,517.5682729,11641539
12-04-2021,501.2114258,516.9447483,497.4220088,515.6975765,9869735
13-04-2021,514.3544922,518.0479867,501.8349916,505.0008526,6657701
15-04-2021,517.4244385,523.9480056,508.6943549,518.0479946,9989813
16-04-2021,518.7675781,522.029362,516.1293504,518.0960011,6273393
19-04-2021,505.0487976,513.2512473,501.9789189,510.6130199,7368743
20-04-2021,508.6463623,515.1699291,504.5211569,507.4951131,7369109
22-04-2021,509.269928,511.7162506,504.6650502,508.4544672,6675147
23-04-2021,501.3552856,510.8048471,497.9975798,507.4951025,7123670
26-04-2021,506.1040649,507.0154482,501.4992469,501.4992469,5929161
27-04-2021,512.5797119,516.6569564,504.8569936,506.0081833,9875033
28-04-2021,522.1732178,525.7228287,513.8268837,514.1626722,12195400
29-04-2021,518.8634644,527.6415094,517.1845814,527.3536821,8846896
30-04-2021,514.9301147,524.7634271,511.8122745,511.8122745,8331737
03-05-2021,536.1317139,539.6333037,507.5431017,508.4544851,14556346
04-05-2021,529.9918213,542.9429715,524.4755608,542.9429715,14196229
05-05-2021,537.1869507,541.9836734,531.4788447,534.2609558,12095639
06-05-2021,536.0357666,541.4560454,530.1357559,537.1869562,9169742
07-05-2021,545.3894043,549.6105322,534.2609598,538.3861652,12894499
10-05-2021,549.2747803,553.5438698,545.9650354,548.7471467,8365615
11-05-2021,545.2935181,551.4812968,541.1203511,542.5114068,8033470
12-05-2021,538.9138184,546.0129802,535.5081511,544.9097518,6815070
14-05-2021,537.6186523,546.2047918,533.5414083,541.0722807,7697716
17-05-2021,527.3056641,541.0243145,523.6121698,541.0243145,13677009
18-05-2021,514.5464478,530.423656,512.8196035,525.2431231,34968901
19-05-2021,506.7276917,518.5756151,504.8090025,516.0333699,19583966
20-05-2021,499.4845581,509.4138515,498.8610021,509.4138515,14036583
21-05-2021,509.3658447,511.6203223,500.779705,501.9789155,10492773
24-05-2021,505.384552,511.3325237,504.6170525,509.4138347,6386039
25-05-2021,504.7129822,509.2219372,503.1780429,508.3585152,9412913
26-05-2021,504.3772888,509.221973,503.6577506,507.4951289,6908901
27-05-2021,498.6691589,505.5764459,497.613862,504.7130239,22783169
28-05-2021,502.3146362,507.0154364,499.2447278,501.0195032,10248988
31-05-2021,513.1553345,514.2106016,503.7536741,504.1374239,12803471
01-06-2021,511.2365723,516.5130269,508.7422884,515.6016437,8435896
02-06-2021,507.9747925,512.8674974,506.5357756,508.3585422,10567595
03-06-2021,510.4212036,511.7162771,507.0154766,508.4544935,6290021
04-06-2021,511.0446777,514.0186336,509.605661,512.2438881,4878809
07-06-2021,514.6422729,519.0072845,511.3325285,512.291873,9674473
08-06-2021,524.5715332,525.7227825,512.2918991,516.2251998,12822963
09-06-2021,518.0479736,529.0804958,513.5869797,527.5454968,12674395
10-06-2021,522.9885864,525.5787926,518.3837091,521.789376,7018193
11-06-2021,518.8634644,527.4016434,518.0959648,523.3243989,7777365
14-06-2021,517.4244385,518.8634554,507.7829715,518.8634554,5714387
15-06-2021,520.4463501,521.5496381,516.5130492,519.0073332,7264778
16-06-2021,514.9301147,521.6935481,513.1553689,521.6935481,10045600
17-06-2021,507.1593933,519.2471825,505.6243943,517.5682997,10214732
18-06-2021,516.8487549,519.870732,497.9016702,509.7975546,15000348
21-06-2021,517.6642456,519.8707621,511.3325831,513.2512724,5742834
22-06-2021,514.5943604,526.6821499,513.7309383,525.7707666,9114558
23-06-2021,512.3398438,517.2804501,511.0447108,516.1292606,4767421
24-06-2021,507.2553406,513.6829852,505.9602075,513.2512742,6419922
25-06-2021,513.347229,514.1147286,507.8309673,509.7016954,5504204
28-06-2021,509.6057129,515.1699352,508.8861746,515.1699352,5265796
29-06-2021,503.6098022,510.6130417,502.6984189,509.6536971,8713975
30-06-2021,504.2812805,508.8381968,503.0341684,505.5764135,5760552
01-07-2021,501.4032593,509.4138638,500.7797032,507.4951151,6575188
02-07-2021,503.6577148,511.3325305,498.8609923,504.2333096,13309063
05-07-2021,502.6504517,507.0154636,502.0268956,506.5357913,6373586
06-07-2021,504.7129822,506.2479811,499.9162596,502.2186984,10494366
07-07-2021,508.0707703,509.0301148,501.9308936,501.9308936,6669192
08-07-2021,503.9455566,511.1406406,502.2666739,508.4544521,5400962
09-07-2021,514.4504395,515.6496501,501.7390932,504.1374548,7303645
12-07-2021,508.1188049,517.0407344,507.1594602,517.0407344,8932790
13-07-2021,508.5024719,513.7309056,506.7276666,511.8601778,8138019
14-07-2021,508.5024719,509.7975453,505.2406886,507.4951065,6666859
15-07-2021,504.0894165,510.8528488,503.6577055,510.8528488,6886797
16-07-2021,519.1511841,521.3097391,504.5691114,505.5764172,11251138
19-07-2021,516.5609741,522.5569072,507.78293,517.0886076,9130551
20-07-2021,504.3772888,514.9780404,501.7390614,514.6423116,7646460
22-07-2021,524.4755859,525.7227577,502.3625817,509.5097639,20220601
23-07-2021,526.0105591,537.858542,511.0926974,525.4349643,33200836
26-07-2021,521.9333496,531.3350105,520.0626216,522.844733,5214592
27-07-2021,518.5755615,523.6121499,514.3544339,523.6121499,5835018
28-07-2021,544.8137817,547.4999705,515.9854227,517.5683234,32532037
29-07-2021,544.0942993,553.2560939,542.0317263,550.7617502,15844335
30-07-2021,538.8178711,545.3893991,535.1243767,542.8950556,10125413
02-08-2021,542.1755981,546.780476,537.2349318,542.9910589,6372299
03-08-2021,556.6137695,558.3406136,539.2495855,544.9097303,21680353
04-08-2021,551.0495605,563.0414273,547.1162001,551.6251554,21816567
05-08-2021,574.3617554,593.8365349,554.0235537,554.0235537,72423461
06-08-2021,583.1877441,591.8698665,564.5763872,570.3324549,29055626
09-08-2021,574.8893433,587.7925932,573.2584814,585.2023271,10078649
10-08-2021,596.9063721,602.4705944,574.0738879,577.7194211,34514358
11-08-2021,595.6112671,603.6697729,588.7519121,596.9063404,18731287
12-08-2021,597.8178101,603.3820329,591.9178583,597.6739263,8430316
13-08-2021,611.15271,612.8315331,592.973065,597.8177491,21079044
16-08-2021,608.2747192,617.8202042,606.3080091,612.7836151,10506327
17-08-2021,600.8876953,612.0641013,597.6738731,608.2746843,11311229
18-08-2021,597.6259155,608.2267268,595.6113039,600.455988,7136872
20-08-2021,588.7519531,607.2673871,582.3243086,594.3161756,12770173
23-08-2021,597.3381348,604.8690082,582.8999441,593.2608902,12790616
24-08-2021,594.8917847,602.4226577,591.9657896,602.4226577,5885050
25-08-2021,587.5527344,597.0503172,586.1616788,597.0503172,8127668
26-08-2021,563.0414429,586.6413676,560.5470992,585.2023507,26316897
27-08-2021,570.9560547,580.7893664,561.2666267,564.8641987,16444274
30-08-2021,595.2276001,599.5926123,566.1113528,571.7714982,40506274
31-08-2021,637.0551147,640.9405141,599.592594,600.5998999,60781970
01-09-2021,639.3095703,645.9291195,627.4136855,640.8445694,30796359
02-09-2021,639.4055786,646.3607973,637.0551187,642.7153235,18951106
03-09-2021,631.6828003,642.3795346,627.4137107,640.8445951,7920313
06-09-2021,627.9892578,638.6859913,626.8380682,637.3908583,10223448
07-09-2021,643.2908325,652.8363162,621.6575008,631.2030441,28185127
08-09-2021,640.7006226,656.0022342,637.9664726,650.4380118,20876941
09-09-2021,658.2566528,660.2233031,639.9331253,640.7005651,19784500
13-09-2021,665.1160889,668.6656401,657.9689059,663.868917,19704664
14-09-2021,665.9794922,671.2558874,661.0867871,666.7469321,11694600
15-09-2021,696.0070801,705.0728926,667.8502382,668.6656394,56796797
16-09-2021,689.3875732,707.0395852,686.3176348,705.120896,45001991
17-09-2021,698.5492554,704.8809769,691.68996,691.68996,26649321
20-09-2021,695.4794312,703.8737261,691.0184371,695.5273924,14330899
21-09-2021,697.1102905,710.6370969,692.6493561,693.5127782,14216876
22-09-2021,697.2062988,702.2908492,694.6639938,697.4461052,16348622
23-09-2021,697.2541504,710.0134557,693.8004626,703.585812,26497345
24-09-2021,709.342041,722.3891754,698.4054409,699.4127468,72175065
27-09-2021,706.1914063,715.3297574,701.8910583,714.4501096,11282248
28-09-2021,680.3890381,710.3450797,670.4688124,707.999452,21944239
29-09-2021,678.385437,686.1066036,673.5475536,681.2198044,16729859
30-09-2021,672.7168579,693.7300973,671.2508179,680.0470577,13911568
01-10-2021,660.5975952,671.7883186,652.5343759,671.7883186,14952128
04-10-2021,665.9730225,670.6643378,654.5379003,659.7178956,8917898
05-10-2021,683.4188843,687.5238076,664.9956747,668.9051142,25598885
06-10-2021,675.7466431,691.9219371,672.6190795,689.7717334,10406502
07-10-2021,676.8217163,686.3021191,675.6488725,679.9981359,8121590
08-10-2021,679.7537842,683.7120797,673.303233,679.4117321,6297352
11-10-2021,675.2090454,680.2913287,669.491514,677.4081051,8792050
12-10-2021,670.8109131,682.5881471,668.7096252,675.3556603,8579567
13-10-2021,674.2806396,681.0243874,667.6345444,673.4009919,7062149
14-10-2021,670.2734375,678.287801,666.4128538,677.310441,9820591
18-10-2021,665.1911011,686.05777,664.2626569,684.1519063,8574445
19-10-2021,665.6798096,683.1745758,660.1577619,683.1745758,7328862
20-10-2021,692.4106445,697.737268,665.9730707,667.9277906,21217306
21-10-2021,680.2913208,696.2222746,673.5964296,694.8540066,8908979
22-10-2021,678.7764282,689.3319029,668.7584896,682.6858677,6587256
25-10-2021,675.4534302,688.0613973,659.717959,677.3104379,9540441
26-10-2021,680.4379883,693.7789154,673.4009849,679.2651444,10953878
27-10-2021,686.4486694,698.4702434,678.2877385,683.5655056,11878571
28-10-2021,674.1339722,690.0649262,668.9051207,686.8396505,8884507
29-10-2021,669.8334961,685.1292004,661.7214219,676.5284463,8602343
01-11-2021,696.3688965,706.4356911,673.987332,674.3294437,17121001
02-11-2021,697.7860718,706.7288785,693.4856646,696.3688881,7725455
03-11-2021,683.2722778,715.9161221,680.242486,709.3189429,23261507
04-11-2021,685.2269897,688.8432332,683.3700418,688.0613573,1064714
08-11-2021,692.9481812,698.7146285,688.0613816,691.4332852,7565546
09-11-2021,697.0530396,700.229459,689.1853049,695.5869998,5278131
10-11-2021,718.7993774,721.2916333,691.3355274,701.2557546,15180490
11-11-2021,712.1044312,721.8780306,707.8529393,718.3595587,7421118
12-11-2021,726.6671143,728.1331542,708.8302954,716.4048349,9207508
15-11-2021,720.8517456,729.1104483,719.5323337,723.2462892,5454742
16-11-2021,713.7659302,725.2499091,710.5895105,724.5657452,4639931
17-11-2021,703.7480469,715.7695628,700.0340909,708.1461668,8002927
18-11-2021,698.177002,707.0710126,691.9707906,704.2855012,4469597
22-11-2021,725.2987671,738.8352377,716.5025279,723.2463351,36884348
23-11-2021,741.7184448,743.7708767,719.0436834,728.1331185,18240414
24-11-2021,741.7184448,764.0999505,739.1284173,746.7029564,21653712
25-11-2021,747.8269653,751.1010972,735.7565345,741.865034,8483653
26-11-2021,722.0245972,745.7255738,716.5024901,745.7255738,11142921
29-11-2021,722.6109619,737.906667,710.6383041,734.9745875,15885643
30-11-2021,711.7622681,733.2153274,706.2890771,723.2462456,14272616
01-12-2021,705.8981934,720.7052198,701.9887537,716.4048124,10488561
02-12-2021,715.9649658,719.0436733,697.9815799,707.5108387,11507427
03-12-2021,702.0864868,718.0175015,700.0829109,713.4727539,11024093
06-12-2021,681.8062134,705.5561057,678.1411139,701.7443784,8804487
07-12-2021,683.0279541,689.7229053,678.3854945,686.4487138,10238693
08-12-2021,698.9589844,702.7217963,686.3998734,689.0387571,8296393
09-12-2021,697.7860718,707.5596702,694.9028483,700.5715235,9069515
10-12-2021,694.6096802,702.6240431,690.9934367,694.9028762,4251339
13-12-2021,687.1817017,702.1353554,682.5392423,698.812308,9896899
14-12-2021,675.9420166,690.3092177,672.814513,685.1292226,9275631
15-12-2021,669.9313354,679.1673982,668.6118638,676.0886907,7674319
16-12-2021,665.9730225,674.2805811,662.2590073,674.2805811,9633006
17-12-2021,650.9705811,670.1757279,646.1326374,665.5821242,13850460
20-12-2021,643.3471069,646.1814743,630.4948013,644.2267546,11812939
21-12-2021,651.8990479,655.7107753,644.2756526,648.9181121,8084499
22-12-2021,669.2471924,670.4688923,651.8990541,651.8990541,8522226
23-12-2021,663.3829956,673.400934,660.2065761,673.400934,5602466
24-12-2021,661.7214966,667.390172,657.4211489,666.6571521,3756020
27-12-2021,660.4508667,662.9919782,653.5116362,659.6689908,3658572
28-12-2021,664.6535645,668.0254679,659.7667651,664.4580805,3892590
29-12-2021,661.526062,668.0255296,659.71797,664.5559137,3847574
30-12-2021,663.9693604,670.273343,658.9359931,662.1612686,5701612
31-12-2021,668.3187256,678.3855212,664.6047697,665.0934497,4598628
03-01-2022,675.6488647,676.9194206,667.6345019,672.2281052,2939833
04-01-2022,681.659668,687.3283434,674.7692927,676.5773846,6473875
05-01-2022,684.1518555,686.8395949,676.0886372,685.0315031,4586105
06-01-2022,694.3164673,704.187778,684.1519009,686.1066206,21642414
07-01-2022,688.7455444,698.9589675,685.5691247,697.7372676,4315015
10-01-2022,688.9898682,695.2449357,687.7193122,689.429692,3565324
11-01-2022,687.5238037,693.485675,678.8741332,687.0839798,10642484
12-01-2022,713.6682129,716.1116126,688.2568554,691.9219551,12366953
13-01-2022,715.2319336,718.9948048,709.7098862,712.4953379,5829874
14-01-2022,704.2855225,714.3523772,702.1842345,713.4238733,5344096
17-01-2022,712.1044312,718.1152187,703.2593356,703.6991595,4340924
18-01-2022,698.177002,714.1568717,696.4177661,710.5406282,4312058
19-01-2022,687.7681885,698.8123437,685.8134686,697.8349837,5879490
20-01-2022,699.2033081,703.3570878,689.2830811,690.016101,4812496
21-01-2022,679.5094604,697.8349583,673.7430133,693.5345509,6704622
24-01-2022,674.2806396,690.9934706,662.0147248,674.6715478,11091633
25-01-2022,695.7336426,704.1389738,666.7061004,668.5141924,14128764
27-01-2022,691.237793,699.7896921,685.6179735,690.504773,8937312
28-01-2022,699.5941772,736.9293359,685.764571,698.7145892,21450677
31-01-2022,712.7885132,718.3594762,703.2592548,711.5179573,10745370
01-02-2022,706.6799927,718.3594542,702.0375336,716.4047346,4814511
02-02-2022,708.6347656,715.1830887,704.1877901,709.6609816,3286577
03-02-2022,705.3118286,712.4954004,702.2331209,709.5633205,3651578
04-02-2022,703.8945923,706.875528,700.2783488,704.7741804,3284198
07-02-2022,690.5046997,703.7967691,683.6631811,701.7443374,6833983
08-02-2022,692.8504639,698.5191394,685.1292967,695.0983797,7167684
09-02-2022,703.0637817,709.6609607,686.2532401,691.0911236,10185173
10-02-2022,707.6574097,710.4917772,692.5571876,706.5823377,6074014
11-02-2022,698.9589844,708.9769238,694.8052046,705.36068,5646980
14-02-2022,674.085083,688.0613166,669.4914799,688.0613166,7441445
15-02-2022,695.4404297,696.9553256,671.0552881,680.2424951,4650249
16-02-2022,705.458374,711.7135013,691.9708191,701.1580262,5433910
17-02-2022,700.7670288,711.0293075,698.8123091,708.0483718,5107708
18-02-2022,696.4177856,703.259305,695.2449418,695.9291057,4099366
21-02-2022,693.8766479,700.3271992,687.083985,692.0196403,4307430
22-02-2022,683.4188843,686.5953038,671.9349059,678.4832289,9148804
23-02-2022,688.4523315,692.8993071,683.6632442,684.2496363,4124469
24-02-2022,655.7108154,672.9611828,630.8369927,666.559487,14139461
25-02-2022,673.0588989,679.4117381,662.1613125,662.1613125,6452099
28-02-2022,670.9575195,674.3782789,651.361467,665.5820405,8301523
02-03-2022,658.9848633,668.5141216,650.9216447,668.5141216,10220908
03-03-2022,656.8347168,664.4092561,653.4628132,659.7179405,6517030
04-03-2022,638.9001465,652.8275244,635.2839031,649.9443009,7094874
07-03-2022,660.1089478,663.9694719,624.533021,625.5103809,12615451
08-03-2022,667.5368042,671.2996159,652.485438,659.7179251,8462985
09-03-2022,675.8443604,682.1971996,659.0337584,666.5594414,9896395
10-03-2022,681.9528198,691.4820781,674.9646732,684.1030234,5989327
11-03-2022,679.1185303,686.4976455,675.8443983,680.926682,3353880
14-03-2022,684.5428467,688.8920502,672.5701888,672.5701888,4016137
15-03-2022,687.1817017,693.4368287,679.7537905,683.17455,6006439
16-03-2022,695.880188,699.3009473,689.0386693,693.9254684,3843706
17-03-2022,706.5335083,711.469164,698.8123411,703.6991407,8168953
21-03-2022,692.1662598,707.9505856,690.7979321,705.6538138,6317305
22-03-2022,702.9660645,704.6764442,689.8694187,692.4594462,3000133
23-03-2022,688.9898682,703.5524948,687.0840044,702.9661027,7974713
24-03-2022,690.3580933,692.8014928,682.0505347,682.1971625,3597143
25-03-2022,693.2902222,698.2747935,689.8694625,696.1734458,2930336
28-03-2022,716.4536133,720.3141966,694.0231932,699.0566202,7960258
29-03-2022,737.8577881,745.7255225,720.3141679,723.637215,15833573
30-03-2022,732.531189,752.4693533,727.742102,745.4812066,9938988
31-03-2022,737.8577881,741.8160833,722.9530512,735.9519246,7371181
01-04-2022,741.3274536,749.2929603,732.2868749,742.5980095,5920139
04-04-2022,750.4168701,757.4538729,739.0795199,740.6921278,5783224
05-04-2022,749.2441406,756.2811444,743.7709486,750.4169845,3990794
06-04-2022,758.0892944,763.0249504,745.7256668,746.7030268,7490027
07-04-2022,745.1391602,760.2393218,742.3536488,757.4538702,5818505
08-04-2022,744.8459473,750.9544466,740.4478278,750.9544466,5583587
11-04-2022,740.8876953,747.8758428,738.8841194,739.8614793,4927865
12-04-2022,724.8590088,742.7446834,723.3440532,742.7446834,3904026
13-04-2022,723.8815918,739.3727215,721.2427083,725.2010037,6343030
18-04-2022,712.9840088,723.392915,707.0221376,719.9721556,8950327
19-04-2022,707.1199341,722.2690135,700.6204665,722.2690135,9957060
20-04-2022,722.6109619,727.6443889,707.5596564,713.5215275,6632292
21-04-2022,719.0925293,727.0580362,713.47271,727.0580362,6111830
22-04-2022,722.0245972,724.1259447,712.4953385,714.4500582,5182247
25-04-2022,722.6109619,726.1783491,712.6419394,713.4238154,3571031
26-04-2022,739.1773071,741.7184788,722.3667043,728.1331518,4987848
27-04-2022,735.4633179,744.308413,729.5014464,733.0199181,4571399
28-04-2022,730.4298706,737.2225336,727.742131,733.997258,6101866
29-04-2022,722.2689819,743.7709002,718.8970783,734.9746609,7219115
02-05-2022,724.5656738,726.1294853,713.8147159,717.3821031,3938533
04-05-2022,706.0447998,722.611002,700.7670326,720.3142302,6785271
05-05-2022,702.6728516,716.5024572,698.0792485,709.5632263,4836692
06-05-2022,694.1698608,707.5108472,691.7264611,695.1472207,5912312
09-05-2022,695.3916016,704.1878411,688.5012259,690.113834,4819274
10-05-2022,703.3571167,712.0067285,694.0721971,694.9029292,6746893
11-05-2022,706.4846191,718.3595664,700.6693751,703.357115,6919703
12-05-2022,689.4296875,706.4357137,685.3736201,699.0566585,6754953
13-05-2022,674.2806396,696.8576302,669.2472121,696.8576302,11938252
16-05-2022,677.5058594,682.1971747,664.2626453,670.3222287,5412233
17-05-2022,691.0422974,693.925521,675.2090552,679.2651226,4847812
18-05-2022,680.3890381,710.6871914,673.5963757,704.6764049,18992703
19-05-2022,658.9848633,677.31036,652.7297365,669.4914814,7322668
20-05-2022,672.3258667,675.8443383,667.5367796,672.9122587,5577407
23-05-2022,670.3222046,678.1899988,664.2137058,666.3639093,3788601
24-05-2022,662.84552,673.6453354,660.5486884,673.6453354,4053608
25-05-2022,672.6190796,674.2806033,664.1648928,665.8264165,4188088
26-05-2022,677.9456787,679.7537706,660.5975415,674.3782914,5780597
27-05-2022,668.9050903,684.1518798,660.6952439,681.2686564,7131633
30-05-2022,683.2233887,687.8169919,667.5367751,671.8860383,4675033
31-05-2022,684.3474121,690.6024797,676.9194411,681.7085285,44593174
01-06-2022,678.9230957,690.2115909,675.6000481,685.6668434,3749781
02-06-2022,680.1936035,681.1709634,667.5856375,673.3032285,3466993
03-06-2022,670.9575195,684.9337531,669.7358198,681.2686537,6673615
06-06-2022,667.487854,674.1827444,661.1838717,666.7548342,6407024
07-06-2022,669.784729,671.6905927,658.0564102,662.7966415,8349903
08-06-2022,648.2828369,672.2281555,645.4973849,667.0481597,13904149
09-06-2022,661.0373535,664.018349,640.2684554,645.0575428,6774925
10-06-2022,658.1052246,661.1350759,652.8763733,652.8763733,3221484
13-06-2022,656.1016235,658.1051992,643.1027501,645.1551818,5982102
14-06-2022,666.6083374,673.7919688,653.9515142,653.9515142,8878530
15-06-2022,666.6571655,669.4915331,658.2518942,666.5105973,6005970
16-06-2022,639.388855,668.4164558,635.2839315,667.6345201,9525587
17-06-2022,629.0776978,646.7678874,623.5555907,641.1480682,11085830
20-06-2022,626.3899536,632.7916487,619.8416307,630.3482491,3883001
21-06-2022,639.4865723,643.2494437,625.9990175,627.5627695,3515991
22-06-2022,628.2957764,635.6259755,626.9275083,633.9155957,4348884
23-06-2022,645.2530518,649.5533998,633.0849084,633.4758763,4336533
24-06-2022,656.0039673,660.4020868,647.1099565,647.1099565,5621332
27-06-2022,668.465332,671.4462679,656.003993,659.7179488,5284297
28-06-2022,665.7286987,669.3937982,660.9884676,667.5367906,3216376
29-06-2022,672.2281494,673.4987054,659.7179542,661.6726741,5011798
30-06-2022,669.442627,675.942034,663.627324,674.1827983,6505666
01-07-2022,658.2030029,670.2733732,650.9216601,669.3448694,4488771
04-07-2022,666.461731,669.9802027,650.970541,655.3198044,4229588
05-07-2022,668.9539795,673.694151,664.6535722,667.8299918,3494504
06-07-2022,678.2388916,679.2162515,668.7096329,669.0028289,4697006
07-07-2022,671.2506714,680.731073,669.9312596,676.3329541,3485283
08-07-2022,679.4116821,680.8288061,671.1041239,672.4235358,2732170
11-07-2022,645.5950317,665.5820524,644.0312799,659.7178934,18687521
12-07-2022,647.989624,651.8013516,645.0575443,648.233964,7416645
13-07-2022,628.9311523,654.831192,626.4877524,654.831192,12030163
14-07-2022,627.1229858,637.4341206,614.5150196,635.2839169,11379990
15-07-2022,637.0431519,642.614115,628.6867369,634.2577001,5567877
18-07-2022,648.0383911,654.8310535,634.4531259,642.1253764,8982417
19-07-2022,657.6655273,661.6726792,648.0873522,659.7179594,7836419
20-07-2022,655.4663696,664.6046598,653.0718262,664.6046598,4458819
21-07-2022,662.9920654,664.5558771,656.0039779,656.297174,3550107
22-07-2022,663.4807739,666.4617695,659.9134459,664.3115657,2415220
25-07-2022,663.0409546,671.0064017,661.2328031,664.6047065,2913348
26-07-2022,668.6118774,669.8335773,655.0754668,667.1458376,5016687
27-07-2022,659.6202393,668.4653347,654.5379557,668.4653347,6237523
28-07-2022,651.7524414,664.0183562,649.1624734,663.4319044,7374170
29-07-2022,662.6011353,665.2400188,655.8084722,657.5677081,7669970
01-08-2022,681.7443848,685.0330693,664.6627104,665.5462681,8812526
02-08-2022,674.234314,687.4873183,668.6877222,687.1928191,6236599
03-08-2022,680.4682007,684.1004578,674.4306967,675.4124008,5237250
04-08-2022,681.5971069,685.7202759,668.2459559,685.4257767,6352142
05-08-2022,690.776062,697.0098586,683.6095747,685.2294103,5811092
08-08-2022,691.4631958,696.8625679,686.2111033,694.9973662,5918607
10-08-2022,702.1638184,704.8635045,693.0830559,700.8385419,12201239
11-08-2022,696.8134766,706.2378708,692.7885142,705.6488124,7142902
12-08-2022,696.7153931,699.4641525,693.7212076,696.8626127,4540159
16-08-2022,691.2178345,702.9001373,687.6837237,701.9184332,6679663
17-08-2022,709.7229614,711.3918703,689.4507486,694.0647697,8812954
18-08-2022,719.7854004,722.5341597,707.7104529,711.7354154,10354897
19-08-2022,718.9018555,724.1048749,712.717132,716.840301,13743828
22-08-2022,714.2878418,720.9634773,711.1464368,718.460084,8118490
23-08-2022,724.1048584,729.0133785,709.3302249,711.7354118,8229797
24-08-2022,725.2338257,740.4011644,704.8634678,709.6247082,14922081
25-08-2022,727.442688,740.2539136,721.7978898,731.1731513,9849958
26-08-2022,717.4783936,727.9335658,714.6805609,727.9335658,5928897
29-08-2022,707.4158325,711.6372074,702.0164609,704.5689271,5878942
30-08-2022,713.3061523,716.7421166,698.7769441,708.7903376,8894800
01-09-2022,721.6015015,732.3511721,713.2079444,713.2079444,11869518
02-09-2022,721.5524902,727.3445682,706.4833568,711.7354496,5693707
05-09-2022,726.8537598,728.3753892,719.8345513,721.5525335,3660135
06-09-2022,747.3221436,751.0035334,726.8536398,726.8536398,10166270
07-09-2022,739.321228,747.9602708,673.6452691,741.6773415,126794211
08-09-2022,755.7156982,761.8022748,743.1989727,745.1133074,10648073
09-09-2022,751.7398682,760.6242777,748.9420356,758.8572224,4627905
12-09-2022,755.0776367,757.2864707,750.5126893,752.9669492,2654087
13-09-2022,769.9013672,774.4663148,755.9120851,759.8389011,8335652
14-09-2022,769.0178223,773.9754755,761.5568957,761.8023217,6645392
15-09-2022,770.7358398,776.1843454,767.6925812,773.5828056,5485310
16-09-2022,765.3856201,773.5828253,762.244155,773.5828253,20211162
19-09-2022,768.428833,771.6193711,758.0718674,759.3480707,5760313
20-09-2022,777.6568604,782.3690276,770.6376527,772.3065615,7936714
21-09-2022,765.9254761,782.4180914,764.7474193,777.6568509,9966193
22-09-2022,769.7541504,780.2583961,762.1459437,776.7242854,7721133
23-09-2022,757.2373657,773.5827615,754.635886,773.5827615,9271829
26-09-2022,741.2355957,757.0410661,739.4194673,755.8630093,13144297
27-09-2022,746.684021,751.0035425,743.3462634,744.966039,5965026
28-09-2022,747.5184937,756.8937545,741.1864911,741.6773431,5546932
29-09-2022,750.6600342,754.9304229,745.4078815,749.9728294,5413233
30-09-2022,785.2650757,794.1985584,747.5185438,751.936212,7469164
03-10-2022,788.6519165,800.6287178,783.4488971,788.7010496,12619046
04-10-2022,793.9040527,801.8067581,792.7259959,798.125368,5772140
06-10-2022,774.1717529,800.923187,772.2574781,795.7201678,6503205
07-10-2022,778.5894165,782.2217333,770.3431389,777.5095661,6025982
10-10-2022,777.8531494,780.2583362,765.4346296,770.5885757,3519416
11-10-2022,766.0236816,782.9090038,761.8023661,782.9090038,3699862
12-10-2022,761.3605957,767.0544674,755.1267987,766.0236901,5984299
13-10-2022,754.8322754,764.7474624,753.6051453,760.8206462,2842056
14-10-2022,751.9362183,765.6800748,749.0892526,765.6800748,3608210
17-10-2022,751.9852905,756.8938107,745.9477867,747.0767704,4566333
18-10-2022,768.8215332,771.2266601,754.5868248,755.7648217,4391263
19-10-2022,769.0669556,774.2209017,765.2382859,773.5336969,5219180
20-10-2022,778.3931885,779.473039,764.060273,767.69259,4756732
21-10-2022,782.8598633,788.1610289,775.3007305,775.5461565,4807736
24-10-2022,787.4247437,792.7259691,785.3631892,785.3631892,522406
25-10-2022,787.6210938,791.5969829,784.0869834,791.40069,3184277
27-10-2022,802.1503296,807.157056,789.4863837,791.744291,8159181
28-10-2022,801.9049072,809.3168205,796.4564619,804.0155948,3905093
31-10-2022,816.77771,818.5447651,804.9972622,807.9423742,5487233
01-11-2022,820.2628174,826.0548953,806.0281085,812.8509637,10488759
02-11-2022,795.032959,814.8143185,792.4805526,814.8143185,11729925
03-11-2022,803.6720581,809.3168565,789.4864224,794.9348679,5897840
04-11-2022,801.4631958,806.7643616,794.3949148,800.775991,3768226
07-11-2022,807.6478882,808.9731646,794.1985315,802.0521634,7171570
09-11-2022,804.0646973,810.3967004,799.5488826,809.1204971,3969171
10-11-2022,810.6420898,815.5015367,802.5921049,804.800939,4425290
11-11-2022,811.7710571,821.5880971,808.7277388,815.5505935,4325441
14-11-2022,806.8625488,815.5996786,802.0521752,803.0338792,10406576
15-11-2022,819.9682617,823.4042257,807.5988154,807.5988154,6229710
16-11-2022,825.8094482,828.6072808,812.9000162,822.1771313,3445345
17-11-2022,830.6689453,833.8594836,823.0607386,826.3984965,4545534
18-11-2022,821.9807129,836.2644935,815.8941364,834.3992919,7405949
21-11-2022,835.6264648,837.1971673,819.7228479,821.6862559,5527122
22-11-2022,832.0922852,844.8053639,829.6380252,837.7862163,7601660
23-11-2022,827.8219604,836.2645915,826.2021248,836.2645915,4596816
24-11-2022,832.8286133,835.430153,822.4225742,830.5216327,3455310
25-11-2022,831.3560181,844.2654498,826.202072,836.4118177,2991065
28-11-2022,822.0789795,836.9517596,820.7536431,824.876812,3668846
29-11-2022,820.557312,829.3435753,819.7228875,823.6497038,2680296
30-11-2022,833.2212524,836.4117904,817.3667092,819.5264699,6874390
01-12-2022,833.0740356,837.5899102,826.2021073,837.3935574,4506664
02-12-2022,833.1231689,836.3627803,823.7478473,835.8228551,3505272
05-12-2022,828.6563721,836.0191525,825.4658339,835.430154,3311316
06-12-2022,818.1030273,829.5399032,814.5198436,829.4417568,5567349
07-12-2022,818.7411499,826.2020765,816.7777419,822.2261872,3771882
08-12-2022,817.3667603,824.8277469,811.1820368,817.7594658,4822179
09-12-2022,819.6247559,821.2936049,808.8750843,815.1088812,4615843
12-12-2022,813.2436523,821.6372099,810.2985402,817.3667614,3149823
13-12-2022,822.717041,824.6313758,806.9607035,806.9607035,3832999
14-12-2022,814.0289917,826.5947913,812.9982145,825.2695148,7491333
15-12-2022,811.2310181,815.7959653,809.2676102,813.8325574,2996482
16-12-2022,807.6969604,817.4649272,804.899128,809.9057944,4309644
19-12-2022,825.0241089,829.5889968,806.9607304,807.6479352,6397169
20-12-2022,813.7835083,824.3858991,806.9606538,824.3858991,2828863
21-12-2022,799.1071167,817.8085673,797.487281,817.7594941,5079337
22-12-2022,801.6594849,809.6113234,794.6894102,804.0155985,3626834
23-12-2022,793.8549805,802.9848159,790.2717368,799.107073,2804496
26-12-2022,796.1619873,800.2851563,786.4922263,790.3208362,6023206
27-12-2022,799.8924561,804.4574039,790.2717683,800.0888089,1782053
28-12-2022,789.093689,799.0089356,786.7867085,798.125378,2907741
29-12-2022,805.7335815,809.6603977,746.1932082,792.2842244,6110313
30-12-2022,791.3516235,809.7095016,790.2226998,809.6113551,3113243
02-01-2023,798.6162109,801.2668237,790.8607253,791.4988569,1626846
03-01-2023,802.6411743,803.8192311,793.7076918,795.5238202,1717603
04-01-2023,796.9473267,805.4390906,791.449808,803.9665345,2970216
05-01-2023,792.333313,809.9058394,789.0446284,809.9058394,5297349
06-01-2023,781.4364014,797.3890917,777.5095853,792.7750708,3199618
09-01-2023,804.4082642,806.4698185,786.3939602,788.0137957,4340729
10-01-2023,778.3439941,810.9856522,775.8406609,810.9856522,8392344
11-01-2023,751.543457,765.3855189,737.8978079,760.8205715,28389020
12-01-2023,743.0518188,755.2249131,739.7630743,751.0035977,12732671
13-01-2023,750.3163452,751.9361808,738.2413982,743.1499181,12279288
16-01-2023,745.2606201,754.046823,740.8429521,752.3779742,5779293
17-01-2023,751.6907349,754.8321995,744.8678804,745.2605859,6594428
18-01-2023,762.3422241,765.7291149,751.985259,754.1450197,5800899
19-01-2023,757.8754883,762.2931563,751.6416918,761.8023043,4169463
20-01-2023,750.4636841,761.6550745,744.4261801,761.6550745,6289718
23-01-2023,758.5627441,761.8023556,749.8746272,753.8505766,2685320
24-01-2023,761.4587402,763.3239419,747.0767525,758.8572006,5012125
25-01-2023,762.2931519,766.2199678,753.9486679,760.7715226,6560514
27-01-2023,760.3297119,764.6492333,751.7888755,760.7714907,6745926
30-01-2023,756.1084595,760.7715536,749.0401784,757.4828092,5420851
31-01-2023,756.206665,764.7475028,754.3414632,760.8206863,8537557
01-02-2023,755.0285645,770.2941104,742.7572638,761.7532732,4472974
02-02-2023,763.5202637,766.7108016,751.0526113,751.1016845,2841909
03-02-2023,778.3931885,780.4056699,764.1584793,765.6310354,5493687
06-02-2023,774.8098755,780.111101,764.5510568,775.2516543,2407975
07-02-2023,771.5211792,781.2890858,768.6742137,779.374811,4126502
08-02-2023,760.9187622,766.7108399,751.0035756,763.7657278,9951783
09-02-2023,752.6234131,760.9187641,747.3712606,755.9120976,5913945
10-02-2023,757.8264771,759.0536072,747.0768054,754.8813648,2954992
13-02-2023,754.5376587,765.3364025,752.6724571,756.8937722,3705892
14-02-2023,761.0170288,763.3730827,752.1816919,754.9304514,3502010
15-02-2023,771.0303955,772.7483776,758.0718899,760.8206493,3602838
16-02-2023,770.0977173,776.0370145,766.3181209,775.2025901,3399428
17-02-2023,762.5876465,773.0428179,756.2065706,771.5702619,3093216
20-02-2023,764.8947144,779.2766424,762.8821732,766.9562688,3381774
21-02-2023,764.7965088,773.5827718,763.9130111,768.7233249,2769616
22-02-2023,758.0228271,767.3490159,752.4761751,762.784068,3261898
23-02-2023,748.9911499,763.2749325,747.9112394,759.8389681,4062194
24-02-2023,743.2481079,761.6059855,741.1865534,761.5078391,4357223
27-02-2023,739.125,740.5975561,724.9393646,739.2231464,6719439
28-02-2023,728.6698608,743.2481426,726.1174542,741.186588,10562614
01-03-2023,736.4744263,739.6649646,727.4427366,728.8171463,3744982
02-03-2023,726.5591431,738.0450924,722.3378276,737.2597412,4910541
03-03-2023,750.4145508,751.8871068,729.9459867,731.3694695,5759333
06-03-2023,752.5742798,761.7041751,751.1017238,752.6724861,4597345
08-03-2023,752.5252075,755.813952,746.7822629,750.0218742,3546995
09-03-2023,759.2498779,780.4546598,756.1084132,780.4546598,5240056
10-03-2023,759.5935059,764.6983789,754.1450604,758.8572278,4113931
13-03-2023,751.2980957,763.5693963,749.187468,763.2258238,3447889
14-03-2023,757.6791382,762.538585,750.0218589,750.0218589,3753502
15-03-2023,742.8063965,751.5435266,738.7323007,744.131673,8101060
16-03-2023,732.3021851,745.1134116,729.896998,736.2780747,7465693
17-03-2023,743.3953857,745.5551466,725.6265666,736.2780314,9306857
20-03-2023,740.9901733,745.8986934,735.0999493,741.1374529,3566109
21-03-2023,743.1008911,751.9853008,741.3338358,746.0950765,5332221
22-03-2023,742.8554688,749.2365451,739.3704313,747.0767842,2680654
23-03-2023,749.5800781,751.7889121,743.0026493,744.1316329,2454948
24-03-2023,748.5002441,752.9669855,744.9660737,749.5800946,2336818
27-03-2023,747.8130493,755.6176084,745.4569357,749.0401794,2258853
28-03-2023,734.7564087,751.5925972,729.2097568,751.5925972,4166723
29-03-2023,729.9950562,741.0883591,725.3319622,737.2596896,4891868
31-03-2023,735.2963257,739.2231418,728.4734706,738.3887174,5796532
03-04-2023,746.6350098,747.9603462,738.2905253,741.1865642,2120667
05-04-2023,749.4819946,753.9487362,742.1682872,753.9487362,3197932
06-04-2023,751.9362183,754.6359044,745.2115097,748.6474738,1777379
10-04-2023,755.666687,762.0968365,752.4270757,754.8813358,1701065
11-04-2023,759.9862061,761.8023346,754.0959818,761.8023346,3485481
12-04-2023,756.9919434,760.3788342,751.1017193,759.838909,3794841
13-04-2023,753.0161133,757.041136,751.4454107,755.9121523,4292170
17-04-2023,745.7514648,774.5644532,740.5483857,774.5644532,9083437
18-04-2023,745.8496704,751.0036168,738.7813891,751.0036168,4051481
19-04-2023,750.6600342,752.8197352,742.1682701,747.4203628,3429794
20-04-2023,758.1700439,759.5935268,748.6475024,750.0219121,2355441
21-04-2023,751.1999512,761.0660649,750.4636731,755.519413,4524208
24-04-2023,746.3404541,753.3596616,741.8246397,751.1999008,5271105
25-04-2023,758.4645386,762.7840604,747.8130734,750.9545384,5773233
26-04-2023,759.2990112,765.6310144,753.0651545,765.6310144,5057352
27-04-2023,772.1102295,774.7608424,757.2373893,757.8755209,4129769
28-04-2023,784.6759644,787.3756502,772.7973704,775.3988499,6572656
02-05-2023,775.7425537,792.038817,774.1227181,785.6086674,6301210
03-05-2023,765.0419312,779.9638442,762.9803767,779.9638442,3908267
04-05-2023,774.6626587,778.1968293,759.4953787,765.0419708,2457671
05-05-2023,772.8955688,776.4788125,765.9745674,774.6626241,1438467
08-05-2023,779.2275391,780.7491683,770.833982,775.4480027,2489174
09-05-2023,779.0802612,783.7433552,776.0370028,782.3199323,2486331
10-05-2023,781.4854736,782.9580297,773.6318415,782.4181044,2737334
11-05-2023,774.1717529,780.0129037,769.3614393,780.0129037,4808171
12-05-2023,777.4605103,779.1784923,770.1468033,773.0919154,2576010
15-05-2023,782.4671631,787.8174619,775.1043831,778.4912739,7569060
16-05-2023,772.9447021,786.5904132,769.6560174,786.1977075,4846217
17-05-2023,777.7550659,783.056292,769.5578607,773.5828235,6529233
18-05-2023,784.7250977,788.3083414,780.1111366,783.350748,11383252
19-05-2023,791.0079956,793.560402,778.7366956,784.7250661,3432240
22-05-2023,787.1793823,789.29007,784.8724017,786.3449578,9996762
23-05-2023,785.3141479,794.1494842,783.3507399,794.1494842,6516636
24-05-2023,786.7376709,788.210227,780.4547408,788.210227,9104329
25-05-2023,807.6478882,810.3966474,783.252508,784.97049,9570396
26-05-2023,802.9848022,814.1761919,798.518061,812.7527691,6150206
29-05-2023,806.2243652,814.2252764,803.0338274,814.2252764,3684829
30-05-2023,803.475708,811.2311342,797.929056,806.2244674,5148256
31-05-2023,834.3502808,872.4894584,803.0338982,804.0156022,47342125
01-06-2023,812.8018188,822.6188586,807.9423722,822.6188586,9713155
02-06-2023,821.1954346,823.9441939,811.8201729,817.5631176,6834131
05-06-2023,819.2319946,825.9566431,816.9250142,823.1588107,5298053
06-06-2023,814.2744141,822.9133975,811.0348028,819.2320074,2722174
07-06-2023,828.8036499,831.9941881,812.1146809,813.7345166,4110739
08-06-2023,820.7045288,833.8593861,819.2810461,832.1904774,4050621
09-06-2023,818.2503052,824.4350286,813.7835638,823.2078985,3332436
12-06-2023,821.0481567,827.6746591,816.5323421,819.5756007,1569715
13-06-2023,819.0847168,828.5581845,817.5140143,822.7661068,3224345
14-06-2023,812.8018188,818.6920427,804.0155563,816.777708,5108720
15-06-2023,814.5198364,818.5447989,809.1204643,811.8692236,3865201
16-06-2023,822.4716187,824.6313795,805.7826503,807.4515591,4907797
19-06-2023,812.9981689,824.6313371,812.3600374,824.6313371,3017364
20-06-2023,815.9923706,818.4466306,811.7219223,812.9490523,2691557
21-06-2023,823.6497192,825.3677014,815.2070882,816.7777907,3022724
22-06-2023,827.380127,828.0673317,819.4283484,821.3917565,4380046
23-06-2023,839.1605225,846.9650808,825.9565924,828.5581318,7667340
26-06-2023,836.3627319,841.6638976,830.8651536,841.6638976,4431992
27-06-2023,849.0758057,855.4077485,837.9825026,840.8294682,5533649
28-06-2023,856.2422485,857.6165982,847.7995581,853.5916357,6272649
30-06-2023,862.6724243,866.8446665,851.1864751,863.8995544,5217511
03-07-2023,863.0650635,867.9735833,858.5982625,863.8994879,3333167
04-07-2023,849.321228,857.8129316,837.6879998,857.8129316,7397493
05-07-2023,850.7938232,855.0642118,847.2596528,852.1190997,4284477
06-07-2023,853.7388916,861.8379495,847.6523149,848.5358126,6365222
07-07-2023,854.524231,867.4336022,846.7196724,849.1739323,18763997
10-07-2023,869.2008057,873.3239148,849.1740187,851.1374268,4310681
11-07-2023,875.5818481,876.8089782,870.0842696,873.7165865,3353977
12-07-2023,873.6675415,879.3123399,866.9428327,873.6675415,3033186
13-07-2023,868.8571167,876.9561747,867.0900615,875.0418399,4228714
14-07-2023,870.2805786,873.9619685,863.5559303,868.8080226,3860080
17-07-2023,862.0343018,880.2449598,859.9727472,869.7897877,5614592
18-07-2023,859.4328003,864.0958944,847.3578528,861.0035028,4731911
19-07-2023,854.8187866,860.9544368,851.3337493,859.4328076,6641825
20-07-2023,868.6607666,870.476955,852.1190781,855.0641901,3779959
21-07-2023,869.7897339,875.5818114,858.7946372,862.0342484,7001587
24-07-2023,871.9004517,876.2689866,864.6848911,868.80806,4125577
25-07-2023,867.4827881,878.3306056,863.0159868,871.7531766,3652262
26-07-2023,873.1276245,880.0976994,867.1391937,870.2806587,2845581
27-07-2023,878.7723389,884.9079887,871.900411,873.0784079,3445446
28-07-2023,878.7232666,883.435494,874.2565252,883.435494,2314339
31-07-2023,873.6184082,881.3738338,869.0534607,877.6433706,4424817
01-08-2023,875.3364258,880.981224,871.9004617,878.1342583,2087412
02-08-2023,862.0343018,874.3547355,856.6349295,867.0410284,3328903
03-08-2023,855.7514648,865.9120782,849.2721819,858.9910763,4642067
04-08-2023,873.3730469,876.6126583,850.3520745,853.1008339,7066276
07-08-2023,875.0909424,884.0734978,867.9244555,868.9552926,4086452
08-08-2023,869.2008057,877.9379359,864.3413585,875.6800285,3282856
09-08-2023,867.5318604,881.0302907,862.7214867,868.8080636,3185159
10-08-2023,858.7946777,867.7282204,852.3154551,865.8629588,3439922
11-08-2023,858.5480957,861.6546921,853.0746232,859.9781172,2812690
14-08-2023,855.0963745,858.5974203,845.7766452,858.498823,2665905
16-08-2023,845.1356201,861.9505472,841.4373197,858.0056935,3962408
17-08-2023,844.8890991,847.9956355,838.2814568,845.3822059,3013019
18-08-2023,844.4453125,850.1160401,840.5004585,844.8891206,4929835
21-08-2023,859.928833,861.9505585,842.3248867,843.8535658,3220142
22-08-2023,865.5502319,867.8185108,854.2580762,858.9918886,3333869
23-08-2023,856.1812134,864.9091782,854.8497891,864.9091782,1860153
24-08-2023,857.4632568,862.6408772,852.2856365,860.9643024,2842728
25-08-2023,861.4573975,863.8736323,849.2283273,857.4632453,3124339
28-08-2023,858.3508301,863.6764066,853.9128697,861.9998318,3094455
29-08-2023,843.409729,858.0056756,836.802087,858.0056756,14064286
30-08-2023,845.9245605,850.7076716,844.6424951,847.9955847,3261665
31-08-2023,844.5932007,847.6504382,835.372069,843.7055845,12528190
01-09-2023,854.0115356,855.5894531,840.9935063,841.3880157,4427899
04-09-2023,853.3704834,857.4632933,847.8477122,853.8142915,3102649
05-09-2023,853.9622192,855.8359886,846.5656186,851.2007735,2216754
06-09-2023,868.1636963,870.2347807,853.8636011,855.1950254,4235096
07-09-2023,863.232605,871.5168219,861.1122822,868.1636721,4532834
08-09-2023,873.637146,878.3710186,866.0433507,869.6429936,3741470
11-09-2023,878.5189209,879.9982411,871.4181721,875.7575353,2733894
12-09-2023,878.1245117,884.1403899,872.7989348,882.5624724,4106031
13-09-2023,902.5332031,905.3438872,873.3412508,875.8067843,5222561
14-09-2023,902.3359985,907.9080684,897.5528272,907.6122164,5513106
15-09-2023,923.2437744,935.6207416,897.4542678,900.0183988,14003428
18-09-2023,907.5136108,922.8985163,905.3439293,916.5867864,2977375
20-09-2023,898.1445923,906.6260038,892.3259089,898.4404443,5241903
21-09-2023,905.2946167,907.4642983,890.8958647,897.6514627,4896202
22-09-2023,898.8349609,909.63395,891.3397026,905.294647,6112928
25-09-2023,897.8487549,900.7580364,889.6138364,899.4266723,5278045
26-09-2023,900.1170044,908.2532651,895.4817893,897.4542161,5355047
27-09-2023,907.5628662,908.3518249,894.9393469,902.3359473,4713145
28-09-2023,912.8884888,919.15092,905.9356359,913.2336394,7386917
29-09-2023,913.6281738,923.4903084,909.0915558,919.1509451,5608557
03-10-2023,912.5432739,915.4526156,903.4207997,905.5904813,4338272
04-10-2023,911.5077515,913.1843263,905.6397696,905.6397696,5603669
05-10-2023,916.0443726,916.7840327,906.7247033,912.2967733,7063132
06-10-2023,913.282959,916.3895554,911.5570854,916.3895554,2420855
09-10-2023,911.8036499,915.255397,903.9139422,905.3439637,2248103
10-10-2023,935.2755127,940.8969415,908.3518972,911.8036443,7897875
11-10-2023,942.4255371,943.6090053,934.9303391,935.4234458,5645289
12-10-2023,937.2479248,943.6090136,933.9441338,942.4255454,5544735
13-10-2023,941.0448608,942.7707343,933.2537507,933.2537507,4421671
16-10-2023,933.5003052,945.532121,930.8375169,944.7431623,1881721
17-10-2023,940.5025024,947.0114873,932.9579453,933.5003507,3863410
18-10-2023,939.7134399,945.6800793,937.5438186,939.861396,2334392
19-10-2023,929.9499512,938.1848091,928.3719736,932.7606353,4306963
20-10-2023,932.1689453,934.4372242,924.0819832,924.8709419,3125104
23-10-2023,926.3502808,936.0151605,924.0820019,928.6185597,2180066
25-10-2023,909.8804932,926.6954804,906.3301489,911.85292,6365249
26-10-2023,893.0162964,911.8529496,887.6414209,908.943668,6595332
27-10-2023,901.9907837,905.7384429,893.9531803,898.193886,3508393
30-10-2023,913.4802246,919.1016534,897.7994064,902.1880684,3686768
31-10-2023,901.7936401,910.8174575,899.8212132,907.6122636,5697563
01-11-2023,900.8566895,901.9415002,883.1048473,890.5507468,4821458
02-11-2023,911.1132813,913.1843656,903.7660391,907.3163835,6611573
03-11-2023,917.9181519,920.8274935,909.4860391,912.2474246,3895154
06-11-2023,926.251709,927.7310292,917.178533,921.3206416,2760800
07-11-2023,924.2299805,926.0051527,919.5947651,923.1451095,3616946
08-11-2023,923.8354492,928.8158151,921.5178717,928.8158151,1808553
09-11-2023,919.4960938,924.3778624,917.7209216,923.835457,3914416
10-11-2023,922.6026611,924.0819813,916.1922739,916.1922739,1345614
13-11-2023,922.1095581,927.3364773,920.9260899,925.0681984,1656368
15-11-2023,936.902771,939.5655593,923.2930375,934.9303441,4816316
16-11-2023,936.4589844,940.7490491,930.2458516,935.916579,5310736
17-11-2023,934.2399902,940.8476324,932.9579248,935.7193104,3249469
20-11-2023,948.1456299,951.0056128,928.9637663,935.9165591,4646962
21-11-2023,957.465271,962.8894448,947.7510929,953.6683734,5704644
22-11-2023,956.3804932,962.8401792,952.6328941,960.8677523,3309732
23-11-2023,963.1853638,967.4753681,950.4138879,956.6270204,2749555
24-11-2023,959.7336426,963.6784964,957.6132596,961.5581134,2322104
28-11-2023,971.3215942,974.3788317,957.8104587,960.6211428,5096984
29-11-2023,981.6768799,993.2155289,977.288218,982.1699866,5647918
30-11-2023,1000.710754,1004.162501,979.0140595,981.2823383,9934052
01-12-2023,1000.710754,1008.452506,994.3003673,1001.006606,5544950
04-12-2023,1018.659912,1029.606857,1011.065996,1021.71715,5164902
05-12-2023,1016.884705,1031.529951,1008.008783,1024.478621,4266159
06-12-2023,1010.326294,1020.730894,999.4780065,1014.91221,4121251
07-12-2023,986.2134399,1005.641857,984.2410131,1001.006642,13805235
08-12-2023,986.4599609,990.1582612,977.6333389,984.9313422,6630766
11-12-2023,987.0516968,990.7499972,978.3730305,982.3671829,6195119
12-12-2023,981.5288696,987.0516405,973.3926092,985.4737232,7119331
13-12-2023,986.1148071,988.1858312,977.8305905,979.5071653,4153219
14-12-2023,991.3417358,997.2590163,985.3751567,992.1306945,6541673
15-12-2023,978.8661499,996.913844,974.6254441,985.8683015,10119597
18-12-2023,976.5978394,985.0299521,968.6095347,981.2823531,5750263
19-12-2023,974.8226929,984.1917206,972.3078606,981.726187,3912964
20-12-2023,958.1556396,979.9509924,955.6408075,979.2113324,3990591
21-12-2023,964.4181519,968.0177948,946.7649071,954.6546147,4294277
22-12-2023,975.9074707,985.1779009,962.1004829,968.3629742,4605120
26-12-2023,986.0654907,988.6789804,976.0061617,981.2823796,2460643
27-12-2023,1007.121155,1009.931899,984.2409914,986.2134183,4791379
28-12-2023,1022.407349,1027.584969,1008.107315,1009.78389,5288328
29-12-2023,1017.969482,1028.867189,1010.27709,1018.906457,4631749
01-01-2024,999.0834961,1017.722894,993.1169169,1017.722894,3804406
02-01-2024,1007.614319,1011.312559,1001.99289,1003.373613,6865791
03-01-2024,1020.928162,1022.703394,1007.269129,1017.722968,3604276
04-01-2024,1033.453125,1044.202876,1013.383705,1020.9775,4664043
05-01-2024,1032.171021,1048.986009,1024.626463,1039.27183,4008221
08-01-2024,1034.58728,1044.400056,1030.839621,1035.524135,4489695
09-01-2024,1049.824219,1053.177369,1033.601056,1042.427618,3371125
10-01-2024,1048.04895,1058.502909,1040.751067,1052.240357,3111573
11-01-2024,1048.196899,1059.094606,1042.772726,1051.056942,2604325
12-01-2024,1061.510742,1063.680484,1037.101961,1043.512348,3394013
15-01-2024,1087.201782,1089.470001,1059.73576,1063.187508,3312897
16-01-2024,1080.791382,1101.600462,1077.931339,1091.738327,5025540
17-01-2024,1070.288086,1093.661295,1063.927058,1076.945026,4568700
18-01-2024,1072.063477,1080.89004,1060.37675,1060.37675,4407330
19-01-2024,1109.490112,1120.683611,1074.775448,1075.958856,11753391
23-01-2024,1142.035156,1156.38461,1119.352247,1129.214382,18194595
24-01-2024,1173.544678,1177.53889,1124.38196,1124.38196,9546592
25-01-2024,1144.550049,1184.097183,1141.098302,1169.649133,11424697
29-01-2024,1146.12793,1153.623127,1142.03512,1142.03512,4015858
30-01-2024,1142.67627,1164.570161,1138.632818,1146.128017,3902023
31-01-2024,1154.560059,1158.850183,1130.397829,1143.021409,5981966
01-02-2024,1135.328857,1154.066913,1133.109877,1148.98801,3606209
02-02-2024,1134.934448,1158.997959,1129.510274,1139.076496,4969983
05-02-2024,1098.197998,1143.662412,1094.696892,1138.435433,7809331
06-02-2024,1118.415405,1140.161339,1107.517699,1109.490125,9863065
07-02-2024,1118.661865,1132.419493,1116.196332,1123.099825,2770694
08-02-2024,1126.403687,1130.693691,1100.811376,1128.622667,6519392
09-02-2024,1104.805542,1130.151178,1100.860688,1130.151178,4203171
12-02-2024,1103.276978,1113.435025,1095.979094,1107.419146,3887976
13-02-2024,1102.438599,1109.490048,1088.582373,1095.683061,3211554
14-02-2024,1100.466187,1105.693166,1089.469883,1094.696862,4653070
15-02-2024,1105.24939,1115.851184,1094.10525,1106.827428,5056712
16-02-2024,1104.559082,1111.511935,1101.452486,1108.503936,3091952
19-02-2024,1126.453003,1129.214449,1102.931835,1105.594684,4711035
20-02-2024,1128.178711,1135.723267,1119.35215,1129.214283,5397418
21-02-2024,1124.184692,1143.169301,1116.985286,1139.076491,4570259
22-02-2024,1119.894775,1123.05061,1082.51726,1121.916441,8642368
23-02-2024,1110.229858,1116.245737,1099.923975,1111.462625,6709844
26-02-2024,1094.746216,1110.377674,1089.124727,1102.685161,3186134
27-02-2024,1111.955688,1115.407436,1086.116944,1097.655593,7149094
28-02-2024,1113.188354,1136.758878,1108.010734,1117.774271,5302711
29-02-2024,1107.862915,1122.261608,1083.84864,1103.424954,13818650
01-03-2024,1113.139038,1125.022958,1101.994899,1112.448737,5927490
04-03-2024,1117.872925,1133.405786,1116.393605,1116.393605,5855090
05-03-2024,1152.784912,1163.485304,1117.429184,1117.429184,5375008
06-03-2024,1177.24292,1180.102963,1141.394086,1157.765205,5464839
07-03-2024,1183.160156,1196.868546,1173.051469,1193.170246,8903981
11-03-2024,1180.102905,1201.503808,1169.649068,1169.649068,6679208
12-03-2024,1187.647583,1191.345884,1181.286554,1183.456176,4249548
13-03-2024,1152.636841,1195.290568,1135.821855,1195.290568,7528096
14-03-2024,1178.130615,1183.16028,1147.508758,1157.765283,8569080
15-03-2024,1203.18042,1205.941866,1171.473633,1173.594016,10115416
18-03-2024,1208.407349,1213.584969,1198.446497,1208.111436,4141080
19-03-2024,1211.415283,1223.299204,1197.854848,1199.432766,7703719
20-03-2024,1214.817749,1221.918438,1206.780086,1211.316643,6596032
21-03-2024,1203.96936,1225.764652,1197.361658,1220.932183,9952250
22-03-2024,1219.058472,1227.835796,1205.152886,1210.034594,7840007
26-03-2024,1196.375488,1216.987373,1193.318251,1208.111452,10898138
27-03-2024,1207.914307,1211.316695,1193.860765,1193.860765,5779169
28-03-2024,1211.661743,1221.42528,1203.476244,1210.034467,10518377
01-04-2024,1200.566895,1214.916348,1191.345823,1211.070092,5461473
02-04-2024,1191.592407,1210.82357,1186.611981,1208.111483,3625577
03-04-2024,1208.801758,1223.496362,1173.051521,1178.525054,9532291
04-04-2024,1190.21167,1216.001176,1184.738258,1214.965603,7327626
05-04-2024,1174.5802,1194.64962,1172.558415,1189.274804,4227519
08-04-2024,1188.091187,1193.860631,1166.789002,1171.621472,4827733
09-04-2024,1187.844727,1198.199968,1181.77961,1198.199968,3372798
10-04-2024,1212.450806,1213.732811,1192.085474,1196.523435,6442196
12-04-2024,1208.653931,1214.867003,1202.73665,1209.196276,7877073
15-04-2024,1207.667725,1217.973607,1193.663421,1193.909975,4281602
16-04-2024,1199.679321,1216.938057,1195.340078,1207.026684,5235632
18-04-2024,1248.299683,1264.177695,1199.038369,1203.180417,19939924
19-04-2024,1271.229126,1278.625727,1236.070593,1262.353205,13103862
22-04-2024,1279.661255,1287.403006,1270.489422,1286.022283,7894656
23-04-2024,1323.843628,1332.374399,1284.148536,1291.939646,12074766
24-04-2024,1317.975586,1335.332917,1315.164902,1333.360491,6277492
25-04-2024,1320.243896,1325.273681,1306.091758,1312.650101,8512627
26-04-2024,1307.718994,1327.14735,1303.77414,1319.553555,5289771
29-04-2024,1314.080078,1327.443319,1301.801769,1306.239729,3195888
30-04-2024,1304.070068,1316.397736,1301.75237,1304.908326,5272565
02-05-2024,1286.071655,1301.703114,1275.765653,1297.117197,7995432
03-05-2024,1259.789063,1292.432703,1240.804454,1287.994743,11290875
06-05-2024,1265.706299,1280.548738,1255.64685,1257.422082,5555467
07-05-2024,1268.418457,1276.603956,1253.477299,1268.615652,5767030
08-05-2024,1270.834595,1281.485748,1257.126204,1258.556286,2682816
09-05-2024,1257.865845,1277.442277,1252.540389,1265.311804,4809145
10-05-2024,1283.21167,1290.460315,1254.21697,1257.471523,5532513
13-05-2024,1268.221191,1284.937582,1263.733992,1283.211709,3703942
14-05-2024,1266.593994,1281.9789,1263.043529,1272.757828,3262908
15-05-2024,1291.840942,1300.0758,1262.846245,1263.881817,6891004
16-05-2024,1326.555664,1338.143672,1303.083857,1309.691438,11932181
17-05-2024,1325.914673,1341.250341,1320.786411,1334.93855,6614017
21-05-2024,1325.766846,1343.962436,1317.334672,1337.305495,5422220
22-05-2024,1329.317139,1332.374376,1311.220146,1323.646411,3026723
23-05-2024,1355.106567,1358.311761,1325.766719,1332.127747,7147341
24-05-2024,1369.357422,1378.479897,1355.106685,1356.536647,5622368
27-05-2024,1365.264526,1387.602284,1359.002095,1376.753937,6553974
28-05-2024,1352.147949,1367.828646,1348.055139,1365.708384,2068963
29-05-2024,1358.114502,1371.083233,1336.812316,1336.812316,4445083
30-05-2024,1358.163818,1367.335531,1344.701981,1359.791095,7100303
31-05-2024,1353.824463,1368.864217,1319.553547,1360.97451,24825643
03-06-2024,1371.921509,1400.86685,1365.905631,1395.787947,6017122
04-06-2024,1281.781494,1377.740105,1202.243481,1371.921422,19924421
05-06-2024,1325.815918,1330.155281,1262.205156,1307.373776,12175520
06-06-2024,1351.704224,1357.276354,1310.677765,1340.264171,10279789
07-06-2024,1405.600586,1410.926162,1344.356761,1351.704002,12280748
10-06-2024,1406.389648,1416.843486,1401.458582,1401.458582,5318477
11-06-2024,1407.57312,1414.821765,1393.519579,1406.340353,4416792
12-06-2024,1418.569336,1427.889004,1402.49401,1405.354053,4876138
13-06-2024,1406.093872,1435.877471,1400.866892,1429.023336,7990376
14-06-2024,1407.721069,1414.230054,1401.359921,1414.230054,3978442
18-06-2024,1408.657959,1424.092224,1398.450674,1424.092224,8671131
19-06-2024,1373.154297,1415.019131,1369.160205,1414.180753,8640918
20-06-2024,1362.108765,1387.553,1357.276295,1386.566787,8742855
21-06-2024,1396.527588,1404.318578,1353.923095,1365.856254,43929578
24-06-2024,1400.225952,1404.170806,1370.195679,1382.671304,6195831
25-06-2024,1395.442627,1414.230041,1390.412963,1414.230041,6353748
26-06-2024,1439.37854,1459.546557,1389.525402,1395.442682,9579826
27-06-2024,1455.453857,1468.471827,1420.196727,1443.816491,19675528
28-06-2024,1424.141602,1515.070435,1416.843598,1515.070435,29145832
01-07-2024,1433.954346,1446.577926,1429.269832,1430.009492,6011806
02-07-2024,1399.387573,1453.08697,1397.464505,1441.844112,7792632
03-07-2024,1400.275146,1412.652173,1389.032289,1408.263451,8261388
04-07-2024,1403.43103,1421.23211,1392.040217,1398.450604,9570938
05-07-2024,1409.989258,1413.835514,1397.31644,1402.888569,4881198
08-07-2024,1415.364258,1419.013199,1403.529696,1411.271448,3261797
09-07-2024,1415.758789,1421.774667,1408.460785,1416.202537,2897480
10-07-2024,1425.127808,1428.776749,1406.488349,1421.133595,3416762
11-07-2024,1418.12561,1430.847788,1408.312834,1430.009531,4178558
12-07-2024,1413.490356,1427.642495,1401.85299,1422.119724,6342135
15-07-2024,1417.780396,1420.147332,1406.389703,1413.490391,3324806
16-07-2024,1446.281982,1452.988282,1425.078394,1431.981888,6967651
18-07-2024,1463.195557,1465.463775,1438.934731,1445.788866,6470342
19-07-2024,1441.597412,1459.595806,1431.932473,1459.595806,3858596
22-07-2024,1445.197266,1451.706251,1429.072699,1430.009554,3560584
23-07-2024,1445.49292,1449.733686,1408.756471,1449.733686,2936143
24-07-2024,1435.137817,1455.256597,1416.745032,1445.788971,4529339
25-07-2024,1429.171143,1433.954253,1420.245863,1425.078333,4277756
26-07-2024,1493.521606,1499.044377,1429.171182,1430.255992,9564987
29-07-2024,1460.927246,1503.975487,1456.686601,1503.975487,4589313
30-07-2024,1450.078857,1464.428311,1443.865785,1463.935204,4263689
31-07-2024,1470.986816,1483.413083,1452.840464,1457.475619,5634305
01-08-2024,1484.744263,1490.168436,1464.526888,1464.526888,4531379
02-08-2024,1473.205688,1484.399187,1463.146239,1473.50148,3335905
05-08-2024,1445.49292,1467.485527,1431.488738,1461.568246,5111901
06-08-2024,1423.648438,1472.318046,1411.370008,1462.653106,8249573
07-08-2024,1429.796997,1442.838,1410.805738,1439.962018,5700734
08-08-2024,1439.763794,1454.341874,1418.14448,1423.103027,5986360
09-08-2024,1451.96167,1469.713292,1445.218119,1452.854233,3615910
12-08-2024,1446.507324,1465.250656,1433.0201,1453.845998,4028226
13-08-2024,1447.598145,1466.143183,1438.325686,1455.829381,4495208
14-08-2024,1459.498657,1467.82904,1441.052887,1441.052887,5891784
16-08-2024,1471.250488,1478.638675,1455.928506,1467.729872,7176426
19-08-2024,1457.46582,1476.754521,1452.160199,1474.671955,4404075
20-08-2024,1437.135742,1472.440574,1434.507688,1467.729954,10046892
21-08-2024,1451.317139,1454.441048,1435.697715,1440.953823,6175510
22-08-2024,1474.027222,1487.464932,1452.854251,1461.482074,6781325
23-08-2024,1494.258179,1497.481234,1467.085316,1480.622174,6238112
26-08-2024,1501.001831,1508.092457,1492.522667,1496.489505,4307432
27-08-2024,1510.125488,1513.695618,1489.547518,1505.414869,3965066
28-08-2024,1543.446899,1551.529355,1509.034632,1515.282328,6225319
29-08-2024,1552.917847,1558.669689,1533.133171,1552.025284,8036748
30-08-2024,1575.875854,1595.065407,1548.653359,1562.933999,37820442
02-09-2024,1558.32251,1591.693555,1552.521034,1591.693555,4890314
03-09-2024,1547.661743,1565.909221,1545.678324,1565.909221,4546295
04-09-2024,1548.950928,1553.016912,1529.215887,1545.083237,5213811
05-09-2024,1534.372803,1550.04186,1528.720107,1546.075023,5652812
06-09-2024,1526.48877,1542.703195,1517.513751,1539.926481,5497805
09-09-2024,1529.860596,1533.92658,1510.621408,1510.621408,3912508
10-09-2024,1564.768677,1572.851133,1532.339827,1532.339827,6163457
11-09-2024,1564.719116,1585.64416,1561.396793,1565.36363,5994914
12-09-2024,1633.097412,1639.097302,1576.917052,1582.916942,12204496
13-09-2024,1620.899414,1641.179944,1617.527699,1637.312253,5609618
16-09-2024,1621.891113,1639.246028,1616.585492,1620.899404,3762063
17-09-2024,1647.973145,1652.237544,1624.9159,1636.320559,4223072
18-09-2024,1641.179932,1657.096795,1634.188332,1641.477372,3171195
19-09-2024,1651.047363,1697.508924,1634.039523,1634.039523,8498240
20-09-2024,1697.558594,1709.112033,1652.187888,1657.146435,21646275
23-09-2024,1735.937744,1739.706288,1704.748531,1704.748531,5001827
24-09-2024,1742.086304,1752.89596,1731.623721,1737.474831,7579205
25-09-2024,1745.805298,1752.251409,1730.532948,1740.995531,4017103
26-09-2024,1756.416504,1764.251032,1731.673403,1755.325648,7417423
27-09-2024,1720.219116,1748.829908,1708.219457,1740.648306,7116861
30-09-2024,1695.376831,1718.632368,1690.071089,1699.789889,6907288
01-10-2024,1684.616699,1708.566505,1681.939132,1690.864517,3649090
03-10-2024,1659.57605,1680.947436,1651.196154,1651.196154,7200276
04-10-2024,1627.296021,1672.71624,1616.635144,1656.204374,8576527
07-10-2024,1648.27063,1656.154671,1628.833029,1637.312193,5387707
08-10-2024,1643.70874,1665.575982,1638.303972,1648.816068,5224335
09-10-2024,1664.1875,1690.467799,1647.278928,1652.931623,3414614
10-10-2024,1664.1875,1684.864617,1651.196131,1672.61703,5047657
11-10-2024,1673.410522,1676.23687,1644.898876,1664.187576,2367678
14-10-2024,1681.54248,1695.872754,1665.427202,1672.022094,2069815
15-10-2024,1703.012939,1718.384435,1685.856319,1693.839628,5891334
16-10-2024,1719.574463,1727.805699,1702.864184,1705.740165,3299887
17-10-2024,1687.046509,1723.541343,1680.35247,1722.35134,4373392
18-10-2024,1693.690918,1701.872521,1671.228675,1695.823117,4154915
21-10-2024,1678.517822,1694.78176,1648.221051,1691.410045,3836168
22-10-2024,1678.220215,1698.699038,1673.360815,1677.972287,3070057
23-10-2024,1671.82373,1687.244739,1666.170914,1675.988861,2764757
24-10-2024,1664.534668,1678.964089,1643.659257,1673.013832,3669575
25-10-2024,1652.187866,1670.782418,1642.121992,1667.162654,3434386
28-10-2024,1649.559814,1663.939601,1632.006606,1644.402974,2811651
29-10-2024,1623.527466,1654.121677,1596.652165,1636.816396,6990747
30-10-2024,1619.808594,1637.31229,1604.387585,1614.304679,4622628
31-10-2024,1599.230591,1625.21345,1588.867276,1620.453197,4921681
01-11-2024,1603.048584,1612.866531,1592.040634,1606.569201,279441
04-11-2024,1578.057617,1610.38732,1560.008554,1605.726334,6094029
05-11-2024,1565.314209,1580.685705,1553.016988,1570.123976,6473278
06-11-2024,1585.545044,1597.395923,1553.512782,1569.875987,6631728
07-11-2024,1562.735718,1595.214201,1556.636681,1582.718565,5160994
08-11-2024,1556.884644,1566.40503,1545.926206,1557.9755,3096384
11-11-2024,1547.612183,1568.487593,1538.934725,1548.058403,3664301
12-11-2024,1542.752808,1581.77655,1537.248772,1555.793811,4479934
13-11-2024,1537.595825,1559.463066,1533.529841,1546.967552,5816699
14-11-2024,1537.645386,1555.0003,1523.811088,1537.149531,5139154
18-11-2024,1524.257324,1555.942391,1516.76987,1555.942391,4816078
19-11-2024,1512.852661,1545.083216,1506.704111,1524.257319,6238241
21-11-2024,1512.505615,1529.265528,1498.472903,1525.249057,7356679
22-11-2024,1556.289673,1561.942368,1507.596642,1520.290572,7640321
25-11-2024,1565.661255,1595.908392,1549.595611,1568.834677,12155641
26-11-2024,1564.173706,1591.544862,1553.016975,1576.818001,4030593
27-11-2024,1564.570435,1570.619838,1541.265263,1556.140904,4982785
28-11-2024,1547.463379,1575.330389,1544.041909,1557.975474,6714728
29-11-2024,1613.660034,1635.229714,1538.290117,1538.290117,10775801
02-12-2024,1629.973511,1632.551931,1603.792359,1613.65994,3790108
03-12-2024,1607.114746,1639.196522,1599.776072,1639.196522,9131055
04-12-2024,1570.966797,1616.982136,1569.280939,1616.238354,8772014
05-12-2024,1601.957764,1608.602289,1572.206482,1586.735049,10324005
06-12-2024,1584.602905,1611.180767,1581.578264,1604.585875,4296866
09-12-2024,1589.263916,1592.586118,1575.875839,1582.669024,4264409
10-12-2024,1565.562134,1598.486839,1557.033457,1597.197689,14645786
11-12-2024,1572.851074,1574.834493,1558.173727,1574.834493,3853182
12-12-2024,1597.197632,1604.486672,1565.413297,1565.413297,13120939
13-12-2024,1667.807251,1671.030306,1593.478681,1604.585778,12900707
16-12-2024,1648.766479,1673.013725,1646.386353,1667.807251,4375126
17-12-2024,1601.908203,1644.89878,1595.164531,1636.816325,6182486
18-12-2024,1588.619385,1609.54443,1582.867422,1607.957719,3905144
19-12-2024,1587.032593,1596.404198,1572.305611,1573.247808,5865855
20-12-2024,1565.016602,1608.85023,1560.355616,1596.652156,9738879
23-12-2024,1573.743652,1594.123208,1565.264489,1572.85109,4363599
24-12-2024,1570.768555,1585.545049,1561.942317,1576.817958,3610076
26-12-2024,1586.239258,1593.528298,1567.99178,1570.768615,3400479
27-12-2024,1586.586304,1614.949169,1583.065808,1586.23923,2559578
30-12-2024,1573.743652,1599.676877,1567.991689,1591.693568,4438130
31-12-2024,1574.58667,1583.958276,1550.388935,1569.87605,2249626
01-01-2025,1582.470703,1593.230847,1570.917385,1579.793136,1405565
02-01-2025,1596.354614,1606.172562,1575.231276,1586.635935,3728040
03-01-2025,1585.594604,1603.594155,1580.09069,1601.610736,3669685
06-01-2025,1575.280762,1596.503367,1554.10779,1582.916997,4584188
07-01-2025,1577.660889,1589.710182,1570.917337,1580.784798,2830856
08-01-2025,1585.94165,1600.07351,1564.768679,1585.49543,3674564
09-01-2025,1593.726685,1606.767567,1579.198117,1586.735085,4684859
10-01-2025,1602.503296,1611.527828,1578.603123,1594.668767,4145892
13-01-2025,1583.958252,1601.313167,1565.016626,1566.900898,3705039
14-01-2025,1586.834229,1619.858201,1565.413329,1591.396068,7284572
15-01-2025,1594.123291,1600.470256,1579.793138,1594.718414,2960985
16-01-2025,1616.684692,1621.444946,1587.280604,1605.627229,5299325
17-01-2025,1614.00708,1625.411738,1609.544388,1616.5855,2678801
20-01-2025,1627.543945,1631.362002,1604.684995,1624.420036,3933044
21-01-2025,1612.668335,1642.964986,1606.866859,1640.287419,7958844
22-01-2025,1618.221802,1627.395114,1609.098124,1614.007037,3262136
23-01-2025,1622.436646,1631.758738,1603.79246,1611.031987,2457080
24-01-2025,1631.163696,1648.121903,1620.50282,1620.50282,3620058
27-01-2025,1589.313477,1633.543692,1580.487239,1625.362089,6622807
28-01-2025,1604.932861,1616.783861,1583.75989,1594.321619,5216471
29-01-2025,1587.181274,1613.412061,1579.941868,1606.569242,5009227
30-01-2025,1627.147217,1631.312348,1581.974805,1593.379463,4283637
31-01-2025,1612.817017,1625.510824,1561.198495,1625.510824,8340866
01-02-2025,1609.792358,1630.370329,1595.858792,1613.511269,2741589
03-02-2025,1638.651001,1647.229311,1594.76786,1606.470079,4146970
04-02-2025,1647.675537,1654.468843,1615.544249,1648.369806,6385876
05-02-2025,1646.683838,1661.311552,1635.42796,1656.154711,3920893
06-02-2025,1606.321289,1653.477119,1599.875178,1652.088702,5229162
07-02-2025,1662.848755,1693.393453,1621.444887,1621.494521,14873255
10-02-2025,1679.013672,1685.906004,1664.138031,1684.765514,6782878
11-02-2025,1682.682983,1692.500931,1672.2204,1691.856296,8965266
12-02-2025,1697.360352,1699.49243,1670.534563,1689.872897,7148192
13-02-2025,1700.384888,1714.070526,1689.773646,1695.823049,5356002
14-02-2025,1702.814697,1709.806176,1691.112478,1699.789935,5125863
17-02-2025,1661.658691,1702.66585,1652.435746,1697.558522,4906462
18-02-2025,1655.063843,1681.889509,1642.072474,1677.972306,7529598
19-02-2025,1631.560303,1659.576094,1624.866264,1656.154745,7776555
20-02-2025,1629.87439,1636.122207,1613.759112,1626.254626,5524503
21-02-2025,1625.659668,1644.948368,1615.69294,1629.874433,5447583
24-02-2025,1588.024292,1623.973757,1584.751603,1613.511175,4673190
25-02-2025,1627.79187,1635.477618,1583.759948,1583.759948,6286808
27-02-2025,1636.717285,1642.270834,1625.064699,1629.775319,7568745
28-02-2025,1557.182129,1634.783393,1546.570886,1628.337282,13640211
03-03-2025,1582.569946,1589.462278,1559.710996,1565.90918,6993525
04-03-2025,1562.289429,1577.313851,1555.000389,1575.826287,5219668
05-03-2025,1604.83374,1612.618635,1564.024874,1564.917437,6295425
06-03-2025,1613.412109,1618.221876,1577.264228,1604.585871,5174009
07-03-2025,1617.180542,1628.783615,1602.205754,1615.494684,3035558
10-03-2025,1617.428467,1641.179981,1613.114555,1626.403486,3778450
11-03-2025,1649.163086,1662.50165,1610.585687,1616.48631,6078564
12-03-2025,1629.229736,1702.417937,1620.453132,1675.988858,9907628
13-03-2025,1618.965576,1643.163309,1616.089595,1637.113906,8317331
17-03-2025,1625.560547,1634.733859,1598.833905,1598.833905,6405522
18-03-2025,1625.560547,1625.560547,1625.560547,1625.560547,0
19-03-2025,1623.577026,1628.436427,1614.007007,1621.444827,6283464
20-03-2025,1691.112427,1695.475972,1632.452792,1646.237577,12074465
21-03-2025,1711.492188,1717.045736,1677.97236,1695.476056,14715349
24-03-2025,1704.550171,1725.574362,1700.632846,1725.574362,4120999
25-03-2025,1716.153076,1726.07017,1691.955343,1710.698675,4857399
26-03-2025,1724.136475,1750.367141,1711.839253,1724.731476,7142394
27-03-2025,1710.401123,1731.921289,1699.046099,1725.524691,6222339
28-03-2025,1719.029175,1731.276762,1646.237677,1718.930028,4133264
01-04-2025,1709.855835,1750.367141,1694.285924,1700.781669,6773056
02-04-2025,1740.053345,1745.805308,1702.71546,1705.740223,6431226
03-04-2025,1731.524658,1740.400409,1721.062075,1733.508077,2341989
04-04-2025,1728.995728,1756.119077,1725.574378,1739.954165,7817334
07-04-2025,1672.666748,1760.036325,1655.55976,1715.657328,14870388
08-04-2025,1706.136841,1727.8553,1692.649617,1706.434281,7206935
09-04-2025,1701.327148,1712.533392,1697.409824,1705.393133,5600666
11-04-2025,1742.036743,1752.350545,1717.98779,1745.408579,8340002
15-04-2025,1783.886963,1804.911154,1766.333633,1793.208935,10313411
16-04-2025,1807.489502,1811.357193,1779.225784,1787.457021,6180958
17-04-2025,1873.438232,1881.966909,1810.563831,1818.795068,10894325
21-04-2025,1867.785522,1888.512273,1853.108175,1882.661164,3501123
22-04-2025,1836.844116,1872.347361,1821.571888,1872.347361,6155127
23-04-2025,1866.000366,1870.264765,1820.877589,1851.521433,6855027
24-04-2025,1830.298828,1862.231943,1824.249425,1858.959254,5180688
25-04-2025,1802.134277,1846.265346,1791.02718,1831.389705,4570083
28-04-2025,1806.696289,1823.654496,1798.365906,1820.778515,3301891
29-04-2025,1808.679688,1832.480714,1802.531016,1808.58042,4684155
30-04-2025,1849.042236,1861.339457,1811.853133,1821.770227,9139821
02-05-2025,1832.877319,1867.983857,1816.910822,1836.645864,3866806
05-05-2025,1850.529785,1857.967606,1833.869018,1852.513204,3548839
06-05-2025,1885.239624,1896.148428,1866.992146,1872.644963,8597920
07-05-2025,1881.074463,1901.106945,1869.868098,1885.239594,5554616
08-05-2025,1859.355957,1889.999801,1846.95959,1881.27271,5500724
09-05-2025,1833.075684,1855.587439,1821.274317,1839.620941,3686209
12-05-2025,1855.290039,1867.785554,1838.629272,1853.405767,3936019
13-05-2025,1805.506104,1868.082942,1801.539266,1854.496572,8817763
14-05-2025,1818.993408,1855.190803,1805.109476,1814.828277,7401614
15-05-2025,1851.719727,1854.397415,1809.869639,1834.563227,8788351
16-05-2025,1798.960815,1818.795003,1795.093125,1818.795003,100662047
19-05-2025,1803.22522,1813.5389,1794.002274,1806.894496,5799804
20-05-2025,1793.903198,1809.770549,1784.581105,1794.795761,12512596
21-05-2025,1807.390381,1811.357218,1790.333028,1797.969142,6849562
22-05-2025,1816.216675,1821.472662,1801.241887,1804.812016,6496923
23-05-2025,1816.514038,1826.5304,1806.398651,1809.869634,3460945
26-05-2025,1832.083984,1834.662405,1815.720779,1818.795054,3254715
27-05-2025,1828.513916,1842.199434,1818.497554,1828.712209,5847725
28-05-2025,1840.711792,1851.521449,1829.802989,1832.67897,3713699
29-05-2025,1848.149658,1851.521494,1835.158289,1842.59611,5786774
30-05-2025,1840.810913,1851.521423,1827.720398,1838.629201,16712960
02-06-2025,1838.728394,1843.587794,1816.315785,1828.712153,3199499
03-06-2025,1826.034546,1854.000702,1816.8116,1851.521429,5596977
04-06-2025,1859.851807,1868.975485,1834.662364,1839.620911,5892170
05-06-2025,1863.223633,1873.33902,1853.108124,1868.380473,8999675
06-06-2025,1854.694946,1866.298019,1851.819086,1856.579218,4644174
09-06-2025,1849.637207,1859.455154,1833.373148,1858.463445,3649505
10-06-2025,1841.703491,1860.050115,1834.95994,1851.12473,7925901
11-06-2025,1844.777832,1851.02565,1832.480732,1842.496973,8907265
12-06-2025,1828.9104,1867.388773,1816.414886,1856.380823,7346031
13-06-2025,1825.141968,1829.307099,1799.952525,1799.952525,4613000
16-06-2025,1845.868774,1854.496598,1823.555313,1826.827881,5722187
17-06-2025,1839.422607,1863.421926,1832.282227,1863.421926,6561555
18-06-2025,1850.430664,1855.488358,1827.81964,1832.282333,5069427
19-06-2025,1861.438599,1863.422017,1848.645523,1856.480051,4712312
20-06-2025,1920.643555,1932.841629,1858.463423,1864.41368,16228526
23-06-2025,1920.246948,1932.841609,1911.123149,1913.999131,2946463
24-06-2025,1917.569336,1946.725617,1913.106643,1934.725958,6837210
25-06-2025,1949.303955,1953.667501,1921.9328,1925.899638,4152765
26-06-2025,1997.600342,2001.666326,1949.998289,1953.667566,9413241
27-06-2025,2010.294067,2022.095433,1991.947444,1993.335861,6405854
30-06-2025,1992.939209,2007.120702,1983.617116,2001.269592,5597484
01-07-2025,2002.657959,2013.96347,1990.261592,1992.344157,3769165
02-07-2025,2016.442749,2028.839116,2001.567108,2020.112025,6513288
03-07-2025,2002.558838,2027.946574,1996.211874,2024.872299,5558647
04-07-2025,2000.476196,2019.616237,1988.476537,2010.194997,2178315
07-07-2025,2017.037842,2019.120407,1993.930964,2001.269638,4165432
08-07-2025,2013.170044,2018.128591,1998.09611,2009.203206,3624619
09-07-2025,2002.955444,2023.781342,1981.931253,2018.128647,2937734
10-07-2025,1948.213135,2011.781684,1946.031422,2011.781684,5695845
11-07-2025,1905.966309,1942.85785,1898.330074,1925.899643,13103980
14-07-2025,1904.974609,1911.519867,1884.446152,1899.1235,5269381
15-07-2025,1918.164307,1926.891398,1907.255503,1908.842335,4163140
16-07-2025,1920.544434,1927.883107,1912.809173,1927.883107,4211258
17-07-2025,1913.900024,1928.775666,1911.619044,1927.585542,6256455
18-07-2025,1901,1916,1891.800049,1915.099976,4643961
21-07-2025,1909.199951,1919.900024,1892.599976,1894.800049,5109654
22-07-2025,1906.800049,1911.300049,1883,1909.199951,4513541
23-07-2025,1943.800049,1949,1907.300049,1920,5194282
24-07-2025,1936.099976,1970.400024,1933.699951,1943.800049,4150685
25-07-2025,1937.900024,1952.699951,1925,1936.099976,3896884
28-07-2025,1890.300049,1930,1885,1930,3575044
29-07-2025,1918.300049,1923.599976,1880,1880,3748040
30-07-2025,1932.599976,1939.199951,1922.099976,1934,5044683
31-07-2025,1914.300049,1926.5,1895.599976,1913,4674966
01-08-2025,1884.400024,1919.699951,1878,1914,5192594
04-08-2025,1914.599976,1919.900024,1878.5,1892,3074380
05-08-2025,1931.800049,1937.599976,1912.099976,1920,5167672
06-08-2025,1929.699951,1964.800049,1921.599976,1930,5461349
07-08-2025,1922.599976,1933.300049,1909.099976,1928.099976,4268534
08-08-2025,1858.599976,1893.800049,1856,1886.300049,93801105
11-08-2025,1857.400024,1866,1845.699951,1863,5266532
12-08-2025,1850.300049,1865,1847.099976,1857.400024,4645011
13-08-2025,1867.400024,1872.5,1851.800049,1853,6697206
14-08-2025,1873.800049,1883,1866.800049,1873,3958631
18-08-2025,1892.300049,1912.599976,1870.300049,1892.5,7146376
19-08-2025,1909.699951,1931.800049,1900,1901.099976,5706265
20-08-2025,1928.400024,1952,1926,1937,6962619
21-08-2025,1929.900024,1940.900024,1927.699951,1930,3376913
22-08-2025,1933.300049,1947.699951,1917.400024,1934,3271920
25-08-2025,1930.699951,1940.099976,1913.199951,1940,2451388
26-08-2025,1904.699951,1925.800049,1896.199951,1922.099976,5984656
28-08-2025,1881.099976,1899.800049,1878.199951,1893,5494113
29-08-2025,1888.800049,1900.099976,1872.5,1872.5,4339042
01-09-2025,1900.599976,1904.800049,1884.199951,1889,3421488
02-09-2025,1887.199951,1917.5,1878,1904.5,4423049
03-09-2025,1883.900024,1892.099976,1870,1891,3803044
04-09-2025,1880.400024,1903.5,1876.599976,1899,5205333
05-09-2025,1895.300049,1910.699951,1875.699951,1887,2620140
08-09-2025,1887.699951,1899,1884.099976,1898,2547552
09-09-2025,1893.699951,1904,1883,1892,4517793
10-09-2025,1891.400024,1905,1883,1904,3566139
11-09-2025,1913,1916,1882.099976,1884,4718266
12-09-2025,1902.599976,1925,1901.599976,1925,3192824
15-09-2025,1904.5,1913,1898.400024,1904,3553258
16-09-2025,1939.5,1942,1902.5,1903.300049,5427586
17-09-2025,1941.300049,1950.099976,1932.599976,1938.099976,4234637
18-09-2025,1941.099976,1949.800049,1920.5,1944.5,5080814
19-09-2025,1962.400024,1976.800049,1927.800049,1930.199951,11287603
22-09-2025,1956.199951,1966,1944,1954,4469137
23-09-2025,1938.699951,1955,1930.099976,1950,4348633
24-09-2025,1931.099976,1937.300049,1918.800049,1926,5237977
25-09-2025,1935.599976,1950,1928.800049,1930,7133365
26-09-2025,1916.599976,1944.699951,1911.900024,1931.099976,3239306
29-09-2025,1902.199951,1928,1897.5,1928,5072608
30-09-2025,1878.400024,1907.599976,1875.199951,1896,5945625
01-10-2025,1867.599976,1877,1855.900024,1868,5675393
03-10-2025,1896.699951,1900.300049,1848.099976,1851.199951,5828332
06-10-2025,1903.099976,1907,1887.5,1892.599976,2809218
07-10-2025,1929,1946,1900,1900,5713060
08-10-2025,1943.5,1962.599976,1927.599976,1929,4957406
09-10-2025,1942,1948.800049,1931.300049,1945,3945737
10-10-2025,1939.900024,1947.599976,1935.400024,1937,2512581
13-10-2025,1954.900024,1965.900024,1936,1937.900024,3672419
14-10-2025,1946.599976,1964,1939.199951,1964,4454239
15-10-2025,1968.5,1976,1951.599976,1957.199951,3447352
16-10-2025,1967.400024,1986.900024,1962,1962.300049,3700674
17-10-2025,2012,2034.300049,1970.300049,1973.599976,6743801
20-10-2025,2051.5,2057,2019.699951,2026,7387180
21-10-2025,2043.5,2058.5,2038.5,2051.800049,240850
23-10-2025,2007.900024,2067,2003.599976,2063.899902,8790128
24-10-2025,2029.300049,2033,2006.900024,2008,3236799
27-10-2025,2080.100098,2094,2030,2030,5796831
28-10-2025,2090.199951,2102.600098,2071.699951,2092,9891522
29-10-2025,2100.600098,2110.399902,2081.600098,2083,2742750
30-10-2025,2066.300049,2088,2058.600098,2070,4222189
31-10-2025,2054.5,2073.800049,2051.699951,2056,4659723
03-11-2025,2074,2081,2047.199951,2055,2979629
04-11-2025,2113.300049,2135.600098,2103.5,2107,12263078
05-11-2025,2113.300049,2113.300049,2113.300049,2113.300049,0
06-11-2025,2094.899902,2123.300049,2080.5,2115,9546299
07-11-2025,2001.199951,2048,1995.599976,2048,70392750
10-11-2025,2019.800049,2028.800049,1992.199951,1995,7457061
11-11-2025,2042.300049,2056.899902,2017.400024,2020.099976,14825625
12-11-2025,2073.800049,2079.800049,2054.899902,2060,8210277
13-11-2025,2091.800049,2107,2079,2099.899902,5958875
14-11-2025,2100.699951,2107.899902,2081.899902,2090,6312655
17-11-2025,2112.199951,2122,2100.899902,2112,5998770
18-11-2025,2149.199951,2159,2110.300049,2122,10972556
19-11-2025,2159.800049,2166.199951,2146.699951,2155,7419461
20-11-2025,2158.300049,2169.300049,2149.899902,2153.100098,7452899
21-11-2025,2162.699951,2174.5,2148.600098,2150.100098,6720938
24-11-2025,2152.100098,2165.800049,2140.399902,2162.100098,9686848
25-11-2025,2161.600098,2170.699951,2138.699951,2159,7102592
26-11-2025,2126.800049,2134.899902,2097.5,2104,43174047
27-11-2025,2115.600098,2136.899902,2103.800049,2132,4444877
28-11-2025,2101.600098,2129.5,2096.399902,2118,6263457
01-12-2025,2089.699951,2119,2083.100098,2114.699951,5058900
02-12-2025,2104,2114.800049,2087.100098,2089.800049,6591396
03-12-2025,2086,2109.899902,2081.600098,2100.100098,4357641
04-12-2025,2103.800049,2108.5,2074.100098,2094.800049,4611819
05-12-2025,2108.800049,2111.899902,2090,2092.600098,2938290
08-12-2025,2086.199951,2114.399902,2078.899902,2114.399902,4327091
09-12-2025,2089.699951,2100.399902,2080.399902,2086.800049,5139229
10-12-2025,2067,2096.899902,2062.199951,2072,3987451
11-12-2025,2053.199951,2069.199951,2038,2066,3254850
12-12-2025,2083.399902,2087.100098,2050.600098,2053.100098,2706420
15-12-2025,2069.699951,2078.899902,2061.5,2070.100098,3233614
16-12-2025,2102,2106.600098,2070.100098,2070.100098,5756692
17-12-2025,2108,2128,2096.399902,2117.600098,6412516
18-12-2025,2092,2116.600098,2088.100098,2099,3760341
19-12-2025,2097.699951,2115,2082,2113.899902,10127415
22-12-2025,2147.600098,2151.699951,2101.699951,2118,7670853
23-12-2025,2122.899902,2164,2119.199951,2157,4110853
24-12-2025,2123.699951,2137.199951,2111,2111,3145464
25-12-2025,2123.699951,2123.699951,2123.699951,2123.699951,0
26-12-2025,2105.399902,2123,2101.800049,2123,1297870
29-12-2025,2081.600098,2112.699951,2079.399902,2105.399902,2371034
30-12-2025,2099.800049,2102.800049,2071.600098,2077,6983390
