Date,Close,High,Low,Open,Volume
01-01-2015,298.5212708,299.4223293,294.5825898,297.0721293,1336492
02-01-2015,298.2332153,300.7784765,297.2671364,297.6387087,933372
05-01-2015,293.2170105,300.044652,291.4427436,300.044652,2012624
06-01-2015,285.3860779,292.5016959,282.8872634,292.4273769,3470408
07-01-2015,278.60495,287.5970056,277.3230208,286.017823,3540560
08-01-2015,285.0517578,286.11073,277.7503515,281.8376477,3906036
09-01-2015,287.1418457,294.2202948,282.9337841,285.4883441,6164448
12-01-2015,292.7153931,293.3563462,286.2407273,288.9160525,2661684
13-01-2015,294.2109985,296.3196672,290.4488283,292.7154334,2916072
14-01-2015,293.3192444,297.0349682,288.024338,296.4961837,4133276
15-01-2015,296.0038147,300.6856171,288.4237299,296.3196421,3658976
16-01-2015,304.5035706,305.4510756,292.7154457,296.1431919,3185348
19-01-2015,305.5532227,321.4100674,304.6521643,306.5471741,3335832
20-01-2015,310.6623535,311.9814308,306.4914403,308.8695124,3099268
21-01-2015,313.4676819,314.3501661,304.8750724,308.6279436,7541032
22-01-2015,309.4639893,314.5452587,307.8476588,313.6070296,3769104
23-01-2015,305.9247742,310.0585161,303.0729612,308.9809473,4683076
27-01-2015,300.2955017,306.3428512,298.6605969,306.3428512,4461772
28-01-2015,308.2936096,309.4733474,299.1157673,299.1157673,4173388
29-01-2015,306.3519592,308.9065179,298.91124,308.0333324,4751440
30-01-2015,332.8822937,338.1307518,325.7109537,336.2728905,21415344
02-02-2015,351.3215637,352.9936389,334.0527524,334.4150263,10089756
03-02-2015,353.0401001,355.7804456,347.6058557,354.8515149,8442272
04-02-2015,354.5513306,356.351751,351.7900846,354.4860351,4939900
05-02-2015,368.0405884,369.5704669,352.0513835,354.4861528,8494896
06-02-2015,364.6915894,372.5835791,362.9378341,367.5461447,4023848
09-02-2015,372.0797729,374.9156523,360.3257615,362.135497,4670508
10-02-2015,360.7082825,370.876437,359.1504138,370.3447124,5786408
11-02-2015,364.8781128,366.9863812,358.4413918,361.8929668,2142516
12-02-2015,370.2327271,371.2775236,363.6280872,363.8146588,4365376
13-02-2015,371.8279419,373.8895676,368.8148281,371.2775647,3286008
16-02-2015,370.3167725,374.6359112,369.5238429,372.2198171,3024868
18-02-2015,379.3280334,380.6060443,370.8203735,371.5666598,6327804
19-02-2015,382.1268005,383.3488543,376.8748255,378.7405425,4136952
20-02-2015,373.2832336,383.4047458,372.4156709,382.4718875,2668572
23-02-2015,367.7327576,378.311362,365.391274,373.1433359,2666340
24-02-2015,368.6748352,372.9193393,364.8687698,367.7326395,3643048
25-02-2015,370.0089417,371.9492917,367.8820427,371.1843523,2276348
26-02-2015,368.5628662,374.635781,366.6038644,369.9714909,4156644
27-02-2015,377.2479553,377.9289465,368.5630341,371.0910896,4808820
02-03-2015,377.7796021,380.7740862,373.2085966,380.7740862,4098336
03-03-2015,378.9642944,381.5203395,370.3540317,378.9269892,4306688
04-03-2015,379.8598022,382.7889674,376.8746565,380.0463739,3430308
05-03-2015,385.2704163,387.1174572,379.8505013,379.859839,3448716
09-03-2015,385.4010315,387.1174815,375.1955718,383.7312244,6555768
10-03-2015,381.3804016,386.0167021,378.3672652,383.4046992,5425488
11-03-2015,384.1604004,394.953544,379.7759662,384.3376344,10074260
12-03-2015,382.9756775,387.9385024,381.0260125,385.2705183,4880440
13-03-2015,375.4940796,384.1510083,369.607758,384.1137031,6368968
16-03-2015,383.777832,385.4569767,375.7552522,376.8746819,7937836
17-03-2015,380.4381714,385.9979918,379.3000891,385.6062187,10007444
18-03-2015,374.365387,382.9849889,372.2198128,380.6062001,18927840
19-03-2015,365.5497742,375.5313556,362.6952194,369.4117975,10163240
20-03-2015,365.6431274,367.5461492,360.3631407,365.6617801,6271108
23-03-2015,361.3520203,368.5163542,358.8706079,365.8856982,3897136
24-03-2015,362.0795898,365.3072885,358.3481569,361.5758555,5298696
25-03-2015,375.8113708,379.7853343,361.6132468,362.6953717,7518574
26-03-2015,368.4416809,376.8747099,364.9714302,375.3821368,7048128
27-03-2015,359.2809753,374.2626862,356.3145047,366.9490875,4280330
30-03-2015,365.8482666,367.9938401,356.9114821,360.4563426,3275064
31-03-2015,365.8296814,367.1916407,360.8295523,365.680415,3726676
01-04-2015,351.0718384,359.336971,348.8889593,353.3666786,8281168
06-04-2015,347.7881775,350.3815278,340.3626401,348.1426681,7728748
07-04-2015,348.7209778,356.7249041,346.0716701,350.6799796,4348138
08-04-2015,357.7883911,361.5758042,350.7546501,352.6017137,3587334
09-04-2015,359.7660522,361.5757878,351.1277774,361.5757878,2674132
10-04-2015,360.9227905,364.8221418,356.7249292,357.9562973,2837478
13-04-2015,364.2063904,365.1205957,356.3517311,361.1652872,3099142
15-04-2015,352.4338379,364.9341381,350.288264,364.9341381,3098572
16-04-2015,356.0719299,357.4339118,348.3292079,354.112928,2057382
17-04-2015,350.7919312,354.7472629,348.6836856,353.7397717,3138232
20-04-2015,344.8963318,353.6278937,340.5118982,352.6204023,3223104
21-04-2015,332.3400574,343.2918031,311.6119308,313.738852,14596284
22-04-2015,327.3585205,332.8064248,322.0598826,330.0451561,7934682
23-04-2015,333.9631348,338.4408528,329.2055594,329.4107836,6391380
24-04-2015,336.1934204,342.1342838,332.6139087,333.963246,6406490
27-04-2015,331.0396118,339.5667303,327.591278,335.8560191,3789232
28-04-2015,326.2794189,331.2457628,320.2260926,329.3341981,5803656
29-04-2015,332.5389709,334.7878819,321.7629393,326.2794976,4076096
30-04-2015,330.0463562,332.838758,323.2808883,330.6273202,7338470
04-05-2015,344.7579956,347.3629883,324.5177999,330.0463719,3352524
05-05-2015,341.8157043,348.2063546,339.2669434,345.9574438,3459534
06-05-2015,334.0194397,347.0068841,329.9151735,339.9790388,4595278
07-05-2015,345.1141663,346.6884087,329.8777837,335.8748802,3639964
08-05-2015,346.8945007,355.6090303,343.3149888,347.6254013,3579368
11-05-2015,353.0414429,355.8900534,346.1073028,350.2677777,3592212
12-05-2015,343.2024536,353.6223998,341.2721298,353.0789086,2464630
13-05-2015,351.3173218,353.8286099,343.3336935,343.3336935,2774824
14-05-2015,346.819519,353.0789919,344.0833488,351.8795683,2252426
15-05-2015,342.5466309,350.3803237,340.1477833,346.707107,3405608
18-05-2015,348.7872925,349.8930114,338.048758,343.8959164,3014132
19-05-2015,350.1366577,351.1111765,344.8329676,348.581152,2588934
20-05-2015,359.8631592,361.2312556,352.0482042,352.7041364,3073544
21-05-2015,363.667511,365.0543435,359.8256228,361.3061599,2092768
22-05-2015,368.877655,370.3206972,358.869996,361.0439388,2995660
25-05-2015,374.4999084,378.56668,364.7921003,369.1962176,3291366
26-05-2015,372.3821106,377.4421594,369.3835632,374.7247258,2462108
27-05-2015,371.6324463,376.6737584,368.9337492,371.0702187,2945442
28-05-2015,367.3595886,373.5628529,359.2635185,369.6084995,3337232
29-05-2015,378.8477478,391.6665205,360.5753484,365.8228067,11358676
01-06-2015,364.8107605,374.2561892,363.2927505,372.1197196,2304588
02-06-2015,357.0895691,369.9083656,354.8406582,366.1976535,2331440
03-06-2015,356.9396973,362.0747159,349.4995583,358.0454166,3619974
04-06-2015,352.5730286,355.6277856,350.1929174,353.1164971,3107452
05-06-2015,348.2063599,355.6652566,346.8944952,352.7041815,3000646
08-06-2015,344.4393311,347.8314326,342.1904209,344.4580674,2978860
09-06-2015,341.6095581,346.7070801,337.8051415,342.9776318,2442408
10-06-2015,353.2851563,354.5782846,340.9911146,342.9589116,5172246
11-06-2015,342.8839722,354.1847595,341.2722571,352.3481397,3641272
12-06-2015,335.9686279,342.5467124,330.8711043,342.5467124,3693056
15-06-2015,340.3539734,345.9012832,333.9633218,336.9618702,1717342
16-06-2015,339.697937,341.7032293,336.7368852,340.9723288,1778324
17-06-2015,339.697937,344.3081991,337.186649,341.1410017,2501764
18-06-2015,342.490387,345.0391481,338.910875,343.1088466,2637416
19-06-2015,344.1582336,351.3922236,342.4902873,342.9775466,3563616
22-06-2015,349.1620483,350.6425855,341.8343538,344.5330506,1651062
23-06-2015,347.6253052,355.8338138,346.8007002,352.2168303,2200268
24-06-2015,351.617218,353.7911836,348.0189696,348.2063789,2617310
25-06-2015,347.1193848,349.7243778,342.509122,348.581186,3102502
26-06-2015,358.7948914,359.8256419,347.4566355,347.4566355,3170238
29-06-2015,347.9814453,355.8713688,344.6080794,349.3307825,2336726
30-06-2015,344.7392883,348.4125048,341.4596267,347.6628678,3974968
01-07-2015,353.8473511,355.702707,343.7459893,343.8022212,2148066
02-07-2015,357.7642212,359.8069864,352.5167627,354.2784141,1977048
03-07-2015,361.662384,363.1991308,352.3293941,354.9531237,1725652
06-07-2015,363.5550232,365.6352602,353.6410744,354.2407745,1624082
07-07-2015,350.9424744,362.7492543,349.7055782,361.6997674,2544644
08-07-2015,349.705658,354.9531169,346.70711,346.70711,2349626
09-07-2015,343.8772583,351.9545929,341.9281974,351.9545929,2299680
10-07-2015,346.9507141,348.5811652,343.7272617,348.5811652,2360456
13-07-2015,360.1442566,360.9501253,350.3052734,350.4177372,2415516
14-07-2015,357.9328308,362.8242063,355.3278384,360.9501143,2424140
15-07-2015,355.3841553,358.8699626,353.4538309,356.8084609,2391962
16-07-2015,358.5325317,361.1749969,354.2221202,359.3758731,1770108
17-07-2015,358.101532,364.6983271,357.0332857,360.9501429,2073870
20-07-2015,354.8218384,359.7506865,353.4537421,358.5887586,1413184
21-07-2015,365.3730164,371.0702613,355.2904139,355.4778231,3963108
22-07-2015,368.46521,369.5521924,362.5618204,365.3729583,1401298
23-07-2015,363.5926514,372.9256404,361.9247046,368.8213736,1595332
24-07-2015,357.0708008,367.5844536,356.2836683,367.5844536,2367716
27-07-2015,351.2424011,359.1698214,346.0511741,356.7709739,3351408
28-07-2015,346.0885925,355.6839582,344.8891918,351.4672508,2392180
29-07-2015,356.5835876,357.5768659,346.8195698,350.0804955,2906782
30-07-2015,359.0385437,364.6982922,357.2206608,359.7881805,3093446
31-07-2015,374.1624451,377.0672875,358.3263686,358.3263686,3933792
03-08-2015,351.8983459,361.1188949,350.1929263,356.9958914,7071618
04-08-2015,349.6680298,356.0774141,348.5810475,353.3037493,3809446
05-08-2015,351.3547974,354.2034082,349.0309186,351.917025,2358616
06-08-2015,354.5781555,356.0774289,352.9477049,354.6531238,1869728
07-08-2015,353.9564819,356.9332903,352.5057726,356.4622778,1818186
10-08-2015,352.8636475,357.9694172,350.4708907,353.9187106,2216746
11-08-2015,354.3522034,356.4623306,353.0710399,354.6536468,1718378
12-08-2015,365.807251,366.8623147,354.4652758,354.8797578,4219772
13-08-2015,363.8289185,372.6274464,360.2680591,368.4448413,3156994
14-08-2015,366.8998108,370.7432764,362.4345996,364.4128516,1578496
17-08-2015,364.9216309,369.3491481,362.4912019,367.9172748,1681246
18-08-2015,365.3549805,371.515838,363.6216636,366.9941178,3223016
19-08-2015,372.3447571,375.9432875,366.0708623,367.408533,3291464
20-08-2015,362.2086182,373.9650949,360.4187706,373.9650949,2518670
21-08-2015,363.5840149,368.3318122,354.2014357,360.6072064,3595260
24-08-2015,349.6419373,357.5172509,346.3071556,355.7085678,4216894
25-08-2015,344.4232178,351.8275444,335.323269,350.4333426,5470038
26-08-2015,342.8970642,352.2796414,333.1000052,343.6883559,4808772
27-08-2015,344.0652161,349.6608586,341.1637973,342.181166,4055770
28-08-2015,358.7985535,359.8159453,348.3609099,348.3985817,3081798
31-08-2015,365.9013367,369.2737907,361.0593375,361.0593375,5442574
01-09-2015,358.723053,367.9548963,348.9259948,364.3752019,2847484
02-09-2015,357.5549927,365.110028,355.7462864,357.9694744,4090120
03-09-2015,362.1144714,364.2811293,358.1579658,362.4912815,2251964
04-09-2015,354.3144836,363.3767607,352.694205,361.0782286,2665780
07-09-2015,346.9854736,356.0666083,344.7811444,354.2013942,1340504
08-09-2015,352.8260498,355.7274915,345.9115952,345.9115952,2376662
09-09-2015,355.407196,360.2303594,353.4477794,355.3318294,2106428
10-09-2015,345.1202698,352.6941412,342.5202717,351.5637112,4118846
11-09-2015,346.7406006,348.5304483,341.5594626,347.042044,2202750
14-09-2015,349.8870239,350.8102133,345.6102384,347.1174788,1539742
15-09-2015,349.9811096,351.036173,347.0419963,350.4332862,2451676
16-09-2015,353.7869873,357.0840754,350.4898992,353.447849,1801066
18-09-2015,358.1767273,360.1926745,353.2970334,359.4767263,2847952
21-09-2015,355.7088013,365.2232581,354.8421425,354.9740168,1972562
22-09-2015,352.3173828,363.8100889,350.8101427,356.8391032,3214488
23-09-2015,349.3405762,352.3173847,343.9333613,352.3173847,2276518
24-09-2015,359.8347168,361.1723877,349.5289494,349.6796826,3062620
28-09-2015,358.1579285,363.4144329,356.0854733,360.2303836,1557438
29-09-2015,359.363678,361.9259812,354.2013767,354.2013767,2818428
30-09-2015,370.0839539,372.9288648,359.4202124,362.4912231,3516284
01-10-2015,322.9450073,344.7057849,314.5798207,335.3609015,26766424
05-10-2015,324.0189514,328.1261669,315.7856385,318.6682444,13383762
06-10-2015,321.6450195,327.0710929,319.7986643,325.1870429,5909462
07-10-2015,307.9291687,319.8175208,305.6306137,318.4044832,13752674
08-10-2015,312.2436218,315.5407094,306.158131,312.3001295,16981832
09-10-2015,319.9871521,320.5900391,314.0712287,314.824849,9468336
12-10-2015,322.2102356,324.414588,312.6204391,323.6798039,4835846
13-10-2015,312.7146912,321.4189947,311.376997,321.0421846,5837378
14-10-2015,314.0899963,316.1247797,310.8682752,312.3755153,2702158
15-10-2015,314.636322,316.1058901,311.9986523,314.636322,3644676
16-10-2015,316.9537964,318.6871135,314.6364053,315.0320512,2270164
19-10-2015,323.2087708,324.4334032,308.4943452,312.7522935,10051980
20-10-2015,325.6768188,327.2594252,319.7043906,323.6797308,5670558
21-10-2015,325.2058716,327.4290598,321.0797974,326.6189091,2594696
23-10-2015,323.2729797,329.6971322,321.3968965,328.5980062,3064858
26-10-2015,327.2903442,329.223287,324.845753,325.6985158,4157440
27-10-2015,328.8443298,331.251007,323.8982866,327.0819439,3081400
28-10-2015,332.5964966,333.5250653,323.6709157,328.5979905,3351280
29-10-2015,331.9710693,335.4958174,330.9666951,332.6532749,4243554
30-10-2015,330.379303,332.3880287,328.8064199,332.009023,2655794
02-11-2015,332.1227417,333.8661821,329.7729014,331.6300388,2020104
03-11-2015,332.046936,334.2451879,331.3457846,332.1037962,2115610
04-11-2015,334.1315002,335.192735,331.6300712,333.1460944,1683688
05-11-2015,332.5774841,334.9652153,331.2699099,334.1313982,2370498
06-11-2015,335.5906067,337.1255752,331.4783809,332.5775067,2653852
09-11-2015,334.4725952,335.4201096,329.7729144,333.1081837,3043880
10-11-2015,322.6474609,333.4680661,321.0935472,332.1036552,1678382
13-11-2015,319.6534119,324.7320743,311.9974922,312.6796978,2950796
16-11-2015,317.834259,319.2744996,312.6797893,313.8546981,2876114
17-11-2015,324.7131653,325.9070426,316.7540448,320.070345,3405776
18-11-2015,320.5062561,323.6519995,316.5645866,323.6519995,3046948
19-11-2015,331.2321167,332.3312196,320.6578458,322.1549234,3528336
20-11-2015,328.4274292,331.4026382,324.2394203,330.4930152,3386922
23-11-2015,327.366272,328.958101,325.4143828,326.7030118,1179312
24-11-2015,328.2947388,330.68247,324.6562702,326.7408015,2248674
26-11-2015,327.0440674,329.3559932,324.7510641,326.399753,2081658
27-11-2015,330.701416,331.6299846,327.157722,327.4609219,1580942
30-11-2015,330.0950623,334.1883197,326.9493192,330.5498738,5165146
01-12-2015,332.6532898,335.6853352,329.3748814,330.0950015,2547178
02-12-2015,325.8122559,334.2830239,324.4288758,334.2830239,2575382
03-12-2015,322.5907898,324.4289586,321.8706695,324.4289586,3836614
04-12-2015,316.8488159,322.1548966,315.0106472,321.8706422,3778328
07-12-2015,319.2365417,323.2350478,316.0907986,318.4406389,2622184
08-12-2015,325.2058105,328.9390303,318.9901314,318.9901314,3176258
09-12-2015,319.9756165,324.8079399,318.2511449,324.8079399,2604402
10-12-2015,320.5250854,322.1548051,317.2277316,319.8807712,1837816
11-12-2015,318.5922241,322.1169961,316.9435584,322.1169961,1062294
14-12-2015,318.6869507,323.1592367,313.058725,319.5018222,1536460
15-12-2015,320.3357239,322.0412501,318.7060035,322.0412501,1609352
16-12-2015,321.0367737,325.8690964,319.3881081,321.8895365,1630720
17-12-2015,326.1155701,327.5747333,321.1126885,322.7045176,1939764
18-12-2015,320.6957092,327.839958,320.2219521,325.9449294,2838258
21-12-2015,324.220459,325.1679733,319.5586931,320.2598444,917704
22-12-2015,321.8706055,324.2204455,320.5819768,324.0498883,1436920
23-12-2015,327.3851624,328.0105311,321.9653848,322.1548876,1346418
24-12-2015,326.0586548,328.2189923,324.2583774,326.2102663,741556
28-12-2015,328.8634033,331.2511357,323.6141581,325.3765446,1803666
29-12-2015,323.8603516,328.2189169,320.8472518,327.8209655,2285528
30-12-2015,318.5543518,325.3764557,317.6068374,323.9930754,1752074
31-12-2015,324.087738,325.9448751,317.208799,317.2277447,1747706
01-01-2016,320.5820007,324.0878039,319.6913465,324.0878039,970392
04-01-2016,320.619873,324.0309243,317.3983246,318.7437902,2172072
05-01-2016,319.4260254,322.5528227,317.0004026,321.7569199,1465382
06-01-2016,318.8954773,323.5572438,317.2278426,323.5572438,2797870
07-01-2016,312.6987305,317.5689689,310.40575,316.8867399,2901314
08-01-2016,313.9494019,317.1330594,308.4348729,313.8167591,3376870
11-01-2016,308.7190247,315.711683,307.4114506,308.8895818,2535276
12-01-2016,307.0135498,310.4056553,302.4654816,310.0266496,2315328
13-01-2016,313.2103577,314.517909,304.8343168,308.8138771,3158468
14-01-2016,314.1387634,319.0468903,307.0134632,307.0134632,5081220
15-01-2016,317.6258545,319.1229323,309.26878,314.0063532,4571182
18-01-2016,319.2555237,323.6520048,314.9917085,314.9917085,3774136
19-01-2016,317.7015686,329.7350011,303.2045987,328.5979839,10618998
20-01-2016,319.0848694,320.6387833,311.9216533,314.9726442,3976018
21-01-2016,316.5645447,322.2117395,315.0485217,319.8808449,3348430
22-01-2016,318.0805664,322.5149382,315.2948835,317.6068092,2018478
25-01-2016,317.8720703,325.5279897,317.1708959,321.2073157,2190134
27-01-2016,319.1318359,321.0023548,316.9177681,319.8953092,2201518
28-01-2016,322.3766174,324.3998171,316.7269194,317.9866457,3201306
29-01-2016,330.4885254,332.1109063,321.5367957,322.6629236,3835114
01-02-2016,336.0427246,339.70741,330.5075439,330.5075439,2594492
02-02-2016,333.1224976,337.8369359,330.9847583,335.9282526,2225464
03-02-2016,325.27771,332.1108036,324.0370662,330.7174559,1956090
04-02-2016,331.0993042,333.9432472,324.0753632,326.4230298,2634614
05-02-2016,331.977356,334.7831116,327.6637123,334.7831116,1967702
08-02-2016,324.3807678,331.7101173,322.9492552,330.6221537,1610434
09-02-2016,309.378418,322.1856757,307.6606033,321.8039391,3334436
10-02-2016,315.848938,317.9866541,308.2905331,311.3062622,2265394
11-02-2016,308.4432373,315.8489382,306.0001132,315.8489382,3238414
12-02-2016,304.7212524,315.2571737,299.6441601,310.7336041,2784934
15-02-2016,315.7344055,317.795793,309.340316,310.3519275,2761612
16-02-2016,314.6655884,319.857222,312.7378225,314.9709731,2104598
17-02-2016,314.8564148,318.7501337,311.6307351,316.8223681,2720362
18-02-2016,322.1666565,323.3309486,315.829814,316.478771,2129164
19-02-2016,325.0679321,327.1484021,316.2307401,321.4223507,2366136
22-02-2016,322.9301453,324.3998221,320.6969717,324.3998221,1847550
23-02-2016,316.4406433,324.0944595,315.6962521,322.5675127,1260954
24-02-2016,309.6075134,320.2770577,308.8249579,316.6887238,1722248
25-02-2016,308.7295227,311.1153768,305.2748106,308.0614836,1619632
26-02-2016,314.7991333,317.6048883,310.7336287,310.8672272,2047824
29-02-2016,310.4473572,317.4713215,303.4806627,313.7875532,3094060
01-03-2016,317.6621399,321.1932037,308.8249278,310.6954465,2114472
02-03-2016,326.3276062,330.202243,316.5933204,319.5136155,3279278
03-03-2016,328.0263367,330.7175757,325.0869595,330.2022405,2015842
04-03-2016,318.90271,328.7133202,316.9749218,328.3697713,3554776
08-03-2016,311.2107849,317.5857912,308.9967171,316.0779269,6490012
09-03-2016,311.3634644,312.260536,305.9046124,310.7145075,12221478
10-03-2016,312.2033081,314.1310968,307.8324421,313.7111725,5015794
11-03-2016,314.188446,314.9328374,310.1611278,311.8789432,4241030
14-03-2016,316.0397644,316.994106,313.787509,314.4937124,2852722
15-03-2016,309.9129333,315.6771716,309.3975981,315.314517,2711290
16-03-2016,311.07724,311.6880094,308.2523791,310.5237171,2436508
17-03-2016,311.22995,316.4597478,309.4167005,313.0241172,3429634
18-03-2016,314.6083984,316.3834606,311.1154973,311.4972341,3323064
21-03-2016,313.9975281,316.0779978,311.1917726,316.0779978,3316402
22-03-2016,316.2497559,317.2231797,311.8788662,313.3103788,5466422
23-03-2016,312.1460876,316.8414441,310.5046246,316.0779708,5018640
28-03-2016,309.4549255,315.5054441,307.8516264,312.9859907,5914488
29-03-2016,307.9851379,311.5734719,305.3511689,310.9626793,5063370
30-03-2016,313.2529907,313.7874312,307.4696962,307.4696962,4604684
31-03-2016,310.7718506,314.7419217,309.168575,311.1154229,9173934
01-04-2016,313.1768188,314.5510617,308.0615374,313.0241148,5329616
04-04-2016,320.6015625,321.4032236,311.1154147,311.1154147,5661970
05-04-2016,321.8994446,324.0562661,317.8148576,320.6015306,4999776
06-04-2016,320.1816711,323.6936536,315.3526924,323.3309991,2165840
07-04-2016,316.2497559,323.2928022,315.696233,323.2928022,1881660
08-04-2016,318.0248413,319.1318871,315.161816,317.5476704,1445784
11-04-2016,320.3916931,321.403305,314.7038287,319.3037525,1940546
12-04-2016,320.525177,322.5674587,317.3185799,321.8039854,1419372
13-04-2016,319.7235718,323.1401199,318.8074177,322.5484327,2636408
18-04-2016,325.7358704,328.5416486,322.5674609,322.5865431,5853044
20-04-2016,321.1168518,329.2478372,318.9409484,329.2478372,2778022
21-04-2016,323.0447388,326.518534,320.0862788,322.185831,2235054
22-04-2016,322.6247864,325.5832458,320.0289581,320.0289581,2221718
25-04-2016,322.6057129,324.4762323,321.1360357,321.1360357,1662860
26-04-2016,324.3998108,326.5375501,318.0439093,320.2961417,2257126
27-04-2016,319.7235718,326.7284543,317.2422832,324.2853301,4550172
28-04-2016,305.3511658,314.1692734,304.1105216,307.2980134,17843912
29-04-2016,286.4169922,303.0988878,285.2336179,303.0988878,17978662
02-05-2016,283.3249207,288.7073976,282.5232598,286.3024616,5021166
03-05-2016,278.0570068,285.3672503,277.1599117,285.1572998,6999808
04-05-2016,281.3781128,282.6760269,277.2362789,277.5225814,6404110
05-05-2016,282.0708313,284.7264164,279.222788,283.5718081,5077866
06-05-2016,278.1066895,282.0901028,277.4909077,282.0901028,6136478
09-05-2016,277.6448364,282.1093127,276.4324882,278.6454876,7384902
10-05-2016,276.6441956,278.7225003,275.6050432,278.4530869,5401936
11-05-2016,272.7762146,275.8744089,271.8717808,273.6421708,8421688
12-05-2016,275.0661926,276.682649,273.0648668,273.642171,3558646
13-05-2016,278.3184509,279.8001894,274.4120152,276.3363632,7150908
16-05-2016,276.7019348,279.2613029,275.6243049,279.2420641,3233028
17-05-2016,281.8398743,284.4185041,277.1059851,277.1059851,7834720
18-05-2016,285.6693726,286.5738064,279.800113,281.7244604,4249196
19-05-2016,280.9932251,286.3429208,279.9925737,284.0337037,3490682
20-05-2016,283.5141907,284.8034944,280.5699289,280.5699289,3846760
23-05-2016,282.3209839,284.7456568,281.7244409,284.1683526,2076592
24-05-2016,284.5147095,285.3614269,280.9739062,282.8790145,2790030
25-05-2016,288.4019775,288.8061093,284.8611966,285.5731958,3373494
26-05-2016,285.1498718,289.4219146,283.5141762,289.0562838,6462218
27-05-2016,291.5770874,292.3853273,285.8040456,285.8040456,6090190
30-05-2016,287.709198,293.92485,286.804764,292.9241752,3186652
31-05-2016,284.7265015,289.9414794,283.3986968,287.8824366,30096216
01-06-2016,282.7058411,286.4775569,281.6089726,286.342862,4493556
02-06-2016,277.6254883,284.6493537,275.374012,282.8789642,8587656
03-06-2016,277.8373108,279.5884624,277.3754627,279.145853,3006706
06-06-2016,278.8764343,280.4544134,275.4126088,277.875783,4081070
07-06-2016,279.6847534,281.5128841,277.7219043,280.1850792,4984376
08-06-2016,286.1505432,286.7278476,280.3197595,280.5699341,3800608
09-06-2016,289.8260193,290.9229116,286.3429544,288.1518461,5557702
10-06-2016,289.0563049,291.7311533,287.0934794,288.6521966,11571664
13-06-2016,290.0569458,290.9613798,285.45775,286.7278148,4130226
14-06-2016,289.5758667,294.405975,286.3621918,290.5765182,3292742
15-06-2016,290.6535034,291.4617201,288.6329382,289.0370465,1958544
16-06-2016,289.3064575,290.1916528,285.7656528,289.6335873,2266304
17-06-2016,290.0569458,290.5765103,287.8246836,288.6521625,5434012
20-06-2016,296.599762,300.7563489,287.8247164,288.6329567,8265372
21-06-2016,296.3880005,298.5817614,294.8870235,295.7722187,2932940
22-06-2016,296.5227661,297.8890484,294.925548,297.8890484,3134118
23-06-2016,296.2725525,297.1192701,293.2705749,296.3495311,2584436
24-06-2016,285.5154419,287.3820731,278.376117,286.323682,6163378
27-06-2016,282.8982544,288.2671873,277.4908439,281.0316472,2887506
28-06-2016,274.4889832,283.841309,273.7000052,280.5699177,5685362
29-06-2016,280.3582153,280.9355196,272.4876287,275.4511288,4966468
30-06-2016,281.1279602,283.0523079,279.5692433,280.6468733,4793986
01-07-2016,281.6091003,283.571926,280.9548173,282.8791654,2023766
04-07-2016,288.0169983,288.6520422,282.5133707,282.8790013,3263618
05-07-2016,284.1876221,287.8823595,281.8014267,287.8823595,3735640
07-07-2016,275.9898987,285.1882888,275.4703343,285.1882888,6865136
08-07-2016,277.8180542,279.3190547,275.1817074,275.1817074,1702632
11-07-2016,275.8744812,279.646198,275.2009595,277.8758075,4248750
12-07-2016,277.6254883,278.3759882,275.5856855,276.3361854,3229836
13-07-2016,277.1061096,278.645588,275.7975436,278.0682836,6713100
14-07-2016,280.281189,280.916233,276.9520587,277.6833201,2168772
15-07-2016,276.1438293,284.8033919,273.3535258,282.0708282,5935062
18-07-2016,278.0682068,278.9149244,275.1816856,277.9527506,1857346
19-07-2016,281.0125122,281.6090553,276.2401204,276.2401204,3469512
20-07-2016,280.9548035,281.6860651,275.7975415,278.9919779,2444450
21-07-2016,278.4723816,281.3011871,277.1638391,280.9547951,1770048
22-07-2016,280.6469116,280.9548026,277.7218886,279.0304546,1828628
25-07-2016,284.9573975,285.1883098,279.0303976,280.7623104,2976604
26-07-2016,286.8240662,287.6515452,283.3602398,284.3801536,2698330
27-07-2016,289.9991455,290.5379722,285.7655813,287.497494,3354578
28-07-2016,288.960144,292.0968413,287.1512519,291.5387755,4554068
29-07-2016,289.7876282,291.7312153,286.9203444,288.2673883,1694656
01-08-2016,300.3713989,304.4317674,289.614292,289.8067267,6053078
02-08-2016,308.1842651,309.781483,300.640832,302.4496999,9400178
03-08-2016,317.9598694,330.4103853,314.1881304,329.8330812,19105090
04-08-2016,317.074707,321.7508805,315.6314465,320.5962721,2971674
05-08-2016,316.26651,319.9997488,314.553836,317.4403573,2600712
08-08-2016,315.2466125,319.2107874,312.3600912,316.3627435,3029132
09-08-2016,314.3806458,317.3633844,312.1484073,315.9778636,2480738
10-08-2016,317.2109375,317.9282051,312.325685,316.6681238,2305396
11-08-2016,319.6923828,320.8167728,315.5244207,317.9282733,3479246
12-08-2016,315.6795044,323.9378801,312.8879344,320.273946,3303140
16-08-2016,307.2079163,319.401635,304.5714423,315.2918394,4489542
17-08-2016,304.1836243,310.503412,303.1949498,306.2966884,4735658
18-08-2016,304.6683655,307.2273148,302.4583713,306.2192353,3083444
19-08-2016,303.1369629,308.0028372,302.2645984,304.3582827,2618344
22-08-2016,299.4147644,305.2692877,296.6038132,304.3387802,2693530
23-08-2016,306.6844788,308.5648988,299.1627514,300.8687175,3415382
24-08-2016,306.4324646,309.5342041,302.8460783,308.2353601,2417448
25-08-2016,309.4178772,312.112518,307.8670075,309.3984961,4425822
26-08-2016,301.934967,310.3484405,299.6280435,309.398528,3324064
29-08-2016,292.7653809,303.563324,291.2145114,303.563324,3060904
30-08-2016,300.0545349,300.7718027,292.3001861,293.1143833,4320538
31-08-2016,301.8573914,307.6343904,299.7249456,300.0932818,5584352
01-09-2016,303.8929138,306.122289,302.0706372,302.9236203,2597516
02-09-2016,304.1836243,305.3273951,302.0705601,305.1141553,2263652
06-09-2016,304.5907593,305.6376009,300.3646541,302.5164808,3044598
07-09-2016,305.1725159,312.8881056,303.5828832,307.0335793,3579364
08-09-2016,300.0738831,303.1562411,290.9819054,303.0011447,5158732
09-09-2016,302.6328735,306.1029497,299.7056113,300.0933288,2934120
12-09-2016,303.4664307,307.1109602,298.5424147,299.3178495,4770494
14-09-2016,301.0043945,308.0996419,300.4809855,304.2224679,3247132
15-09-2016,302.0317688,304.1642139,300.4808996,303.5632568,1906998
16-09-2016,304.8815918,306.6651062,300.093291,303.1950304,4318854
19-09-2016,305.9284363,309.4760603,303.1562708,306.2967726,3766566
20-09-2016,307.0916138,308.5261731,304.1643516,308.2160039,3031210
21-09-2016,307.3048096,309.398493,305.7151777,307.8282423,2806130
22-09-2016,305.8509216,310.1545998,303.8929531,309.7862635,2234722
23-09-2016,309.1076355,311.7247274,307.2272159,308.0995799,5211570
26-09-2016,305.8897705,308.991511,304.6103073,308.2548381,3651990
27-09-2016,308.5648499,310.0963382,303.9704086,305.8896143,3263196
28-09-2016,308.7393799,310.9106117,306.2967648,309.3985042,3066374
29-09-2016,306.7038879,311.9574547,302.9236428,309.7862464,5692688
30-09-2016,310.1351013,311.7247329,305.1335383,309.0107116,3662600
03-10-2016,313.5083008,314.8265495,308.0027323,312.1125275,3033736
04-10-2016,317.2109375,318.3159224,314.0510318,315.0203252,3013374
05-10-2016,316.3774414,319.1883929,312.5971962,317.2498057,1596940
06-10-2016,310.7749939,316.6683053,309.088432,316.3775172,3177462
07-10-2016,312.7134705,313.8378604,304.4744755,311.0075281,1535854
10-10-2016,315.2142639,316.3192491,310.9493723,310.9493723,1538488
13-10-2016,311.4533997,319.9056347,306.5487885,313.9735629,4152022
14-10-2016,315.0979614,318.8975875,310.1157782,311.724815,2752386
17-10-2016,313.4307251,317.1528023,311.3370419,316.9977059,1480186
18-10-2016,323.6665344,324.2868966,314.826581,314.826581,2653938
19-10-2016,322.0187683,326.3224468,320.2546584,323.5890195,4278520
20-10-2016,316.2029419,322.9686157,314.8459309,321.6309859,4977454
21-10-2016,322.4838867,329.0557001,318.4128548,319.0913601,10282518
24-10-2016,314.3031616,324.4807447,313.5277267,322.2901317,3414444
25-10-2016,311.9380798,314.6327209,311.1432638,312.791063,3469130
26-10-2016,306.6263123,311.6666387,305.3662306,310.8330605,3223550
27-10-2016,302.5045776,307.3295068,301.3325335,306.606732,4050632
28-10-2016,298.1484985,305.2002925,296.9178427,302.4459936,5422932
01-11-2016,301.9577026,303.3250877,299.6526725,301.5279387,2196342
02-11-2016,298.5977783,301.9967111,298.0898973,298.8712601,2054166
03-11-2016,298.1289673,300.5316674,297.1132052,299.2228943,2406676
04-11-2016,310.493988,312.1543837,298.0898558,298.0898558,5683326
07-11-2016,319.2649231,323.2889377,310.5527305,312.5451966,5987574
08-11-2016,316.0612793,318.7569907,309.1266839,316.8426422,2514742
09-11-2016,306.6263123,311.6661123,298.1485443,298.8712954,5296796
10-11-2016,308.5016174,314.8111086,303.1688061,308.6578757,3644546
11-11-2016,298.5196533,309.8103555,294.9644621,306.6262925,5043522
15-11-2016,301.1177673,307.4663417,287.5415852,298.8713487,5257576
16-11-2016,302.3287659,307.8373874,298.5782343,303.1687403,4562692
17-11-2016,296.9766235,303.1689173,295.3552854,299.2621013,5376838
18-11-2016,298.4220276,304.321332,295.9802684,295.9802684,3682234
21-11-2016,296.2732849,304.5362076,295.0426526,298.8713262,2155720
22-11-2016,297.7382202,299.8479089,294.9839217,298.8712056,2063646
23-11-2016,298.2657471,300.3168246,295.530977,298.0899357,1801756
24-11-2016,299.9650879,301.8599064,294.1830096,298.8711851,4187488
25-11-2016,313.3069458,317.233289,300.8441999,301.5865041,5477332
28-11-2016,314.9086914,316.9011806,308.7749896,314.8891621,3033048
29-11-2016,314.6157837,317.8975176,312.2716949,314.8892655,1647360
30-11-2016,314.0297546,316.6277959,311.7638069,316.4519845,3063460
01-12-2016,313.7562256,315.0845519,309.4196715,314.0687898,2512750
02-12-2016,310.0447998,319.147697,308.6383561,313.209334,2103394
05-12-2016,309.9667053,313.1116866,305.5910678,308.4625673,1507316
06-12-2016,305.0831299,313.1311576,304.1064263,311.7637726,1557628
07-12-2016,306.8216858,308.2867413,301.2544748,307.3491201,1621702
08-12-2016,310.5330811,311.3730555,305.9035163,308.2476046,2063636
09-12-2016,313.8344116,314.8501977,306.0012531,311.3731232,2699554
12-12-2016,312.46698,313.9320352,308.8922595,310.9823954,3011062
13-12-2016,312.9163818,314.0688971,309.1072369,312.9554405,1877952
14-12-2016,320.6713257,322.0387107,311.080101,314.9283037,3721154
15-12-2016,325.1055298,328.1723692,321.1401041,321.1401041,5601630
16-12-2016,320.5931396,326.5315016,318.4834744,326.5315016,2632882
19-12-2016,322.1950073,323.0545113,318.4053924,320.593199,2148158
20-12-2016,324.3242188,325.8869446,322.0582472,322.3121997,2804568
21-12-2016,320.6713257,326.9222288,318.9132592,326.219007,2063788
22-12-2016,319.225769,321.4917403,314.889215,319.6945915,1582514
23-12-2016,310.1034241,318.796087,309.02905,318.796087,2905268
26-12-2016,308.7946777,311.6857066,306.0208247,309.3807,1117150
27-12-2016,314.4400024,316.4129631,307.4663471,308.2086515,1011418
28-12-2016,315.299469,319.4797654,314.1665071,316.4519841,1434432
29-12-2016,320.1047668,322.2730675,314.6156984,315.3189201,3560002
30-12-2016,323.4646301,324.2655221,318.3662433,321.1400713,2051884
02-01-2017,323.6795959,325.828344,321.2573661,321.5308479,842486
03-01-2017,326.2776489,327.0004001,321.7262001,324.6563112,1437066
04-01-2017,334.7944946,335.9860684,325.4571978,326.4339015,4233756
05-01-2017,329.9890137,339.7951061,328.2113944,335.9859629,4157614
06-01-2017,318.17099,328.2896255,315.1822673,326.2190185,5591598
09-01-2017,327.5082397,328.2310147,314.869705,315.084575,3839588
10-01-2017,327.3324585,329.7351591,326.0236851,329.2272779,2613934
11-01-2017,325.5353699,329.9305369,322.99594,327.9771293,2766112
12-01-2017,331.1807556,332.0402598,324.2852167,324.2852167,3290556
13-01-2017,332.1768494,335.1851008,327.6254017,332.1573201,4573998
16-01-2017,324.4805298,331.2588684,323.0154741,331.2588684,2429338
17-01-2017,327.2933655,329.5397837,323.0935401,323.0935401,4099262
18-01-2017,329.7546692,330.3406914,326.7073587,327.1957105,2168782
19-01-2017,329.7937622,332.6457321,327.2347796,329.7351505,2112076
20-01-2017,327.6840515,330.1258105,325.711115,328.1724033,2219790
23-01-2017,334.9311829,336.1813682,323.4842218,325.8283104,3969016
24-01-2017,331.6103821,333.6419302,323.0544734,328.9537532,7390624
25-01-2017,328.6607666,334.931199,327.2152405,333.2512736,3855738
27-01-2017,329.8133545,332.040244,328.4264398,329.7352134,2699128
30-01-2017,328.2700806,329.1100552,323.5232915,324.6953358,1899068
31-01-2017,316.9013062,327.117613,307.5053971,326.3167207,9645094
01-02-2017,320.3648987,322.5493342,306.4710762,316.8422379,9033230
02-02-2017,325.5603027,328.2957535,318.869225,320.3845477,3760086
03-02-2017,326.9772034,328.9254924,321.5062541,324.7140449,2257058
06-02-2017,324.3598633,329.2404243,321.4079169,328.650035,2185076
07-02-2017,321.0536499,325.7767635,319.5973517,324.3204653,2605080
08-02-2017,318.2197571,322.372156,316.7437842,322.3524812,2824810
09-02-2017,322.6280518,323.6513835,315.6811286,319.1841145,3130268
10-02-2017,326.0522156,326.6819543,319.7153584,323.5725622,3550994
13-02-2017,325.6192932,328.1186217,323.1396636,327.0755913,1209256
14-02-2017,327.4691162,328.4334231,324.5171711,326.3670615,2246504
15-02-2017,326.8001099,330.0669254,323.7694404,327.4692225,1995766
16-02-2017,332.5858765,333.3337123,325.5996051,325.5996051,3441322
17-02-2017,330.3227844,334.5539074,327.1149932,334.5539074,2079702
20-02-2017,332.1923218,333.3731002,329.5355704,331.4051362,1331008
21-02-2017,335.0655212,339.4737651,332.2316485,332.2316485,3074096
22-02-2017,328.3351135,340.4577668,326.8984902,335.4591335,3487340
23-02-2017,331.7396545,334.9474452,328.6499609,328.6499609,6776184
27-02-2017,330.5983276,335.0852718,329.0633059,332.5466171,2385238
28-02-2017,330.6573181,332.9795254,328.9845486,332.1923397,2286110
01-03-2017,334.199585,334.9474208,330.4407791,331.7986789,2193694
02-03-2017,332.0939636,335.9314939,330.3424707,334.5539189,1735692
03-03-2017,335.6953125,336.4431244,328.7090402,332.1923269,1712464
06-03-2017,336.7382813,341.5204429,333.0188249,334.829366,3084616
07-03-2017,337.4467468,339.1588898,335.4197585,339.1588898,1494044
08-03-2017,333.6486816,337.7026834,332.2907814,337.3090905,1458528
09-03-2017,332.3301086,336.1282892,331.542923,336.1282892,1533834
10-03-2017,333.1172791,337.7026451,330.9722174,334.2980575,1412616
14-03-2017,335.9707031,340.4576693,334.5537791,340.4576693,3171728
15-03-2017,331.7593079,336.8760131,329.5354994,334.7506029,2478532
16-03-2017,336.6791992,340.0247371,334.3963424,338.8045853,3690466
17-03-2017,340.7529907,342.8193531,335.7346822,337.4074517,3987020
20-03-2017,340.2018738,345.968017,338.9423962,343.193193,3392968
21-03-2017,338.2142944,344.1575602,335.3213969,340.4577782,7366514
22-03-2017,343.5081177,344.2756284,333.9634922,334.8294012,3364236
23-03-2017,345.0430908,346.3616169,342.0124219,342.838957,2848278
24-03-2017,343.6262512,344.9841514,342.8784392,343.3310566,1751020
27-03-2017,335.400177,343.6853022,333.3928389,341.6386144,2353860
28-03-2017,338.4504089,342.7208806,335.4000652,336.7382661,1796222
29-03-2017,345.4171143,346.1649504,338.3324422,340.6153002,4242538
30-03-2017,344.728302,347.0308347,340.4775039,342.4257933,2927478
31-03-2017,344.2953186,350.3566576,341.2449743,347.9360522,4314580
03-04-2017,340.9497681,345.6728817,337.8994238,344.039462,1874754
05-04-2017,334.7507019,342.0321693,333.1369809,342.0321693,3578706
06-04-2017,335.931427,337.1318801,333.373074,333.7666668,2089810
07-04-2017,334.2784119,337.9388207,333.3338034,336.0889534,2059774
10-04-2017,327.8825684,337.5059198,327.0757077,334.1603801,1485086
11-04-2017,328.1776428,329.8307372,325.1076241,328.6499589,2620546
12-04-2017,327.3314209,328.6302722,325.501205,327.2133239,1311888
13-04-2017,318.4559021,327.6659826,316.9996281,327.6659826,2293364
17-04-2017,319.125061,321.7621378,314.9333118,314.9333118,1404094
18-04-2017,318.0426636,322.7264276,316.4486175,319.59736,2028564
19-04-2017,318.2591248,322.5689707,316.4289327,317.4325895,2636200
20-04-2017,320.7387085,321.1323012,318.2590552,319.1052891,1079608
21-04-2017,319.8925781,323.3168406,317.9442888,321.5653477,1780310
24-04-2017,322.5689697,324.3204625,318.5149688,319.9909417,1373968
25-04-2017,322.7263794,325.0485622,320.227051,324.3204252,2194602
26-04-2017,314.9725952,323.5332374,313.5162972,323.4938878,1918248
27-04-2017,318.6921387,322.7461403,313.3786351,313.6935046,5640334
28-04-2017,320.4239197,322.746127,314.7758721,319.9516275,2794138
02-05-2017,323.552948,324.8911731,319.4792722,321.230765,1722732
03-05-2017,328.6893616,329.633994,323.1397123,324.6944088,1989864
04-05-2017,321.9588928,331.6412656,318.0820136,329.0829125,2758496
05-05-2017,326.5245667,327.4691989,320.5026018,323.1200035,1856816
08-05-2017,330.6966858,332.5859265,324.98959,326.6229858,1581634
09-05-2017,334.4554443,336.4627578,330.5982401,332.5858787,1814522
10-05-2017,332.0348816,334.9081283,329.8701212,334.0618942,1515412
11-05-2017,330.1062012,338.0174048,328.8860494,337.6238121,7029834
12-05-2017,333.6288452,333.8453164,330.2439337,330.6178516,3295402
15-05-2017,333.9831238,334.5538381,332.5858743,333.9634489,1375146
16-05-2017,334.3964233,336.9547765,333.7863593,334.5538701,5948804
17-05-2017,335.9511108,336.6398982,331.4838424,335.3410468,2747118
18-05-2017,333.9241943,343.3113745,332.2907743,334.8884776,7317362
19-05-2017,332.4678345,336.325039,332.2316644,335.7346498,2896062
22-05-2017,337.486145,339.3753856,333.7666883,334.5538739,5784538
23-05-2017,340.418396,342.7405789,338.1552376,339.6705601,6427042
24-05-2017,338.8131714,340.0418469,332.9274985,338.8330079,4033036
25-05-2017,340.6958008,343.8269143,337.9214049,340.9534329,5896078
26-05-2017,340.4976807,343.2324524,339.0510457,339.9428159,2604830
29-05-2017,342.618103,345.6104825,337.4656532,340.4184081,3686630
30-05-2017,344.0846252,345.5907214,338.0602166,342.6181537,2826830
31-05-2017,342.5388794,344.5404034,340.1608253,342.4794184,5747114
01-06-2017,341.7462158,345.2142116,340.5175641,342.0434726,1843166
02-06-2017,340.0220032,344.6988366,338.357361,341.9640656,2223574
05-06-2017,340.3391113,343.5891228,339.2689824,339.2689824,2816618
06-06-2017,352.5266113,360.512893,343.2720055,346.9976322,13253770
07-06-2017,348.9794617,354.6868016,342.6577959,354.0724515,6733948
08-06-2017,344.1638489,348.9397933,342.8361118,348.7812466,2830620
09-06-2017,341.1516724,345.9672415,339.506842,343.4504531,2701028
12-06-2017,343.0540466,344.2827222,337.703426,341.9641054,2065426
13-06-2017,335.7613525,342.7964276,333.8390781,341.6470254,2487790
14-06-2017,338.3375854,339.2887924,333.3238461,336.6927554,1801536
15-06-2017,334.6715088,338.0800435,333.5221062,338.0800435,3547290
16-06-2017,332.53125,335.701989,330.9458805,333.7202771,3824660
19-06-2017,333.918396,335.2659695,329.083015,332.7293691,1690856
20-06-2017,338.5753479,338.8924168,334.1164978,334.9091823,2082258
21-06-2017,334.2948914,338.4762975,332.1744457,338.4762975,1819308
22-06-2017,336.5539856,338.4762356,331.4213493,336.4945246,2895584
23-06-2017,337.624115,340.0616294,333.8588638,336.8908915,2161888
27-06-2017,333.006897,340.4581294,330.2325001,337.6837326,2184790
28-06-2017,336.2568359,339.7644558,330.2720524,332.3330373,2476764
29-06-2017,335.9397888,339.6654168,333.9184524,337.6440804,2984220
30-06-2017,337.2477417,339.2492659,332.2934619,336.276698,2257114
03-07-2017,332.1944275,338.4566332,329.8758097,337.6837606,3953676
04-07-2017,333.5418396,336.8711244,332.1348293,336.2567987,1981500
05-07-2017,331.9365845,333.4030554,330.9853535,332.5310978,2420508
06-07-2017,333.1851807,333.8787797,331.2232813,332.9275485,1373060
07-07-2017,329.7170715,333.1256046,328.4883963,333.1256046,2303234
10-07-2017,336.7522278,338.3970337,332.1348305,332.2933771,390438
11-07-2017,337.1485596,344.4214305,335.1668482,335.1668482,2993400
12-07-2017,338.4762878,340.259828,335.3253621,336.9305434,1205956
13-07-2017,340.2994995,342.4001331,339.070848,339.3086437,1912818
14-07-2017,337.0296936,341.0129534,334.9290841,340.8544068,1288116
17-07-2017,344.0646973,344.8177572,334.4732342,336.49457,1818014
18-07-2017,349.0587158,350.4855386,344.1638732,344.46113,1977378
19-07-2017,354.8848877,356.5495059,350.7629183,350.7629183,2912888
20-07-2017,351.0206299,356.3117908,349.7325172,356.3117908,1613768
21-07-2017,358.6699524,359.8787915,350.3665768,350.3665768,2483620
24-07-2017,359.6409912,361.464156,357.1836643,358.6699478,3004440
25-07-2017,354.7461853,358.6501716,351.1592922,357.5007692,3584666
26-07-2017,353.8148499,358.0953427,350.3666663,353.9337477,3023714
27-07-2017,352.843689,367.8056089,350.9016023,357.8970527,9319652
28-07-2017,353.9734192,355.4795398,333.323988,351.9520824,3042762
31-07-2017,353.894104,355.9154404,348.166952,351.9520168,1894566
01-08-2017,350.4458313,355.9153497,347.9885044,352.3482693,2664554
02-08-2017,349.5739441,353.9337098,347.5526078,351.9519981,1658180
03-08-2017,347.8855896,351.3217516,345.9788279,350.447812,2544010
04-08-2017,353.8045959,355.3339723,346.8329598,347.5877314,1141420
07-08-2017,351.9573975,355.4134174,350.1300888,353.5463699,1646970
08-08-2017,350.3684387,351.7190751,348.0246946,350.6067749,1731896
09-08-2017,349.0773621,351.421106,345.9987281,345.9987281,1071692
10-08-2017,350.7258911,351.9573348,345.9192358,346.8130326,1693074
11-08-2017,346.5151367,353.2285545,343.4365028,348.8191418,3384860
14-08-2017,341.6687317,348.9382988,340.0599022,346.7931766,808098
16-08-2017,343.4165955,345.0651637,338.0538146,343.2179739,2250010
17-08-2017,346.1576843,347.6274646,341.9270352,346.5549275,1602350
18-08-2017,348.0842285,351.4409372,343.0392368,347.1308355,2129910
21-08-2017,347.2103271,351.5601439,345.6809509,348.6801315,1339674
22-08-2017,347.925415,352.0567536,346.9124498,349.971227,1506462
23-08-2017,349.5739441,350.7458161,342.8208111,348.7397432,1509778
24-08-2017,344.6083679,351.1628787,344.0125033,351.1628787,1624246
28-08-2017,344.6679993,347.4089622,340.7749973,344.9261927,1792508
29-08-2017,338.6694946,345.4424825,337.6565299,344.8069035,1945588
30-08-2017,337.3388367,340.834571,334.9752354,340.4373279,3387850
31-08-2017,343.7344055,345.7603596,333.7636147,337.6565917,5019082
01-09-2017,343.913208,351.5601376,339.6428448,343.0591257,1600518
04-09-2017,341.8674622,347.1508157,340.4373964,347.1508157,1149942
05-09-2017,341.589325,342.6221472,337.0210297,340.8345534,1095614
06-09-2017,338.0737305,346.3959781,336.1471112,342.8207903,1658772
07-09-2017,341.3510132,343.0988926,338.1532109,340.5962658,2949318
08-09-2017,341.430481,345.4029124,340.0798446,344.3700899,2320104
11-09-2017,341.907196,344.5289912,338.4511757,342.4236073,1439608
12-09-2017,343.237854,344.4097259,340.0996484,344.4097259,1698738
13-09-2017,346.1179504,347.5877549,342.3044259,343.2180803,2237308
14-09-2017,349.8917236,350.3882775,346.1179141,347.9849616,2327652
15-09-2017,352.3745422,354.8771693,344.9262329,350.2890156,3502380
18-09-2017,356.4660339,356.9228731,353.1490642,353.5463073,1361938
19-09-2017,354.9962769,356.7242745,353.2483977,356.7242745,1095726
20-09-2017,353.3278198,356.1879745,351.5600835,355.5325138,1792966
21-09-2017,345.7206421,355.1353078,345.2240882,353.8641251,5197522
22-09-2017,351.3417053,353.5463999,345.4426301,345.601537,6281534
25-09-2017,347.2103271,351.1629008,345.6412121,349.5739284,3550896
26-09-2017,347.0514832,352.3149548,343.3372452,349.1370097,3446850
27-09-2017,347.4487,349.9513267,346.4357106,347.9651112,2541882
28-09-2017,347.6671448,349.871839,342.2845059,347.4486659,6193068
29-09-2017,347.5082703,352.0567088,344.2906107,348.38221,2360270
03-10-2017,350.5868835,352.5333844,348.2828785,348.9581966,2684244
04-10-2017,352.1957092,352.9306235,348.7794284,351.1231723,1240900
05-10-2017,354.79776,358.1941844,351.6198145,352.7519479,3552176
06-10-2017,360.6570129,361.0939706,352.6724122,352.6724122,3640948
09-10-2017,358.631012,360.5973699,356.5057714,360.5973699,1206462
10-10-2017,357.3598022,364.2718403,356.3666947,359.5049242,3423160
11-10-2017,361.0740967,363.8746555,357.3201448,357.3201448,4337494
12-10-2017,363.8747559,365.4637286,360.0214921,362.2857831,2076624
13-10-2017,368.0457764,371.8195863,363.0405224,365.3643851,2210684
16-10-2017,366.6553955,370.588112,365.4636662,368.0457464,1651154
17-10-2017,366.7745667,370.9654767,364.7883511,364.7883511,960424
18-10-2017,366.9334106,369.8332801,364.5896669,367.8470648,1160686
19-10-2017,366.3772888,367.8470931,364.1129984,364.1129984,58388
23-10-2017,372.3161926,374.9181308,366.2979484,366.5760235,3597394
24-10-2017,363.2987061,373.2099272,360.7166257,373.0113056,3155652
25-10-2017,360.3193359,367.0526111,347.984943,355.2942255,6147680
26-10-2017,345.2240906,361.4911994,340.8345594,360.2001594,11565142
27-10-2017,339.6229248,346.31646,338.5503638,345.6212847,4592368
30-10-2017,332.2342834,342.9995869,330.5062855,341.6290932,7251452
31-10-2017,339.9605713,341.8872145,332.4924074,333.6841364,2958728
01-11-2017,334.7246399,342.6881117,333.6694702,342.4292892,3257662
02-11-2017,341.5930786,342.4292333,334.923672,336.217736,2965682
03-11-2017,337.3127441,342.4292647,336.4367574,342.4292647,2761172
06-11-2017,336.4766541,340.5380303,333.5102554,339.2439659,2273368
07-11-2017,349.0987244,350.3927886,336.1779854,338.4475799,5960612
08-11-2017,349.8353577,352.2841353,344.5595568,351.1891578,3821814
09-11-2017,348.7801819,353.7573521,347.3865742,350.1936934,1600452
10-11-2017,345.2364197,350.7710425,343.5043742,350.7710425,3070800
13-11-2017,346.2119446,349.7556993,344.2210766,344.2210766,5322040
14-11-2017,346.3315125,352.3240223,344.8582648,345.6148046,2012894
15-11-2017,337.7906189,349.1983041,336.8549205,349.1983041,3122146
16-11-2017,339.2041626,341.9117387,333.9482652,338.3281757,2181070
17-11-2017,334.4657898,340.9162063,333.8685295,338.0095442,3096988
20-11-2017,335.3219299,337.8304189,333.2315184,335.6603678,2260478
21-11-2017,333.5500793,336.9345555,332.5148132,335.7002025,2987142
22-11-2017,335.3219299,336.1779886,332.2360843,333.8884903,2269436
23-11-2017,339.9207764,340.8365707,335.3417804,337.6511822,2332448
24-11-2017,341.7922363,343.822912,340.4384363,340.4384363,1646756
27-11-2017,342.7080994,343.623894,339.6819647,341.4339387,1592740
28-11-2017,342.1307373,344.0419661,341.1552069,342.8275413,2108650
29-11-2017,339.7017822,343.6038783,336.9145673,342.4292614,1523670
30-11-2017,337.6512451,341.5931739,335.3816505,338.4475924,6822606
01-12-2017,330.4841003,338.4276688,329.3293871,337.2530518,2768524
04-12-2017,337.6313171,338.328121,328.4334922,332.8731376,1793768
05-12-2017,337.6512451,339.6023057,334.10749,337.6114375,1980098
06-12-2017,341.8718872,342.4890758,336.4567353,336.6558221,3179456
07-12-2017,343.8229065,345.2165141,339.8809781,342.4890346,2450146
08-12-2017,346.5902405,347.5259388,343.7831213,346.2916103,1739846
11-12-2017,350.3927917,351.189139,347.1078593,348.2028368,1597008
12-12-2017,348.4815369,351.1094729,346.5105727,350.7909389,2921624
13-12-2017,344.9577026,347.8245575,343.6437346,346.4110461,8609940
14-12-2017,351.5275269,352.4035136,343.3052572,343.6237912,6365040
15-12-2017,355.0912476,356.9427647,352.3836717,353.9365586,4469222
18-12-2017,352.383606,355.0712775,348.7005005,353.6179343,2615662
19-12-2017,346.1920166,353.9763051,344.4201393,353.9763051,3971188
20-12-2017,346.3513794,348.4019836,344.022073,346.4111152,2109744
21-12-2017,354.473999,355.1708027,346.9883412,348.0036789,2859366
22-12-2017,353.1401062,355.5291473,349.6361598,354.7726079,2104074
26-12-2017,353.7573853,355.6885177,351.2090642,351.228968,2127136
27-12-2017,351.8461304,355.0115912,350.6117776,352.7818287,801620
28-12-2017,349.7160034,354.7130792,348.6409294,351.1892512,2319726
29-12-2017,354.5737,359.0531543,348.4020073,349.7159757,3093850
01-01-2018,349.8751526,354.6532359,348.7801752,353.9763359,1286288
02-01-2018,355.4893188,356.3653055,349.1384463,349.1583744,1906518
03-01-2018,357.2811584,361.4619812,355.5690169,355.5690169,2583906
04-01-2018,355.6089783,358.1373962,351.6073368,356.7636919,1193460
05-01-2018,358.3761292,359.5507461,351.308548,353.6776857,1492292
08-01-2018,358.5552979,359.7100109,356.4051509,358.4159468,2353168
09-01-2018,355.9074097,359.4909715,352.3835836,358.5552734,2504270
10-01-2018,364.6673279,365.5234109,354.81253,355.170896,3400572
11-01-2018,365.0853577,368.2707462,362.3578541,365.9215124,4243446
12-01-2018,368.6690063,369.5051613,363.2339261,365.7225115,1980698
15-01-2018,362.0393372,370.7394204,360.5461862,368.3105712,2536486
16-01-2018,377.9663391,380.2558376,362.3380233,363.9705255,8963404
17-01-2018,379.3997803,383.6801473,375.5972265,378.264995,5498922
18-01-2018,379.9571838,382.1073311,374.4822965,379.4594668,1869500
19-01-2018,381.5697937,385.0339092,376.7319986,381.0521728,4748438
22-01-2018,384.7749634,388.1793663,376.2739686,382.2465713,4431318
23-01-2018,396.322113,398.1736301,385.6510646,386.2085174,5015202
24-01-2018,405.519928,414.3792667,394.9882309,395.7845781,9269776
25-01-2018,401.9761658,406.1370849,394.2117803,405.6592717,5307454
29-01-2018,403.7714233,407.3421552,400.9786759,402.9535522,4013296
30-01-2018,399.1236572,405.9459329,398.1661337,405.9459329,2711352
31-01-2018,393.5979309,406.105467,391.6629652,398.9440583,3221144
01-02-2018,392.9396667,404.9285305,386.5961292,391.822548,3055658
02-02-2018,395.333374,402.0359633,390.1268752,390.9846574,3345056
05-02-2018,396.2310486,399.6820721,390.984663,394.9743024,2177578
06-02-2018,380.5518188,386.4963925,378.2378324,384.9803341,3310994
07-02-2018,374.4476929,382.6065123,367.8448429,382.287346,4051696
08-02-2018,376.7616272,384.2023152,374.0287337,377.3201865,2896536
09-02-2018,384.6013184,387.2344712,368.0642547,373.0313617,3456506
12-02-2018,374.6870422,388.0922226,373.9688876,385.1997337,2975588
14-02-2018,374.1484985,382.925708,371.156268,374.9464267,2889532
15-02-2018,374.9064941,378.876191,371.8344663,376.6220346,2281842
16-02-2018,373.8691711,387.3741177,371.4355004,377.0209966,5698140
19-02-2018,364.7329407,374.906524,359.1075329,374.1684259,2925546
20-02-2018,362.039856,369.1214664,361.0623894,365.450993,2462802
21-02-2018,376.1831665,378.1380755,363.8551691,366.2489531,5569512
22-02-2018,375.4251404,384.2023488,371.6549255,376.2230684,8186574
23-02-2018,381.2499695,386.1572459,376.1831464,378.5769303,5675166
26-02-2018,377.4399414,385.0402018,376.2430492,381.369752,2112112
27-02-2018,378.9758911,382.4468582,376.6219939,380.2126697,2879428
28-02-2018,375.1457825,382.3470766,373.3504448,380.9706705,5119548
01-03-2018,376.14328,379.9932926,374.2282576,376.5422441,2772230
05-03-2018,371.8742981,376.8813153,366.1691183,376.1432173,3747704
06-03-2018,372.1536865,380.2127658,369.6402177,374.2283046,2929756
07-03-2018,378.8363342,380.1329675,372.55265,374.228304,5695220
08-03-2018,379.275116,384.6012753,377.2403851,380.2126716,4238350
09-03-2018,376.2229919,381.3496688,375.0261001,379.0157395,1464728
12-03-2018,386.0574341,389.388773,378.6167475,379.0157114,4946236
13-03-2018,381.8085022,386.5960696,377.2603034,386.057478,2513508
14-03-2018,385.0201111,386.2569138,383.0053482,383.803276,2354082
15-03-2018,382.6662292,388.0322741,381.1102603,386.19705,2590154
16-03-2018,386.0375671,390.8051919,377.8388616,383.0054504,9482072
19-03-2018,369.6401367,384.441691,367.4458348,384.082638,3318748
20-03-2018,373.9090881,378.1181537,365.2914506,369.0417222,3707786
21-03-2018,373.9689026,378.9759204,369.6202095,377.020987,3818980
22-03-2018,371.2559814,378.5769862,369.0417359,375.4251605,3095286
23-03-2018,381.9681396,383.2248616,360.4839138,361.0624165,5478072
26-03-2018,385.8181152,387.3940278,377.0209643,381.8883297,3571336
27-03-2018,387.8129272,390.5458451,380.8111144,388.9898758,2495200
28-03-2018,386.4365234,391.6230555,381.0305661,383.6238321,4620172
02-04-2018,390.7852783,392.9396939,384.920502,385.5189481,1295646
03-04-2018,386.6958313,394.5753698,384.2222498,387.9924642,2036000
04-04-2018,382.7062683,391.4834775,378.8163688,391.3837365,1804780
05-04-2018,383.8233337,392.6603966,381.6290316,386.9951026,2805104
06-04-2018,380.0730286,387.7929715,379.255133,387.7929715,2515810
09-04-2018,380.3124695,384.0627412,378.2179083,380.7313769,1708072
10-04-2018,378.3974304,383.7834447,376.442497,380.2525985,2431772
11-04-2018,385.9178467,390.0670817,379.5543664,381.0105947,3716964
12-04-2018,402.9735413,404.1504898,385.917832,386.1771684,8182766
13-04-2018,395.473053,406.9432676,394.276161,404.7489657,6361110
16-04-2018,398.9241333,401.6570271,389.4287701,390.5857755,3824528
17-04-2018,403.3526306,405.3474507,397.7870776,397.7870776,3729906
18-04-2018,397.7072144,405.2675863,396.1712128,404.9085333,2008262
19-04-2018,406.3647461,407.5416947,398.5650054,400.9587892,2301628
20-04-2018,423.839325,428.5670378,406.9033255,406.9432121,9490598
23-04-2018,434.0727844,442.0520635,420.9069739,423.6997216,9086924
24-04-2018,423.6797485,438.7606054,422.1437471,432.8360004,3993618
25-04-2018,426.4127808,431.4796045,417.3163813,423.6399515,3002280
26-04-2018,429.803833,434.2123549,419.5703991,421.3058824,6052212
27-04-2018,415.5808411,435.1300762,412.9277208,429.6842081,4764608
30-04-2018,420.0093384,430.4821431,416.9373352,418.4733368,3147666
02-05-2018,399.1634521,419.6901289,397.1686323,418.9121687,15014958
03-05-2018,369.3209534,397.7670797,367.0468539,397.7670797,15276024
04-05-2018,370.9767456,376.6220972,362.1397057,368.223908,8365006
07-05-2018,370.3183594,375.2854656,367.4657573,373.7494398,2576842
08-05-2018,367.086731,372.2333758,361.9001995,371.1162816,4080268
09-05-2018,370.8452148,374.5036976,368.1663281,369.4457989,2757280
10-05-2018,371.9247437,375.0034633,370.2854133,373.0042979,3741482
11-05-2018,372.9842529,375.1433612,372.2845451,372.324543,2117402
14-05-2018,369.9655762,374.8035715,368.0263953,374.8035715,3132296
15-05-2018,369.8456116,372.9243313,364.4678516,367.9663912,4239330
16-05-2018,367.9464111,372.2046434,366.447037,368.8460356,1963972
17-05-2018,363.74823,370.6053787,361.7290773,370.6053787,2899904
18-05-2018,356.1314087,367.0468493,354.6919946,361.8490181,3517726
21-05-2018,358.2305298,360.0697526,354.6520181,356.6511839,2942476
22-05-2018,361.8089905,364.5278507,355.6715376,355.9913992,2485094
23-05-2018,357.5907288,367.2067345,356.591146,361.8489611,3734828
24-05-2018,364.527832,367.0068021,359.9297515,362.2287918,6309330
25-05-2018,366.2471313,369.3858115,364.6477989,367.006824,2089082
28-05-2018,357.6507874,366.6470341,356.2513712,366.2472009,2651764
29-05-2018,361.888916,363.6481914,357.8506116,359.449944,1985832
30-05-2018,362.7885132,364.5677752,358.8901409,362.6485814,2374048
31-05-2018,363.9881592,365.7674219,360.2697151,363.0485609,5618644
01-06-2018,361.789032,369.4058733,359.8498509,363.8481826,1939062
04-06-2018,360.1296692,366.6069701,359.5099328,362.6486128,1505886
05-06-2018,353.872345,363.928159,351.8731791,362.2288681,2547736
06-06-2018,363.4282532,366.9667659,355.851412,356.6310914,2337712
07-06-2018,368.3862,370.2454335,361.8489388,361.8489388,2137298
08-06-2018,371.3251343,374.2039385,366.986929,368.2464135,2268428
11-06-2018,364.487793,376.8426438,362.9484455,373.0442299,4105194
12-06-2018,365.767334,369.4458036,364.5078743,365.0276525,2961048
13-06-2018,369.3258362,370.1654759,365.467437,367.8464488,2113706
14-06-2018,374.6235962,375.8430822,368.2662407,371.0450854,3755080
15-06-2018,379.1617126,381.4407661,372.2645919,374.6236169,6186584
18-06-2018,373.124176,382.7801287,372.3444968,381.6406144,2653666
19-06-2018,368.0264893,376.0631272,366.0073364,373.0044177,2812474
20-06-2018,364.2279663,371.3449906,362.4087306,368.2462841,2820262
21-06-2018,360.8693542,366.6469473,359.4899252,364.6877554,3208902
22-06-2018,361.7689209,368.5660824,360.5894086,362.6685452,4036700
25-06-2018,363.4082642,366.8468186,361.4490725,361.808932,4255720
26-06-2018,364.0080261,366.047165,362.488641,363.4482501,3249236
27-06-2018,368.2662964,369.8456421,363.9680903,364.727783,5751028
28-06-2018,363.6881714,371.8247895,361.8089754,370.4253736,13566568
29-06-2018,370.3454285,371.3450113,365.1875714,365.4874463,6059554
02-07-2018,370.2854919,372.8244472,368.1863678,370.6453516,1776396
03-07-2018,374.8435059,375.803115,366.7069126,371.8447578,2054476
04-07-2018,370.1054688,375.2433136,369.4457345,374.6235773,1547894
05-07-2018,372.2645264,374.0437882,368.2462094,371.0850141,3416140
06-07-2018,377.4025269,379.6615696,369.0460041,373.844002,5055508
09-07-2018,384.4595032,385.8389322,378.20213,379.4416028,3711984
10-07-2018,391.6565247,397.8339512,389.8572756,397.8339512,11042854
11-07-2018,397.2142639,400.272973,391.4966545,393.3158905,10209714
12-07-2018,402.2521362,407.7498421,400.6328169,402.2121627,10093442
13-07-2018,393.1758423,398.9534351,390.237079,398.6335735,11524056
16-07-2018,388.6777649,396.194647,387.9180966,393.8356219,3404444
17-07-2018,391.9563599,393.4357471,387.438251,390.7168871,3241946
18-07-2018,395.7948303,398.5536643,393.4557918,394.1954978,3784400
19-07-2018,392.6760559,397.6339958,390.4370004,395.834747,1501536
20-07-2018,399.5133057,401.6324166,392.0564073,393.2758936,4379550
23-07-2018,401.7723389,404.2113358,396.2746329,401.0326573,3296730
24-07-2018,396.4744568,403.4315619,395.4948853,400.4328139,2925630
25-07-2018,385.559021,397.2341514,383.8397437,397.0342349,5643672
26-07-2018,380.8810425,387.0184959,377.8623071,385.5590951,7970088
27-07-2018,385.2192078,387.7181647,380.0413642,383.4399456,4929768
30-07-2018,378.7019348,392.2962604,377.0825912,389.0376108,6447110
31-07-2018,385.8789368,386.4387129,378.7818988,379.9813982,4771570
01-08-2018,391.2966003,391.8363652,385.8388698,387.0383689,3568096
02-08-2018,384.8261414,394.2414608,384.0448653,391.0362457,3200706
03-08-2018,386.0881653,388.5922393,383.6041189,387.0497151,2289018
06-08-2018,383.2235413,388.0513918,381.8212596,387.8310381,2165794
07-08-2018,388.1515808,389.0129922,384.2652522,384.9864453,2235882
08-08-2018,386.4488525,388.5522754,383.5240981,388.2317587,1517966
09-08-2018,383.2836304,387.8109917,382.6626004,387.8109917,2005458
10-08-2018,387.0296631,387.7508315,383.1433355,385.1465946,2417448
13-08-2018,393.8407593,394.3415741,386.8293521,387.0096503,2885640
14-08-2018,400.5316772,401.4531717,392.2381787,395.9041531,4962034
16-08-2018,399.5501099,406.5815459,397.5668781,399.7704635,5908118
17-08-2018,401.8738403,403.7769367,398.6686255,400.6518571,2960410
20-08-2018,395.9442139,403.2561106,395.443399,402.6551327,2829604
21-08-2018,402.4949036,406.2610413,399.9908291,401.3730831,9839198
23-08-2018,410.9285583,411.9101358,404.6583474,404.6583474,5537558
24-08-2018,410.0070496,416.2973128,408.7249832,412.8516678,4540390
27-08-2018,416.2774353,416.7983025,410.6683072,411.0689592,2488450
28-08-2018,416.9784241,419.3823352,415.4359242,416.6779352,2626156
29-08-2018,413.8132935,417.1387237,411.4694897,415.9968756,4063384
30-08-2018,407.2826843,413.8333576,406.0807286,412.2708054,4883942
31-08-2018,419.2620544,422.6876469,408.4645081,409.0654857,6558672
03-09-2018,420.3439636,425.091679,418.5209779,421.8864637,4454306
04-09-2018,431.2416077,432.3033448,421.0850931,421.1452006,5584742
05-09-2018,432.2832947,435.5085616,427.8961765,431.0212805,5701112
06-09-2018,436.2297363,436.6303882,426.8544736,430.7007215,5991810
07-09-2018,430.2799683,435.4884415,426.8343727,435.4884415,4379878
10-09-2018,436.1896973,439.4750721,431.5020897,431.5020897,8205078
11-09-2018,434.7472839,440.3163541,433.5052731,436.7104877,8472420
12-09-2018,435.4284668,440.3164,433.5453737,437.5118369,4139134
14-09-2018,428.9778748,436.0894444,426.7742898,434.3065634,7290574
17-09-2018,432.0629883,434.4668995,428.7175549,428.7175549,3018112
18-09-2018,434.2666321,437.111251,432.0630465,432.7040798,2745526
19-09-2018,435.6287842,440.0960133,433.1447133,433.9059616,4439812
21-09-2018,434.6672668,437.5118856,432.123137,437.1112337,6595630
24-09-2018,439.2346497,443.1209531,432.9243829,435.0678606,4432578
25-09-2018,447.2677002,450.7534008,438.4333559,441.5183557,5664544
26-09-2018,436.7706604,449.0706537,434.767401,448.7701647,2870394
27-09-2018,437.5919495,442.4999348,436.1095571,438.2930902,5731064
28-09-2018,435.829071,440.6168407,434.9075523,437.5518445,4445086
01-10-2018,440.0759888,441.1176738,433.104637,434.7873552,3406600
03-10-2018,437.2313538,441.3980936,430.2199469,440.6769497,4730720
04-10-2018,431.5421448,437.8524121,425.0916591,434.647197,3891118
05-10-2018,434.3066101,439.9157361,428.7375396,429.4987879,2895914
08-10-2018,429.5388794,434.5270247,419.8831787,428.6975202,2311830
09-10-2018,428.056366,432.3233171,418.0600748,427.2951178,2694524
10-10-2018,421.4057007,425.9130347,416.0970628,424.2903749,4523678
11-10-2018,404.2578125,410.8685696,399.8506411,410.8685696,6266576
12-10-2018,394.702179,403.4564121,390.435227,401.9739953,4651748
15-10-2018,401.8338013,403.1158922,392.6388359,392.6388359,3614908
16-10-2018,402.0140686,405.6599906,396.2647,400.6518426,3003220
17-10-2018,410.3677979,415.0754587,403.4565511,403.4565511,3253970
19-10-2018,384.0247498,408.4244541,381.9413555,407.0622282,6869592
22-10-2018,392.6588135,395.803945,383.4839014,386.2283566,3774108
23-10-2018,381.2402954,394.0811834,379.6577156,388.6323276,2948962
24-10-2018,392.9192505,396.8656612,378.936492,390.6355302,8442982
25-10-2018,402.5950623,405.2393795,387.8310491,392.1580849,6176258
26-10-2018,387.2701111,400.6318664,385.4271222,400.6318664,3615756
29-10-2018,394.9025574,397.4266595,382.1217519,386.7092211,2786080
30-10-2018,403.4135742,408.2713332,392.1123077,396.3678425,6121068
31-10-2018,423.7880249,427.8428267,402.2694304,403.594265,6582228
01-11-2018,405.0396423,424.5308154,402.871713,423.5472419,3946070
02-11-2018,403.3132629,413.3097893,399.5194239,407.8899911,5575206
05-11-2018,409.796936,411.161932,402.9920739,403.6745718,1938928
06-11-2018,413.0688782,418.3280794,406.9264213,410.5998495,2921884
07-11-2018,414.1328125,415.4576226,412.2057536,413.1090533,139254
09-11-2018,412.6673889,420.3353886,406.886262,418.7295227,7343566
12-11-2018,416.240448,425.1529839,414.3334823,414.4940297,4782454
13-11-2018,414.7951965,423.4869567,413.2495602,417.4649587,2737474
14-11-2018,400.3022766,414.0725985,386.6122774,413.9120021,3033632
15-11-2018,396.9500122,413.1090393,394.1598151,401.4263736,3582306
16-11-2018,410.3790588,416.6419509,398.9573321,400.2620982,6698234
19-11-2018,417.5652466,418.6492354,407.1873486,410.3790118,4180070
20-11-2018,405.0596008,415.5177975,402.7913055,415.5177975,2628564
21-11-2018,395.5046692,407.0869661,393.2564424,402.6909037,2503064
22-11-2018,393.0558167,402.2694788,391.5904785,396.6489471,3129880
26-11-2018,401.6672058,403.8351346,386.6122131,395.2437422,4758562
27-11-2018,410.7604065,413.1089754,398.6561833,400.9445469,4103018
28-11-2018,418.7697449,420.6365741,406.4246486,410.7805753,2460574
29-11-2018,406.8663025,419.6730714,404.8790381,418.8500944,3260512
30-11-2018,407.4884949,412.0250859,403.17273,408.6928944,4219388
03-12-2018,408.7731628,411.7841368,403.3533655,409.9374009,2908898
04-12-2018,416.0196228,418.7295214,408.3114618,408.7329967,2836286
05-12-2018,421.9613342,424.7515065,410.2987142,416.0998848,3873412
06-12-2018,406.4848328,427.7625573,405.0797,421.2788635,4051262
07-12-2018,386.1907654,401.4665632,375.1504349,401.4665632,21093670
10-12-2018,378.1813965,389.7034885,376.2142011,385.3877242,6182964
11-12-2018,384.143158,387.4753491,373.6448251,377.7799246,5605848
12-12-2018,389.9243164,391.0283492,378.7033235,387.4151509,3653708
13-12-2018,392.6543274,394.4609267,386.792926,389.4425952,2756644
14-12-2018,385.8895569,388.9406921,381.3931277,387.8165909,4611032
17-12-2018,390.0848999,391.0283363,382.9588702,387.455275,2792580
18-12-2018,395.5247803,396.9700498,385.16695,389.4024165,3874502
19-12-2018,384.2636414,394.8824099,382.9990122,393.4371404,6117266
20-12-2018,385.2070618,387.2946922,380.5901976,380.7106326,4527954
21-12-2018,383.1797485,387.0137491,379.3858848,384.2235518,10439250
24-12-2018,376.5154419,383.7619336,375.4315017,383.4006039,2941564
26-12-2018,378.5026245,380.4698202,373.7653245,376.5755901,2434064
27-12-2018,380.911377,385.4078063,378.4423729,380.9916751,5096808
28-12-2018,384.7453918,386.6122208,381.3931565,382.2362263,1556666
31-12-2018,387.1542053,388.0575049,383.6413735,386.3914337,1437004
01-01-2019,385.3475952,387.4151574,382.5373298,386.210758,717468
02-01-2019,379.9277954,386.2107557,377.0372563,385.0063562,2270096
03-01-2019,380.7306824,385.4077761,379.3857796,381.3931118,2809224
04-01-2019,374.307312,381.6140078,371.3565428,379.78734,3077278
07-01-2019,378.0007629,381.3931596,375.732492,377.3383579,2344752
08-01-2019,379.4460449,380.5902146,374.6083543,380.5902146,3031576
09-01-2019,376.7360535,380.8109224,374.2870939,380.1886545,2471720
10-01-2019,375.7123718,378.5828668,374.1667358,378.5828668,1832096
11-01-2019,377.3985596,377.7799576,369.3491615,375.3711587,4331368
14-01-2019,376.2543945,378.9843617,372.560898,377.7799623,1956808
15-01-2019,380.4698792,383.76191,372.9624493,372.9624493,3693892
16-01-2019,376.6759949,383.0793913,376.073795,380.5902938,1701242
17-01-2019,383.2799988,384.2033667,374.6083093,375.4112422,3690234
18-01-2019,387.9370117,388.9206094,379.9277514,380.8310509,4685056
21-01-2019,387.7162476,394.0393445,386.2308167,389.041082,3265418
22-01-2019,377.6796265,387.2345247,376.174127,386.21079,4791592
23-01-2019,379.164978,381.3730434,376.856546,380.3894457,5641586
24-01-2019,379.9678955,382.878527,377.0773324,379.3456275,2954782
25-01-2019,389.1816406,391.7108747,379.8274514,380.9917141,4310008
28-01-2019,392.553894,393.4371251,386.973525,390.62686,3029930
29-01-2019,396.8295898,399.3989609,385.8494657,392.6342598,4733138
30-01-2019,408.8535156,415.5178501,402.0687216,408.6929192,14053348
31-01-2019,403.5541687,410.760498,396.1471062,409.3352721,9058428
01-02-2019,419.0708313,421.5398603,405.6819322,405.7220691,6460222
04-02-2019,419.452179,424.671243,417.6455799,419.5324526,4133944
05-02-2019,421.4433899,424.3596052,418.9294112,420.9405942,2368564
06-02-2019,424.4398499,428.3616549,420.3772718,422.7504765,2331000
07-02-2019,427.5371094,433.530442,424.7616682,424.7616682,3251088
08-02-2019,429.7695923,432.8064977,425.5863717,426.3707133,3733802
11-02-2019,434.1538696,436.0242788,427.577314,429.6287099,3157886
12-02-2019,425.88797,433.7717945,423.4544198,432.8064172,2788882
14-02-2019,426.8935852,430.3930229,425.1840802,430.3930229,1970720
15-02-2019,425.2645264,429.3271051,418.9293017,428.8645233,2492120
18-02-2019,420.8600159,431.197473,415.3091332,426.6924444,2550698
19-02-2019,417.9438171,422.8309509,416.8577492,421.5438138,1837440
20-02-2019,425.546051,426.9740101,412.6946155,419.271172,2558354
21-02-2019,423.7159729,426.974079,419.3717987,426.3707242,2603154
22-02-2019,428.8444214,430.5941402,419.9348738,420.0153014,2844492
25-02-2019,435.3204346,436.4265849,427.5572508,430.6343697,2340940
26-02-2019,425.9080811,440.8310444,424.339349,434.6567244,3726370
27-02-2019,426.5114136,428.7840594,417.5214387,426.3706406,3325110
28-02-2019,423.9170532,430.3729195,421.4231575,430.3729195,6661660
01-03-2019,423.394043,426.9337431,419.8342605,424.3594202,2295910
05-03-2019,423.3740234,426.2902379,420.4175461,425.445502,2117558
06-03-2019,419.6331787,427.1751122,417.7627694,426.6119713,2807252
07-03-2019,416.1338501,422.5495035,415.1081272,421.3830077,2073614
08-03-2019,405.8766785,414.2834054,404.6498622,414.0622048,3176094
11-03-2019,404.0063782,410.9851721,402.6387642,405.0521833,4547588
12-03-2019,407.6063538,410.0801181,402.2566131,405.0923756,4902188
13-03-2019,413.639801,419.5325742,407.9079322,409.7582344,6803340
14-03-2019,404.9515991,418.5472126,403.8856626,416.3147803,3793832
15-03-2019,414.0220337,415.8521802,405.7761612,407.0633229,5207688
18-03-2019,407.56604,418.3057325,407.0230307,415.1481865,1690728
19-03-2019,416.7973633,419.1303542,407.5057117,410.3213667,3242552
20-03-2019,417.5013123,424.1583453,414.9069067,419.1303896,4408802
22-03-2019,412.2321167,421.5439026,409.4768062,417.5215371,5237090
25-03-2019,409.335968,413.9013423,407.0029768,413.9013423,3055910
26-03-2019,416.1538391,419.8544441,406.8621865,407.6063142,3311446
27-03-2019,419.5930481,424.9025507,410.2812626,410.2812626,2911690
28-03-2019,435.5818787,437.7740478,422.3482891,422.91143,8627614
01-04-2019,446.7842407,450.5049288,435.2400716,438.4378324,4617730
02-04-2019,443.5059509,450.5048758,439.4433721,446.4825108,2787844
03-04-2019,450.7462158,455.8546489,439.0612749,443.5059588,5296628
04-04-2019,441.6758118,449.7205418,435.018778,449.7004104,8444208
05-04-2019,439.5640869,444.3305798,436.6277407,438.578578,3409044
08-04-2019,440.9919739,442.8623834,434.797522,440.4489644,4027848
09-04-2019,449.7607422,454.064653,440.9316218,440.991967,6500982
10-04-2019,441.9371948,452.6367243,440.9316036,450.5048514,4826866
11-04-2019,437.9751587,442.9025553,436.4265581,439.3629039,3035580
12-04-2019,435.8030701,442.8019942,433.0477602,437.9550744,2839484
15-04-2019,443.7674255,445.6780489,436.4266093,438.0355553,3868302
16-04-2019,445.2957764,448.9963312,443.405236,446.2812358,2401182
18-04-2019,443.5260925,452.0736183,438.6389092,445.678048,4055238
22-04-2019,442.9026489,448.2122008,440.4490158,443.8680265,2230516
23-04-2019,443.2645874,447.2668206,441.0925007,443.5059195,2135528
24-04-2019,458.1272278,459.3942825,441.1930815,443.6668457,5681646
25-04-2019,456.0155029,463.1351185,454.1451425,458.951849,5361098
26-04-2019,458.4490662,470.5563754,456.5384427,458.5496253,3465934
30-04-2019,475.9865417,477.6960468,458.5495997,458.5697312,8310400
02-05-2019,466.614502,474.8402193,465.1865426,470.6167357,4226194
03-05-2019,459.7764893,462.2301223,453.0188959,460.1585943,5710316
06-05-2019,456.9607544,460.319419,453.7428627,458.509355,2827130
07-05-2019,455.2310486,462.5718629,448.8958252,457.4835626,4689204
08-05-2019,455.572998,458.5495576,451.4702059,455.331666,2987822
09-05-2019,457.1820068,460.5608033,446.5227393,452.3149549,4962690
10-05-2019,437.0901794,446.8846256,431.5192153,446.8846256,15535450
13-05-2019,435.8835449,442.7617785,433.6108991,437.7539543,3368062
14-05-2019,429.5281982,435.883554,425.1639424,435.883554,4388014
15-05-2019,429.3673401,437.0299652,427.517062,431.5796409,3240598
16-05-2019,432.1077271,435.4122384,425.5792831,435.1906225,2226902
17-05-2019,428.2591248,434.0219239,427.0703193,433.23611,2780046
20-05-2019,432.6315613,436.7622243,423.6448308,429.1859641,2380474
21-05-2019,425.5993042,432.8128617,424.2090032,431.7650937,1613426
22-05-2019,427.5740356,433.2159174,424.6321776,425.9620694,3424864
23-05-2019,429.7500916,431.6038424,423.2417698,428.7829022,3884200
24-05-2019,429.5688477,432.8129495,424.7934074,431.6039748,4340468
27-05-2019,428.8635864,435.6338641,426.4456371,432.0069402,3164414
28-05-2019,431.7249146,439.2406684,425.2568798,431.6039974,10631688
29-05-2019,437.2457581,441.2756729,430.4754815,431.7650837,4354812
30-05-2019,434.5054016,442.6256899,430.3949081,438.4547379,4745448
31-05-2019,440.2884521,443.0489345,435.2510576,437.2458462,4255094
03-06-2019,449.4161682,450.9475558,438.1122845,442.827266,3400394
04-06-2019,437.5883789,448.6908161,435.6338797,448.2878246,4128970
06-06-2019,434.9084473,443.754141,433.4375675,439.2607755,4701806
07-06-2019,435.0695496,438.1322747,431.7045809,436.4397303,3272806
10-06-2019,439.7443237,444.0160732,435.7950364,438.0114897,2056008
11-06-2019,446.4743042,450.1213479,440.8324231,443.2906614,6485078
12-06-2019,446.5549011,447.3205949,439.784673,446.1116203,3136202
13-06-2019,443.6534424,445.7489789,440.469799,444.4997149,3951850
14-06-2019,438.0517578,444.2376675,436.8427833,440.5099961,3467872
17-06-2019,433.1755676,438.3338292,431.8053867,436.8427804,2487348
18-06-2019,439.0996094,440.9332407,433.074905,433.1756529,1412162
19-06-2019,436.8831177,441.9205119,434.3443005,439.3010669,2437878
20-06-2019,438.1928711,439.6638002,429.4479738,431.2009772,1895088
21-06-2019,433.719696,440.3287679,431.6644488,440.2683093,4695110
24-06-2019,434.3844604,436.8628675,430.4351249,434.8277412,1350104
25-06-2019,434.8277893,435.6740615,427.2314101,434.3845085,2203934
26-06-2019,434.7271118,440.3287039,432.0874976,432.0874976,3277734
27-06-2019,428.2792053,436.8629437,427.1508095,432.9337767,2776050
28-06-2019,429.0450134,433.598789,426.6471839,431.4830831,2829874
01-07-2019,422.7784424,431.1606866,422.0732071,430.0927492,2467696
02-07-2019,427.17099,429.0449103,420.3201345,424.3500495,2014050
03-07-2019,423.6247253,429.0852809,422.1739655,427.5740625,1213340
04-07-2019,419.4134216,423.6246633,416.6126503,422.6171845,2553038
05-07-2019,409.6006165,422.738131,408.0893982,420.682884,2514352
08-07-2019,418.7284241,421.4486173,407.0416436,407.4244905,4008224
09-07-2019,411.3535767,422.2545165,406.215435,416.4715491,3205934
10-07-2019,410.6080627,417.0962163,408.2706923,408.6333945,1731600
11-07-2019,411.3737488,414.1947141,409.0565475,414.1947141,1550706
12-07-2019,412.6229858,414.9603069,406.618403,409.459488,2903286
15-07-2019,414.073822,418.3052333,411.0513854,416.8745936,2633206
16-07-2019,410.9102173,415.9476101,408.4116655,415.8468623,3450502
17-07-2019,419.4134216,420.3201525,411.4140499,412.8245202,2291110
18-07-2019,410.4670105,417.902209,409.439387,416.4514494,2608300
19-07-2019,409.2781982,415.4036992,406.6990671,412.663337,2139624
22-07-2019,410.6282349,413.9730597,404.3012628,409.2781984,1902156
23-07-2019,407.4042358,413.4490834,405.8728732,411.3132581,2011658
24-07-2019,411.5753174,413.0059326,403.5960886,407.0013725,2384560
25-07-2019,407.5453491,414.1342757,404.2005242,411.4946614,6042040
26-07-2019,403.5758362,407.8676808,401.9437256,406.094533,2332384
29-07-2019,409.2177124,412.6632847,404.6034549,405.0064464,1825826
30-07-2019,412.5020447,414.0132626,407.343759,409.036328,2134474
31-07-2019,416.9148865,418.2648982,404.18034,412.0588191,3714036
01-08-2019,411.6759949,420.0985031,409.0766946,414.7387453,3490012
02-08-2019,407.2229004,410.2050473,400.1705493,409.8423451,3544858
05-08-2019,407.4646912,409.8423508,401.8228102,404.3616763,2687280
06-08-2019,412.7438354,417.9021458,404.2810393,407.4646571,3174832
07-08-2019,412.1193542,421.4889086,409.6208015,413.1268332,3967844
08-08-2019,438.5555115,441.2757042,414.2954422,417.4790358,12493298
09-08-2019,437.7696533,444.2779262,434.3442258,437.1651661,5645698
13-08-2019,432.208374,440.0264188,430.132958,440.0264188,2507610
14-08-2019,434.4895325,437.4166793,426.9394829,431.6633218,2803920
16-08-2019,429.0793457,434.7923386,424.133477,434.7923386,3108220
19-08-2019,429.6043091,435.2163176,427.0203347,430.2300834,1682212
20-08-2019,437.6590271,440.4045093,430.0282464,431.1587507,4282308
21-08-2019,432.0671387,437.4773242,430.4117963,437.2350381,2555246
22-08-2019,435.5999451,438.6078218,426.3743932,432.2084815,2580980
23-08-2019,438.8701477,443.0892568,435.0749406,435.6401926,3319154
26-08-2019,441.2320251,442.5038298,429.4427092,440.7273447,2314884
27-08-2019,441.3330383,444.1188848,429.5033558,443.7151404,6604388
28-08-2019,453.7886353,456.2313093,441.0101606,442.9077401,6985284
29-08-2019,451.2853699,454.4951186,448.1563503,449.3675837,2948038
30-08-2019,444.2601624,450.4980432,437.3359357,450.4576293,6738070
03-09-2019,447.4901428,456.4734567,445.2695484,446.9450977,4086894
04-09-2019,454.4749451,455.6256069,445.6935034,449.1051242,2425690
05-09-2019,448.9436035,454.3941534,445.6329189,454.3941534,2775294
06-09-2019,444.280365,452.6580616,442.8874172,450.3768958,2075686
09-09-2019,437.8204041,444.9262951,436.4476633,444.9262951,3521728
11-09-2019,427.0404663,441.6964089,424.9813796,439.2739423,5325506
12-09-2019,425.9100342,429.7657641,423.1241876,426.7578877,4064734
13-09-2019,431.4008789,432.0064955,425.5062207,425.9099651,3091588
16-09-2019,431.9661865,435.6200441,426.7578734,432.0065511,3888868
17-09-2019,426.2934875,431.6027359,422.5386944,431.6027359,3815108
18-09-2019,427.3432922,430.7751201,424.1941151,427.8278151,2572672
19-09-2019,423.75,427.1616208,416.7652014,427.1616208,3762272
20-09-2019,423.5682983,429.4024353,418.8041433,424.7391671,5736082
23-09-2019,417.02771,429.1804097,410.6081625,429.1804097,4733492
24-09-2019,422.881897,424.6179683,413.0305237,413.1112775,5614452
25-09-2019,425.4861145,428.7766419,421.5899704,423.7298359,4312820
26-09-2019,421.9735107,426.1724628,417.1689421,425.5466392,6062076
27-09-2019,420.3181152,425.3850777,417.5120622,422.114758,4458334
30-09-2019,436.2862549,442.7058017,421.1256799,421.5092175,8559586
01-10-2019,427.7874146,436.4477125,425.2235981,436.4477125,4190696
03-10-2019,434.7519836,440.0813899,425.6071633,427.1615693,3435302
04-10-2019,435.680603,436.7707426,429.8465157,434.4290052,2694188
07-10-2019,433.782959,440.4851056,431.562365,438.3654477,1910498
09-10-2019,424.3757019,433.601251,419.9547207,432.0266874,3750540
10-10-2019,429.3820801,430.4318054,420.4593406,424.3554831,2707552
11-10-2019,435.8421021,440.0814185,423.1241528,423.9316416,4312780
14-10-2019,438.7894592,444.0381367,433.6215109,437.0129739,2781204
15-10-2019,437.8607788,443.7756438,435.82185,439.7179931,3002070
16-10-2019,444.4822998,446.9451312,437.2956285,439.6777307,3018788
17-10-2019,441.3128662,445.0070883,437.8810386,444.1188703,1552278
18-10-2019,442.302002,446.3192391,439.4354265,442.0799228,1647630
22-10-2019,429.765686,442.4634764,424.537216,440.1621038,5502486
23-10-2019,442.1607361,445.7136576,431.1990646,432.0065535,7829074
24-10-2019,451.8101501,467.9397178,448.3581161,466.3651049,13502160
25-10-2019,457.8664246,459.1583871,443.3517817,452.5975396,4587220
27-10-2019,456.433136,460.1274078,454.2529059,459.4612196,303910
29-10-2019,460.1677856,462.6306172,455.4035809,456.5946567,3218206
30-10-2019,462.9939575,464.306127,459.5419227,464.306127,2441752
31-10-2019,470.2740479,473.2063092,460.4863815,463.3984006,5848998
01-11-2019,465.9260864,471.9928323,462.4478286,468.7167994,2131710
04-11-2019,467.50354,471.7098279,465.9464182,469.1820166,3022168
05-11-2019,468.6358948,469.4043592,462.4276011,467.5843353,2878100
06-11-2019,464.4499817,469.1820746,461.5581553,469.1618324,4576658
07-11-2019,464.490387,466.8159735,459.4954414,464.7128541,2538638
08-11-2019,465.1576233,470.9412742,463.5398244,464.4498363,4026580
11-11-2019,463.4792175,466.6137034,457.1091333,465.1172589,1906640
13-11-2019,460.5065308,467.5844022,458.9291667,465.1172683,3378350
14-11-2019,464.227417,468.1101245,459.0908758,461.679364,2540924
15-11-2019,462.0030212,469.0808927,461.072767,465.5014725,3061712
18-11-2019,461.5177002,464.9959589,460.5874952,464.308414,2484314
19-11-2019,458.9089966,462.4883676,456.4822977,460.6683434,2365020
20-11-2019,458.1607971,460.1425618,455.2082935,459.050567,2225036
21-11-2019,459.6976624,464.5106252,457.6552204,460.506562,3876184
22-11-2019,450.8604126,459.0302788,448.514584,457.2102547,2597928
25-11-2019,454.9049683,455.4509657,447.3417758,451.7704819,1693202
26-11-2019,448.1506958,458.8483751,444.2679376,455.6127761,6459924
27-11-2019,456.3204956,458.8078718,448.5348368,448.5348368,3354312
28-11-2019,458.1000977,462.4479332,455.2082716,460.6683441,2413116
29-11-2019,456.0778503,459.7987689,455.0464836,459.4549965,2387702
02-12-2019,455.1273804,460.6683229,454.399351,460.6683229,2995916
03-12-2019,454.8240967,457.4327785,453.38828,457.0080864,3567662
04-12-2019,455.208252,457.0282761,451.5479615,455.8149267,5903136
05-12-2019,453.711853,459.1719259,450.6784792,456.0576325,2683884
06-12-2019,453.2264709,458.6865437,451.8918161,456.1385394,1659752
09-12-2019,446.5529785,455.5722281,442.4680457,455.0464236,2192234
10-12-2019,440.4054871,448.8584995,438.2618829,446.5531055,1628853
11-12-2019,439.8795776,444.8138947,436.3608842,440.850267,2387958
12-12-2019,433.8532715,443.1151816,432.8017119,442.7107318,2061911
13-12-2019,439.3538208,440.8502653,434.2172789,435.1879683,2889796
16-12-2019,446.6742859,448.8987594,440.8906351,441.6590994,4590144
17-12-2019,451.1637878,452.1749124,446.9170646,449.3437636,3852266
18-12-2019,456.7856445,458.6056688,452.1749066,452.9838063,4618387
19-12-2019,460.6684265,464.3084755,456.8261525,457.4328274,3465644
20-12-2019,460.9919434,464.1061874,457.432765,463.9039624,3135806
23-12-2019,461.8413391,465.5622583,458.2821603,459.050625,1591463
24-12-2019,453.4286194,463.2163333,452.417495,462.6905288,2354963
26-12-2019,453.3881836,457.0282315,452.6197192,454.3184378,1848547
27-12-2019,459.091095,460.2640096,450.5572115,455.3701754,2786795
30-12-2019,460.5065308,467.1395173,456.4215977,458.6460716,1800754
31-12-2019,459.5359192,462.286198,457.0687849,460.3448189,1838808
01-01-2020,462.650116,463.4185804,458.5246986,460.587432,918373
02-01-2020,463.9442749,465.117189,461.4771414,463.1353754,1075642
03-01-2020,473.2466736,476.0373869,463.3780892,464.3083434,3269446
06-01-2020,470.7795105,479.0302953,468.7168266,473.206209,3589985
07-01-2020,472.5994568,475.4306046,468.3931702,470.7794332,3179728
08-01-2020,473.8128967,479.6774183,467.5439254,471.588423,3593096
09-01-2020,469.40448,475.7543722,468.5551452,474.0152181,2313648
10-01-2020,469.4447937,477.0889037,467.0585797,470.7794976,2049636
13-01-2020,474.4196777,477.2508267,469.9707293,472.3569934,4096054
14-01-2020,480.7289124,483.2365302,474.9453112,474.9857463,3395378
15-01-2020,481.9019165,483.9646005,478.6258831,482.913041,2348102
16-01-2020,479.8797913,483.9647252,474.6219427,482.9131654,2107442
17-01-2020,484.3690186,486.9575069,473.2062151,473.2062151,4555694
20-01-2020,476.6440735,499.8999362,472.4782209,499.8999362,10272118
21-01-2020,472.4377136,479.8795984,471.0625747,476.6844357,2640668
22-01-2020,477.7766113,481.2953052,470.3751596,473.3680982,4402650
23-01-2020,484.4902954,485.2991948,474.8239379,477.3315062,6089397
24-01-2020,493.2152405,494.2703232,483.3135919,486.154226,3551260
27-01-2020,490.4963379,493.4587333,488.3861723,493.2152603,2450421
28-01-2020,488.1426086,492.9310756,480.9598339,492.890505,5330709
29-01-2020,494.1485901,496.2993758,488.7514148,491.0239123,4281329
30-01-2020,493.3369141,498.206572,489.9281931,496.705114,3334901
31-01-2020,479.986084,494.1892563,478.5251466,493.3370264,3590768
03-02-2020,470.0032043,481.8121663,468.7046485,479.9860443,4024193
04-02-2020,476.0091553,478.2410823,472.762716,473.1685209,3246094
05-02-2020,483.3947449,485.748433,475.6033111,478.3628041,3006324
06-02-2020,486.7224426,497.5168439,485.342696,486.1137352,4704968
07-02-2020,493.2152405,494.4326551,486.2759872,488.3050115,2865379
10-02-2020,490.942688,496.3398623,488.3049567,494.1891265,2286213
11-02-2020,495.609436,498.1254061,491.5919585,491.8354315,2458748
12-02-2020,498.4095154,503.6038375,495.3254083,497.5167645,4873027
13-02-2020,497.0705261,498.2879411,490.2529827,496.7052917,2090363
14-02-2020,504.5372314,505.8357873,496.9080798,497.0704117,3650630
17-02-2020,497.881958,506.0386252,496.9891577,505.6328204,2190578
18-02-2020,492.6877441,499.7893303,491.1457152,497.8820669,5237465
19-02-2020,491.6325378,501.7776583,490.212221,498.6935516,3799862
20-02-2020,493.4992065,497.4761134,491.1455684,495.8934648,4820313
24-02-2020,483.02948,494.2702533,480.0670851,493.4586437,4070143
25-02-2020,472.7220764,483.4759049,466.6755743,483.313573,5525575
26-02-2020,473.6553955,478.0786782,467.0813768,468.2176502,5460070
27-02-2020,465.0928955,472.6814754,460.9942767,472.4379529,4078174
28-02-2020,433.6836243,457.7478717,431.1270834,454.5014329,7894806
02-03-2020,446.1419067,459.249375,436.5243011,439.1214623,8175982
03-03-2020,458.6000977,461.6030638,450.4434293,451.255039,4682284
04-03-2020,457.017395,467.0002338,455.3130345,461.805912,5175180
05-03-2020,467.8118591,472.2757126,457.0580304,460.9943177,6061347
06-03-2020,459.5333252,465.823299,454.136102,462.6174315,3288548
09-03-2020,438.6344299,452.8781689,435.3879914,450.44334,3699776
11-03-2020,435.6720886,440.4200352,417.1673969,427.5154208,4850031
12-03-2020,400.4076538,428.3675933,394.7263859,422.8486572,5321388
13-03-2020,400.0423889,419.8050887,321.3568487,373.3404366,6859998
16-03-2020,365.7925415,389.4103665,362.6678389,380.6449907,5281571
17-03-2020,365.7518921,388.4363922,359.8271514,365.2243508,5148153
18-03-2020,352.4415283,377.2361959,348.2211478,369.2824304,4936397
19-03-2020,335.5599976,352.7255356,304.5565011,339.983255,9270044
20-03-2020,361.085144,374.923104,334.2614539,335.6006049,11916337
23-03-2020,338.5630493,360.3547791,325.0091795,336.8180931,9525470
24-03-2020,358.7720337,372.4070906,334.2614373,335.1947834,9915953
25-03-2020,371.3927002,379.8334383,339.0500403,350.6154815,11976272
26-03-2020,363.3577271,378.8188842,358.0010973,374.2332937,9504717
27-03-2020,349.5197144,371.2708693,341.2818808,365.4272695,9150873
30-03-2020,340.0644836,356.0126102,332.7599959,332.7599959,6325701
31-03-2020,354.1864319,364.7373569,345.1775602,351.589296,6381806
01-04-2020,335.6412048,351.5893564,331.2991125,351.4270245,8136746
03-04-2020,329.3512268,347.855944,324.0757634,339.9833195,8166356
07-04-2020,366.1577148,371.6766757,344.9341259,344.9341259,5972948
08-04-2020,375.8564758,386.9755144,364.4127735,366.035993,7991061
09-04-2020,380.6856079,390.384356,374.9637681,390.1408829,5069225
13-04-2020,371.9201355,382.2681589,368.4707944,381.4565492,2236731
15-04-2020,388.5581665,391.1958982,375.53184,381.4565812,6333188
16-04-2020,373.1375732,386.3262314,370.6621735,383.8914022,10484842
17-04-2020,369.485321,385.5146128,368.1867406,381.4565643,4706460
20-04-2020,381.4565125,384.378312,368.064954,371.7171972,4800719
21-04-2020,369.8505554,377.3579453,363.4794142,371.7172478,3405204
22-04-2020,375.2883301,381.0101935,365.2243745,367.6592037,3768051
23-04-2020,387.7059021,390.1813014,375.2882608,377.3984506,3052968
24-04-2020,379.9145203,403.2888706,377.5202616,389.5726711,6738184
27-04-2020,392.0886536,394.1988438,379.2246348,383.9725565,2914569
28-04-2020,382.3493347,396.8771434,381.0101837,396.8771434,4262237
29-04-2020,399.1090698,406.6164595,381.6188907,385.3522755,3849090
30-04-2020,441.1504517,458.9652949,406.6164681,411.0803216,8035267
04-05-2020,417.3703613,428.1241917,412.4601317,428.1241917,7032527
05-05-2020,422.3617249,430.0720173,418.5065786,426.9067195,4592828
06-05-2020,421.3066711,427.474936,410.8369334,415.7065927,6921533
07-05-2020,415.3413696,439.7302374,411.9325981,430.1532504,19998641
08-05-2020,420.7384644,424.0660441,407.7526851,422.7268684,10120968
11-05-2020,428.1646729,434.1300337,423.0109712,426.9066878,4425540
12-05-2020,428.0429993,438.2692622,422.0370673,426.4603504,6439945
13-05-2020,429.1386719,438.1475206,423.2950715,438.1475206,3502017
14-05-2020,419.9674377,428.1646757,417.451418,421.5500865,3741672
15-05-2020,414.9354553,420.3732502,410.0657972,420.3732502,4895121
18-05-2020,414.5296326,420.9413687,411.8919012,417.7355006,5159655
19-05-2020,420.6167908,422.4429129,410.8369023,415.5442294,3966934
20-05-2020,427.5153809,429.057459,417.9789675,418.0195381,3138708
21-05-2020,434.0894165,436.240202,424.7965253,429.9907975,4523685
22-05-2020,430.4778442,434.2112294,424.4719121,433.115576,6410434
26-05-2020,425.2834167,435.4285364,422.2398808,430.1530742,4055691
27-05-2020,430.9241638,433.3184223,418.7905894,429.9096517,4828798
28-05-2020,440.4199524,443.1388246,424.4718045,430.9646811,4492767
29-05-2020,446.5882263,450.4433723,435.5909251,438.2692271,7853755
01-06-2020,454.2984619,465.3769525,450.8491212,452.0665356,4503261
02-06-2020,454.6637268,460.7913696,446.3852986,453.9332583,2930058
03-06-2020,456.7739258,461.3189698,452.0665995,457.7478673,4202273
04-06-2020,469.8815002,473.7366468,453.6898749,458.5595337,5315353
05-06-2020,467.4466553,476.5366946,464.6465917,474.7917138,3995824
08-06-2020,469.3132935,473.5742442,463.4696939,470.043762,3771973
09-06-2020,464.9306946,473.6555007,462.6176263,465.985827,3812291
10-06-2020,469.6785583,476.820714,465.539319,466.6755925,6491708
11-06-2020,469.1509399,474.7104957,465.945072,470.7335886,4975680
12-06-2020,463.2262268,469.6785337,450.6057061,450.6057061,6624056
15-06-2020,469.8815002,471.5452904,457.5044509,466.5132998,3787100
16-06-2020,471.4640808,481.6903429,469.4350566,474.7916607,4728405
17-06-2020,467.3654175,472.2350756,465.0523497,470.7336175,3572351
18-06-2020,469.8815002,473.8177879,462.6987238,463.5915243,1918229
19-06-2020,462.2929688,469.1105116,460.3451348,465.864072,6182627
22-06-2020,462.2929688,468.014858,458.8842469,466.6756819,2666273
23-06-2020,470.9364929,473.5742242,457.5449339,462.3740211,4521803
24-06-2020,454.1767883,470.5713149,449.9564573,466.6755981,5339893
25-06-2020,446.4258423,455.0695042,444.7620525,452.5534847,6353371
26-06-2020,456.4493103,465.7828218,442.3272819,446.4259009,7034875
29-06-2020,449.3884277,459.2900788,446.6289342,456.1247802,3857610
30-06-2020,451.9447632,455.1506308,449.0229886,452.878134,3110587
01-07-2020,447.8055725,454.1766877,447.1968653,452.8375617,3004648
02-07-2020,461.9682312,464.565392,448.7390036,450.4433641,5243652
03-07-2020,470.0437317,471.1799554,463.1044298,464.2407031,3735570
06-07-2020,469.6785583,478.0381286,468.5017143,470.0437926,3288417
07-07-2020,480.5136108,482.4614943,466.7974338,472.3569416,7255475
08-07-2020,466.5944824,482.7049167,465.052404,482.7049167,4625011
09-07-2020,477.4294128,480.1482856,466.6755842,467.2031503,4807930
10-07-2020,472.5598755,477.6730081,470.6119919,477.429535,2376881
13-07-2020,489.0758667,491.0237493,473.4523838,474.7915593,5443990
14-07-2020,479.9454041,498.1254822,477.3076724,490.6992332,6212718
15-07-2020,499.3022156,509.6502376,480.8786685,481.8120393,9928037
16-07-2020,509.4879761,529.3318426,492.7688365,511.3140979,20771204
17-07-2020,505.7544861,523.2040906,497.8412934,510.9081867,26830157
20-07-2020,526.4100952,529.1695883,508.7575821,513.7490022,10543170
21-07-2020,529.4536133,537.569711,522.1085548,529.1695697,8801061
22-07-2020,527.6679688,534.0390839,521.9460818,533.2274744,3837958
23-07-2020,531.4942627,534.8321596,523.923013,529.1740579,3172594
24-07-2020,553.5569458,557.5053797,521.7657971,521.8471886,12365728
27-07-2020,570.7753906,573.462007,550.7482031,556.854059,11348828
28-07-2020,580.015625,582.946416,566.3792132,571.5081224,8469603
29-07-2020,565.3207397,578.6314828,563.7739034,578.0208973,7142681
30-07-2020,566.1756592,580.0969904,563.8961496,568.2516402,7966760
31-07-2020,574.1132813,583.4755935,566.6234215,571.3859692,6322671
03-08-2020,574.723938,584.5340043,570.3277014,577.2883679,5546316
04-08-2020,563.8961792,578.8351538,559.3371102,577.6139826,6683186
05-08-2020,560.4361572,571.8337544,554.4116931,563.8961421,6052220
06-08-2020,573.8689575,576.0670255,558.8078491,563.3668674,5132907
07-08-2020,561.9829102,569.7984347,557.6681157,569.7984347,7371589
10-08-2020,563.4076538,565.7686046,557.7495509,565.7686046,3769570
11-08-2020,556.6911011,570.653175,554.818649,564.9950732,3956468
12-08-2020,583.8012695,585.3481064,551.1960059,554.0861014,13085350
13-08-2020,589.9069214,593.4890425,580.5039156,583.7196755,8850347
14-08-2020,577.2883301,592.593716,575.7822388,592.593716,3887203
17-08-2020,585.2258301,586.8133623,577.4103555,578.9164466,3344102
18-08-2020,581.6438599,587.5461874,579.9749358,585.3073735,3634301
19-08-2020,577.8988647,581.4402908,573.9504313,581.1146253,4858027
20-08-2020,578.102356,582.7835117,574.8052041,576.7997934,3025569
21-08-2020,574.6831665,582.091585,572.0779914,582.091585,4164686
24-08-2020,574.5203247,576.7591385,566.2977426,574.8052448,4066936
25-08-2020,571.182373,579.2828174,565.5650162,573.9503806,3982510
26-08-2020,580.3005371,584.330412,567.4375439,573.7062326,4511228
27-08-2020,578.1431885,586.162193,575.1716519,580.9111468,3917059
28-08-2020,575.1308594,583.4348323,572.4849888,581.033186,5416681
31-08-2020,565.3207397,590.2326064,558.4821628,573.9503276,7786675
01-09-2020,561.4130859,573.1363493,555.5515039,565.8093221,6377322
02-09-2020,571.4673462,573.7875513,561.0059512,561.6572822,4090511
03-09-2020,575.3751221,583.2313428,567.9259584,573.7875897,5467610
04-09-2020,570.53125,573.5434826,563.4077504,565.9315344,3354824
07-09-2020,577.0440674,579.974908,560.9653138,566.9083368,4238823
08-09-2020,590.9653931,601.5488754,572.4849947,577.0440134,11522742
09-09-2020,587.7496948,595.0360261,578.183854,579.730641,5514179
10-09-2020,588.1160278,593.4484651,581.114617,593.2042408,3366359
11-09-2020,587.5054932,597.559783,578.1431805,579.6492718,7221661
14-09-2020,648.9785767,673.5923008,607.5066561,608.2005562,32312474
15-09-2020,647.1418457,661.1426768,639.2637903,645.7948042,14024028
16-09-2020,644.3252563,650.0807016,636.16149,644.9783477,7471292
17-09-2020,659.8771362,667.3878102,644.5292675,648.9785295,19972637
18-09-2020,661.7548218,672.6942876,656.3667564,659.8771656,8847382
21-09-2020,655.223877,693.8385322,647.7540605,671.8779805,24911507
22-09-2020,670.2451782,678.8171324,645.3865012,664.4897332,21882919
23-09-2020,664.6121826,689.6749547,661.3875348,679.225344,18070370
24-09-2020,643.5496216,662.4487586,640.0392124,662.0813792,10553627
25-09-2020,675.7148438,682.4907588,647.0599985,649.2234162,19813100
28-09-2020,681.87854,689.6341176,670.0818885,684.4501462,11145837
29-09-2020,663.5100098,686.6542639,661.4282596,683.6337107,10554255
30-09-2020,662.571228,669.8369997,658.8975333,667.7960582,9470272
01-10-2020,663.6732178,670.2042291,662.244559,669.3470438,4321350
05-10-2020,672.857605,685.103254,665.428548,676.6129174,11889998
06-10-2020,676.8986816,681.2662765,671.6330426,677.5925818,7848500
07-10-2020,676.0006104,678.0823606,671.8779186,677.5925546,6980002
08-10-2020,693.5527344,717.5950353,689.4300425,700.0429383,25860257
09-10-2020,698.6143188,704.1248612,693.3486795,696.2876653,7286954
12-10-2020,706.8189087,711.8396451,699.7572804,702.7370254,8717550
13-10-2020,735.0655518,740.1270471,704.7779483,707.2270782,18948618
14-10-2020,726.942627,743.4742548,720.044234,738.004521,15441198
15-10-2020,702.0838013,737.7594649,680.4090148,734.6980529,15648823
16-10-2020,675.2660522,715.9624135,669.9187446,701.2676319,28982990
19-10-2020,689.6340942,703.4716868,680.0416697,685.5930203,15671485
20-10-2020,718.1257324,723.3097042,688.6953146,691.4302063,21563969
21-10-2020,711.1049805,727.9223719,702.0840271,719.2279394,11161929
22-10-2020,710.4487915,720.0854706,698.3926808,704.4207612,9607794
23-10-2020,699.1308594,717.994147,697.6135649,714.3445009,5447267
26-10-2020,695.3171997,706.0611026,690.6013776,699.5819532,6612856
27-10-2020,694.8659058,703.2313714,687.8536957,696.2601584,5807904
28-10-2020,680.3903809,698.7615978,673.8292391,698.7615978,6853002
29-10-2020,688.9610596,690.9704198,671.6560637,676.6179185,6690978
30-10-2020,690.5193481,705.0768851,683.1790589,691.2164496,8727274
02-11-2020,674.4855347,692.0775597,671.8610674,690.5193182,5953172
03-11-2020,667.6372681,682.358842,666.2430152,679.0782707,7011687
04-11-2020,668.5394287,690.3552073,664.8077389,666.1199974,10077502
05-11-2020,691.2983398,698.0234703,680.7594755,683.9990494,8903859
06-11-2020,697.2034302,701.8782545,685.967513,693.8408644,5871913
09-11-2020,701.22229,715.8208259,694.7431401,710.8999678,7505062
10-11-2020,664.0697021,695.891236,660.8301278,695.891236,10397497
11-11-2020,677.4788208,679.8982516,660.5018581,666.7759693,9779484
12-11-2020,676.3717651,686.4595114,674.1573696,678.381125,4699639
13-11-2020,679.1602783,681.9077869,670.999897,674.8955755,3918289
14-11-2020,681.1286621,683.9991622,679.8984478,683.9991622,475390
17-11-2020,668.4163208,687.2386063,667.5961781,687.2386063,5977903
18-11-2020,667.8423462,672.4351764,656.3193486,671.6970278,5816221
19-11-2020,659.8459473,672.8862391,658.5747358,668.4164504,7170339
20-11-2020,671.9020386,675.3876457,659.3948599,667.5552914,7455575
23-11-2020,688.2640381,690.5604285,669.4417456,676.6179971,7116516
24-11-2020,689.3300781,703.1905126,685.1063223,692.1185839,8465615
25-11-2020,676.3717651,693.8407965,674.567441,689.3300111,5610232
26-11-2020,690.6013794,693.0208112,672.1891597,675.879803,8414555
27-11-2020,674.2392578,695.3169341,667.8831522,690.5601167,11723771
01-12-2020,684.0811157,685.3933743,668.4984019,675.7976931,8078785
02-12-2020,691.50354,695.0301447,681.7848162,685.7625395,7062229
03-12-2020,707.1271362,708.6033833,691.6264172,695.8911698,9633229
04-12-2020,704.0927124,711.7610289,700.7711435,710.2437844,5577388
07-12-2020,701.4682007,705.2818851,697.4495306,703.6825965,5314265
08-12-2020,708.4394531,718.199174,702.0423483,704.5027771,8722526
09-12-2020,713.9753418,721.7257017,708.6854104,710.3256961,5952003
10-12-2020,710.8588257,719.9213943,709.4235757,713.9753585,4641898
11-12-2020,707.1681519,723.2019341,701.3861549,714.3444016,5637035
14-12-2020,715.9846802,718.1580787,703.7645322,710.3256747,5143894
15-12-2020,726.6464844,729.1069127,713.5242002,717.3788812,7527270
16-12-2020,725.8673096,731.5673115,720.4543876,726.8514909,4378179
17-12-2020,721.192627,727.4667401,719.2653112,727.4667401,4863371
18-12-2020,730.4602051,742.2292342,727.1796339,733.8227705,11568187
21-12-2020,713.8933716,746.7400835,697.1214399,727.1796961,8875855
22-12-2020,749.4465332,753.9163218,715.1645718,721.0286132,10251896
23-12-2020,756.6636353,766.8334248,750.2665322,754.5312843,10723068
24-12-2020,753.998291,761.2975822,746.9040856,761.0515494,4390561
28-12-2020,756.0076904,760.6825148,749.2005146,758.6321576,3884750
29-12-2020,767.5716553,775.0349346,758.8371146,761.91265,6760167
30-12-2020,771.5084229,779.1357417,763.5530268,769.294027,6382809
31-12-2020,775.9781494,779.0126378,766.8335369,770.1551054,3468390
01-01-2021,779.5456543,783.6463679,772.5744412,772.5744412,3142822
04-01-2021,804.0679932,807.5945971,781.3090313,786.5169178,5259092
05-01-2021,813.0485229,816.6981683,793.2421049,793.2421049,7150252
06-01-2021,802.2637329,818.5025511,792.3399746,818.4205568,5995748
07-01-2021,789.4284668,810.4651503,786.8450469,810.3011117,5261000
08-01-2021,815.755188,823.0134329,795.5386447,799.5573651,8034775
11-01-2021,865.3326416,868.5722657,826.703936,832.4449356,13384331
12-01-2021,871.0737305,873.493212,851.8823671,862.7903074,6700542
13-01-2021,866.0297852,875.0924035,853.7686898,872.631975,6691409
14-01-2021,842.8607788,860.3298618,825.5557845,860.3298618,15021108
15-01-2021,811.7775879,863.4875976,807.0207682,859.2228938,23769415
18-01-2021,804.9702148,824.2025749,801.1975777,820.1428577,12947569
19-01-2021,806.897583,817.6824823,803.2069399,810.3011961,6387923
20-01-2021,819.527771,828.057277,809.9320893,813.3766994,7444118
21-01-2021,817.9220581,839.9078924,809.3994834,830.8500622,8857975
22-01-2021,811.7461548,826.7327546,808.1230533,816.604465,5379466
25-01-2021,780.2085571,820.9687931,774.8562029,820.9687931,7731883
27-01-2021,786.7960815,793.1777347,776.091373,783.9963684,7531736
28-01-2021,769.0509644,784.2434259,765.8806936,781.279015,6960905
29-01-2021,752.623291,781.8553773,748.9178153,774.8561453,7692663
01-02-2021,764.4396973,768.8862887,738.0896451,756.7405615,8651478
02-02-2021,786.0961914,792.9718881,770.3684738,779.7968619,7690178
03-02-2021,790.4193115,801.4533667,784.3670032,795.4422706,6354619
04-02-2021,788.5665283,799.1065395,782.3907346,794.3717643,4623148
05-02-2021,779.0969849,793.71303,774.0739758,791.1603385,4631703
08-02-2021,788.6487427,794.1246324,775.1443223,786.3842853,6509526
09-02-2021,783.5845337,808.5347756,779.4673387,794.6186364,7557977
10-02-2021,790.048645,794.7010457,779.0969152,786.4254929,4896963
11-02-2021,799.0653076,800.7945096,784.7786093,790.0486396,3745595
12-02-2021,790.8309937,812.3227357,788.5253238,802.8531853,8045740
15-02-2021,786.0961914,799.765261,782.3495031,798.735962,4643228
16-02-2021,784.1610718,792.3543012,777.4088609,788.0312457,3277086
17-02-2021,776.6677856,789.1840703,774.8562095,783.9140398,3643176
18-02-2021,780.7026367,787.8254055,772.674105,777.3265563,5133094
19-02-2021,782.3907471,788.8547244,777.6971338,782.2672111,5494816
22-02-2021,757.687439,783.4610704,754.3113088,781.8553542,5043203
23-02-2021,749.2883301,765.798272,746.4886174,760.857638,5916942
24-02-2021,754.2702637,757.1111388,745.6241526,755.917142,3435827
25-02-2021,765.1806641,769.1331611,759.3342675,762.4221636,6234947
26-02-2021,748.876709,761.6811771,745.2947187,747.6827122,9198218
01-03-2021,766.0865479,769.4626783,753.9820333,754.2702169,5397960
02-03-2021,785.3549194,788.7722113,764.6454092,768.9684638,6715548
03-03-2021,794.824585,797.0890425,779.7968215,794.6187252,5742015
04-03-2021,788.8545532,798.6534973,783.3786638,783.9139193,6268541
05-03-2021,775.2678833,800.3827749,770.9859901,787.2900736,5992152
08-03-2021,792.0661011,801.2062551,777.3265209,784.3257533,5621823
09-03-2021,801.3297119,804.4176083,781.525963,793.8775485,5440319
10-03-2021,813.9694214,819.4040985,806.7231685,811.6638023,7694950
12-03-2021,806.3526001,825.7445775,801.7001499,813.9694105,6447010
15-03-2021,817.1397705,818.7866487,796.553793,804.91172,5321071
16-03-2021,829.4090576,838.9197694,815.5752904,817.6750501,8094575
17-03-2021,813.1048584,843.1192203,809.1935231,833.320276,6758901
18-03-2021,780.4141846,823.2330056,767.7744181,819.321671,8269566
19-03-2021,790.8720703,797.9124644,772.1388313,782.2671219,9004154
22-03-2021,805.940979,808.9877136,777.820515,790.8720543,4745254
23-03-2021,807.670166,817.5926467,800.2180527,809.9758355,5158305
24-03-2021,803.3884277,810.8817039,795.2775219,799.6005775,3874331
25-03-2021,788.0723877,802.4414102,782.267152,798.7359342,4879437
26-03-2021,789.3076172,802.8532018,785.3962811,794.61881,4271178
30-03-2021,819.9805908,824.097786,794.1657969,794.6186783,5475000
31-03-2021,809.1522827,823.438928,805.858527,823.438928,4445140
01-04-2021,825.5800781,834.555585,815.6988082,816.8516432,5269079
05-04-2021,851.0244141,856.3767689,825.5801227,829.2032752,9452833
06-04-2021,846.824707,856.8706229,840.1136589,855.5531405,4260257
07-04-2021,854.0709229,860.4937875,843.777935,848.9656411,3551106
08-04-2021,854.3181152,868.2342569,849.5010163,859.6704697,4852068
09-04-2021,860.8232422,868.5635897,851.5595525,858.105853,3708082
12-04-2021,831.1794434,858.8057647,824.4272327,858.8057647,5976427
13-04-2021,809.7700195,840.5666113,800.5474917,833.7320769,7773994
15-04-2021,816.769165,819.0747842,789.4721421,797.0889528,7430279
16-04-2021,833.9379883,837.2729067,818.910224,823.4391393,4677808
19-04-2021,818.9925537,846.8659487,813.4343395,820.1453886,6239343
20-04-2021,791.5719604,828.3796966,788.0311825,828.3796966,9742418
22-04-2021,792.0661011,800.3004922,786.6313728,795.4421813,4970596
23-04-2021,786.9195557,802.7295454,782.4318027,793.7952517,6023490
26-04-2021,764.8102417,785.9726371,760.0754668,774.0327699,19619972
27-04-2021,764.8514404,772.8388103,760.3637372,766.6218547,6406825
28-04-2021,760.6929932,770.6154238,759.0049531,766.7864623,6845677
29-04-2021,762.1594849,779.0442437,760.1064916,779.0442437,8588734
30-04-2021,753.2770996,766.7262215,750.3023797,758.3466999,10921664
03-05-2021,760.6092529,762.9136216,746.6154404,753.1095702,6871176
04-05-2021,754.9530029,766.7262205,753.528474,762.5364597,6217026
05-05-2021,762.0338135,763.206916,754.6597926,757.4669634,2696835
06-05-2021,767.564209,774.1840518,755.2044141,764.2124002,6319104
07-05-2021,767.899353,772.0891137,765.636872,769.240056,3651558
10-05-2021,765.8463745,772.2566777,762.704054,769.2819579,4029147
11-05-2021,760.2739258,764.5893995,758.4304209,761.2794785,3818154
12-05-2021,759.2684937,761.6566882,749.9672444,759.3104322,4076940
14-05-2021,762.8296509,764.2122923,751.2240351,761.698436,5184569
17-05-2021,772.7177124,776.9493612,762.6203466,766.3911318,7956551
18-05-2021,780.6362305,787.2560731,774.6867904,777.6196231,5913426
19-05-2021,780.4686279,788.5129479,775.2314272,777.6195703,4178834
20-05-2021,774.6030273,783.3176995,772.633809,780.9714436,4753782
21-05-2021,779.8401489,783.1919574,773.4297948,775.5246751,4161547
24-05-2021,781.6417236,786.837037,777.3681883,780.5523961,4191877
25-05-2021,788.1777954,790.8592526,783.610997,785.9991402,5032874
26-05-2021,792.5352173,795.1747873,781.4323501,787.6751045,5017674
27-05-2021,789.6860962,801.8364019,786.0828612,795.2165597,9078274
28-05-2021,789.8117676,795.8450331,785.4963448,787.7168873,4098094
31-05-2021,792.0324097,794.2529523,781.4741815,788.9738638,4171524
01-06-2021,796.6409302,797.7302575,789.3926253,794.3784497,2944472
02-06-2021,790.8175049,796.6412838,785.6640776,793.5408499,3657189
03-06-2021,787.2140503,795.8868334,785.1610576,791.8646739,4164240
04-06-2021,784.7841797,791.1945349,783.2758758,787.7589,3550303
07-06-2021,795.7194214,797.6886398,785.2450185,786.8371482,3282517
08-06-2021,810.4673462,814.4895064,797.2695996,797.730463,6385642
09-06-2021,813.9029541,825.3829094,808.7076403,816.0816605,5521459
10-06-2021,811.5986328,822.5758379,809.9227283,820.7742201,3878256
11-06-2021,824.0002441,829.5726465,813.2325792,817.8413162,4777035
14-06-2021,824.7125854,828.2738824,817.841367,823.7070326,2236373
15-06-2021,825.7600098,832.0865387,823.8746173,825.4666958,2559001
16-06-2021,820.6903687,826.2208325,816.1654065,824.5868155,3138753
17-06-2021,826.5559692,828.6927369,819.9780146,821.1930554,3609989
18-06-2021,817.2128296,835.1869133,812.8973556,829.5726237,5622783
21-06-2021,822.8690186,824.0840594,805.4815113,811.1376884,1639495
22-06-2021,821.2769165,828.0643599,818.050821,822.9528209,2529648
23-06-2021,815.2437744,825.3829763,813.6516447,825.3829763,2395543
24-06-2021,829.321228,833.4271628,812.0593836,814.4894652,4686567
25-06-2021,834.3071289,846.3317225,828.9442144,833.7624395,5196000
28-06-2021,825.6343384,837.9522466,824.7126114,837.9522466,1844159
29-06-2021,824.2097778,832.8407266,821.6121464,827.0169484,1895170
30-06-2021,824.1260986,830.7878297,822.0312179,822.0312179,2682591
01-07-2021,825.8018188,827.8966992,817.1290348,827.058747,2861509
02-07-2021,825.0896606,827.5615787,818.8887939,824.1678825,1646631
05-07-2021,820.9835815,834.5165286,819.5171653,830.9971195,2598033
06-07-2021,814.5314331,823.0366685,812.981242,821.1931634,2486069
07-07-2021,817.2965698,819.1819621,804.6854008,812.8135465,3014899
08-07-2021,818.5117188,822.8690805,812.8136539,817.003415,2555624
09-07-2021,818.5537109,820.7743051,809.9646996,814.4896626,3218471
12-07-2021,820.7323608,823.7489686,817.003463,821.1932244,2037878
13-07-2021,811.0958862,823.7070573,807.7859646,823.7070573,2997764
14-07-2021,829.1118774,832.0447104,811.2215659,811.3472792,4371180
15-07-2021,871.2608032,881.9446938,830.2430326,832.0865377,12701032
16-07-2021,842.1420288,878.8024405,836.3182503,875.5763447,8665827
19-07-2021,838.119751,853.2866644,831.6675092,842.1419111,4644600
20-07-2021,818.8468628,848.1751885,812.2689076,837.1142097,10216774
22-07-2021,820.0200806,822.4501626,812.8137114,812.8137114,6156400
23-07-2021,832.9244995,841.2202469,823.3718238,825.1315542,5265839
26-07-2021,838.2036133,841.3040468,827.2683468,832.9245244,2477027
27-07-2021,836.2645874,844.863286,829.3940463,843.0086567,2883514
28-07-2021,828.7617798,839.5944718,823.8723399,838.7936033,2952249
29-07-2021,849.4154663,850.595699,830.8271365,830.8271365,4732101
30-07-2021,864.0418091,885.1170286,851.3545887,853.9678953,9330054
02-08-2021,872.8513184,875.8861294,862.440129,871.6710855,2536478
03-08-2021,876.2653198,879.2158502,863.2408771,868.2989291,3359006
04-08-2021,876.6870117,883.2625219,872.176935,877.6564925,3122161
05-08-2021,894.5585938,904.548225,871.417946,876.7289413,7896314
06-08-2021,885.1168213,902.0191846,879.2579528,894.5585792,11584782
09-08-2021,885.6228638,899.2795641,879.6796111,891.7346771,6321578
10-08-2021,896.708252,903.9582086,883.4730574,887.2665963,5871606
11-08-2021,899.4483032,909.6066016,891.1868778,902.8203388,5011239
12-08-2021,924.3590698,928.279081,900.3333211,902.8623473,6540144
13-08-2021,943.7061157,947.4996551,919.0481095,926.4666277,7270809
16-08-2021,947.246582,952.0516896,939.4065613,944.9703972,3159376
17-08-2021,963.5167847,971.1038632,937.8894017,943.537519,5295838
18-08-2021,956.1826782,976.1198558,953.9486844,976.1198558,4871006
20-08-2021,941.9356689,961.6620914,933.3791108,933.6320545,3467046
23-08-2021,980.503479,993.2328908,949.2700658,951.7569006,9383780
24-08-2021,971.9048462,988.8493021,969.4601001,984.5920666,3947317
25-08-2021,973.1270752,986.2359017,961.2828647,977.8058147,3447912
26-08-2021,984.1702271,988.0059569,973.6748124,977.8055747,4654833
27-08-2021,980.3768921,986.1093922,977.4685533,984.1704311,3050466
30-08-2021,980.7564087,986.6152784,973.2958018,981.2621934,2956868
31-08-2021,996.68927,1006.046646,979.6183431,982.9481865,7199002
01-09-2021,981.8101196,1003.601874,979.3653738,1003.18037,3200410
02-09-2021,988.6386108,996.4364426,972.8321952,988.0063542,5224479
03-09-2021,990.324646,995.2562272,976.415,989.2708849,4533364
06-09-2021,1011.736938,1020.124834,989.6922398,990.5352485,4331916
07-09-2021,996.6047974,1024.213331,994.8344998,1023.412514,3721585
08-09-2021,1002.168823,1004.149873,983.8333833,998.9653489,3118518
09-09-2021,1010.388184,1015.783357,997.2793563,1004.866435,3388292
13-09-2021,1018.691711,1024.255548,991.7575223,1004.866348,3723138
14-09-2021,1044.192749,1045.836575,1017.511503,1025.098581,5593286
15-09-2021,1073.36084,1086.596035,1037.111465,1044.192759,6063895
16-09-2021,1064.804077,1091.949014,1058.144289,1085.120563,3616292
17-09-2021,1064.9729,1079.894113,1060.926418,1066.405974,4817180
20-09-2021,1075.805664,1094.899833,1053.760964,1060.505034,5453683
21-09-2021,1095.489868,1108.556504,1076.522171,1086.638276,4645597
22-09-2021,1108.977905,1120.06349,1095.574047,1095.911271,5367303
23-09-2021,1119.768555,1126.638994,1107.629208,1118.54613,3037295
24-09-2021,1144.974365,1161.455226,1127.102622,1129.631648,7951730
27-09-2021,1091.864868,1153.193753,1087.523456,1151.549928,7653504
28-09-2021,1069.778076,1100.084199,1057.132945,1100.084199,8572321
29-09-2021,1080.062622,1097.133547,1061.179311,1070.620967,4639821
30-09-2021,1078.671997,1088.70372,1069.651741,1088.70372,3589722
01-10-2021,1073.782227,1082.423065,1062.738834,1073.992979,3372796
04-10-2021,1077.913208,1090.516148,1073.782444,1080.315762,2706626
05-10-2021,1100.253052,1107.376436,1064.045759,1070.621269,3710314
06-10-2021,1075.215332,1112.644936,1072.138433,1106.027339,2861608
07-10-2021,1101.222168,1110.958855,1082.465227,1082.465227,2421641
08-10-2021,1114.583984,1127.945652,1090.89546,1101.222317,5197831
11-10-2021,1098.356079,1116.902271,1041.663743,1095.911333,5264998
12-10-2021,1054.055664,1103.498133,1042.211456,1101.769925,12811641
13-10-2021,1066.701172,1071.295632,1048.239258,1064.720122,5705730
14-10-2021,1054.72998,1090.220614,1048.744641,1086.975052,10360519
18-10-2021,1029.651001,1072.728731,1024.255724,1045.330945,23861603
19-10-2021,1038.670776,1056.289675,1032.685436,1036.900479,10189780
20-10-2021,1039.345337,1065.0571,1028.807729,1044.487669,8222562
21-10-2021,1028.976685,1052.943992,1010.533846,1052.943992,5998795
22-10-2021,1014.783447,1039.728062,1007.984228,1022.645044,3812305
25-10-2021,990.4761353,1011.383711,983.4644415,1006.326833,6690819
26-10-2021,991.6661377,1004.584612,980.149919,994.3857838,5126660
27-10-2021,1000.462341,1004.031889,987.1613518,994.3855202,3536653
28-10-2021,979.0872803,1007.134051,974.6678306,1005.689259,4096585
29-10-2021,972.0755615,996.9351988,967.1886243,979.0872541,3558520
01-11-2021,1010.703735,1012.616015,971.8632432,971.8632432,4511112
02-11-2021,994.9381104,1015.718179,993.4082448,1012.233601,3016082
03-11-2021,999.7824097,1009.428779,995.8303438,998.6350625,2063067
04-11-2021,1005.519592,1008.961739,1001.18511,1007.134428,256369
08-11-2021,1005.306824,1013.763413,993.1532842,1009.216353,3808317
09-11-2021,996.7652588,1012.233436,994.7679058,1009.68373,3565461
10-11-2021,993.663208,998.6351153,987.6713558,989.2861908,2401325
11-11-2021,986.4814453,992.515834,979.2998132,990.9859685,2861259
12-11-2021,996.3829346,1001.312409,988.4363689,993.4508132,3812518
15-11-2021,995.1082764,1004.244728,988.861514,995.2357825,3619915
16-11-2021,988.776062,999.059856,986.2687887,995.1503274,3141207
17-11-2021,979.4698486,989.9236883,977.3876295,986.3116035,3172985
18-11-2021,952.0603027,981.6369377,946.3660001,975.6876229,5384530
22-11-2021,943.4765015,956.8624624,936.5923137,952.0604938,3961223
23-11-2021,945.6010742,951.8903706,926.3933071,939.1418389,4545069
24-11-2021,951.4231567,962.6419302,945.8987914,951.8906445,2675632
25-11-2021,955.9699097,961.2392611,944.2412194,948.9156808,3106454
26-11-2021,943.43396,956.9898583,937.6971202,951.8904452,2207274
29-11-2021,963.0667114,973.1380319,934.9774018,935.8273041,3661152
30-11-2021,967.7410278,984.1016429,962.9390603,962.9390603,7421904
01-12-2021,983.0819092,988.436335,973.3080331,973.9879964,2918586
02-12-2021,1006.878967,1008.323863,979.9371125,987.5012618,4011279
03-12-2021,995.5753784,1011.128525,994.0880497,1009.683733,2571036
06-12-2021,965.9562988,996.6377447,964.511403,994.3005139,2493755
07-12-2021,977.0900269,981.6369826,961.5793126,977.3874719,2299958
08-12-2021,995.7453613,1004.244383,983.379347,983.676792,2525711
09-12-2021,993.1533813,1002.714782,981.6371636,1002.714782,1734844
10-12-2021,987.7564087,991.8359812,981.8070926,981.8070926,957733
13-12-2021,985.121582,997.3176574,980.1496751,990.9859277,2225682
14-12-2021,987.883728,990.9009221,973.5628978,982.4868702,1972685
15-12-2021,976.4528809,987.5440448,970.8435458,984.3994475,1604301
16-12-2021,985.6743164,992.6010418,977.0053534,982.4871824,2121810
17-12-2021,995.5753784,1005.349253,990.135984,996.0852989,6373455
20-12-2021,985.8016357,996.3828772,973.5630227,985.8866052,3091768
21-12-2021,1024.132324,1032.588811,990.1787671,993.4508704,6217986
22-12-2021,1039.26062,1041.980266,1028.466798,1035.181047,3809814
23-12-2021,1043.212402,1045.974584,1033.141082,1045.294725,2814281
24-12-2021,1075.296387,1091.104653,1059.10581,1072.704247,15952929
27-12-2021,1076.995972,1085.325054,1065.819841,1077.675935,3372907
28-12-2021,1091.189331,1095.523811,1079.375671,1079.375671,3446067
29-12-2021,1097.988647,1104.022932,1085.410054,1090.424497,2254162
30-12-2021,1119.36377,1127.352767,1090.169545,1097.988708,4518139
31-12-2021,1121.105957,1129.902424,1112.479429,1121.87089,2231508
03-01-2022,1127.098022,1138.78418,1116.856658,1118.768938,2661272
04-01-2022,1133.302246,1136.064429,1111.034846,1129.945173,3367100
05-01-2022,1114.009521,1130.370142,1106.572876,1129.52024,3510253
06-01-2022,1092.039307,1103.003065,1085.325059,1096.373787,4409632
07-01-2022,1096.841431,1103.598112,1089.744664,1102.790747,3898684
10-01-2022,1094.759033,1108.994895,1087.874846,1108.994895,2529949
11-01-2022,1141.971069,1145.668123,1087.874776,1095.22645,6772189
12-01-2022,1149.195313,1153.402287,1131.559841,1150.767611,3162044
13-01-2022,1133.982056,1155.357118,1122.848357,1138.868994,4598005
14-01-2022,1136.489136,1141.376073,1098.923501,1121.87086,5636243
17-01-2022,1069.814453,1081.92556,1056.768474,1081.92556,11973283
18-01-2022,1036.668213,1079.333262,1034.330982,1079.333262,7799487
19-01-2022,1019.202576,1037.305532,1012.23342,1036.880581,8464215
20-01-2022,1007.332581,1029.65875,1002.747389,1028.458861,6172404
21-01-2022,1000.990479,1011.189384,989.8917343,1007.332663,5514748
24-01-2022,964.0944214,998.0335402,952.1814196,996.3194422,5878438
25-01-2022,963.0661011,976.736098,932.8123284,955.6098152,4725254
27-01-2022,923.6847534,956.4239902,917.2139903,955.6098354,8304735
28-01-2022,925.9986572,944.6394751,923.256142,924.7559779,7654724
31-01-2022,942.239563,954.7095615,936.625851,943.3108741,7572995
01-02-2022,970.8652344,974.0362741,943.8252942,957.0666606,6783774
02-02-2022,1003.561646,1006.047109,971.2938292,979.52148,6982539
03-02-2022,991.3916016,1003.475974,986.463569,995.8911096,4169794
04-02-2022,997.4338989,1000.262099,974.7648849,994.1770701,3625482
07-02-2022,991.9057007,1003.904387,982.1782149,991.6057544,3824483
08-02-2022,995.8480225,1002.61873,984.3636498,993.2768755,3267641
09-02-2022,1012.089355,1019.031433,999.3193023,1004.461597,3772972
10-02-2022,1020.188171,1021.516639,1006.261126,1015.560086,2053245
11-02-2022,997.3481445,1010.46104,992.5059001,1010.46104,3912397
14-02-2022,982.5637207,997.9049177,971.5506627,973.0504983,3243813
15-02-2022,1001.504761,1006.175636,983.978044,988.60613,3000492
16-02-2022,1000.861633,1013.588787,994.1766108,1009.603489,1885868
17-02-2022,996.7907715,1006.175415,994.1767305,1006.175415,1644055
18-02-2022,998.4622192,1002.833149,985.6921665,988.0490516,2166690
21-02-2022,998.2479858,1002.318969,985.777879,988.2633424,1706058
22-02-2022,985.2207031,989.1631075,970.1794516,970.1794516,3254855
23-02-2022,988.1777344,993.3200296,983.9353827,990.748882,1937649
24-02-2022,941.5112915,972.7077938,935.8975783,947.8962652,5469084
25-02-2022,968.2081909,977.8928862,955.6096128,956.1238212,3213276
28-02-2022,965.8513794,971.2937245,948.7532928,959.5520898,4571884
02-03-2022,956.0810547,963.8801797,950.4673419,963.8801797,3867328
03-03-2022,976.7787476,987.3204926,960.3234479,964.1801685,3969380
04-03-2022,975.7074585,989.763084,962.1661461,966.7513377,3522375
07-03-2022,989.2060547,995.3768711,951.7530499,952.1815745,5249845
08-03-2022,1007.289917,1010.975166,989.8917772,990.7488264,3805165
09-03-2022,1013.631836,1024.173581,995.119598,1011.317845,3781326
10-03-2022,1021.73114,1026.916225,1007.032727,1026.916225,3834327
11-03-2022,1022.844971,1034.586603,1008.146666,1011.317705,2770879
14-03-2022,1030.901489,1041.143289,1009.303894,1022.845207,5740660
15-03-2022,1008.618042,1040.714588,1001.118864,1034.458089,3003066
16-03-2022,1028.030273,1030.987051,1015.603063,1020.016886,1894018
17-03-2022,1025.802124,1041.314692,1020.574145,1041.314692,6987787
21-03-2022,1001.076111,1036.94359,998.5477536,1028.3731,4046440
22-03-2022,1008.232666,1012.817858,996.1482936,1002.74753,4516870
23-03-2022,1011.91803,1020.617101,1002.747644,1019.88863,2338886
24-03-2022,1021.688049,1023.316463,1001.890239,1001.890239,2351703
25-03-2022,1010.760742,1027.601776,1007.37544,1027.601776,2489854
28-03-2022,997.5623169,1017.83155,992.6342843,1015.517559,3406258
29-03-2022,1000.776184,1007.032684,997.305198,1000.176292,2443230
30-03-2022,998.6334229,1012.988993,995.976592,1009.046589,3073672
31-03-2022,997.3909302,1006.861365,995.0340451,1006.861365,3006639
01-04-2022,1002.447266,1006.175407,987.3632259,995.0337717,2479745
04-04-2022,1017.360352,1018.988661,1001.033522,1005.490136,2282137
05-04-2022,1024.559082,1031.029843,1014.831598,1019.888207,2634464
06-04-2022,1003.175964,1024.087983,1000.604817,1019.888422,2838968
07-04-2022,1005.575562,1011.960534,996.7479156,998.9762219,3391918
08-04-2022,998.762146,1011.317936,996.3624713,1010.460887,2656091
11-04-2022,971.4651489,997.6051463,969.965313,997.6051463,5679058
12-04-2022,969.4511108,978.4929161,959.5093622,968.2941155,2906617
13-04-2022,964.265686,979.6925661,962.4659043,972.750491,1971580
18-04-2022,944.2540283,953.6815702,929.5556125,951.3246848,4391701
19-04-2022,917.2565918,956.423685,907.4005294,956.3808953,3422431
20-04-2022,933.6690674,938.2971522,912.4998974,921.3275426,2573318
21-04-2022,942.0682373,947.0820577,926.555671,938.4686733,2547848
22-04-2022,944.5109863,972.7078175,926.5557452,931.2695152,9567571
25-04-2022,934.0549927,941.0399642,923.2990886,940.097231,3565801
26-04-2022,937.8687744,948.753255,929.9410711,946.182108,3213714
27-04-2022,938.9828491,942.6682016,920.9848204,931.6122488,3288792
28-04-2022,951.9663086,960.5057286,935.2361423,951.5306261,5202061
29-04-2022,940.4206543,958.9371601,936.1509446,953.2732877,2988180
02-05-2022,929.6594849,942.8170771,925.3897744,934.9747909,2584604
04-05-2022,910.5327759,937.5887005,902.5598716,937.5015853,3385725
05-05-2022,934.1469727,936.8916876,912.4063502,922.7756159,2982126
06-05-2022,915.1074219,920.7277896,896.5909168,914.8460762,4075606
09-05-2022,937.6759644,943.6012896,901.0786301,909.7051659,4207192
10-05-2022,934.5825195,945.4309706,929.3978343,934.9745912,2473518
11-05-2022,924.4312134,940.4643518,918.462384,931.4892491,2895668
12-05-2022,923.1241455,933.1883479,909.4872613,915.0204081,3195189
13-05-2022,916.8067017,939.3314655,910.6635359,932.3605456,2496626
16-05-2022,910.1843872,929.7028788,906.3938642,918.4187442,1415370
17-05-2022,943.6011353,946.3023454,910.8813385,922.0783569,2620776
18-05-2022,935.5847168,956.1925238,933.057843,944.1677486,2865869
19-05-2022,879.5559692,922.1657447,875.3733741,919.3773125,4729354
20-05-2022,896.5039673,901.4272014,886.0040284,896.6346933,2005622
23-05-2022,887.3110962,903.6056347,884.2177606,891.4065229,2285466
24-05-2022,864.1763306,890.8836919,860.0373464,890.5786822,3418456
25-05-2022,849.1015625,865.0910876,839.1244235,864.3940063,3904551
26-05-2022,854.5476074,859.165831,844.3961846,851.3235465,4278059
27-05-2022,874.7633667,880.470797,861.7800066,861.7800066,2795530
30-05-2022,906.1325684,917.8523861,885.0019652,887.9210169,3562969
31-05-2022,906.8731689,911.273605,889.1844692,910.5764704,5185485
01-06-2022,886.9625244,910.9685682,881.4293243,906.873195,2554081
02-06-2022,905.958252,913.9748747,877.7260546,881.2986834,3560227
03-06-2022,908.8337402,932.0556399,906.3938756,918.3751449,3556955
06-06-2022,903.8669434,912.6240977,889.7943775,904.4768563,1997494
07-06-2022,891.319397,900.7736872,882.8235871,897.506068,1839248
08-06-2022,897.6801147,900.8171136,885.3067752,891.493445,1665512
09-06-2022,896.3297119,898.9873116,881.5600632,893.1055973,1654005
10-06-2022,884.7404785,892.0599662,878.5102503,881.8214269,2260855
13-06-2022,864.2198486,873.1077828,856.1161643,867.8795925,1738804
14-06-2022,868.6637573,872.1927748,852.3256642,860.9085878,2461791
15-06-2022,862.56427,877.4645909,860.9086552,861.7800202,2408630
16-06-2022,840.8236084,877.4644934,837.9481147,877.4644934,3198618
17-06-2022,835.4213257,839.2553536,822.6122475,829.8881783,4302066
20-06-2022,836.5539551,841.7385874,829.6265927,840.8672225,1305407
21-06-2022,859.6886597,871.2778563,839.6908761,846.7053535,2128325
22-06-2022,837.6431885,853.0663601,835.7697856,852.1514374,2575065
23-06-2022,846.3133545,851.7593864,835.2905647,838.3403425,2169033
24-06-2022,842.3485718,857.902416,836.5104155,857.4231759,1922313
27-06-2022,864.6990356,877.2902705,857.5974428,859.2966152,3626024
28-06-2022,873.0641479,877.4645304,856.7696123,862.5642106,2702471
29-06-2022,860.5164185,871.5827636,858.2944485,858.3815638,3150015
30-06-2022,848.0560303,868.3588252,845.1805363,862.6513948,3741119
01-07-2022,849.8859253,855.2012843,840.1702364,840.4316353,2827579
04-07-2022,857.9460449,862.2157551,848.2303561,849.8859179,2738846
05-07-2022,855.8111572,873.6741398,852.5870961,860.3858235,2476050
06-07-2022,859.6886597,870.4936066,853.9812297,855.6804021,2998254
07-07-2022,862.5206909,872.1493175,858.251034,868.7509724,2985141
08-07-2022,857.0311279,870.4937293,853.1971534,870.4937293,3141642
11-07-2022,822.1763916,853.1970159,819.0830567,849.58083,5787815
12-07-2022,808.4525146,826.5333401,805.4899053,814.7263539,5305354
13-07-2022,799.6951904,815.5976009,788.5852872,810.3694112,12874342
14-07-2022,786.8425903,808.2345903,777.5189743,807.0147112,4916497
15-07-2022,769.5460815,788.585387,764.4921216,780.7431014,5591590
18-07-2022,784.4899292,790.7637681,774.5127889,779.8717052,5156225
19-07-2022,783.9613037,790.8342817,779.8198767,784.2256387,4636293
20-07-2022,808.3692017,809.6027827,788.7194609,797.0904084,4827089
21-07-2022,814.5812378,816.7841185,804.9766564,811.5412517,3498709
22-07-2022,810.8804321,821.1458783,800.9674684,818.9429975,3514659
25-07-2022,820.0443726,821.2339066,805.3731659,810.8803675,2120224
26-07-2022,804.9325562,819.1631861,802.8177693,818.1498395,2780103
27-07-2022,818.1057739,818.8987786,802.8177509,803.6989031,1742497
28-07-2022,833.6580811,836.213444,821.8506738,824.6703716,2843497
29-07-2022,835.6848145,850.9287376,834.5833741,843.2627023,3617725
01-08-2022,838.9891968,842.8221878,832.8651774,840.619307,2489519
02-08-2022,838.0198975,840.4871132,829.2083743,838.9891973,2545241
03-08-2022,843.4390869,847.4923664,837.1388257,837.9759313,4119614
04-08-2022,844.2319336,854.6736198,833.3937719,850.3119055,3513266
05-08-2022,843.9235229,850.2678296,841.5003544,848.4614783,2565683
08-08-2022,851.2371216,852.9553792,837.1386856,843.9235687,1746911
10-08-2022,838.901123,852.074362,835.4205603,851.2372565,3271939
11-08-2022,847.9768677,853.3959757,844.804741,850.3119427,3594584
12-08-2022,842.7341309,849.4308672,840.6193437,849.4308672,3022304
16-08-2022,844.3201904,853.836625,839.4298057,853.836625,2784861
17-08-2022,864.0579834,866.0846769,841.5005045,848.5497234,4649125
18-08-2022,857.8017578,866.5692339,853.0435139,866.5692339,2829269
19-08-2022,854.7616577,869.7412447,851.8979131,858.6827957,2880969
22-08-2022,845.4215698,854.7177157,841.6766726,850.3119542,3616799
23-08-2022,834.3632202,837.9759235,827.4020948,837.0507243,3753715
24-08-2022,836.3458252,840.4431516,831.9400632,837.0066895,1494361
25-08-2022,831.6315308,840.5312013,830.6182379,840.5312013,3316314
26-08-2022,833.2617188,842.3816238,831.5875078,835.8170282,2195046
29-08-2022,808.4572754,812.4224609,793.1252031,804.1396074,4974880
30-08-2022,827.3580322,832.9092814,813.9204585,816.7401569,2998417
01-09-2022,815.9910889,820.3528036,807.355807,808.2810061,2953921
02-09-2022,814.5812378,825.6396882,809.7789471,820.5290157,1750283
05-09-2022,824.758606,830.309855,812.8630491,815.9470824,2279812
06-09-2022,826.3446655,830.8385748,816.8722777,824.758602,2108615
07-09-2022,820.9697266,821.7186846,813.3917834,816.8282994,2709547
08-09-2022,820.3969116,829.0762948,817.7094076,825.1111091,3214686
09-09-2022,835.7729492,839.7381345,823.2605759,827.4020024,2206526
12-09-2022,841.9851074,848.9902793,840.1787559,841.6326788,2517615
13-09-2022,841.8529663,845.7300043,837.4912515,841.5004839,2442828
14-09-2022,821.2340088,826.9174523,816.4317176,822.3794961,6761712
15-09-2022,810.5721436,825.3754937,807.3999625,825.1992524,2995215
16-09-2022,790.305481,808.8977721,787.2214481,806.342409,5095937
19-09-2022,791.0986938,799.3375019,782.022834,791.2308882,2686561
20-09-2022,805.373291,811.4091634,794.7994622,795.0637972,1836721
21-09-2022,793.8741455,805.1528838,792.0236935,800.9674105,1819649
22-09-2022,790.9664307,797.3547852,784.0053056,790.92233,2315711
23-09-2022,789.3803101,804.1396119,785.987895,789.9530806,2569608
26-09-2022,798.9407959,808.3691362,777.1763235,785.3269822,4182702
27-09-2022,809.5588379,811.9379603,799.7339663,802.9501943,3545337
28-09-2022,811.3649292,816.7840367,803.4786063,804.4919528,4154139
29-09-2022,813.3476563,820.3528281,807.6642129,816.8282187,2928360
30-09-2022,821.5423584,824.3620566,801.8926721,812.3343595,3229901
03-10-2022,819.6918945,821.9828689,807.1354748,821.5422928,1598950
04-10-2022,833.5700684,837.9758298,825.6837446,830.4860353,2331351
06-10-2022,849.9154663,852.9114057,841.9410485,841.9410485,3713623
07-10-2022,843.8795776,857.3171504,841.5004556,850.3119787,2174327
10-10-2022,848.7700195,852.2065353,830.2217729,830.2217729,2758812
11-10-2022,827.0495605,856.4800701,824.758586,853.0435544,3134969
12-10-2022,838.8570557,849.3427904,831.1910193,831.1910193,3502390
13-10-2022,865.3796997,871.5037193,854.1009604,856.5241294,9698562
14-10-2022,883.399292,901.4188686,875.86545,885.558126,7424383
17-10-2022,876.394043,887.1441116,873.31001,886.1748656,2136170
18-10-2022,889.2589722,893.1801109,880.3593011,881.1523597,2487826
19-10-2022,886.0995483,895.7557109,884.6310746,895.7557109,2517099
20-10-2022,905.4564209,907.147333,879.2912546,881.0711964,3931399
21-10-2022,914.1781616,916.5811485,900.2946358,909.9953414,2071897
24-10-2022,918.0940552,924.5463449,916.6701233,921.1199783,398105
25-10-2022,913.5551758,923.1223634,908.5713602,922.0098998,3068136
27-10-2022,918.4945068,923.3002628,907.414304,917.5599939,3313674
28-10-2022,916.6699829,925.3471988,912.6651141,918.4053826,2423629
31-10-2022,926.5932007,936.6943484,922.365839,924.6797416,2418565
01-11-2022,943.4137573,945.0156399,930.019651,933.5795348,2275488
02-11-2022,930.1976318,949.0205399,927.7947536,947.7745588,2799322
03-11-2022,930.1532593,933.7575768,919.4290647,920.2300604,2396164
04-11-2022,930.3309937,933.5794089,919.740319,930.1530429,1709158
07-11-2022,931.9330444,939.5422304,924.3682918,932.7784733,2213508
09-11-2022,937.539917,944.6596851,933.7575402,944.1702662,2307691
10-11-2022,936.6498413,945.5051171,931.8440853,934.469456,2321667
11-11-2022,970.6467896,977.8109902,951.4678731,953.1588395,3923101
14-11-2022,978.078064,981.5934057,970.1128675,974.5181802,2170007
15-11-2022,982.4389038,984.3967963,969.0893402,973.1831847,2172420
16-11-2022,983.5959473,990.0482373,978.3896384,985.6429241,2213697
17-11-2022,972.3376465,979.5018463,969.267182,974.6070069,2460883
18-11-2022,981.7714844,984.3078799,964.7285188,977.2326542,2623894
21-11-2022,974.9631348,984.6192974,972.3821974,977.9890576,1733741
22-11-2022,981.9938965,984.2188237,968.2883231,971.0472111,2529146
23-11-2022,981.9938965,989.2026389,978.745481,986.9331697,2217599
24-11-2022,1005.310974,1010.116838,982.0827584,984.3076854,3295202
25-11-2022,1004.065186,1012.386501,997.34597,1010.294982,1977441
28-11-2022,995.6994629,1008.114513,994.0974719,1001.217239,2368293
29-11-2022,1004.732666,1013.454425,995.0320695,995.6995477,1785948
30-11-2022,997.4793091,1005.578022,994.0973766,1002.997085,6053488
01-12-2022,1011.362915,1024.045,1004.243148,1005.66708,3919684
02-12-2022,1010.606384,1014.922721,1000.193661,1011.362838,2944923
05-12-2022,1006.423767,1016.302424,1003.175351,1008.559719,2646466
06-12-2022,997.6129761,1001.217402,985.1979237,998.191479,2807894
07-12-2022,984.218811,993.7414559,980.7479029,991.4275534,2399879
08-12-2022,980.1693726,991.2050328,977.9000121,991.2050328,1752350
09-12-2022,914.4452515,956.7188762,908.3934592,956.7188762,12415478
12-12-2022,915.2460938,924.8132809,901.0510471,912.220171,4275785
13-12-2022,929.7524414,931.7104423,917.6488604,918.5388312,2284909
14-12-2022,939.9872437,940.9662986,930.0196128,930.0196128,2425507
15-12-2022,927.6611328,936.0714229,922.9887857,935.8489302,1906369
16-12-2022,916.3585815,931.3100278,909.8617504,916.6700496,5159215
19-12-2022,919.5623779,923.344754,910.7516448,916.3585046,3328172
20-12-2022,916.4028931,919.6513082,900.2054679,914.0000154,2629849
21-12-2022,925.8813477,937.3619958,921.1200243,921.1200243,2878658
22-12-2022,924.7687988,938.6078907,919.8739586,930.9096202,2623451
23-12-2022,917.2039185,929.2185247,914.0890205,916.2249723,2177675
26-12-2022,918.1829224,927.1271732,915.7800444,917.5599862,1680715
27-12-2022,922.3213501,926.2372439,916.9815245,924.6797948,554319
28-12-2022,921.5204468,924.0569511,913.5552496,916.6701482,1397806
29-12-2022,929.5300293,930.9095276,914.9790273,916.6699937,1277244
30-12-2022,924.9468994,939.1418933,920.4970444,934.4695456,1860560
02-01-2023,925.0802612,927.7947161,918.0050356,924.7687931,701880
03-01-2023,926.7711182,930.7315536,919.7848688,924.6797084,2484372
04-01-2023,922.5437012,927.3495652,918.0048719,922.1876911,1219170
05-01-2023,929.2185669,934.2914661,919.4288873,927.1716991,2294943
06-01-2023,919.1619873,932.6005261,912.4426636,929.1296179,1887689
09-01-2023,949.9995117,953.1589523,925.6143929,929.975164,4562242
10-01-2023,946.7955933,954.5828392,940.0763776,944.2591977,2297082
11-01-2023,938.741333,960.8125458,934.9589567,951.3788761,3594167
12-01-2023,953.7374878,956.2738835,944.2592745,944.2592745,4748542
13-01-2023,959.2106934,964.7284696,926.4597203,929.0406577,8253765
16-01-2023,973.3613281,979.3686329,959.8783532,967.3985653,4508538
17-01-2023,988.8021851,991.3830137,974.518109,977.0990463,4390338
18-01-2023,992.4511719,1001.973818,991.5166589,995.8329965,6905092
19-01-2023,998.0636597,999.8147622,986.7036368,989.9365005,2298287
20-01-2023,994.8309937,1007.044098,994.1574757,997.7495715,4747128
23-01-2023,1006.864319,1008.391025,995.1451731,997.7045192,1696834
24-01-2023,1021.816467,1027.069885,1006.864348,1011.085126,4861107
25-01-2023,1008.256226,1019.122292,1002.868083,1019.122292,2692236
27-01-2023,1001.835388,1018.6285,992.3163573,1008.256281,3864525
30-01-2023,1019.032654,1023.702334,993.0349049,1001.835474,3508427
31-01-2023,1007.76239,1021.681761,999.500614,1020.155164,4582858
01-02-2023,1016.652954,1021.053294,1000.802808,1021.053294,2393911
02-02-2023,1032.368286,1037.666649,1019.257159,1021.77167,3048359
03-02-2023,1029.27002,1038.69927,1022.489896,1036.319485,1814055
06-02-2023,1028.865845,1032.592665,1012.970867,1019.436595,2070175
07-02-2023,1013.195435,1035.421525,1011.0851,1030.796681,1931191
08-02-2023,1028.237183,1031.829278,1017.191447,1018.269141,2848255
09-02-2023,1029.449585,1034.523441,1021.951108,1027.339251,1501083
10-02-2023,1001.880371,1014.766992,987.8262753,1010.995335,3185163
13-02-2023,999.5006104,1006.909308,992.3164191,1006.909308,2009185
14-02-2023,1010.680786,1025.902354,1003.990553,1006.684624,3938046
15-02-2023,1017.371155,1018.897751,1005.427395,1010.276745,1648954
16-02-2023,1013.105591,1034.658162,1009.37877,1022.489896,2369355
17-02-2023,996.4022827,1007.313183,994.6062352,1007.313183,1958807
20-02-2023,1001.925171,1018.987624,994.6511996,996.4024119,1706036
21-02-2023,992.4960327,1007.627824,990.6102043,1006.684855,1313278
22-02-2023,981.1807861,992.8102602,978.8908912,983.3360652,2212194
23-02-2023,982.7525635,998.5577643,981.091241,992.1369803,2139983
24-02-2023,983.2012329,991.8671836,971.6616502,985.1320058,1684570
27-02-2023,973.4130859,978.8461751,966.2738389,978.8461751,1834553
28-02-2023,967.7106934,985.0426014,959.1794649,973.0090572,20793703
01-03-2023,988.8139648,991.4182557,967.4859,967.4859,1655100
02-03-2023,993.1694336,1003.092641,979.115448,979.115448,4074162
03-03-2023,1004.888794,1014.497606,997.7495474,1001.296698,3253621
06-03-2023,1011.803528,1030.931482,1008.750334,1013.869027,4091674
08-03-2023,1006.370422,1009.37878,994.3818262,998.6024943,3209393
09-03-2023,1002.77832,1011.803394,1000.44348,1007.537781,1834324
10-03-2023,1002.463928,1004.12525,992.3162163,992.3162163,1193681
13-03-2023,986.5690918,1017.99993,983.3362275,1006.639905,3028387
14-03-2023,973.5028687,990.8796095,957.2934931,986.5242154,3683544
15-03-2023,969.5515137,985.9404496,965.8246926,983.3811035,1528510
16-03-2023,963.0408936,976.6459781,960.5713277,973.4130043,1812907
17-03-2023,995.4146118,1003.182541,973.502915,977.2296267,5350523
20-03-2023,979.609375,995.2799582,975.4784869,992.3164354,2066169
21-03-2023,973.368103,989.9815448,967.2614968,986.9282417,2421127
22-03-2023,971.1678467,992.98987,969.0126771,980.5970971,1382329
23-03-2023,957.2037354,970.2250824,952.8033961,967.1717791,2178855
24-03-2023,944.496582,978.8459942,940.2759138,963.5795888,2688253
27-03-2023,944.2719727,956.8443052,938.2552574,945.8884593,1459887
28-03-2023,934.9326172,955.3178245,933.3610754,949.0316575,2965015
29-03-2023,958.6404419,960.8855015,935.8306146,939.3329295,2478745
31-03-2023,974.5803223,985.0423214,960.3466671,972.9190002,3131614
03-04-2023,986.1650391,987.1528435,977.0500739,978.8011768,1540702
05-04-2023,997.8839722,999.5004588,957.428067,974.6700796,3342291
06-04-2023,980.5073242,995.9534003,974.7599496,995.9534003,2378264
10-04-2023,990.6099854,992.3162524,980.1929317,980.5072181,711625
11-04-2023,976.1519165,996.7166844,974.3558688,991.4183218,2318905
12-04-2023,982.8869629,985.536089,969.9553994,980.6419036,2715967
13-04-2023,962.546814,977.9479445,954.599325,977.9479445,3071057
17-04-2023,935.9205322,947.4152828,912.6168542,947.4152828,9509446
18-04-2023,955.3626709,957.6526756,938.6145038,942.5209953,3686404
19-04-2023,932.7774048,964.4327481,930.756851,964.4327481,4322881
20-04-2023,931.6997681,940.4105558,926.6259113,933.9448277,3057560
21-04-2023,941.9821777,964.4777215,931.9243534,946.5172425,7708194
24-04-2023,946.5620728,950.9174665,939.332937,949.2111992,2033625
25-04-2023,946.0233154,950.8278314,937.8962642,943.3292435,1237595
26-04-2023,956.8892822,958.1913729,941.128921,947.4150875,1647101
27-04-2023,962.0080566,965.3756461,952.8033121,956.8893645,1654910
28-04-2023,971.9180908,976.1652884,962.464723,968.1275787,2629188
02-05-2023,975.0692749,981.6912148,971.8267632,971.918078,1905168
03-05-2023,967.2142334,971.8268018,963.6064623,970.0000597,1649820
04-05-2023,974.3841553,975.4344426,957.486793,964.5654178,1403672
05-05-2023,964.1087646,977.2612173,960.9575679,974.384188,1641673
08-05-2023,982.559021,984.1574205,963.6065695,966.346683,1389075
09-05-2023,985.5273438,988.8154572,973.6992335,978.2203755,2981949
10-05-2023,984.8880005,994.4783961,979.2250334,990.2311986,2091411
11-05-2023,993.8390503,997.9492202,986.48648,988.404537,2653108
12-05-2023,1000.597961,1007.813615,984.1115698,991.9209367,1585037
15-05-2023,1004.479675,1010.14253,998.131792,1003.748934,1523466
16-05-2023,996.213623,1009.548928,993.8388809,1004.890647,1166324
17-05-2023,981.4628296,999.1821374,970.6392943,996.0310521,3602382
18-05-2023,986.3494873,991.0076577,980.0472043,988.2218312,1515743
19-05-2023,1000.460815,1008.361496,988.6783083,994.2955617,1984436
22-05-2023,1022.838623,1024.711078,994.6154332,1000.461031,1864932
23-05-2023,1011.421326,1033.342229,1008.361555,1022.975491,2138096
24-05-2023,1015.622864,1018.40869,1002.881383,1003.840467,1302744
25-05-2023,1019.322144,1021.377229,1007.494032,1013.111176,1124803
26-05-2023,1040.512085,1041.562484,1017.495183,1018.408554,1635167
29-05-2023,1028.638306,1048.504124,1026.994305,1046.723095,1288914
30-05-2023,1037.452515,1044.896511,1030.328287,1031.195945,1983735
31-05-2023,1045.901245,1053.436557,1034.027421,1036.493589,5967930
01-06-2023,1042.978394,1055.08056,1039.096567,1048.549934,1445692
02-06-2023,1038.548462,1051.381257,1033.570523,1048.549829,1336554
05-06-2023,1039.69043,1049.006771,1037.589631,1044.896601,1435758
06-06-2023,1030.830566,1034.210106,1017.267028,1032.109308,1943605
07-06-2023,1031.241577,1035.580089,1019.504671,1035.580089,2459039
08-06-2023,1029.140747,1033.250916,1021.422807,1031.241545,1385218
09-06-2023,1013.613464,1033.022598,1010.14261,1031.287171,1824218
12-06-2023,1040.92334,1042.110655,1015.211922,1016.536266,1670970
13-06-2023,1033.296631,1045.764055,1031.469889,1045.764055,2014656
14-06-2023,1037.452515,1039.781655,1028.501545,1039.416285,836964
15-06-2023,1044.531006,1047.636489,1038.091807,1041.242893,2109652
16-06-2023,1048.732666,1054.258606,1034.347071,1050.376779,2909817
19-06-2023,1039.005249,1053.938843,1037.087081,1048.732561,1278608
20-06-2023,1067.411133,1069.32919,1034.392746,1034.849432,3504867
21-06-2023,1069.055176,1073.850374,1061.017577,1073.211059,2019683
22-06-2023,1062.615967,1069.055166,1058.460084,1068.781222,972005
23-06-2023,1064.214355,1069.146582,1051.290132,1061.245899,1699790
26-06-2023,1066.36084,1074.078782,1062.296383,1066.132497,1190307
27-06-2023,1068.644165,1072.708622,1059.693084,1065.904052,1504039
28-06-2023,1068.872559,1072.251987,1065.447417,1071.795302,1424076
30-06-2023,1085.03894,1090.564879,1064.077122,1068.963635,3036648
03-07-2023,1079.239136,1091.478329,1072.754224,1086.911474,1749952
04-07-2023,1087.459351,1089.651463,1076.453298,1079.604383,1094468
05-07-2023,1091.295776,1098.420004,1084.719438,1090.565035,1653610
06-07-2023,1078.371582,1094.218548,1073.1653,1091.295805,2334220
07-07-2023,1057.318359,1080.472294,1053.847616,1076.08818,2159585
10-07-2023,1027.085693,1061.245791,1022.975524,1059.510364,3960400
11-07-2023,1018.317444,1033.707724,1015.668645,1033.707724,4982603
12-07-2023,1014.344299,1027.085781,1006.945904,1022.701556,3824027
13-07-2023,1012.745911,1026.994477,992.8800894,1004.7082,12294227
14-07-2023,1051.244263,1056.861516,1015.257536,1017.67788,6605038
17-07-2023,1053.80188,1070.470902,1044.576854,1052.157767,3159479
18-07-2023,1066.08667,1068.644154,1047.088619,1058.551359,2431478
19-07-2023,1067.776245,1073.119442,1056.770082,1064.077049,2242397
20-07-2023,1064.782349,1071.231108,1057.596543,1068.651559,1990001
21-07-2023,1027.609863,1050.134528,1008.770317,1022.589088,5259150
24-07-2023,1025.26062,1038.895072,1023.51022,1031.801482,2672505
25-07-2023,1024.017212,1030.880491,1018.075072,1030.419865,2506726
26-07-2023,1027.195313,1032.584611,1022.681158,1022.773261,1969964
27-07-2023,1029.360352,1034.289025,1021.621816,1027.195433,1769815
28-07-2023,1016.647156,1030.419821,1011.027432,1026.320297,2031899
31-07-2023,1028.761475,1031.341024,1009.691614,1020.746632,2526624
01-08-2023,1048.844727,1052.069106,1024.339462,1031.801576,2710536
02-08-2023,1041.843262,1047.462873,1033.183476,1047.462873,2701150
03-08-2023,1036.868408,1046.127029,1027.241376,1037.329034,1608187
04-08-2023,1054.234009,1061.60402,1037.329068,1041.428592,3315303
07-08-2023,1060.17627,1064.736419,1053.128673,1063.630963,1655404
08-08-2023,1051.470337,1065.795842,1047.462916,1063.953339,1667697
09-08-2023,1054.049683,1055.753975,1036.407698,1051.101611,1559337
10-08-2023,1044.975342,1054.64848,1039.77025,1050.226429,1676669
11-08-2023,1079.199951,1093.479348,1063.400579,1068.651667,7391806
14-08-2023,1078.785156,1084.312663,1063.123886,1078.462741,1720940
16-08-2023,1084.451172,1092.834538,1077.956304,1083.161397,2567226
17-08-2023,1084.036743,1087.952063,1072.290785,1084.174953,2331256
18-08-2023,1081.272583,1085.095798,1067.407819,1080.627752,3406088
21-08-2023,1086.385864,1095.275964,1076.896929,1080.581935,1661946
22-08-2023,1086.616211,1093.525598,1083.530041,1088.91934,1805887
23-08-2023,1089.379639,1100.89528,1085.832844,1099.00667,2347850
24-08-2023,1079.015747,1095.36796,1076.942931,1095.321853,2464221
25-08-2023,1063.078003,1078.601179,1059.439105,1073.257876,2105159
28-08-2023,1056.168579,1068.37516,1049.581722,1064.045323,2571967
29-08-2023,1066.394531,1071.691726,1057.872956,1063.031941,1794652
30-08-2023,1078.324829,1082.608671,1070.171776,1074.179198,1497356
31-08-2023,1079.844849,1094.538763,1074.087027,1086.616024,4483967
01-09-2023,1092.420044,1094.446752,1078.87758,1080.62798,1669640
04-09-2023,1135.442505,1137.745634,1091.683057,1092.604309,4517935
05-09-2023,1138.252197,1143.917803,1128.717155,1139.357654,2842400
06-09-2023,1138.528564,1144.562806,1126.414086,1142.21357,1767709
07-09-2023,1155.249146,1158.012899,1133.415534,1140.509125,2582004
08-09-2023,1162.665405,1169.574791,1155.525707,1159.855543,2280777
11-09-2023,1180.629761,1183.163202,1170.357785,1176.023504,2691836
12-09-2023,1181.41272,1190.026397,1165.84355,1183.807951,2140769
13-09-2023,1174.825806,1181.412775,1166.396333,1181.044252,2275523
14-09-2023,1182.518311,1189.059173,1175.148299,1179.984869,2655172
15-09-2023,1201.864502,1206.839282,1189.381613,1192.09926,4286280
18-09-2023,1202.233276,1208.037206,1188.138083,1199.469522,2761885
20-09-2023,1191.546509,1201.311751,1180.583595,1180.583595,2220756
21-09-2023,1177.359253,1183.808013,1160.131897,1182.886761,3112700
22-09-2023,1173.397949,1182.518361,1165.475209,1172.246385,1321467
25-09-2023,1163.954956,1179.201711,1157.644407,1169.989197,1246703
26-09-2023,1162.112549,1169.021934,1158.105128,1164.461785,903152
27-09-2023,1161.790283,1167.824526,1154.604589,1159.395052,1670373
28-09-2023,1144.102051,1166.304185,1141.015881,1161.790031,1807072
29-09-2023,1137.561279,1151.287835,1130.605786,1137.837587,2338327
03-10-2023,1141.154053,1157.736578,1126.41403,1135.442339,2162636
04-10-2023,1141.937134,1146.773703,1128.532882,1136.824144,2253785
05-10-2023,1138.160156,1155.20331,1131.112672,1150.643159,2995200
06-10-2023,1140.232666,1157.091609,1133.231179,1153.406604,2497711
09-10-2023,1151.195679,1166.903059,1134.198636,1138.666683,3430211
10-10-2023,1162.435059,1165.152705,1149.90595,1156.677237,1532394
11-10-2023,1147.510742,1174.088823,1143.273008,1166.304294,2186131
12-10-2023,1127.381348,1150.228426,1119.458608,1146.957939,3921609
13-10-2023,1156.999756,1166.764999,1113.378521,1115.635542,5740821
16-10-2023,1170.588135,1178.556982,1161.053205,1163.540539,2527113
17-10-2023,1176.57605,1178.280342,1170.910332,1178.188239,1687345
18-10-2023,1169.482666,1180.583792,1167.594168,1177.359411,1743126
19-10-2023,1167.547974,1174.365257,1165.290953,1167.041353,2279726
20-10-2023,1170.570557,1173.128215,1158.340276,1164.432199,1625449
23-10-2023,1150.155762,1172.337613,1146.110034,1160.711893,1646367
25-10-2023,1143.040894,1165.269295,1139.599726,1145.086975,1420065
26-10-2023,1145.645264,1151.597543,1127.276622,1130.020247,4617424
27-10-2023,1179.964233,1181.173354,1147.179697,1150.481448,2675348
30-10-2023,1176.290405,1185.63753,1168.152401,1181.173208,1158770
31-10-2023,1186.753784,1190.334484,1168.803623,1183.033553,2525870
01-11-2023,1170.896118,1196.007677,1167.501498,1190.473879,1572719
02-11-2023,1184.335571,1185.823641,1176.523063,1177.453121,1368604
03-11-2023,1177.685669,1197.263431,1174.662981,1192.892091,2052536
06-11-2023,1180.894409,1190.009022,1176.662714,1186.986334,1175823
07-11-2023,1184.847046,1188.334763,1178.476173,1180.243305,1385282
08-11-2023,1178.987793,1191.218076,1177.360192,1190.473984,937671
09-11-2023,1178.848145,1186.567669,1173.546861,1178.987676,1483749
10-11-2023,1167.640869,1182.103311,1163.17666,1174.011855,1469902
13-11-2023,1172.802734,1175.220862,1165.641336,1171.872677,730991
15-11-2023,1187.358032,1193.263875,1179.685057,1185.823415,2410620
16-11-2023,1219.352295,1225.769603,1188.61384,1194.00822,3936945
17-11-2023,1217.585205,1233.024142,1215.027546,1221.537951,2882039
20-11-2023,1232.698486,1238.557782,1222.095806,1222.979315,2831858
21-11-2023,1233.814453,1242.557018,1229.350245,1242.184972,1514256
22-11-2023,1236.697388,1242.324281,1228.047921,1233.814232,1535630
23-11-2023,1236.046631,1241.859491,1232.977395,1240.650371,1307344
24-11-2023,1217.585205,1239.441564,1214.330003,1235.953847,1795933
28-11-2023,1224.560425,1227.583112,1204.703717,1217.584992,2152951
29-11-2023,1240.650391,1245.161261,1229.071218,1231.396362,1835524
30-11-2023,1247.114502,1252.601866,1236.697787,1243.487254,4104385
01-12-2023,1243.20813,1254.647885,1235.116673,1251.857712,1854324
04-12-2023,1244.370605,1255.577846,1237.90675,1255.577846,1547057
05-12-2023,1225.397461,1252.787612,1216.794428,1252.787612,3932040
06-12-2023,1236.558228,1246.230737,1227.257651,1232.32642,2077245
07-12-2023,1235.116699,1243.487219,1232.652023,1237.906872,1985003
08-12-2023,1268.69165,1274.132465,1236.046649,1239.766879,4509751
11-12-2023,1279.108398,1286.269797,1270.505365,1274.27203,2824656
12-12-2023,1279.108398,1289.990028,1274.179047,1280.689451,2730422
13-12-2023,1273.434937,1286.083812,1262.134826,1282.875045,1896931
14-12-2023,1315.659546,1319.984337,1285.339689,1293.710208,5145574
15-12-2023,1386.995239,1392.296523,1322.542188,1322.542188,7374290
18-12-2023,1399.085693,1404.293993,1377.415306,1385.646293,3075527
19-12-2023,1384.204834,1399.411254,1374.346132,1396.481549,2590417
20-12-2023,1339.236694,1397.923433,1334.632954,1381.135844,4368383
21-12-2023,1322.588501,1345.839942,1320.77482,1321.751426,2841508
22-12-2023,1360.395508,1364.720299,1323.472258,1330.912721,2303438
26-12-2023,1356.163696,1364.720182,1341.282773,1360.395391,1363265
27-12-2023,1369.091431,1372.765113,1355.605595,1362.952959,1402329
28-12-2023,1369.463257,1378.996347,1365.743026,1367.742673,1928616
29-12-2023,1363.557739,1378.20615,1355.605813,1370.85867,1481617
01-01-2024,1379.973267,1391.13396,1353.280653,1357.884394,1222315
02-01-2024,1366.766235,1384.669845,1359.139695,1380.252071,1440888
03-01-2024,1337.190308,1362.534377,1335.097678,1357.884089,1651716
04-01-2024,1320.635498,1343.747525,1318.031404,1336.493029,3392241
05-01-2024,1332.58667,1338.213451,1322.449019,1325.332175,1776925
08-01-2024,1346.630615,1351.001841,1330.494136,1334.632848,2025264
09-01-2024,1358.256348,1377.368966,1350.769337,1358.442314,3119270
10-01-2024,1387.739258,1402.5272,1363.51132,1371.742309,4368914
11-01-2024,1380.949707,1395.086539,1370.905039,1395.086539,2271368
12-01-2024,1433.032959,1446.239733,1393.691473,1399.736848,5862043
15-01-2024,1477.117676,1506.321512,1465.305988,1497.39298,9712071
16-01-2024,1446.658203,1476.001569,1430.428742,1476.001569,4459799
17-01-2024,1465.677734,1474.141235,1410.478841,1413.687494,3846289
18-01-2024,1457.911987,1473.397357,1429.545228,1466.700987,3205598
19-01-2024,1469.533569,1490.199591,1460.25506,1471.454942,2374099
23-01-2024,1428.014404,1469.486945,1421.828692,1461.051852,3196630
24-01-2024,1477.453369,1481.952017,1428.061147,1434.059458,2136023
25-01-2024,1452.944702,1471.455044,1440.292063,1471.455044,2641656
29-01-2024,1475.71936,1488.887407,1452.944567,1466.768745,2521598
30-01-2024,1461.426636,1492.495801,1457.39649,1480.827302,1939386
31-01-2024,1477.078369,1482.045747,1449.289404,1461.426633,7025931
01-02-2024,1478.390381,1496.760113,1468.033917,1477.078233,2845408
02-02-2024,1484.341919,1512.599501,1476.141135,1485.326059,2337374
05-02-2024,1457.724609,1488.793891,1454.06938,1485.46667,1452864
06-02-2024,1521.831177,1524.877182,1460.255051,1467.706003,4988311
07-02-2024,1513.958252,1527.595028,1498.587619,1525.814264,3320199
08-02-2024,1531.250366,1544.277805,1515.786031,1523.939908,3496692
09-02-2024,1528.251221,1543.387548,1513.302409,1537.061229,3341297
12-02-2024,1562.319458,1579.236548,1536.123859,1536.123859,4885445
13-02-2024,1561.054199,1569.864206,1545.121249,1569.864206,3129897
14-02-2024,1566.584106,1571.645185,1523.424505,1546.1993,1386643
15-02-2024,1558.195923,1590.01492,1546.52731,1572.676119,2555162
16-02-2024,1562.788208,1571.738824,1546.480455,1569.864359,1776881
19-02-2024,1570.098755,1577.315399,1555.477951,1565.178284,762624
20-02-2024,1558.664551,1567.75566,1541.747458,1556.743178,2240414
21-02-2024,1533.593506,1560.304631,1529.610268,1551.635231,2890991
22-02-2024,1580.548706,1585.234868,1536.123868,1540.81003,3820901
23-02-2024,1561.194946,1590.811469,1559.039266,1590.48346,2191549
26-02-2024,1546.246216,1564.100426,1536.592675,1561.195028,1844253
27-02-2024,1554.681274,1568.364846,1544.559118,1545.49635,2049420
28-02-2024,1548.214233,1567.052582,1540.997475,1560.21074,936575
29-02-2024,1559.414063,1572.441615,1533.921388,1539.076166,3532888
01-03-2024,1540.903809,1573.800644,1536.217646,1570.286022,2371138
04-03-2024,1535.139771,1550.182396,1532.374981,1545.496234,1788071
05-03-2024,1517.70752,1527.642162,1506.179628,1522.065674,3339546
06-03-2024,1540.997437,1546.43343,1503.180133,1511.755832,2366177
07-03-2024,1534.858765,1550.698016,1527.782614,1546.433563,3181239
11-03-2024,1535.796021,1555.61851,1529.610309,1551.119749,2970902
12-03-2024,1532.937378,1560.492035,1530.547504,1533.218593,2414182
13-03-2024,1529.094727,1547.605067,1509.272238,1535.889662,2564135
14-03-2024,1573.847534,1577.362156,1508.944189,1531.437767,3513306
15-03-2024,1543.903076,1571.738834,1539.732323,1571.738834,3931561
18-03-2024,1540.247681,1558.898627,1531.671982,1546.339691,1183544
19-03-2024,1498.775391,1538.514072,1494.042321,1538.514072,1915379
20-03-2024,1487.481689,1517.47313,1479.046597,1504.023866,1815178
21-03-2024,1495.635498,1518.269569,1483.966886,1507.069687,2684744
22-03-2024,1460.067505,1472.813843,1413.533892,1462.082577,7468824
26-03-2024,1464.191284,1492.589471,1457.911873,1464.191284,4496344
27-03-2024,1449.148926,1477.875126,1443.33813,1470.517874,2589697
28-03-2024,1446.665283,1463.066852,1434.902969,1451.773155,5301493
01-04-2024,1458.989746,1470.517751,1450.835869,1451.773102,1014857
02-04-2024,1432.372437,1466.768823,1429.373224,1461.145428,2031775
03-04-2024,1439.448486,1460.629918,1422.718909,1429.607545,3343884
04-04-2024,1443.01001,1455.053424,1423.374921,1444.08785,3388449
05-04-2024,1448.258545,1450.554719,1428.154953,1445.634248,2773570
08-04-2024,1443.384888,1456.459235,1441.135507,1456.459235,1820136
09-04-2024,1443.806641,1463.769738,1438.230153,1443.338024,2432095
10-04-2024,1442.541504,1454.725527,1439.776599,1444.322269,1829986
12-04-2024,1425.999146,1446.102735,1421.031768,1440.526248,4319991
15-04-2024,1410.581787,1434.434308,1400.225322,1412.503045,3295684
16-04-2024,1384.573486,1407.348165,1375.201162,1393.055371,2446933
18-04-2024,1374.779419,1387.947581,1360.95524,1384.339259,5180223
19-04-2024,1356.644043,1364.141903,1344.928637,1351.489264,5219506
22-04-2024,1373.889038,1380.824581,1359.455636,1361.048885,1939632
23-04-2024,1393.336548,1407.207519,1378.762539,1382.324067,2783858
24-04-2024,1386.401001,1402.989968,1383.636211,1396.476249,1321471
25-04-2024,1409.738159,1419.954015,1387.057066,1387.057066,4558032
26-04-2024,1381.339966,1435.32453,1372.998574,1421.640959,4328477
29-04-2024,1300.316284,1345.865757,1294.317974,1326.183876,11493223
30-04-2024,1280.821777,1310.157197,1276.93224,1290.006701,7606726
02-05-2024,1275.292358,1291.412828,1272.761876,1272.761876,6555505
03-05-2024,1263.436279,1284.008486,1249.846408,1284.008486,5964228
06-05-2024,1273.511597,1279.322393,1263.858056,1272.761765,2504082
07-05-2024,1264.155518,1281.204757,1259.596478,1280.302364,5096525
08-05-2024,1247.724121,1267.052827,1241.692821,1264.155846,6832455
09-05-2024,1253.802979,1271.801921,1248.53146,1249.006368,5653762
10-05-2024,1250.145874,1256.509701,1238.178234,1253.850174,3357203
13-05-2024,1247.011597,1255.559928,1236.326183,1250.145915,2316566
14-05-2024,1254.752808,1260.356622,1243.022503,1255.655085,3200462
15-05-2024,1266.007935,1273.036586,1252.093127,1253.042942,2975965
16-05-2024,1280.492432,1289.658165,1261.828554,1277.500493,5055915
17-05-2024,1266.292847,1283.199594,1263.443403,1283.199594,2487831
21-05-2024,1274.556274,1282.107254,1248.056423,1248.056423,4966721
22-05-2024,1275.64856,1285.00421,1272.751579,1281.252373,2390777
23-05-2024,1285.621582,1290.275581,1270.851919,1279.067838,3326149
24-05-2024,1277.690552,1291.747854,1273.558881,1291.747854,1769966
27-05-2024,1285.384277,1291.36804,1270.852066,1283.199657,1942325
28-05-2024,1290.228027,1294.882142,1278.070355,1289.705583,2147233
29-05-2024,1285.194092,1298.016589,1279.352709,1297.446723,3845920
30-05-2024,1265.01062,1283.722038,1258.599371,1278.450521,4150461
31-05-2024,1257.649536,1273.606468,1249.718607,1265.0106,10319045
03-06-2024,1248.483887,1286.761466,1244.114762,1282.77229,5384064
04-06-2024,1238.130737,1258.504212,1173.020907,1258.504212,5447244
05-06-2024,1276.265747,1288.803369,1250.050889,1253.755189,3005139
06-06-2024,1327.365967,1329.550587,1283.104628,1286.04903,5936709
07-06-2024,1359.659546,1366.450743,1327.840758,1336.389089,5884025
10-06-2024,1347.549561,1369.632752,1327.365999,1367.733122,3293739
11-06-2024,1357.095093,1365.785803,1344.367554,1353.485751,2269082
12-06-2024,1366.545898,1398.127237,1362.509186,1398.127237,5990861
13-06-2024,1371.674683,1384.5446,1364.978444,1375.093992,4232861
14-06-2024,1359.232178,1373.431859,1352.915888,1371.674725,3065114
18-06-2024,1365.073608,1367.495682,1355.433082,1359.232341,2223029
19-06-2024,1373.289429,1379.035853,1358.519881,1367.780574,3117522
20-06-2024,1371.009888,1376.233868,1357.807557,1376.233868,3163919
21-06-2024,1375.188965,1407.577618,1366.973046,1388.628864,6489262
24-06-2024,1368.540283,1371.484685,1355.005426,1365.69084,1988692
25-06-2024,1375.283936,1377.32606,1354.862923,1368.635234,2079037
26-06-2024,1371.247192,1380.365505,1366.023212,1375.283904,1917424
27-06-2024,1381.885376,1387.251852,1352.061172,1362.984041,6613193
28-06-2024,1386.349487,1394.992778,1369.632772,1394.327954,4943575
01-07-2024,1395.135254,1404.395947,1381.980344,1391.478491,3723295
02-07-2024,1406.485596,1417.550844,1399.076995,1400.976624,3811366
03-07-2024,1406.675415,1414.273932,1397.367186,1414.273932,2070876
04-07-2024,1445.950317,1457.538126,1410.474763,1410.474763,6822557
05-07-2024,1443.148193,1452.503843,1429.993286,1446.567502,3061687
08-07-2024,1456.445679,1462.714432,1430.610653,1451.316657,2939620
09-07-2024,1454.26123,1468.698483,1448.467384,1456.445851,2658608
10-07-2024,1434.172485,1455.685809,1413.181606,1454.261087,3507096
11-07-2024,1436.024658,1457.015537,1432.367895,1438.96906,3304053
12-07-2024,1481.900757,1487.409728,1434.695016,1453.216401,6430647
15-07-2024,1490.828979,1554.276641,1488.739434,1500.707075,10337489
16-07-2024,1490.781372,1503.556331,1476.961525,1486.45967,3540650
18-07-2024,1514.526855,1518.990938,1478.861272,1479.858624,4399468
19-07-2024,1514.526855,1535.327702,1508.875389,1529.676351,5633838
22-07-2024,1497.952637,1514.479435,1492.063832,1508.875505,2704495
23-07-2024,1529.776123,1532.121081,1484.553285,1506.470832,2907674
24-07-2024,1515.754517,1529.441051,1509.198425,1525.612663,2484299
25-07-2024,1519.487305,1525.612749,1495.799152,1502.642419,2934731
26-07-2024,1565.188599,1569.639123,1525.61266,1534.035161,2814159
29-07-2024,1562.317383,1574.424684,1550.497257,1569.830571,1639491
30-07-2024,1560.307495,1562.939512,1548.583056,1559.111124,1783877
31-07-2024,1572.127563,1574.42462,1549.73147,1551.454291,1984986
01-08-2024,1570.165527,1584.474081,1565.906376,1569.686979,1785188
02-08-2024,1540.256348,1568.682084,1532.455983,1550.545141,1692851
05-08-2024,1495.368408,1527.239669,1471.058121,1507.427807,3279717
06-08-2024,1514.845459,1536.14087,1495.942791,1495.942791,2138704
07-08-2024,1526.187012,1545.711816,1521.784388,1536.140845,1897787
08-08-2024,1491.01355,1533.269406,1487.8552,1528.483921,2373805
09-08-2024,1521.73645,1533.269517,1508.241405,1516.90318,2021762
12-08-2024,1517.238159,1531.83389,1506.327229,1521.78437,1273739
13-08-2024,1524.320557,1539.394834,1509.964102,1510.299062,1973825
14-08-2024,1556.383423,1559.828949,1529.680391,1531.450997,3932148
16-08-2024,1596.677246,1602.180554,1562.652397,1564.853767,3101056
19-08-2024,1606.487427,1612.708558,1587.871936,1593.566616,1631947
20-08-2024,1614.383545,1622.327498,1597.586444,1607.923139,2786109
21-08-2024,1605.291138,1616.393441,1601.941298,1613.665737,1410370
22-08-2024,1604.238281,1614.622761,1601.223402,1614.622761,1749127
23-08-2024,1590.168823,1613.617701,1586.053376,1604.142533,2158185
26-08-2024,1645.680542,1659.606351,1595.576533,1599.309235,2672708
27-08-2024,1638.167358,1681.476002,1631.946227,1651.805992,3556487
28-08-2024,1645.680542,1663.195465,1620.413272,1639.076666,2516461
29-08-2024,1676.69043,1680.662406,1624.432955,1640.46433,5112407
30-08-2024,1678.030518,1690.520682,1667.454548,1676.690558,4792561
02-09-2024,1729.139526,1734.259973,1684.490923,1688.510684,4445349
03-09-2024,1713.634399,1739.188961,1710.380363,1728.517306,2553290
04-09-2024,1708.657471,1718.611303,1689.276256,1689.371942,2644961
05-09-2024,1713.730103,1720.573253,1691.477597,1715.117846,2878565
06-09-2024,1680.758301,1718.707227,1665.396961,1711.289724,3351716
09-09-2024,1671.809204,1690.520497,1666.449484,1682.911506,1418238
10-09-2024,1702.771362,1712.533822,1672.192158,1674.393411,2307528
11-09-2024,1702.436279,1719.759712,1697.602893,1701.909829,2303930
12-09-2024,1730.048584,1736.365401,1700.857124,1722.77467,3349489
13-09-2024,1735.025635,1741.916687,1718.611396,1727.560231,1599349
16-09-2024,1734.116211,1745.984237,1730.622783,1740.959478,836199
17-09-2024,1735.934814,1749.573448,1729.665782,1734.211993,830317
18-09-2024,1681.141113,1730.527302,1665.444697,1730.527302,2629136
19-09-2024,1661.999146,1699.804482,1647.642689,1699.804482,4167373
20-09-2024,1684.538696,1690.329063,1647.546872,1673.00563,4644317
23-09-2024,1677.599854,1688.319294,1658.170736,1688.319294,1541597
24-09-2024,1699.421509,1706.982599,1663.769643,1674.919848,1907389
25-09-2024,1705.92981,1707.509043,1679.705327,1702.484284,2240579
26-09-2024,1707.317627,1730.814407,1702.580043,1705.786295,4303250
27-09-2024,1730.814453,1750.099983,1719.472876,1732.345785,4099016
30-09-2024,1719.041992,1742.586556,1712.390214,1730.43147,2117894
01-10-2024,1738.566772,1744.261453,1713.203701,1713.203701,1642542
03-10-2024,1702.245117,1731.675853,1694.06189,1701.718667,3552386
04-10-2024,1700.378662,1730.335848,1691.429828,1701.718621,2982759
07-10-2024,1700.713623,1726.794519,1692.051965,1708.3704,3419048
08-10-2024,1712.677246,1717.032084,1668.220135,1697.890144,2353030
09-10-2024,1732.058472,1746.702103,1713.347295,1716.122899,2499596
10-10-2024,1731.053711,1761.01078,1719.903506,1741.91674,3753869
11-10-2024,1760.723511,1773.30936,1723.396728,1726.602979,2977110
14-10-2024,1776.276489,1785.464598,1753.784708,1766.849106,1751092
15-10-2024,1789.867188,1801.974489,1751.439717,1751.487619,5696544
16-10-2024,1785.225342,1804.128009,1774.505901,1788.814456,2144442
17-10-2024,1787.666016,1796.519164,1772.017385,1789.675896,2399099
18-10-2024,1777.999146,1793.504188,1763.929866,1786.900195,2366406
21-10-2024,1764.50415,1807.477833,1761.058624,1794.844198,1284980
22-10-2024,1755.978394,1784.156897,1752.847449,1762.770183,2089660
23-10-2024,1778.135742,1796.680568,1727.799785,1727.799785,2522186
24-10-2024,1777.317017,1794.705732,1770.380699,1777.41333,1621637
25-10-2024,1784.493896,1802.990624,1772.788957,1791.863682,4078295
28-10-2024,1803.18335,1808.048403,1777.509579,1777.509579,2418907
29-10-2024,1803.18335,1807.181349,1783.386098,1803.18335,1719955
30-10-2024,1771.440308,1800.967429,1768.068521,1792.82702,1732047
31-10-2024,1701.355347,1776.353489,1692.203355,1772.596332,3616088
01-11-2024,1693.022217,1716.046726,1686.856641,1711.904198,242223
04-11-2024,1698.368896,1716.81741,1681.076495,1698.417112,2843690
05-11-2024,1708.580566,1718.021498,1696.97194,1704.197197,1818350
06-11-2024,1771.054932,1785.120074,1717.684346,1725.487599,3477029
07-11-2024,1764.841309,1794.320453,1747.741533,1782.278357,2173869
08-11-2024,1770.18811,1786.228206,1761.084333,1771.584946,1521324
11-11-2024,1798.896362,1805.350878,1766.816174,1779.050896,1679869
12-11-2024,1804.243042,1823.606708,1796.15073,1821.728188,2711052
13-11-2024,1796.439819,1810.745805,1790.996769,1797.644029,1254074
14-11-2024,1790.852173,1827.508357,1778.713764,1803.424167,2462563
18-11-2024,1767.779541,1796.728784,1748.512189,1790.852148,2483933
19-11-2024,1753.859009,1796.680653,1750.728064,1769.706359,2354204
21-11-2024,1769.079956,1772.162803,1753.521547,1767.779433,1841245
22-11-2024,1828.857178,1832.325278,1769.224696,1778.713844,2765950
25-11-2024,1822.402588,1849.617725,1809.686182,1848.702573,6531524
26-11-2024,1829.965088,1844.800856,1819.946041,1820.861193,2079873
27-11-2024,1821.776489,1846.775833,1817.971116,1827.267638,1631975
28-11-2024,1773.463379,1830.880062,1767.779487,1816.044178,3631255
29-11-2024,1780.351685,1803.713351,1766.768106,1774.523263,2482280
02-12-2024,1802.942505,1809.734294,1768.213055,1780.351581,2014744
03-12-2024,1821.487427,1826.834164,1803.472498,1814.984695,2954648
04-12-2024,1828.134521,1840.995455,1808.818954,1813.057795,3730643
05-12-2024,1853.519409,1867.10287,1814.984702,1815.94807,3881814
06-12-2024,1852.266846,1868.30694,1845.13802,1855.446006,2250408
09-12-2024,1839.935913,1855.494324,1831.361917,1844.849065,1379520
10-12-2024,1865.416992,1871.630784,1842.151639,1846.245952,2695207
11-12-2024,1860.166504,1863.923661,1845.812303,1855.686821,1387117
12-12-2024,1865.272339,1877.603491,1851.110882,1854.434453,2306173
13-12-2024,1896.678223,1902.651055,1842.29605,1867.96982,2569918
16-12-2024,1882.805664,1907.467851,1878.807665,1898.653014,1371189
17-12-2024,1879.144897,1891.283306,1867.006489,1874.03912,1987909
18-12-2024,1888.537598,1899.712638,1875.435822,1877.603399,3460812
19-12-2024,1863.393799,1874.905995,1840.032134,1840.032134,1916115
20-12-2024,1841.332642,1885.936609,1826.930343,1882.99829,3786921
23-12-2024,1833.288574,1868.355179,1829.579632,1848.220772,2058339
24-12-2024,1827.460083,1853.182068,1820.0422,1838.683339,1310301
26-12-2024,1831.121094,1838.972564,1817.200478,1835.793403,1065107
27-12-2024,1822.691528,1833.192259,1813.732162,1830.398469,1328546
30-12-2024,1858.287964,1896.82267,1797.306863,1818.838106,6262203
31-12-2024,1847.161011,1857.180057,1809.734204,1845.041532,1968650
01-01-2025,1841.910645,1865.994835,1838.009076,1847.161069,880695
02-01-2025,1899.953613,1903.903515,1840.080409,1841.910713,3487645
03-01-2025,1875.339478,1919.124486,1869.896427,1907.467762,2853344
06-01-2025,1881.505249,1901.109757,1859.299577,1879.77114,1789037
07-01-2025,1845.716064,1908.431274,1838.972491,1888.200553,2494547
08-01-2025,1861.467163,1867.488211,1825.148249,1836.467819,2372138
09-01-2025,1863.923706,1873.220109,1849.665818,1856.216765,2742139
10-01-2025,1922.014771,1928.999186,1864.35724,1865.079766,4802079
13-01-2025,1916.523438,1938.488147,1893.402616,1921.821959,5694121
14-01-2025,1747.115479,1867.969905,1731.894222,1865.176115,15819311
15-01-2025,1758.820068,1776.016273,1746.151879,1768.742801,3350594
16-01-2025,1726.595581,1770.621433,1719.900223,1765.852811,5362008
17-01-2025,1740.852173,1744.939318,1703.045664,1725.379205,2424374
20-01-2025,1747.956177,1750.68102,1715.258656,1742.020039,3401004
21-01-2025,1753.989624,1771.84674,1743.285071,1743.285071,4005357
22-01-2025,1778.610107,1782.259387,1755.595413,1759.633854,3009261
23-01-2025,1758.466064,1779.826465,1755.741222,1768.246181,3750930
24-01-2025,1744.696045,1780.264401,1742.993048,1751.654028,3171259
27-01-2025,1665.968872,1731.947887,1661.443861,1727.325466,4174844
28-01-2025,1647.771362,1684.020873,1645.581795,1665.969056,5079829
29-01-2025,1672.829712,1677.792708,1650.447464,1650.447464,3733620
30-01-2025,1667.088135,1686.404963,1652.247732,1675.749115,2543744
31-01-2025,1679.106323,1691.513873,1663.146904,1663.146904,2033832
01-02-2025,1648.501099,1685.431758,1642.662252,1679.641615,569018
03-02-2025,1646.55481,1654.9238,1616.874005,1620.279999,2659929
04-02-2025,1686.015747,1689.275746,1646.60353,1649.57154,3647768
05-02-2025,1666.844849,1699.883063,1664.07142,1683.534244,2681942
06-02-2025,1677.208862,1682.025864,1666.844885,1677.549438,2057798
07-02-2025,1679.300903,1684.507184,1654.972377,1676.868051,2428098
10-02-2025,1687.28064,1693.265481,1666.114821,1677.646519,1823071
11-02-2025,1676.916626,1702.023713,1668.936917,1695.990286,1702553
12-02-2025,1671.175293,1695.601111,1653.512758,1677.598001,2214307
13-02-2025,1657.356689,1683.485506,1654.583261,1666.01767,1838463
14-02-2025,1665.287842,1677.111531,1654.291299,1665.044557,1460459
17-02-2025,1663.973999,1673.948695,1648.598322,1665.287716,1127023
18-02-2025,1679.155029,1682.074453,1655.556357,1660.178777,1511900
19-02-2025,1666.309692,1685.091246,1657.697298,1676.916836,1294110
20-02-2025,1642.224487,1668.4993,1638.331922,1659.400335,1681532
21-02-2025,1655.020996,1658.378404,1639.888723,1644.608434,1222563
24-02-2025,1599.8927,1644.608487,1593.615869,1639.742781,4455420
25-02-2025,1592.15625,1607.580514,1587.436539,1592.05896,1951519
27-02-2025,1585.441528,1615.414324,1571.817552,1576.488677,2266866
28-02-2025,1532.745972,1571.574207,1520.484299,1568.703489,4910121
03-03-2025,1530.166992,1560.334364,1526.323014,1532.74584,1784684
04-03-2025,1494.258301,1518.10026,1482.094036,1518.10026,3246644
05-03-2025,1530.702271,1538.925384,1489.927753,1490.852189,3112003
06-03-2025,1542.866577,1551.868133,1532.843295,1537.563005,2011489
07-03-2025,1516.105225,1544.375023,1513.818367,1540.141883,2091986
10-03-2025,1507.687622,1530.215745,1505.44935,1515.180761,1855766
11-03-2025,1525.73938,1531.675517,1481.704741,1488.857305,1846190
12-03-2025,1499.221191,1522.965859,1466.620964,1514.207588,3113860
13-03-2025,1493.52832,1506.373735,1488.078754,1499.221172,1983351
17-03-2025,1503.649048,1505.98461,1478.250088,1486.959654,2029100
18-03-2025,1503.649048,1503.649048,1503.649048,1503.649048,0
19-03-2025,1502.967773,1519.413882,1484.137516,1516.640454,4522829
20-03-2025,1520.046387,1539.606499,1505.497975,1506.276416,4608677
21-03-2025,1524.620117,1549.289339,1480.634187,1493.868882,8109210
24-03-2025,1561.064331,1567.633034,1518.100127,1548.267502,2487843
25-03-2025,1581.25708,1614.392465,1575.466819,1578.434947,4906013
26-03-2025,1589.528687,1600.768395,1578.434854,1581.256987,3096513
27-03-2025,1586.365967,1600.817088,1570.211849,1581.986832,3383080
28-03-2025,1549.727173,1581.889533,1539.119911,1572.693279,2211077
01-04-2025,1489.24646,1542.428645,1485.11061,1534.643516,4126827
02-04-2025,1486.521851,1497.226404,1465.939891,1474.308881,3167863
03-04-2025,1430.614746,1459.71169,1425.65175,1459.71169,3966161
04-04-2025,1383.903931,1417.088018,1380.984507,1410.08145,4421312
07-04-2025,1337.193237,1346.584073,1267.75964,1308.874853,6484139
08-04-2025,1365.657593,1385.996266,1335.149642,1342.934771,3938359
09-04-2025,1342.934814,1351.401095,1320.601272,1343.56738,3306801
11-04-2025,1353.201538,1386.726205,1323.472027,1323.472027,4859622
15-04-2025,1388.185791,1390.424063,1368.236398,1381.860374,3265147
16-04-2025,1393.246094,1397.527938,1367.749844,1376.994685,2553111
17-04-2025,1399.376831,1403.366686,1346.827214,1381.860292,3549969
21-04-2025,1442.19519,1458.73859,1391.59185,1396.457556,2840104
22-04-2025,1440.151611,1459.614434,1425.165214,1449.980313,2608145
23-04-2025,1551.187012,1557.025859,1502.237964,1513.234506,13293318
24-04-2025,1544.082886,1560.237123,1533.767614,1552.160004,3193118
25-04-2025,1535.811279,1574.542344,1525.982578,1547.294392,3800415
28-04-2025,1525.081787,1544.867565,1513.072422,1540.536321,2618810
29-04-2025,1544.473755,1556.089348,1523.900435,1530.6926,2231069
30-04-2025,1542.997192,1563.078328,1529.708221,1546.442481,3682256
02-05-2025,1547.820679,1556.286222,1532.759796,1542.505066,1370848
05-05-2025,1544.080078,1572.725171,1538.862998,1555.301901,1012225
06-05-2025,1554.415894,1559.042496,1540.634738,1552.151919,2055057
07-05-2025,1538.862915,1553.726851,1520.848928,1527.739506,5469936
08-05-2025,1555.990845,1573.020464,1531.480171,1537.484794,2789018
09-05-2025,1544.867554,1553.037738,1532.956722,1541.520678,2035161
12-05-2025,1644.190308,1648.81679,1569.082963,1573.807979,4028207
13-05-2025,1594.282837,1661.712064,1589.951592,1658.660546,3118470
14-05-2025,1612.099854,1616.628044,1591.723479,1604.520266,1569126
15-05-2025,1669.488525,1675.985332,1599.598381,1624.207587,4961582
16-05-2025,1633.952881,1667.02763,1632.082557,1665.452665,2586263
19-05-2025,1623.813843,1637.98877,1612.493608,1635.035665,1642018
20-05-2025,1612.690552,1639.957504,1610.820228,1634.838837,2421580
21-05-2025,1626.17627,1631.590295,1602.945204,1619.285692,1420835
22-05-2025,1607.473389,1615.052976,1588.770391,1612.789001,2202093
23-05-2025,1622.435669,1644.682487,1597.137453,1607.47332,1459454
26-05-2025,1647.438721,1649.604403,1619.876409,1626.570161,1078813
27-05-2025,1626.27478,1649.309022,1615.840501,1647.635644,2740015
28-05-2025,1631.393555,1640.745053,1621.254514,1637.988774,1775441
29-05-2025,1638.677734,1649.308959,1629.720008,1643.894934,2374051
30-05-2025,1611.01709,1638.677814,1601.862537,1638.677814,4408910
02-06-2025,1605.996826,1609.638941,1580.600077,1599.696845,1883100
03-06-2025,1604.914063,1625.881035,1591.723504,1621.156139,2380133
04-06-2025,1600.681152,1618.891965,1596.842092,1605.504581,1659720
05-06-2025,1606.882813,1628.046731,1599.204692,1609.343733,1409322
06-06-2025,1612.099854,1614.167123,1596.64532,1605.70146,1261281
09-06-2025,1622.53418,1632.082503,1613.379507,1622.238821,1299786
10-06-2025,1642.024658,1658.562093,1623.223249,1627.45608,3055223
11-06-2025,1694.983765,1698.429054,1639.957554,1649.801237,5085821
12-06-2025,1674.6073,1699.019682,1668.504264,1698.035313,3607962
13-06-2025,1668.799561,1684.254094,1638.579383,1639.957522,1988422
16-06-2025,1696.066406,1702.366387,1657.08545,1665.550992,2116100
17-06-2025,1702.563354,1711.619615,1693.113443,1700.988389,1777245
18-06-2025,1689.077515,1717.722607,1683.269718,1700.889934,1794428
19-06-2025,1687.108765,1692.818028,1670.669743,1692.818028,2514527
20-06-2025,1712.702393,1715.360139,1682.383802,1687.108817,2719770
23-06-2025,1676.575928,1702.760219,1672.638455,1702.169502,2221446
24-06-2025,1665.354248,1705.5164,1662.794794,1693.014972,3601071
25-06-2025,1690.258667,1693.802369,1674.410362,1675.394731,1307518
26-06-2025,1697.149292,1699.905571,1676.083787,1683.269724,2971055
27-06-2025,1696.361938,1725.105445,1684.057335,1707.879,6478283
30-06-2025,1701.578979,1707.682135,1686.518217,1698.035278,1855229
01-07-2025,1691.439941,1717.722525,1687.20711,1701.578862,1639826
02-07-2025,1691.735229,1711.324181,1684.254055,1695.082106,2069447
03-07-2025,1685.140137,1703.449363,1679.824524,1689.176023,1839063
04-07-2025,1698.921143,1701.97266,1679.529016,1688.191505,768500
07-07-2025,1683.663452,1698.527388,1676.674462,1698.527388,1366412
08-07-2025,1681.399414,1692.030639,1661.121452,1673.426055,2139193
09-07-2025,1647.83252,1687.50261,1644.879415,1683.269778,2894808
10-07-2025,1637.693359,1653.640197,1623.223195,1648.816768,2740853
11-07-2025,1612.690552,1629.621638,1604.520247,1617.51386,2548153
14-07-2025,1594.479736,1616.726435,1581.879775,1614.363927,3334703
15-07-2025,1541.914551,1596.054808,1525.770886,1565.145619,14685607
16-07-2025,1538.370728,1549.395604,1535.614448,1541.914429,5218099
17-07-2025,1519.766235,1542.308293,1518.289683,1539.158243,4966082
18-07-2025,1536.532349,1537.722795,1517.881211,1531.77032,3902458
21-07-2025,1518.278076,1538.417212,1513.912903,1536.532358,3368842
22-07-2025,1508.05957,1527.603603,1506.2739,1520.9566,3218227
23-07-2025,1517.682861,1523.833704,1505.976278,1512.027937,3471536
24-07-2025,1495.261719,1525.718623,1489.706099,1517.881173,4654421
25-07-2025,1478.297241,1500.222168,1474.824964,1489.210113,2733655
28-07-2025,1454.487305,1482.364706,1451.907923,1478.297206,4404841
29-07-2025,1460.737427,1465.797006,1449.4277,1454.487279,6223556
30-07-2025,1464.804932,1472.543198,1457.16597,1468.773248,1642426
31-07-2025,1456.273071,1470.955771,1447.939582,1453.396017,2306285
01-08-2025,1440.598145,1455.280965,1438.514802,1453.39599,2152783
04-08-2025,1462.721558,1463.713637,1429.189233,1440.598144,2384774
05-08-2025,1470.955811,1473.634497,1459.5469,1468.178061,2614394
06-08-2025,1451.610229,1471.947853,1444.864164,1469.170104,1735697
07-08-2025,1463.812866,1467.483511,1439.506926,1446.45148,1495363
08-08-2025,1464.01123,1470.459745,1447.443556,1463.118456,2815614
11-08-2025,1476.213867,1518.873273,1453.991269,1463.316837,2374556
12-08-2025,1487.225952,1497.940456,1477.205976,1478.198055,3422656
13-08-2025,1489.210083,1495.559414,1477.205949,1488.11882,2916128
14-08-2025,1477.999634,1504.190428,1474.031317,1489.110872,4227538
18-08-2025,1473.237549,1490.003711,1464.209653,1486.233762,2795155
19-08-2025,1464.408081,1470.856596,1457.56271,1464.60657,2515817
20-08-2025,1484.150513,1488.416502,1446.451502,1456.372295,10219330
21-08-2025,1481.670288,1493.079199,1474.328878,1488.118803,2157601
22-08-2025,1454.685791,1479.686139,1452.40396,1477.801164,2802805
25-08-2025,1492.285522,1497.741958,1464.507304,1468.277254,2764914
26-08-2025,1480.97583,1494.567266,1473.237564,1490.003726,4092265
28-08-2025,1438.316528,1476.213907,1434.546579,1476.213907,4367902
29-08-2025,1443.276855,1451.015,1427.800323,1438.31646,3404604
01-09-2025,1456.769165,1460.836666,1434.546566,1434.546566,2105254
02-09-2025,1454.090454,1465.697854,1448.137979,1457.364364,1295198
03-09-2025,1454.487305,1463.316834,1441.094235,1463.316834,1800307
04-09-2025,1431.86792,1454.288885,1429.486906,1453.495173,2192155
05-09-2025,1407.760376,1440.796662,1391.688741,1436.530673,3895199
08-09-2025,1391.887085,1417.284288,1389.902927,1412.621564,2929976
09-09-2025,1415.796143,1420.458987,1397.938718,1399.029981,2906889
10-09-2025,1452.30481,1460.241443,1420.756642,1423.534512,3205017
11-09-2025,1456.074585,1458.753271,1446.749137,1452.304757,1982922
12-09-2025,1455.578491,1468.277153,1451.411807,1463.316757,2110883
15-09-2025,1454.884155,1456.669946,1440.499007,1455.578562,1725617
16-09-2025,1471.352661,1473.436003,1449.526918,1452.304789,1724524
17-09-2025,1469.765381,1487.126767,1463.614538,1478.991766,2656774
18-09-2025,1481.967896,1490.995792,1474.328813,1480.777328,2792406
19-09-2025,1455.7771,1481.968016,1452.404006,1481.968016,3197957
22-09-2025,1428.494873,1437.721137,1403.792077,1411.72871,4457129
23-09-2025,1418.474854,1432.760697,1409.149285,1432.760697,3106480
24-09-2025,1430.875854,1433.256748,1408.75244,1413.81202,2894044
25-09-2025,1412.522461,1431.074294,1404.784194,1428.792463,2713246
26-09-2025,1384.248169,1415.200992,1380.974259,1408.752477,2568054
29-09-2025,1376.410645,1391.490199,1372.045472,1386.033764,2990852
30-09-2025,1374.128906,1393.871307,1370.954301,1381.073461,2782077
01-10-2025,1378.494019,1385.736245,1371.053425,1375.120925,2253527
03-10-2025,1382.462402,1388.71255,1369.466189,1385.43864,2793839
06-10-2025,1406.470581,1409.744491,1379.783748,1382.462314,1970901
07-10-2025,1422.046387,1430.47906,1405.974631,1410.736659,1592836
08-10-2025,1441.689453,1447.145889,1415.895394,1421.847869,1735807
09-10-2025,1474.725708,1479.289248,1440.995016,1441.689423,2681316
10-10-2025,1483.654419,1486.630656,1462.225533,1479.190063,2129445
13-10-2025,1482.860718,1490.301312,1464.804925,1478.197994,1820492
14-10-2025,1483.555298,1522.841611,1478.396413,1503.396882,5802489
15-10-2025,1483.852783,1497.444341,1474.328847,1486.03543,1710696
16-10-2025,1503,1507.861212,1486.134653,1488.019628,2021043
17-10-2025,1486.199951,1501.300049,1479.199951,1499,3210161
20-10-2025,1495.400024,1509.900024,1489.099976,1489.900024,2354881
21-10-2025,1486,1503,1481,1502.699951,274400
23-10-2025,1523.900024,1547.5,1505.5,1510,5011470
24-10-2025,1523.800049,1532.599976,1516.400024,1525,1491451
27-10-2025,1533.5,1549.5,1526.800049,1531.400024,1394846
28-10-2025,1522.099976,1542,1512,1535,1936466
29-10-2025,1557.300049,1559,1522,1530,2596355
30-10-2025,1549.800049,1559.900024,1538.099976,1557.699951,2183395
31-10-2025,1541.5,1558.199951,1537.599976,1549.800049,1723467
03-11-2025,1543.5,1549.699951,1528.199951,1540.099976,2252136
04-11-2025,1529.099976,1541.900024,1525,1536.400024,1666863
05-11-2025,1529.099976,1529.099976,1529.099976,1529.099976,0
06-11-2025,1526.400024,1531.900024,1514.300049,1529.099976,2474769
07-11-2025,1512.400024,1518.800049,1490.5,1515.099976,2238714
10-11-2025,1540.5,1544.900024,1511.400024,1518,1558896
11-11-2025,1570,1572.5,1541.199951,1547.800049,2270763
12-11-2025,1594,1600,1573.5,1575,2331564
13-11-2025,1598.5,1605,1580,1599.400024,1944022
14-11-2025,1594.599976,1598,1574.099976,1590,2543918
17-11-2025,1606.400024,1607.699951,1585.5,1594,2000978
18-11-2025,1595.199951,1604,1590.099976,1604,1640123
19-11-2025,1662.599976,1669.5,1588.599976,1595.300049,6342672
20-11-2025,1645.400024,1668.400024,1642.599976,1662.599976,2724035
21-11-2025,1608,1643.5,1606,1636,2958835
24-11-2025,1610.400024,1640,1602.900024,1614.300049,6392688
25-11-2025,1601.099976,1618.900024,1592.599976,1618.300049,2285950
26-11-2025,1617.900024,1627.5,1601.099976,1601.099976,1243303
27-11-2025,1629,1633.199951,1614,1619.099976,2106176
28-11-2025,1624.199951,1636.900024,1619,1629,1841289
01-12-2025,1642.900024,1646.5,1628,1630,2034350
02-12-2025,1635.5,1652.900024,1624,1651,2326220
03-12-2025,1640.5,1654.599976,1628.800049,1635.5,2371611
04-12-2025,1654.599976,1672,1645.099976,1650,3935708
05-12-2025,1683,1691,1651,1662.699951,3391204
08-12-2025,1688.599976,1695.400024,1676.900024,1683,2702407
09-12-2025,1657.599976,1687,1656.400024,1687,2817704
10-12-2025,1666,1671,1657,1663.300049,1482249
11-12-2025,1672.400024,1677.400024,1649,1667.5,1408684
12-12-2025,1673.199951,1677.900024,1660,1677.400024,1284337
15-12-2025,1684,1688,1660,1673.199951,1689723
16-12-2025,1651.699951,1682,1645.400024,1681,1929309
17-12-2025,1655,1664.5,1646.300049,1651,1394918
18-12-2025,1661.400024,1673.900024,1651.199951,1657,1822056
19-12-2025,1642.400024,1681,1632.5,1675,3487150
22-12-2025,1670.300049,1673.5,1644,1651.900024,1339691
23-12-2025,1679.900024,1686.900024,1656.199951,1675.099976,1614314
24-12-2025,1674.699951,1680,1665.099976,1676,989858
25-12-2025,1674.699951,1674.699951,1674.699951,1674.699951,0
26-12-2025,1660.900024,1676.400024,1650.5,1668,921138
29-12-2025,1630.800049,1660.800049,1625.400024,1659.699951,1516288
30-12-2025,1615.199951,1635.699951,1611.099976,1630.800049,3323273
