Date,Close,High,Low,Open,Volume
01-01-2015,217.235321,217.7715439,215.6380864,216.9957386,3544940
02-01-2015,220.2586517,221.1713572,216.8588321,216.8588321,5900384
05-01-2015,218.3990326,221.4565878,217.9312599,221.3310936,4796000
06-01-2015,214.9992065,218.2621262,213.9267747,217.6802792,8219680
07-01-2015,215.6266785,217.0755929,213.6301351,214.4173464,5746112
08-01-2015,220.1559906,221.0915222,216.356862,217.7373264,9525824
09-01-2015,222.6203003,223.612862,220.5552928,221.9928152,8985184
12-01-2015,220.6579895,222.3350944,220.0761425,221.1942124,4126412
13-01-2015,219.8137207,221.776046,218.0681797,221.0915168,5828348
14-01-2015,219.9392395,222.3921358,218.9808958,219.060752,3685232
15-01-2015,226.6134186,227.7657067,221.5022612,225.8946573,11398476
16-01-2015,228.484436,231.5762374,227.8455449,228.6783943,7821308
19-01-2015,229.2145996,232.7399278,228.8495229,231.1997371,4239492
20-01-2015,232.9567261,234.3371907,228.63278,230.4581914,8505804
21-01-2015,232.7285461,235.6948257,232.3634555,234.4284633,6740612
22-01-2015,233.0251617,235.5921464,232.4090826,233.8808233,6470680
23-01-2015,237.9423676,239.1288737,233.7439161,235.0216984,9987912
27-01-2015,245.0728912,245.9171328,237.5088375,237.9880024,9962400
28-01-2015,241.490509,249.4424517,240.7261236,244.1487699,11364940
29-01-2015,249.8531494,251.1309316,242.0951521,245.2896216,20567616
30-01-2015,245.8258514,249.7505024,242.836746,249.7505024,10570416
02-02-2015,246.7955627,249.396779,240.1214037,243.8064578,5710352
03-02-2015,242.8025055,246.9324928,240.7945699,246.0882513,10200688
04-02-2015,243.6239319,246.613065,241.2394996,242.5515139,6197512
05-02-2015,245.6318817,249.351168,244.2285914,245.2896171,8059148
06-02-2015,240.3838348,246.190913,239.5966374,245.7459802,6903120
09-02-2015,237.3262634,239.984524,236.0484812,238.9006861,5231896
10-02-2015,240.6005859,242.3917929,235.0216843,235.0216843,9275752
11-02-2015,241.5019226,242.9622572,240.2697644,241.4106465,4161588
12-02-2015,245.5178223,246.8640687,240.2013007,243.0306938,5525740
13-02-2015,243.1903992,246.8868454,242.6883944,246.7042932,7714500
16-02-2015,243.5897522,247.5714196,242.4374501,245.4722077,7388716
18-02-2015,245.2440186,247.103634,241.1938872,243.5897396,5381692
19-02-2015,246.3848724,247.5485664,242.7340503,245.0614383,4507004
20-02-2015,244.8446655,248.6894318,243.8064519,247.1150093,6206024
23-02-2015,243.5783081,246.7841977,242.3233379,245.768796,5581564
24-02-2015,243.6125488,244.3769342,241.2052766,244.2172219,5846288
25-02-2015,240.1442413,245.2440062,239.5852203,244.1487483,4648524
26-02-2015,236.8813171,240.95426,236.185368,240.4180511,12426944
27-02-2015,240.4979095,241.5361232,238.5469903,238.5469903,10261784
02-03-2015,247.0123749,250.7658655,243.6923971,246.5103701,14385232
03-03-2015,247.1949158,249.1686473,245.7574211,247.9022571,6029348
04-03-2015,243.076355,253.1161176,241.8670088,252.1349478,12277624
05-03-2015,247.5942078,248.7122777,242.4374267,243.0078677,9702452
09-03-2015,241.6387939,246.8412267,240.9542648,245.7573889,5755808
10-03-2015,240.1670685,242.3803683,238.4443256,242.3233242,5134836
11-03-2015,241.0569458,242.3005239,239.5852192,239.7905835,5465536
12-03-2015,240.6348572,242.7569091,239.8362397,241.8898275,7530836
13-03-2015,237.9081268,242.7796874,236.0712957,241.8669818,5426780
16-03-2015,239.9388885,241.387803,237.8738811,238.4443221,5348772
17-03-2015,241.4220581,243.2132373,237.95376,241.866991,5369304
18-03-2015,242.677063,244.5823307,240.3154146,241.9012575,5148332
19-03-2015,240.0872192,245.0158522,239.2886018,244.3769471,5373572
20-03-2015,240.931488,241.7529176,238.6611159,239.813418,6483236
23-03-2015,239.0718384,241.7300992,238.6725297,240.9428738,5446740
24-03-2015,236.8356781,241.1824496,236.2652371,238.0564441,8973564
25-03-2015,235.9914398,238.8322248,235.2726786,237.3148741,10608900
26-03-2015,229.7622375,235.5236779,228.6555736,234.3143597,35800620
27-03-2015,231.5191803,233.5499418,230.0246138,231.5876304,10840896
30-03-2015,236.5960999,237.0752647,231.0970406,232.7399134,6955144
31-03-2015,233.3559875,237.2806241,231.5647946,237.2806241,5962256
01-04-2015,235.7632751,236.5847047,231.1427029,234.1318082,3844196
06-04-2015,235.466629,236.584699,232.6942941,236.1625782,7151172
07-04-2015,235.6491547,236.8927048,233.5727552,235.7632429,6197072
08-04-2015,236.2881012,237.8624962,235.0331309,237.3148951,4106144
09-04-2015,240.9771118,241.638829,235.0217128,236.9041683,7002784
10-04-2015,237.9081268,240.269747,236.1283398,240.269747,6119324
13-04-2015,237.0296936,238.7410169,236.1169879,237.3034942,4563236
15-04-2015,235.3981934,239.2885843,233.9264388,237.3034608,4893996
16-04-2015,234.9418335,235.831727,232.2835729,234.5653369,5610120
17-04-2015,232.3406525,234.5311406,231.8386615,233.9036555,4049012
20-04-2015,229.3401031,233.8808193,228.7696621,232.7399372,5188880
21-04-2015,228.8609467,231.4621634,227.1724356,229.3172995,6510744
22-04-2015,231.1654968,232.9680959,226.6932451,229.6595382,6765936
23-04-2015,231.2567902,233.6982666,229.5682792,232.7513429,9627828
24-04-2015,229.6481476,232.5117587,228.2562631,232.4889466,7205244
27-04-2015,229.4199524,231.0285931,227.2636827,229.762217,7370704
28-04-2015,229.2145996,230.7890223,225.9174478,228.0737176,7942108
29-04-2015,226.6134186,230.3440975,225.4383044,229.0891272,7863564
30-04-2015,225.6208191,227.0355155,223.3960992,226.12281,15143684
04-05-2015,228.3931885,230.3440941,226.3510067,226.8187656,3141448
05-05-2015,225.3584442,229.066311,224.9477155,227.959647,5138004
06-05-2015,221.4680176,225.3242045,220.3043235,225.3242045,11007696
07-05-2015,217.0641937,221.3310949,215.444147,220.8747422,11736664
08-05-2015,224.0692291,225.3926495,217.9997423,219.3916128,11571932
11-05-2015,225.963089,226.522124,222.2552224,224.9933393,6731344
12-05-2015,221.7760773,225.8946589,220.6466012,225.8946589,11107568
13-05-2015,225.9516754,226.6704366,221.6961801,222.6659298,7791848
14-05-2015,226.1342163,227.0012838,222.2438115,225.6664575,4455188
15-05-2015,225.91745,227.6173669,224.5712175,227.0127078,8153624
18-05-2015,230.4239349,230.9145198,226.3509917,227.2636973,5713304
19-05-2015,229.8991547,232.2836011,227.7428847,229.6253402,4786348
20-05-2015,233.664032,234.291517,230.3554606,230.3782866,4008840
21-05-2015,233.8123169,235.0216628,231.6218293,233.6526046,3934380
22-05-2015,233.7211151,234.7935331,232.3634487,233.8123634,4689536
25-05-2015,233.5499725,235.2498897,232.19232,234.6566365,4369060
26-05-2015,234.428421,235.0672982,232.2949635,233.755284,4906344
27-05-2015,236.8813171,237.3034379,233.0593627,233.6069777,3218592
28-05-2015,234.8848114,238.1477175,233.2419384,237.0867194,9561160
29-05-2015,239.7107086,240.497906,234.3713757,235.0102529,5058680
01-06-2015,236.4363708,240.9542746,235.2498647,239.3456199,3841320
02-06-2015,230.1843567,237.3719274,229.2944771,236.9383867,4726008
03-06-2015,229.4427795,232.0554021,227.7200505,230.2299909,5824832
04-06-2015,231.587677,232.2493803,227.0355543,230.1957924,5557588
05-06-2015,230.8574677,232.3976583,228.746836,230.5152031,6753860
08-06-2015,228.963623,230.9715727,227.1610238,229.1461614,3811996
09-06-2015,228.598526,229.5454637,227.5146881,229.3172872,6040260
10-06-2015,231.7359772,232.5117826,227.4919011,227.7200776,7986248
11-06-2015,228.2220306,232.4090619,226.9670605,232.1922915,9094176
12-06-2015,230.2642212,230.6521099,225.9288696,228.4045779,6528344
15-06-2015,229.3629608,231.3138666,228.1764405,228.6327934,5999828
16-06-2015,230.0930939,230.5608527,227.5032833,228.1764065,6010524
17-06-2015,229.2488556,231.2568053,228.0623354,230.2300114,9686268
18-06-2015,232.6486664,233.6070101,228.6898112,229.5226606,8431716
19-06-2015,235.135788,236.1511618,231.1769329,233.8351936,3742324
22-06-2015,238.9349365,241.1596566,234.6794408,235.5008704,5449652
23-06-2015,240.0644073,242.1408072,237.8739193,240.0415953,5655180
24-06-2015,238.6269226,241.3650398,237.9195534,240.4979582,6267396
25-06-2015,243.0078583,244.3426846,237.9081215,239.1859037,16573568
26-06-2015,242.5173035,244.3655269,239.9275067,243.4642412,5647504
29-06-2015,241.1026459,242.2663402,235.1358263,238.4215726,6487836
30-06-2015,243.4984741,244.6051242,239.1288901,240.0986399,7290136
01-07-2015,244.6849518,245.7459776,241.8783988,242.1750114,4971188
02-07-2015,243.2711182,245.4550869,242.6849118,244.8343912,4483444
03-07-2015,246.960907,247.3977064,242.3171106,242.3171106,4039288
06-07-2015,249.0873718,249.432209,243.7423959,244.6159946,3267780
07-07-2015,249.8575287,250.9265296,247.9379406,247.9379406,4141472
08-07-2015,245.7194214,248.4206454,245.0642365,248.0758083,5400676
09-07-2015,246.9149475,247.5701326,243.7079446,244.3056568,2797964
10-07-2015,250.7540894,251.731128,245.6390048,245.9378749,4900088
13-07-2015,251.9954987,254.2369401,249.4322036,249.4322036,7076084
14-07-2015,251.0069427,253.3173628,249.6620835,251.846052,5674116
15-07-2015,252.1218872,253.2138714,250.7655504,251.2713003,3849404
16-07-2015,256.2599487,257.248493,252.4437569,252.6046977,7310424
17-07-2015,255.3059387,257.8807115,254.1679593,257.3404723,3510988
20-07-2015,256.3864136,257.2485064,254.4898093,256.5473263,4551268
21-07-2015,252.4323578,259.3175966,251.2943781,256.6853503,11028136
22-07-2015,256.1910706,256.8002886,250.271365,252.0530239,7286400
23-07-2015,254.6967316,256.7197594,252.9035671,255.8461888,5083172
24-07-2015,254.6852417,256.3289712,252.9955451,253.6047631,4761008
27-07-2015,251.9265137,253.9150801,245.9838259,253.7771509,3328572
28-07-2015,254.8346558,256.0760751,251.144887,251.50123,6345672
29-07-2015,254.8001709,256.9956454,254.041546,254.0530237,3943032
30-07-2015,255.3059387,256.7887272,253.1334479,254.4898129,9462188
31-07-2015,255.5588837,257.7083635,253.5703166,256.4669438,5649500
03-08-2015,251.8230591,256.9036537,251.374754,255.8116695,4345728
04-08-2015,249.7655945,253.3404183,248.7310828,252.4438359,5390928
05-08-2015,251.0874176,252.3518205,249.4781775,251.0759399,4122780
06-08-2015,251.9494781,253.1908974,249.5356184,251.0184348,3743712
07-08-2015,251.1909027,252.3058706,250.2598311,251.4897448,3227140
10-08-2015,251.6506653,254.2484217,250.1218816,251.7311217,3954376
11-08-2015,251.6621552,252.6162103,249.2598008,251.7426396,2727688
12-08-2015,246.0872803,251.7081428,245.4550788,250.2138485,6005740
13-08-2015,247.7195435,248.903462,245.2022152,247.5930919,3465052
14-08-2015,253.2943878,253.7196813,248.2597599,248.9954013,3601660
17-08-2015,250.9265137,253.2944068,247.3172292,252.6622053,2500212
18-08-2015,249.7425995,251.9840414,247.9264512,250.9495297,1857316
19-08-2015,248.7080231,249.8919695,247.1332725,249.3976973,3004576
20-08-2015,247.0643005,249.3747206,245.5240392,245.5240392,3044852
21-08-2015,243.9838104,246.6620234,241.6159172,244.6045061,7758972
24-08-2015,234.2708588,240.1675655,232.4777084,240.1675655,14686328
25-08-2015,234.1329651,237.3169703,231.2018489,235.5697727,12347920
26-08-2015,232.9949951,236.5583128,231.9604835,233.8915774,5573000
27-08-2015,234.9720459,237.8111997,231.983457,235.6387367,13873432
28-08-2015,236.3168945,239.7192991,234.3513396,237.0295804,5553136
31-08-2015,236.2019348,237.4548599,233.4662353,234.7421299,3441460
01-09-2015,229.914444,234.7881457,228.2822202,234.7881457,10469144
02-09-2015,228.776474,233.0984303,226.4430703,231.0638826,8681688
03-09-2015,232.2592926,233.3397851,229.6615224,230.4201613,6507368
04-09-2015,228.9834137,231.2708368,225.2936581,230.397252,11404592
07-09-2015,226.3166504,232.1443933,225.2936306,230.1213512,5381740
08-09-2015,230.8225098,232.1903667,224.6039488,226.8338987,7444488
09-09-2015,233.6386719,235.6387302,231.0409014,233.2248701,6553120
10-09-2015,232.4202728,233.7881299,229.0408655,230.5811411,4463740
11-09-2015,232.3052979,234.4892665,231.4546967,233.2248636,4301760
14-09-2015,234.4203186,235.0180308,230.6960742,231.9259879,5060344
15-09-2015,232.9145355,234.40883,231.7535724,234.0180117,4332728
16-09-2015,235.2593994,236.3513838,232.5466832,234.2363937,4254052
18-09-2015,241.3285675,244.144738,237.0525918,237.9376684,7841168
21-09-2015,242.0641937,242.5354824,238.2480012,238.6158219,4276688
22-09-2015,236.9376068,243.6849146,235.7076933,241.3975061,6025212
23-09-2015,241.2021332,242.179172,234.1789652,234.3054027,5161152
24-09-2015,241.7078552,242.3055673,238.1675216,240.6963273,8252836
28-09-2015,240.5584106,243.6849286,239.7997577,242.5354714,5777108
29-09-2015,244.7884521,246.8804589,235.6617438,237.2480006,10418840
30-09-2015,245.7079926,246.6735254,243.9952844,245.5240682,9027796
01-10-2015,245.443634,247.5701301,243.5355236,247.1792978,5034788
05-10-2015,252.501236,253.9840525,247.6390268,247.6390268,8053372
06-10-2015,249.650589,254.6967228,248.9724205,254.4898149,4758964
07-10-2015,250.0644073,252.5012509,249.0528794,250.1218802,4386268
08-10-2015,248.9954376,250.7426071,247.2252846,250.1448949,3881908
09-10-2015,249.6965942,251.7311279,248.3287233,251.7311279,3443228
12-10-2015,248.4092102,251.8460761,247.7770087,250.0529116,2217340
13-10-2015,247.4436646,248.7770462,246.7195008,247.2597682,1823652
14-10-2015,249.3747559,249.7770659,245.3056883,245.7079984,2749148
15-10-2015,249.2368164,252.0759701,248.5126527,249.5931313,3925952
16-10-2015,252.8920898,253.2254212,249.4322124,250.5816696,4843688
19-10-2015,252.3748474,253.3633638,251.5702273,252.8805974,2654220
20-10-2015,251.7081909,253.5473228,250.8575756,252.4208489,3851356
21-10-2015,251.7311401,253.8001632,249.4322256,252.6277224,7273204
23-10-2015,254.8346558,256.03008,251.9610128,252.754127,4467048
26-10-2015,253.2254028,256.1450127,252.1908914,256.0875398,4887984
27-10-2015,255.3864288,256.0990867,251.8576005,251.8576005,8984032
28-10-2015,255.5243378,258.3979808,254.0415492,254.0415492,7694760
29-10-2015,253.6967621,256.2140626,252.8806361,255.179551,6702368
30-10-2015,252.7886505,255.6393103,250.685138,253.3403956,8097460
02-11-2015,248.9954376,251.9380596,247.4781596,251.7426574,3156552
03-11-2015,249.4092407,251.0414644,248.0988426,250.8000672,2548592
04-11-2015,248.6736298,252.4438561,247.8805153,250.5932463,2696444
05-11-2015,248.2483063,248.97247,245.8689351,247.9379584,3596952
06-11-2015,248.489624,250.3517388,247.190732,248.4436289,5881004
09-11-2015,244.7884521,245.9034202,241.6159386,243.2251789,11429432
10-11-2015,242.443512,244.8343886,241.9492397,243.6964372,4402580
13-11-2015,241.8573303,242.5354989,239.3170184,241.2481123,3940028
16-11-2015,243.9032898,244.8343613,240.2940057,241.0986257,4734732
17-11-2015,243.8688965,244.5585709,241.6619158,244.4436252,2567404
18-11-2015,241.0641632,245.0297906,240.5354297,244.0757355,2446720
19-11-2015,245.7309723,246.2022329,241.2940562,242.5354756,3277680
20-11-2015,246.179245,248.3402302,243.6849285,244.8114021,4648160
23-11-2015,245.0758057,247.2482688,243.4665654,246.9034316,3408280
24-11-2015,244.6849518,246.7884641,244.167696,244.8918597,4002252
26-11-2015,244.5930023,245.2941825,241.6389027,243.4550508,8791484
27-11-2015,248.1448364,248.7885156,243.9033223,244.7999046,6925072
30-11-2015,247.7655334,248.5126807,245.9148959,248.0988649,5247776
01-12-2015,248.9724731,249.4092726,246.7885041,247.6046301,1895332
02-12-2015,247.7769775,251.2023372,246.4091068,250.5816416,2562284
03-12-2015,247.5355988,248.5126373,245.363136,246.5585602,3807712
04-12-2015,243.4320526,246.8114456,242.7653618,246.8114456,5859828
07-12-2015,244.1332397,246.2367523,243.9378376,245.5700615,5814808
08-12-2015,241.213623,244.1217557,240.6963672,243.9148478,4902660
09-12-2015,240.7997894,242.995264,240.2020773,240.719333,3890616
10-12-2015,243.8228912,244.4206035,239.6158941,240.2365899,6514340
11-12-2015,240.5469055,243.8228586,239.5468834,243.6849293,3033920
14-12-2015,242.5469971,243.6504592,239.1101029,239.3170108,5878016
15-12-2015,243.5585327,244.2482072,240.3055905,242.0757438,4557416
16-12-2015,245.3631134,246.7539396,243.5354599,244.3745691,6842768
17-12-2015,248.3402557,249.2023487,244.8344109,246.8804505,4878012
18-12-2015,246.6735535,249.4322512,245.6390418,249.4322512,3172128
21-12-2015,247.2252655,248.259777,245.7654604,246.3861561,3097500
22-12-2015,245.1676941,247.4781141,244.6044713,247.0183313,2429536
23-12-2015,246.9263916,247.811468,245.7884402,246.5815544,3013968
24-12-2015,246.9034119,247.4551569,245.5930419,247.4091618,2146352
28-12-2015,247.6505737,248.2597917,245.4666049,246.9034265,7755428
29-12-2015,247.8114471,248.2482465,246.2826916,248.0413386,4231612
30-12-2015,246.9724426,248.7310901,246.5701325,248.2828129,2112560
31-12-2015,248.7770538,249.4092554,247.1333242,247.1333242,9290008
01-01-2016,250.294342,250.6391793,247.3977151,248.8345368,3195076
04-01-2016,246.0987701,249.2023044,245.5470251,249.2023044,5187536
05-01-2016,244.2367096,247.0873695,243.9953123,246.0298463,3160872
06-01-2016,245.3171997,247.5356582,242.9148449,242.9148449,4165536
07-01-2016,242.8113556,244.8114282,241.3170611,243.7079379,6055428
08-01-2016,244.2251587,244.7194309,243.052718,244.1331965,3488356
11-01-2016,243.3630981,243.9148433,240.3055585,241.8573259,3288912
12-01-2016,240.6848602,244.5815374,239.8917459,244.5815374,4258736
13-01-2016,243.7194214,244.3171335,238.3974288,241.8458005,4515148
14-01-2016,241.3285675,243.0872428,238.97218,241.4205297,6279184
15-01-2016,239.5813599,242.6388991,238.6502883,240.9262191,5417260
18-01-2016,235.834137,239.4204379,234.719169,238.0870844,6495388
19-01-2016,238.121582,238.5238921,235.9376132,236.1444931,6405212
20-01-2016,234.098465,254.7197312,231.7076023,235.6387405,9563588
21-01-2016,235.1789551,237.5353425,232.9720028,234.7191722,6300804
22-01-2016,236.8571472,240.0641214,234.9605289,235.7996242,4236284
25-01-2016,239.3515167,240.6273976,237.4894014,239.0756301,10143884
27-01-2016,238.0870819,241.0871484,237.477864,241.0296756,4039468
28-01-2016,237.1790009,240.6733678,236.7881966,238.8572197,9951972
29-01-2016,241.351532,242.5239728,237.9836166,237.9836166,5360184
01-02-2016,243.6274719,245.294185,242.2366174,243.2251619,4609484
02-02-2016,242.2596283,244.8918742,241.4319966,244.8344014,6528628
03-02-2016,239.9721985,241.7078903,239.5469049,240.1216336,4850244
04-02-2016,241.2021332,242.5125315,240.3630517,240.9262746,5675992
05-02-2016,242.5929565,244.5585397,240.3744984,242.0297337,7523904
08-02-2016,238.1330719,243.2251735,236.8571911,242.5354991,3481924
09-02-2016,235.8801422,237.1445452,234.6387227,236.0295492,5535460
10-02-2016,232.8685455,236.8226813,232.2133465,235.3858597,7682280
11-02-2016,224.2131042,232.8800138,222.5808807,232.1903395,8803600
12-02-2016,223.3165436,226.7764068,222.0751242,225.0637129,12542144
15-02-2016,223.8223114,227.1902268,223.2475828,225.2936223,10912960
16-02-2016,223.7878418,225.7534109,221.1555818,225.6384652,7136096
17-02-2016,224.1211853,225.2706426,220.4659056,224.5809682,7503924
18-02-2016,227.4660797,227.8798815,224.6039286,226.6729515,6799856
19-02-2016,227.4315796,228.1902185,223.799298,227.3051421,3328660
22-02-2016,227.3051758,228.9718888,225.9832999,225.9832999,4002396
23-02-2016,223.0062256,226.5580517,222.0751679,226.4201225,6078320
24-02-2016,218.3049164,221.3624839,217.569275,220.6957931,6463468
25-02-2016,216.7071838,220.0635934,215.6841641,219.3164462,8463196
26-02-2016,220.925705,223.2246197,217.2474414,218.3968988,6209388
29-02-2016,223.4199829,225.8913158,213.3392492,220.94865,8812752
01-03-2016,226.2476807,226.8453928,223.4200045,224.1326765,4322560
02-03-2016,231.5466614,232.3972625,228.741983,229.4316573,6358976
03-03-2016,233.535202,234.4892571,232.1903428,232.3627614,4610400
04-03-2016,234.6157227,235.6157589,228.3051994,233.4432818,5704624
08-03-2016,233.1444397,235.4088651,232.0754388,235.4088651,1913688
09-03-2016,235.5927582,236.7651989,231.4432065,232.880028,6528172
10-03-2016,234.7766571,235.8111687,232.2133617,235.592783,2671392
11-03-2016,236.4893188,236.9721133,232.8800344,234.466291,4730856
14-03-2016,236.2249603,238.6158089,235.6961988,236.3284002,3008656
15-03-2016,236.0295563,237.5698459,234.8686212,236.3054429,7690036
16-03-2016,236.8916016,237.7652002,234.2478643,236.0984874,4803548
17-03-2016,234.1214752,238.8572338,232.4547621,237.9261622,5113484
18-03-2016,236.4203644,237.247968,233.4202698,235.1674532,4135068
21-03-2016,240.3744812,240.7767912,237.3054361,237.4778547,5318796
22-03-2016,242.2710724,242.9032738,239.2479945,240.581376,4120264
23-03-2016,241.236557,242.0871721,239.2135293,242.0871721,8464300
28-03-2016,240.8113251,242.0757282,239.4664655,240.2365964,11270868
29-03-2016,242.2596283,243.5699984,240.0641537,240.8113009,6733952
30-03-2016,244.8229065,245.9608861,242.2826226,243.225172,7814380
31-03-2016,246.2482452,248.0299041,244.8459129,245.2597007,20080392
01-04-2016,244.7079468,247.4551665,242.9492996,245.7079971,5158648
04-04-2016,245.7654419,246.6275347,244.604479,244.8803374,6179960
05-04-2016,243.0987091,247.5701148,242.6849213,245.7539667,6663028
06-04-2016,244.0297546,245.2826517,242.9377703,243.9148089,4295376
07-04-2016,242.6504517,244.7769478,240.7078799,244.6045292,3911692
08-04-2016,243.5355377,244.4551037,242.3630968,242.5355154,2962796
11-04-2016,246.20224,246.9264037,239.7422958,243.7539185,4049620
12-04-2016,244.3746033,246.2137348,243.5125104,245.8918812,4941480
13-04-2016,248.6850586,249.4207,245.8688885,246.4436171,4974604
18-04-2016,250.0759125,251.0414453,246.3516544,249.0873681,4117068
20-04-2016,252.386322,252.8805943,249.0988911,251.0184791,3821352
21-04-2016,250.8460236,254.0645034,250.3517514,251.7310999,8191728
22-04-2016,251.0759583,253.0760027,249.4781958,250.4667403,7809320
25-04-2016,251.3288269,252.8805942,249.3172767,252.8805942,5561960
26-04-2016,256.0645752,256.328956,251.1563986,251.7311272,7053796
27-04-2016,258.4439697,258.6278941,254.9496307,255.1450329,5763636
28-04-2016,256.0875854,261.3176163,255.2599818,258.443973,8089584
29-04-2016,260.3175659,261.1566753,254.3058992,256.0530966,5611940
02-05-2016,256.9382324,259.7773867,256.5589058,259.2601309,3862716
03-05-2016,257.0186768,260.926832,255.9037087,257.9152591,4695296
04-05-2016,259.1681519,260.8118815,256.1565791,256.9037264,5292328
05-05-2016,260.3061218,260.8693447,258.0991413,259.3175773,5214248
06-05-2016,257.3979492,260.2945757,256.8462042,260.2371028,2733152
09-05-2016,262.3981323,263.2142302,257.2485577,257.4784492,6953180
10-05-2016,263.2027588,263.800471,261.1797026,262.8809051,5453000
11-05-2016,261.800415,263.2257309,259.7083802,260.8578376,6147372
12-05-2016,264.1682434,264.8349342,260.3520512,262.9958027,4221688
13-05-2016,262.2831421,263.9153657,259.7773199,263.9153657,5045316
16-05-2016,267.3178101,268.030468,260.3635932,263.2257307,4518768
17-05-2016,265.1683044,268.8006009,264.6740602,267.8350679,4295424
18-05-2016,262.2256775,264.6050483,260.1221652,264.6050483,4162644
19-05-2016,261.9153442,262.6969527,260.2371254,262.0992406,3855796
20-05-2016,262.2831421,264.0303114,260.6049234,262.0647284,2016632
23-05-2016,261.3291321,264.3636883,260.5130061,262.5245565,3463532
24-05-2016,262.0647583,262.9153735,261.0532583,261.7084434,3259468
25-05-2016,269.7316895,270.3408794,263.5246194,263.5246194,5767348
26-05-2016,272.019043,273.3179352,268.1108885,270.3753136,13705560
27-05-2016,272.8351746,273.5708159,270.5132485,272.0190487,5775184
30-05-2016,271.2144165,274.7202608,270.83509,272.8811294,3814532
31-05-2016,271.7087097,272.6282755,270.6741982,272.6282755,5515640
01-06-2016,270.1569214,271.9500577,269.2028663,271.9500577,5675632
02-06-2016,270.1110229,271.4099156,269.2029627,270.0535501,7910616
03-06-2016,269.3753052,272.4213669,268.7546095,271.2948932,4524420
06-06-2016,269.2258606,271.8236451,268.9844914,270.3523343,5547308
07-06-2016,269.8235779,271.2719052,268.4327515,270.5707251,5628504
08-06-2016,267.2717285,270.8120616,266.9039079,270.3063117,4742812
09-06-2016,266.5361938,267.6396561,264.949937,267.2488518,4648184
10-06-2016,266.9844055,269.5936676,265.800459,266.306237,6322312
13-06-2016,265.0418701,267.8120454,264.6165765,265.4671637,3323236
14-06-2016,264.8004761,265.9844227,263.0533066,265.5246398,3828768
15-06-2016,268.8695374,269.1798852,265.11079,265.5246058,3045824
16-06-2016,267.168335,268.7085963,265.605062,268.1798629,4727768
17-06-2016,268.973053,270.812185,267.950047,268.2833785,3761652
20-06-2016,269.4442444,271.0994513,266.3981831,266.4441502,2742764
21-06-2016,268.2029114,270.2259396,266.9499859,270.1224997,2670968
22-06-2016,269.3178406,270.1224607,268.0534376,268.0534376,3803840
23-06-2016,273.593811,273.9961211,268.3982698,268.9270314,3926732
24-06-2016,267.1109009,269.4098155,263.6855124,266.6396121,11173964
27-06-2016,266.6626282,268.7431574,265.0763993,267.133917,4163788
28-06-2016,268.2718506,269.6856888,264.3752012,266.9614804,4034980
29-06-2016,270.7865906,271.0647132,268.7932746,270.0217109,5420668
30-06-2016,272.6755981,273.4984225,269.3611851,271.4124176,16278892
01-07-2016,272.2236023,274.6572743,271.5978122,273.4983829,4304876
04-07-2016,271.8296509,273.3825545,271.5051555,273.0812313,7249852
05-07-2016,270.1607666,272.1772547,269.3263704,271.8295872,2136328
07-07-2016,274.8080139,275.5265212,269.0714996,270.6939481,4832616
08-07-2016,272.3047791,274.7963962,271.4703827,274.6805071,3118868
11-07-2016,278.0761108,278.57444,273.7418665,274.8891581,5102532
12-07-2016,278.6323242,280.4286063,277.1025929,280.4286063,7046032
13-07-2016,277.6124573,278.5859148,276.5810552,278.0876141,6687072
14-07-2016,278.2150879,278.6323002,276.326089,278.3657495,3459668
15-07-2016,283.6271362,284.1602377,276.9982815,279.01477,5774216
18-07-2016,284.4963074,287.0574693,283.3837883,283.9284618,4438484
19-07-2016,282.387085,285.2611415,281.3440826,284.8555295,2586004
20-07-2016,285.5972595,287.0574744,283.1751872,283.4649101,4690332
21-07-2016,284.7628479,287.3819543,283.3490058,285.2495767,9112904
22-07-2016,285.2727966,286.1651376,283.1172467,285.8638144,5620272
25-07-2016,289.0159607,289.5954065,284.3919946,285.7826645,9872884
26-07-2016,287.1269836,288.7146594,286.2809871,287.9613799,5665992
27-07-2016,286.6981506,289.1550232,285.0873028,287.636864,10734736
28-07-2016,289.3636169,290.0126075,286.3736994,286.9415449,10646528
29-07-2016,288.8421021,289.7228709,286.2461964,289.2593143,3395676
01-08-2016,287.9382324,291.797319,284.5426742,289.4911359,5560864
02-08-2016,288.1700134,291.2178759,287.4978506,289.0275819,5329396
03-08-2016,287.5094299,289.7113242,285.3191359,287.6600915,4733876
04-08-2016,287.6369324,288.9580577,285.9217669,288.9348855,4662880
05-08-2016,289.5490417,291.0324285,287.8107045,289.1202576,5784912
08-08-2016,289.630188,290.8817966,288.4597244,290.3950678,4728776
09-08-2016,289.0739441,290.3950977,286.8720498,290.3950977,4210856
10-08-2016,284.3687744,289.943025,282.7115541,288.5639556,3619720
11-08-2016,284.6817627,286.2462666,283.233148,284.3456954,2856072
12-08-2016,284.7860107,286.2462255,282.6304893,285.3307124,4641496
16-08-2016,284.4615173,287.0458227,281.3325103,285.7826423,3468568
17-08-2016,286.2230225,286.8256404,284.16019,285.875355,5511036
18-08-2016,290.3023376,290.8586113,286.1419282,286.9415521,6111656
19-08-2016,289.0507507,289.7229136,287.7411975,289.7229136,4110636
22-08-2016,289.79245,290.7543074,287.6369002,288.5756137,5501292
23-08-2016,290.05896,290.650006,288.8073797,289.954671,5314524
24-08-2016,292.4579163,293.0141616,289.0391858,290.1980775,5570936
25-08-2016,291.7046204,293.6167915,290.7195625,292.9678009,8729888
26-08-2016,291.3685608,292.4811082,290.6268814,292.0407237,2521136
29-08-2016,286.9647522,290.9977009,286.5243677,290.9977009,2944184
30-08-2016,294.0455627,294.474347,288.3206214,288.5871722,9867608
31-08-2016,299.2721558,300.1529247,293.3154642,294.1266884,11161364
01-09-2016,297.5338135,298.9940282,295.6100704,298.5304716,5224676
02-09-2016,297.8583374,298.7622786,296.9428243,297.9510544,3955188
06-09-2016,301.4045105,302.2157346,299.0056107,299.0056107,5508884
07-09-2016,298.2407227,302.4706766,297.3947262,301.5435634,4016444
08-09-2016,298.8549805,300.210878,297.5106549,298.9940418,2905380
09-09-2016,299.086731,300.0370164,296.2822191,298.994014,4013768
12-09-2016,296.6531067,297.6961092,294.706163,295.4478423,3985728
14-09-2016,294.230957,295.9808945,293.2922719,295.5173379,3849508
15-09-2016,296.5835571,297.5802153,294.3237183,294.8220474,3501812
16-09-2016,300.8135071,302.3548387,297.5570384,297.5570384,6525816
19-09-2016,299.0288086,301.8912652,298.5304795,300.6164844,5894832
20-09-2016,298.6347961,300.1529556,297.6149941,299.6082822,3778248
21-09-2016,299.6893616,300.8482531,298.5072978,299.4575833,4256400
22-09-2016,302.9111023,305.2404575,301.4393156,302.4707178,6555800
23-09-2016,304.2553711,305.5880964,301.6594654,302.714068,4876808
26-09-2016,300.4194641,303.3746376,299.8515903,302.725647,5576772
27-09-2016,300.8598633,302.737262,300.1181557,301.0800414,4056812
28-09-2016,300.2108459,301.3117929,298.7622316,301.2886207,4989652
29-09-2016,296.0967712,302.7024526,293.8832772,300.836626,16450012
30-09-2016,295.019043,296.908042,293.7558624,296.0041009,4138428
03-10-2016,298.3450317,298.9708502,295.8418429,296.9080175,3900548
04-10-2016,298.88974,300.1529205,297.2093472,298.6695336,2775512
05-10-2016,298.0901184,301.3234432,295.8418798,300.8482863,3647020
06-10-2016,297.1282349,300.2920149,296.4561003,298.321899,2895712
07-10-2016,296.8153381,298.4725589,295.807108,297.6033902,3337464
10-10-2016,297.6845093,298.5073337,296.3865562,297.8351709,4719312
13-10-2016,292.6780701,296.4444677,291.2178554,296.4444677,4519356
14-10-2016,292.4579163,293.8949306,290.6500339,293.3734294,4067116
17-10-2016,286.8720398,293.5240951,285.7247483,293.315489,5135360
18-10-2016,291.5423279,292.0406569,287.1733126,288.1467701,2610968
19-10-2016,291.6582947,292.7360697,289.2593943,292.2956852,3044904
20-10-2016,290.9977112,293.7674511,289.9547086,292.0986583,3200356
21-10-2016,294.520752,295.0422533,289.7229512,291.1136214,3956408
24-10-2016,292.8635254,295.9461603,292.2840796,294.7640964,3255664
25-10-2016,289.79245,293.894915,288.3438354,293.894915,5501796
26-10-2016,287.2428894,293.199581,286.2578315,288.1815746,5366540
27-10-2016,290.2095947,291.345314,283.7314028,287.1733047,11623860
28-10-2016,291.8204956,292.4810581,287.4282796,290.765893,5320536
01-11-2016,291.9943237,292.9330089,289.0391503,291.1135548,3402416
02-11-2016,288.8305969,291.0440632,287.7528219,289.9778884,6474432
03-11-2016,290.8702087,292.0407006,285.4929627,288.5640256,6315812
04-11-2016,288.2626953,290.3719007,287.8107389,290.3719007,5734920
07-11-2016,289.595459,290.8470678,287.4051648,290.1865051,5671392
08-11-2016,290.7195435,291.5771119,287.4282745,289.9778359,5348164
09-11-2016,290.0126038,291.438046,277.0561909,278.1339656,13645468
10-11-2016,296.3401489,297.371551,290.6731527,292.9098189,10700736
11-11-2016,295.7027893,297.1398036,293.3386335,295.285577,7139320
15-11-2016,290.8238525,298.7622601,289.8735671,296.0968094,12512524
16-11-2016,288.4133606,293.8949238,287.4167307,293.8949238,8647744
17-11-2016,285.133667,289.4679384,283.9632035,287.0110939,4815624
18-11-2016,280.7762756,286.4780169,280.2663463,286.4780169,6879900
21-11-2016,277.8326721,282.6536727,275.4337721,282.6536727,5552520
22-11-2016,277.6820374,279.7100977,275.6655489,279.7100977,10017784
23-11-2016,274.5993958,278.8293506,273.7533991,278.8293506,3532692
24-11-2016,270.1376343,274.9586347,269.0714597,274.4255332,15285996
25-11-2016,275.6539612,276.557874,268.3992886,270.9488501,5969960
28-11-2016,274.5298767,277.8790911,273.0580897,273.5564189,4130180
29-11-2016,273.2087097,276.4999507,272.6872085,274.5877795,3932644
30-11-2016,278.0412903,278.597564,273.753391,274.6573322,6442840
01-12-2016,277.496582,279.9650267,276.5115242,278.6670738,4476984
02-12-2016,275.607605,278.5859508,272.733548,275.5844328,4062672
05-12-2016,277.2880859,277.8907041,272.6872903,275.2600249,4551936
06-12-2016,276.8475952,278.7945387,275.8625374,276.9750846,2702964
07-12-2016,273.8692322,279.5014562,270.4852747,278.5627427,5628192
08-12-2016,278.0181274,279.4203978,275.1208981,275.1208981,4309696
09-12-2016,277.7399902,278.6671036,275.3526621,277.9253959,4387952
12-12-2016,274.5298767,276.3145871,273.7534248,276.2798147,3425272
13-12-2016,274.947052,275.8973375,273.1623701,273.556382,2526868
14-12-2016,272.50177,275.3526548,271.9686968,275.1208765,4314144
15-12-2016,272.7103577,276.8591951,269.6972396,269.8363009,4941488
16-12-2016,274.0315247,274.6573148,271.5399077,272.7103712,3255828
19-12-2016,272.7451477,273.3825381,271.2965332,272.7567479,3160436
20-12-2016,273.9388123,274.6573194,271.5746563,272.5713145,4189992
21-12-2016,273.4984131,274.6573047,272.3395215,274.4255264,2658876
22-12-2016,271.8991394,273.3825263,270.8097926,272.6640192,2805716
23-12-2016,274.947052,275.642387,271.0184205,271.4124324,4752516
26-12-2016,272.3395386,274.9122724,271.2038191,273.162363,4183864
27-12-2016,274.7036438,275.0976839,272.0845659,273.3361744,4899296
28-12-2016,275.0628967,276.9634675,273.7301715,275.793004,6507840
29-12-2016,279.3392029,279.9765932,273.8344681,274.6572924,8100816
30-12-2016,279.5710449,280.9153707,278.1224302,278.1340304,4066540
02-01-2017,277.461853,280.4749715,276.2913894,280.3243099,3708656
03-01-2017,275.7930298,278.5859416,274.8311441,278.3194191,3847500
04-01-2017,274.7731934,276.2797524,274.3791815,275.7814234,6967120
05-01-2017,274.9354248,276.8591961,274.2169177,275.5844154,6776384
06-01-2017,276.6622314,277.7631786,275.3990225,275.839407,5525260
09-01-2017,277.0214539,279.0958869,276.3145469,277.8674504,4573796
10-01-2017,281.460022,282.0278959,277.0446616,277.2532394,5546116
11-01-2017,286.0144653,286.9647508,281.7265661,282.1901228,9343404
12-01-2017,286.2462769,288.2627373,284.0443824,286.2462769,2916316
13-01-2017,285.6667786,287.3355711,284.7628375,287.1733376,3850412
16-01-2017,289.1782227,289.5954067,285.7363203,285.8985538,3765864
17-01-2017,287.0574951,290.2792199,286.5359938,289.0276112,3559612
18-01-2017,288.0077209,291.1135559,287.6021089,287.6137091,4612888
19-01-2017,286.5475769,288.540865,286.2462537,288.540865,3512412
20-01-2017,286.5591125,288.5640006,285.0873259,286.4779958,13942068
23-01-2017,288.4829407,289.7229492,286.4317079,286.4780522,4793848
24-01-2017,293.7906494,294.7061625,289.5490944,289.7229282,10261864
25-01-2017,299.1330872,300.2919787,294.3816317,294.9610775,15636984
27-01-2017,299.4343872,301.3117858,298.5304462,301.0800075,6852236
30-01-2017,297.8235168,299.6777433,296.803715,299.6777433,5319628
31-01-2017,298.2175598,299.6198016,295.9808935,297.232502,6101040
01-02-2017,302.6329651,303.6296233,296.7921623,298.1132875,10910664
02-02-2017,301.010498,302.6329463,299.5966559,302.6329463,5971636
03-02-2017,303.8729553,305.0202466,300.5005697,301.0800155,8005104
06-02-2017,304.5799255,305.9474235,303.9657072,304.1627415,4310220
07-02-2017,302.9690857,305.4838752,301.9955996,305.0203185,3411920
08-02-2017,302.6213379,305.6460277,300.8830007,303.0617223,4940960
09-02-2017,300.7671509,305.9242186,299.5850871,303.4905462,4465376
10-02-2017,302.1462097,303.3398737,300.8482568,300.9293735,3296736
13-02-2017,303.6759644,304.7885117,301.1264027,303.0617744,2795792
14-02-2017,303.8845825,304.5567454,302.2389619,304.5567454,2446060
15-02-2017,306.4572754,306.8744877,303.0385453,304.0931479,6126940
16-02-2017,307.7784424,308.9605062,306.0053325,306.6427229,5043700
17-02-2017,319.1703491,337.0056797,315.3228063,334.9196748,402259960
20-02-2017,326.5987854,328.0705719,315.021471,315.4965996,10566716
21-02-2017,328.093811,329.5424255,323.8870289,325.891917,6260028
22-02-2017,324.2926941,328.8471445,323.2960358,327.9663754,5296776
23-02-2017,323.1685181,329.4381046,321.4881253,325.3704121,34494980
27-02-2017,323.0062866,324.1072337,319.5296115,322.3804964,4681376
28-02-2017,322.1950684,323.6205108,320.8971153,322.844059,2928008
01-03-2017,322.5542908,323.6784099,321.3374546,323.6668097,3481736
02-03-2017,319.8772583,323.5625393,318.9849174,323.226472,4601988
03-03-2017,319.158783,320.8971206,317.3045562,320.8971206,2492824
06-03-2017,320.0279541,322.1487316,318.2548441,319.1124409,3679124
07-03-2017,321.2911072,321.5924303,318.9733239,320.3755941,3112876
08-03-2017,322.6817932,324.3042416,320.0974874,321.6851633,3782144
09-03-2017,323.1452942,324.1882965,320.2364935,320.2364935,3509316
10-03-2017,324.5128479,326.3439024,322.9019998,323.330784,5860704
14-03-2017,326.969696,330.0871317,326.0310107,329.6119748,7155020
15-03-2017,328.3371582,329.1252101,326.9349164,327.0276051,4271860
16-03-2017,328.5110168,329.7857977,327.6534483,328.6848506,4980108
17-03-2017,330.4811096,330.8635495,327.4679915,328.7891449,3390464
20-03-2017,332.856842,333.7260107,330.5042864,330.6665482,8142344
21-03-2017,333.9809875,334.9197011,332.3701394,332.3701394,5557280
22-03-2017,331.6516418,333.0654841,330.4695779,330.9099342,5636544
23-03-2017,331.6516418,332.6019274,329.7974151,332.4628661,4922472
24-03-2017,330.1334229,332.4743781,329.5887495,332.1383108,3810364
27-03-2017,326.7726746,330.0523436,325.4283772,330.0523436,5864084
28-03-2017,329.1716003,330.2146029,327.5259797,328.7312441,8061400
29-03-2017,331.1184998,332.5555423,329.1252119,329.3106458,8575772
30-03-2017,339.8333435,343.0202952,330.2956888,330.9794235,34321092
31-03-2017,334.3517761,337.0056262,332.9611064,336.9592818,9651392
03-04-2017,332.1847229,336.1017827,330.5159301,335.1514971,4149052
05-04-2017,331.9876709,335.2673398,330.8751519,332.6598337,5744080
06-04-2017,333.4130859,334.4560883,330.2956791,331.7906378,6124416
07-04-2017,333.4941711,334.9196132,331.1184438,331.6863175,4648360
10-04-2017,332.4049072,334.4561398,332.0572397,334.4561398,3393876
11-04-2017,333.6448669,334.0388787,331.7906405,332.3700863,4356260
12-04-2017,334.6183777,336.0669923,332.7178066,333.5290308,3565092
13-04-2017,333.8303833,335.8236715,333.0771036,334.4561736,4804236
17-04-2017,333.019104,334.6415523,331.037388,333.8303281,7137056
18-04-2017,335.4527588,337.2374405,333.2972092,333.7607658,3638860
19-04-2017,335.8468323,337.6431145,333.2972704,335.3832756,4338144
20-04-2017,338.8946838,339.798625,336.7623063,336.7739065,5781372
21-04-2017,346.879425,347.4356987,336.8434409,339.7870142,17258032
24-04-2017,355.3277893,356.7068591,346.972169,347.2271195,20206952
25-04-2017,356.2548523,358.2133676,354.528087,355.7912957,9057780
26-04-2017,359.407074,359.9517474,340.3548782,357.6223639,7795852
27-04-2017,363.5674744,364.8074827,358.3524621,358.3524621,16180420
28-04-2017,358.4451599,361.550995,356.2664381,361.550995,5437728
02-05-2017,357.0776672,359.4649952,354.7019395,358.5610541,4007040
03-05-2017,357.9353333,360.2415166,356.7880134,360.2415166,2507964
04-05-2017,355.7333679,357.6107666,352.9056555,356.7647701,5131028
05-05-2017,355.1307678,357.6108131,353.7632982,357.4253791,2757896
08-05-2017,355.7333679,356.9386038,354.2847535,356.4750472,3747252
09-05-2017,355.9535522,358.236563,355.2350451,355.7333742,3345836
10-05-2017,359.673645,360.4153244,356.2549145,356.9386492,2342244
11-05-2017,358.4219971,361.5741765,357.1703885,359.4881717,3875744
12-05-2017,359.6388245,360.8556606,356.0578326,358.3060992,6147604
15-05-2017,360.0444946,360.9252354,357.4601604,359.2564426,2804780
16-05-2017,361.493103,362.0377765,358.8508242,360.4153281,3590376
17-05-2017,360.9136658,362.8258372,359.6041124,361.2961057,3472472
18-05-2017,360.9020386,361.9218689,358.8160336,359.0246397,3107280
19-05-2017,361.8639221,363.8688104,358.1554688,361.45831,2854136
22-05-2017,365.2826538,366.2097671,362.2927076,362.7562643,2860052
23-05-2017,363.6833801,367.032594,362.7330946,366.2097696,3080172
24-05-2017,363.1387024,365.1551626,362.0377553,363.6718039,3467388
25-05-2017,374.8203735,377.6596584,363.2198555,363.2198555,20090804
26-05-2017,376.871521,378.2621908,371.1002356,372.3866165,5443156
29-05-2017,378.2390747,381.9707003,374.9362334,375.4345625,5916340
30-05-2017,377.5784607,378.6098628,374.5885149,377.7986388,4434184
31-05-2017,379.2356873,380.8117912,376.2109971,376.6397813,5318912
01-06-2017,377.4741516,380.0816576,375.6083532,379.8846517,3359540
02-06-2017,378.7837219,381.5302894,376.9178951,378.7257773,3213544
05-06-2017,379.085022,379.8730456,376.6397495,378.6562095,2899900
06-06-2017,379.8731079,380.9972555,377.798703,378.9575948,5002632
07-06-2017,380.3018799,381.2521653,377.8797795,380.2091629,2554276
08-06-2017,381.2174072,384.6129654,380.4989001,381.0204013,4248768
09-06-2017,386.3281555,387.0698349,380.1396568,380.1396568,5305272
12-06-2017,386.7800293,388.4604219,384.7519692,385.6790824,3971412
13-06-2017,388.6227417,392.1457895,384.983833,385.1576667,5051620
14-06-2017,387.3479309,389.3759913,386.3744732,388.2286999,3858360
15-06-2017,385.7602539,388.3677601,383.2686369,386.6062505,3526692
16-06-2017,386.8959656,388.1591461,384.3116316,385.9109077,3755104
19-06-2017,392.3775024,393.0960095,386.6989339,387.3015518,3825532
20-06-2017,390.9057312,392.6324683,389.3527995,391.7053551,3660264
21-06-2017,393.7218323,394.3128783,389.2948719,389.9902069,3410932
22-06-2017,393.5596008,397.7316107,391.9834969,392.8526656,6675460
23-06-2017,389.0746765,394.6605283,388.2750243,394.4866945,5217468
27-06-2017,386.525116,392.8642473,383.8828375,391.4735774,6000432
28-06-2017,386.2469788,388.2286948,384.2421189,385.9109115,4449036
29-06-2017,388.0202026,392.4182491,385.2320305,388.941799,9187708
30-06-2017,385.4537354,387.3086055,383.3421921,385.8620426,4330432
03-07-2017,386.9819336,389.0584733,384.3337752,385.582023,3504332
04-07-2017,385.757019,388.8718144,385.4420449,387.3669219,3766080
05-07-2017,384.6837463,387.1919194,383.8088023,385.6986758,4014200
06-07-2017,386.8769531,388.0085418,385.2903764,385.5703756,4571676
07-07-2017,388.9884949,389.5484648,386.8419766,387.5069285,5517396
10-07-2017,391.1233826,407.8406554,387.5536273,389.1751792,1309252
11-07-2017,392.0682983,394.4948157,388.9651518,391.4033465,4410280
12-07-2017,392.2666016,393.1415457,386.9702847,391.9749535,5738892
13-07-2017,392.8032227,395.0780772,391.8932752,393.8414782,4481004
14-07-2017,391.9632263,393.3864913,390.1083565,392.8848511,2443252
17-07-2017,392.5232544,393.7598535,391.2750065,392.5699352,2399340
18-07-2017,392.8032227,393.8064747,391.3566314,391.904924,2322188
19-07-2017,394.8448181,395.7547373,392.4066233,393.1415821,3987244
20-07-2017,399.1844482,400.141048,393.8764547,395.2180355,3698476
21-07-2017,397.3529663,400.1994398,396.6413337,399.9311179,3873508
24-07-2017,404.8308105,405.9740766,395.474747,398.9745235,19678176
25-07-2017,405.8924255,410.4071316,404.3525295,410.4071316,11160468
26-07-2017,407.7356567,409.4738677,404.2242028,406.440728,3895344
27-07-2017,417.5583191,419.6931883,408.6688929,409.7071485,17961712
28-07-2017,414.9568481,416.8233957,410.8971016,413.4402783,9255396
31-07-2017,416.333374,417.8732698,412.1686461,414.7351486,7369140
01-08-2017,419.3198547,422.108027,413.4868942,415.7384227,8516860
02-08-2017,418.0249634,421.6063955,415.7851122,421.6063955,7397916
03-08-2017,415.2951355,418.106634,414.0002353,417.1733603,4256784
04-08-2017,417.6983032,419.214873,412.075335,414.6068341,3545068
07-08-2017,417.3016968,419.1448896,416.4734049,416.7067234,1918660
08-08-2017,414.816864,419.3315702,412.063695,418.1299745,4035372
09-08-2017,411.6786499,414.6184846,410.2554133,413.2068969,3270056
10-08-2017,410.7454224,412.0403511,408.972208,410.6404405,7788444
11-08-2017,408.0855713,410.1737596,403.9091661,407.1406203,6359836
14-08-2017,409.9871521,414.1285544,407.8406338,409.007226,3577084
16-08-2017,415.5984802,417.5933643,407.9689785,411.1887559,4426832
17-08-2017,411.9003296,415.5284138,409.1821644,414.4318287,5454868
18-08-2017,408.8088379,410.8737,406.6739688,410.6403816,3707464
21-08-2017,406.7206726,410.4071152,405.5540805,409.240523,4009724
22-08-2017,407.6072693,409.2404982,405.2274329,408.6105499,6609556
23-08-2017,413.5452271,414.8284784,408.3072399,408.3072399,3360524
24-08-2017,411.2237854,414.1285888,410.4421743,414.11694,7878276
28-08-2017,411.1654053,413.241945,410.2554577,411.2004087,1507784
29-08-2017,407.4089966,410.4071328,405.5074456,410.4071328,4918596
30-08-2017,412.6353149,412.9736153,408.318924,408.7622063,2694320
31-08-2017,414.4784851,415.2717734,409.800468,413.4402296,7303436
01-09-2017,412.4136353,415.6450897,410.8970655,415.5401078,2295172
04-09-2017,408.5172729,411.8070573,407.397333,411.8070573,3642524
05-09-2017,409.5554504,411.7836526,408.5405211,409.9404315,3682436
06-09-2017,410.617157,411.2937862,405.5074771,406.8490582,5751632
07-09-2017,412.1687012,414.5485379,410.6637801,410.6637801,6946420
08-09-2017,417.0916748,417.6399674,413.2069175,413.7668874,8311664
11-09-2017,425.4211121,426.7393668,417.6866012,418.3399041,11477676
12-09-2017,428.1859436,429.2825572,424.2428852,426.4360555,6687680
13-09-2017,429.7375183,431.4057507,425.5727903,428.1392929,4995376
14-09-2017,429.1659546,432.2224205,427.3227332,429.3409434,8154016
15-09-2017,431.394104,432.0590843,427.7776683,428.3726417,3767332
18-09-2017,434.077301,435.0105748,432.2224307,432.4674265,4084928
19-09-2017,431.5691223,435.8388613,431.0675104,435.1155798,4241468
20-09-2017,431.3707886,434.3105952,430.5308479,431.1724736,3446128
21-09-2017,429.0959167,431.2891157,427.1360362,431.1724565,7712496
22-09-2017,425.5961304,429.0609033,424.6395305,428.0926546,8243524
25-09-2017,419.9148254,425.2111422,418.246593,425.2111422,10149228
26-09-2017,418.1766357,419.1798879,416.4733998,417.4183508,11438732
27-09-2017,414.4901733,421.2797337,412.9736036,419.0398825,7337220
28-09-2017,418.8765869,419.7398537,411.4103972,413.906893,27646464
29-09-2017,421.3030396,425.106141,419.098192,419.9964622,6213632
03-10-2017,422.0380249,424.8728494,419.2965334,421.8397099,4394424
04-10-2017,419.2732239,422.7496742,418.4216059,421.8164005,6625104
05-10-2017,419.6465149,421.1397585,418.3632636,418.8065743,3336196
06-10-2017,419.99646,421.0113893,418.5732234,419.506497,3030660
09-10-2017,418.9232178,420.6731059,417.7566257,419.6931799,3062492
10-10-2017,420.6030884,423.4612389,418.2582554,419.7398217,3798180
11-10-2017,417.6749878,423.5312746,417.0800144,420.7314535,5267440
12-10-2017,424.3595276,424.9777986,417.1733093,418.8298643,5381560
13-10-2017,431.8257751,433.1673562,425.1061928,426.202778,6433464
16-10-2017,433.307312,437.0637329,429.7725322,433.9722638,3274544
17-10-2017,431.9307556,432.5023744,429.0959309,431.6391076,2613288
18-10-2017,435.9555054,437.4720752,429.0726114,429.5392483,3926720
19-10-2017,431.2658081,435.1388885,429.4575902,434.3922809,570008
23-10-2017,434.742218,436.2354331,428.3842912,433.9489297,4162892
24-10-2017,435.6288147,438.5452949,432.3390307,434.6722149,11328872
25-10-2017,418.8299561,434.672285,416.4734453,433.9723296,21367208
26-10-2017,418.8882446,422.3063654,410.1388034,412.5069912,28571464
27-10-2017,417.8850098,421.7230868,415.0735111,420.9998053,7472088
30-10-2017,423.4729004,423.7062188,418.1999102,419.5648172,5422352
31-10-2017,421.9563293,422.6562846,419.7981341,422.6562846,4682460
01-11-2017,424.9194946,425.806116,422.7729766,423.496258,4190612
02-11-2017,425.1295166,426.9260856,423.927921,425.3395089,4737944
03-11-2017,427.1360168,429.3058895,425.0128249,425.9694248,3810488
06-11-2017,426.6460876,429.3059235,425.246177,425.806147,6148244
07-11-2017,425.5027771,430.4607934,424.8144992,428.8392418,7446376
08-11-2017,426.0277405,427.812632,424.4061889,425.8527517,3283144
09-11-2017,426.4711304,428.139363,424.8962308,426.2728154,3113308
10-11-2017,425.1061707,428.0926579,422.8546422,425.0361637,7744360
13-11-2017,423.1346436,425.3744948,418.8065754,425.1061729,3335872
14-11-2017,420.5214539,424.4062113,419.9731613,423.6829299,4712468
15-11-2017,420.0315247,420.8248131,417.1733737,419.5065582,6148368
16-11-2017,421.7697144,423.7062687,418.853234,420.9064476,4012972
17-11-2017,425.9344482,428.9092581,423.0412942,426.6693785,6358772
20-11-2017,428.8742981,429.2359246,426.7394287,426.7394287,2392424
21-11-2017,430.7641602,431.6391043,428.3959723,428.7109465,2275532
22-11-2017,432.8640442,433.9723068,430.3675482,431.5691154,5660796
23-11-2017,429.9708557,433.9722724,428.839267,433.738954,3232580
24-11-2017,431.9657593,433.459003,429.5392418,430.0058787,5203684
27-11-2017,433.4006348,434.4388903,430.6124626,431.4057509,3870472
28-11-2017,435.22052,436.5387748,433.003995,433.0389984,5090540
29-11-2017,437.0753784,437.5886675,432.9923063,435.1388243,3274584
30-11-2017,432.5023804,437.2270788,429.3059291,436.002157,5796312
01-12-2017,431.2190857,433.9722544,430.2624859,432.7823362,3858148
04-12-2017,427.9292908,432.7823251,426.9960171,432.7823251,3641932
05-12-2017,424.7445374,426.6344395,421.6064158,426.0394661,3893360
06-12-2017,420.743103,424.9544833,419.7398225,424.6278318,6395120
07-12-2017,422.2246704,423.846222,420.6964234,421.5247152,4231304
08-12-2017,429.3992615,432.3390681,423.239649,423.239649,8956400
11-12-2017,430.7991638,432.0474117,429.3059201,431.1724676,3198232
12-12-2017,424.6162415,431.6157948,423.6946165,431.4291286,2410588
13-12-2017,424.9545288,430.4725155,423.4962886,424.6512319,2907460
14-12-2017,428.8509216,429.3058811,422.7729656,425.5727865,3683092
15-12-2017,437.1104431,440.505238,432.9223883,433.0390475,12450124
18-12-2017,438.3936462,443.0716921,422.1430406,432.8056813,12297988
19-12-2017,439.6885986,441.823468,437.7403954,438.5920134,4952112
20-12-2017,435.8738098,444.0282772,434.8238769,443.0483512,9343504
21-12-2017,435.9088135,439.8052197,435.1855036,438.6153014,6854544
22-12-2017,437.8569641,438.638575,434.3805144,438.4052566,4470904
26-12-2017,435.9204712,439.2919395,433.2023059,438.8719549,6785696
27-12-2017,433.2139893,436.3754653,431.9074118,436.3287846,3489384
28-12-2017,438.1836548,438.8486066,433.5056092,433.7156015,8700520
29-12-2017,436.8654175,438.4519657,435.8738142,437.8920242,6345872
01-01-2018,432.6890259,438.8136346,431.7557522,436.9354099,6580516
02-01-2018,436.8537292,437.4720287,433.6339522,433.6339522,4776316
03-01-2018,432.2573853,438.2303312,431.9190564,437.4720464,4531288
04-01-2018,433.9489136,435.255491,432.3390109,432.3390109,2373776
05-01-2018,434.8122253,435.8505095,432.934029,434.67224,2870868
08-01-2018,434.1123047,436.4688153,433.4473528,435.1389116,4570308
09-01-2018,434.8355713,436.2704854,432.8057122,434.4389413,5305528
10-01-2018,434.952179,435.8154742,433.3423047,435.1854974,4615888
11-01-2018,436.9003906,437.7053277,433.0972892,434.9521592,4059096
12-01-2018,435.2088623,438.2069983,433.9722633,437.0054028,4336708
15-01-2018,442.7800293,444.3316025,433.9372555,436.2937659,12576444
16-01-2018,443.3399658,445.6381464,439.8635159,444.1098995,6445384
17-01-2018,441.0884399,443.8999381,440.2718255,442.6050096,2905496
18-01-2018,451.3078613,455.9042231,447.5164368,448.90467,16649540
19-01-2018,455.4842224,457.2807914,447.7963916,451.5061603,11455988
22-01-2018,458.0857239,463.8370287,455.7058873,457.3041128,8849768
23-01-2018,455.274231,458.8673117,453.4076837,458.4706818,5047796
24-01-2018,456.7557983,459.4039566,455.1108921,455.5658801,4790568
25-01-2018,460.7922058,461.9704752,455.0875818,455.8808701,8723668
29-01-2018,466.5551758,468.2583831,461.5038264,461.5038264,8235892
30-01-2018,465.5869141,467.0801577,462.9387557,466.1235578,6397560
31-01-2018,467.9667358,469.7866309,463.6036929,464.1636627,6943348
01-02-2018,464.571991,470.1366297,463.2070839,468.0367639,6521420
02-02-2018,454.504303,464.2803509,452.9877332,463.3704033,7346124
05-02-2018,446.536499,451.5295194,444.6699515,447.5047763,7926784
06-02-2018,442.5584106,446.1048394,428.4426456,433.972281,10749804
07-02-2018,436.9588013,444.9382808,434.5322837,444.9382808,8364972
08-02-2018,438.860321,442.9783973,435.4888809,439.5719537,5171444
09-02-2018,431.5223999,435.0688283,430.2624748,431.1490961,6408952
12-02-2018,437.8569641,440.0384854,432.8406187,433.9722072,4381108
14-02-2018,439.3735352,442.8149814,437.3903288,440.9251082,3577188
15-02-2018,439.0819397,442.0800757,437.4720369,440.9018063,4915224
16-02-2018,438.3120117,442.1034363,437.6237337,439.5486108,3583520
19-02-2018,438.2186584,440.4118574,433.7506334,439.2452652,3654552
20-02-2018,434.7189026,440.0035709,433.6923242,439.7469263,4084068
21-02-2018,433.3656616,435.9671678,432.1523887,435.827154,2753072
22-02-2018,432.3856506,433.9722272,429.667514,431.6390431,13253596
23-02-2018,438.7670288,439.7702811,431.7324717,433.2490417,4076748
26-02-2018,445.9998474,446.7581323,439.4669315,440.5285132,4788884
27-02-2018,443.8999939,448.3796964,443.3050205,446.7464674,4787328
28-02-2018,439.6185608,442.243393,438.171998,440.8668371,4066364
01-03-2018,437.320343,441.7417438,435.8387769,438.4752862,3909840
05-03-2018,436.2937927,438.1720175,433.5639784,437.2737472,3781464
06-03-2018,430.7641602,438.6153312,429.1892607,436.305473,4576828
07-03-2018,427.5793762,432.4324113,426.6227763,429.3059384,5628164
08-03-2018,432.3040161,433.6222708,427.4393329,429.2592279,5518724
09-03-2018,431.8841248,435.1972353,430.2392183,432.7940439,4108108
12-03-2018,435.6638794,436.1771686,432.4324245,434.0189729,6557116
13-03-2018,434.0306091,439.7469107,432.8056874,435.7104904,5124200
14-03-2018,435.0222168,435.8155052,431.1724627,433.0390101,3680392
15-03-2018,438.8252869,440.3885089,435.1854968,435.1854968,5870924
16-03-2018,432.3390198,438.8952615,430.8341274,438.6386169,7896336
19-03-2018,430.9974365,433.9722463,430.0408367,432.3390174,7838740
20-03-2018,429.18927,433.0156981,428.1976667,430.4958476,3657372
21-03-2018,433.7155762,434.7188282,430.0758149,431.1723999,5921140
22-03-2018,435.7805176,438.6386685,432.8290336,433.7156551,6673224
23-03-2018,429.667511,432.3623214,428.6642305,430.8574291,7190152
26-03-2018,441.7767639,443.305011,427.7893356,429.2825792,10501768
27-03-2018,441.5784607,443.0717044,437.7053804,441.8584599,6136836
28-03-2018,440.0618591,443.2349839,437.7170261,439.3269004,8837508
02-04-2018,450.5845337,451.6461439,441.0884851,441.0884851,4596368
03-04-2018,447.014801,449.3013046,445.871535,448.8929974,4079884
04-04-2018,439.3969116,449.1262783,438.2769718,446.3264573,3714108
05-04-2018,445.3815613,446.5714796,441.0184895,443.6083469,4858892
06-04-2018,448.764679,449.4762831,444.6582802,446.1514954,3720008
09-04-2018,452.4161072,453.1043851,447.1314391,447.691409,4003536
10-04-2018,448.1696472,453.3376555,446.4547627,453.3376555,6067236
11-04-2018,447.7030945,447.9714164,444.5649728,447.0148165,2870812
12-04-2018,450.0245972,450.981197,444.6815994,447.0381099,4712516
13-04-2018,449.1380005,452.6377771,447.761416,449.8379558,3297172
16-04-2018,453.1277161,454.9709374,447.936381,447.9713845,2847744
17-04-2018,454.6209412,455.2042372,451.2611502,453.4543491,2667832
18-04-2018,450.9111938,455.7875547,450.3162489,455.2042587,2712720
19-04-2018,452.4044189,453.7576772,451.0045084,452.6377374,3169032
20-04-2018,456.3475647,457.5374831,450.8062515,452.8711141,9361380
23-04-2018,451.6461792,461.7372019,434.0423139,461.7372019,15304620
24-04-2018,451.4711609,454.5159778,449.371295,451.4711609,5037416
25-04-2018,448.1463623,452.1711051,446.1048261,449.8145947,4020592
26-04-2018,450.362915,452.4511037,445.9298647,447.2247934,7847480
27-04-2018,448.764679,451.5878263,446.2215023,451.0045302,5777008
30-04-2018,453.6410828,456.0909265,450.0246467,450.3046175,4609552
02-05-2018,459.5206604,461.5038671,454.0376771,454.9709509,7100048
03-05-2018,459.1473389,460.7805679,454.0376596,459.1823423,4152772
04-05-2018,463.9537659,464.3037436,458.7741074,459.6373743,6881436
07-05-2018,461.3638916,463.6737499,460.8039216,462.355495,5264128
08-05-2018,458.9490051,461.9471411,456.0441737,461.7954784,7100564
09-05-2018,461.597168,462.087131,456.4058331,456.4058331,4327332
10-05-2018,464.9336548,466.4035724,462.4371588,463.9770549,7171672
11-05-2018,469.3783264,470.6032481,463.3703772,464.9335992,6057068
14-05-2018,471.7115479,473.0298027,469.5300262,470.6499376,4742916
15-05-2018,475.4562683,481.8025177,472.8664112,472.9480954,9826684
16-05-2018,472.0848389,478.0694623,470.638276,473.7647486,6841604
17-05-2018,473.1114807,477.0078874,469.5533744,472.2015331,6615476
18-05-2018,469.4716797,472.3998089,467.4534696,472.3998089,5217460
21-05-2018,465.0152893,471.5365278,463.3820604,470.3932618,4848108
22-05-2018,464.2803345,469.8916254,463.2537277,466.3335195,3960372
23-05-2018,459.0539856,465.2369236,458.0973858,463.7903609,5726292
24-05-2018,463.3703918,464.3619952,456.4524949,458.9606679,4520744
25-05-2018,468.666687,470.3699228,464.2803179,464.3036441,4759588
28-05-2018,476.4828796,478.7694116,468.036764,468.4567485,5103940
29-05-2018,474.2430115,478.932706,473.3564186,475.5029366,3351244
30-05-2018,477.9178162,479.002724,470.4399493,471.2332091,4866996
31-05-2018,502.3614502,507.1867803,488.4020848,493.0982587,39639192
01-06-2018,495.5871582,502.0208923,493.3329722,496.855102,21151356
04-06-2018,480.4654541,506.4822643,478.5282827,504.8386037,88796324
05-06-2018,484.5511475,485.337722,475.0178935,481.3577269,17105460
06-06-2018,483.0835876,484.8329006,480.183678,483.7527579,9782000
07-06-2018,484.2223816,488.3550367,482.1091038,486.8052767,10563896
08-06-2018,481.2052002,483.9994006,477.8356726,483.4710811,6180888
11-06-2018,479.5497437,484.3985196,478.7279133,481.8038724,7091188
12-06-2018,479.9136658,481.9917166,478.6339701,481.8038583,5234256
13-06-2018,477.0020752,482.4848807,475.2762372,481.827405,7897960
14-06-2018,478.3992004,480.1837406,475.4875671,476.6616105,16927576
15-06-2018,476.567627,478.7513588,474.853541,475.7223216,10880816
18-06-2018,474.1139221,478.7279181,471.7540836,476.6850655,7487404
19-06-2018,475.1353149,479.1740124,474.1491301,475.475776,10981152
20-06-2018,482.8018799,483.2362989,475.4876119,475.7224206,9051712
21-06-2018,483.142334,486.2417969,480.6650911,483.7058519,13510704
22-06-2018,489.1885986,490.4682942,481.3225093,482.9896162,7848980
25-06-2018,491.9123535,492.5815811,486.7700672,489.1181536,6992336
26-06-2018,491.6188965,493.8026286,488.3668308,489.8226331,9161932
27-06-2018,496.0568542,497.6770113,490.750155,491.4545811,19126804
28-06-2018,500.3420105,502.4904866,495.7279864,496.6202706,37533540
29-06-2018,495.0823364,502.4905615,494.2957618,498.1935514,19458120
02-07-2018,486.8170776,495.0705795,484.4689909,495.0588849,9864876
03-07-2018,486.1009216,489.5761016,485.0208361,486.8170996,6863100
04-07-2018,493.9317932,494.9884322,485.8191421,487.521505,6097992
05-07-2018,498.6748657,499.9076111,491.3488474,494.2722036,9735968
06-07-2018,496.6555786,501.4457103,495.7633515,496.2212169,8121344
09-07-2018,499.1210022,500.1424428,494.9179501,498.2287752,6182296
10-07-2018,503.9932861,504.7447197,498.9684037,500.1189432,10950736
11-07-2018,504.4277344,506.1770475,501.2695692,503.6763581,5857920
12-07-2018,508.5837402,511.8476146,505.3081713,505.5194762,8020668
13-07-2018,512.0941772,514.4188173,507.914629,509.159069,7161188
16-07-2018,509.2647705,514.2427025,508.0672234,511.7419559,9017336
17-07-2018,511.119812,512.1177489,507.9498947,507.9498947,6361924
18-07-2018,510.9905701,521.2752004,510.3917965,513.5265149,17460272
19-07-2018,513.3152466,515.0528078,509.7696128,512.5873168,5304776
20-07-2018,514.0079346,517.2483057,509.7931304,513.3152605,10006964
23-07-2018,506.3531494,511.4132878,502.0326928,504.8386449,16880132
24-07-2018,507.1279907,509.2999708,504.1341804,504.1341804,5208792
25-07-2018,509.6169434,511.1314476,507.1866511,508.2784883,7038616
26-07-2018,514.8414917,517.3891313,508.3607497,508.3607497,21281092
27-07-2018,517.0838623,519.3849986,512.9864627,517.036912,10554596
30-07-2018,509.511261,516.3442156,507.0457702,516.3442156,7169120
31-07-2018,511.7654724,513.2682249,504.8503689,507.1867036,8860944
01-08-2018,506.8814087,510.7088011,505.2377482,507.8441471,6071560
02-08-2018,500.1894531,505.7074573,498.1114306,505.660507,8905704
03-08-2018,498.1817627,504.145937,496.3854994,500.9760201,13604008
06-08-2018,496.4559326,501.879978,494.5305132,498.0291391,5744632
07-08-2018,500.3537903,501.1991245,494.9766945,498.968442,7428456
08-08-2018,501.6335144,505.2612968,500.8586343,501.5161101,9945380
09-08-2018,497.4421692,502.960173,491.8419595,502.960173,8944408
10-08-2018,496.4911499,498.6866338,492.628559,498.6161797,5442940
13-08-2018,491.1375122,494.0256702,488.4020142,489.3412489,10054252
14-08-2018,490.5388794,494.2723148,490.0927085,492.6286539,4935964
16-08-2018,487.392334,489.9752293,485.2086019,489.1064487,10625160
17-08-2018,487.7797546,491.4662388,486.4412995,489.0828967,6065328
20-08-2018,492.2059021,494.8827552,487.22797,487.22797,7811136
21-08-2018,492.1706848,495.9158713,491.372301,492.6285502,7776320
23-08-2018,488.378479,494.7418162,487.6623585,494.2721989,12574552
24-08-2018,486.0187073,491.5954127,485.1264229,486.2887143,9714628
27-08-2018,488.5076904,490.3979117,486.1126534,487.697612,12574788
28-08-2018,491.888916,492.6872425,488.1202258,490.2804539,9973532
29-08-2018,488.0497437,491.7010294,486.699594,491.2548586,9873692
30-08-2018,485.1381531,490.2569356,484.1402164,489.2473043,21827460
31-08-2018,483.9876099,488.1085134,483.2949358,485.8660792,15771500
03-09-2018,487.2397156,488.1554464,484.5276641,485.9130123,7661608
04-09-2018,481.7803955,487.9206187,481.1229198,487.6740582,7130536
05-09-2018,480.3833008,483.7527994,477.9647887,482.2500469,5641508
06-09-2018,481.8743286,483.471039,477.2720845,481.1229524,10402412
07-09-2018,482.989624,483.7058018,479.1857355,481.5925241,5919300
10-09-2018,479.2796936,482.5317878,475.5110032,482.5317878,8598592
11-09-2018,469.7112122,480.8880978,468.2436581,480.4889345,18186536
12-09-2018,472.3998108,474.6304931,467.1635947,470.063476,12246008
14-09-2018,476.567627,478.3991459,474.0669091,474.2782426,10334672
17-09-2018,467.7858276,475.0061943,466.7996427,474.618783,9338220
18-09-2018,467.0813599,471.9301643,465.1441885,468.4197864,9325736
19-09-2018,460.5419312,469.1476737,459.403115,468.4080208,16712264
21-09-2018,462.6317749,469.5821057,448.531503,463.4888323,22610148
24-09-2018,452.1710205,463.0896231,449.6585793,461.9273317,13390792
25-09-2018,458.4404297,460.6945871,449.6585801,452.1710213,16682552
26-09-2018,462.1503601,464.4514963,459.1213515,460.9176147,14726724
27-09-2018,464.0171204,466.3299798,459.0861387,462.432162,18352208
28-09-2018,471.0379333,473.2451119,464.2519572,465.0737875,14460716
01-10-2018,477.9412842,479.4792924,469.1007609,471.9184649,12449588
03-10-2018,476.9316406,481.874346,471.2610055,476.7672574,15332148
04-10-2018,459.6966553,473.7969268,456.2332275,471.4957905,17970584
05-10-2018,461.4694824,467.269245,455.5640387,458.8043811,15729180
08-10-2018,456.7028198,462.3382274,453.1806901,461.3989928,20128020
09-10-2018,455.6696472,461.3989838,453.1806813,456.5619315,12459364
10-10-2018,461.9038696,465.4494747,454.4721697,456.702852,15939932
11-10-2018,454.9534912,457.4776841,450.2690417,452.0066313,14359904
12-10-2018,465.3555298,468.9363618,455.9984106,456.7028365,9600320
15-10-2018,471.5075378,472.1532617,462.643511,467.2692301,12585968
16-10-2018,467.9149475,473.8908163,466.6822021,470.3217362,9406004
17-10-2018,463.6531677,472.6698259,461.0467974,471.0496404,7940796
19-10-2018,462.0447693,465.1207572,459.7553847,459.9667183,9867348
22-10-2018,469.3590393,474.3134963,466.9404986,472.9046444,20331160
23-10-2018,466.0599976,469.3590709,463.2775205,463.2775205,19428564
24-10-2018,467.7976074,471.6837027,463.183611,470.5566095,18072336
25-10-2018,462.2912903,470.4626143,460.8002324,463.4183546,29847056
26-10-2018,460.5067749,464.2637138,457.6421205,462.2913438,15155712
29-10-2018,452.3119507,461.3872828,445.0093781,461.1877012,17044280
30-10-2018,449.130249,453.6503156,445.9720841,452.006655,13828704
31-10-2018,448.8954468,450.3395257,442.6143152,446.6178143,23449404
01-11-2018,449.0011292,453.180735,445.1972401,453.180735,19629052
02-11-2018,457.7477417,460.2249846,448.9541686,452.24149,30092868
05-11-2018,459.2857666,460.142824,455.0592105,457.8534394,5705296
06-11-2018,457.066803,463.9819065,456.2214689,459.0509247,8485588
07-11-2018,459.7435913,461.3872519,457.876874,460.4597692,958760
09-11-2018,456.7967529,460.2014784,454.6599999,459.8022864,10101620
12-11-2018,451.0791931,460.6945964,450.1634336,458.2291054,7907764
13-11-2018,452.6523438,454.9886782,448.0618235,450.5977682,13350420
14-11-2018,459.6966553,460.2249748,454.7304464,455.1883405,26110636
15-11-2018,463.7823181,464.2871625,453.4624606,460.6711035,10392524
16-11-2018,470.6270447,472.6698687,464.9211823,465.155991,15813216
19-11-2018,472.881134,474.5482697,470.0634303,472.2001832,12286428
20-11-2018,472.5406799,474.2195676,469.3942668,472.6698362,5705168
21-11-2018,474.019989,475.2409826,470.5565612,472.611137,6545604
22-11-2018,470.908783,477.8356387,469.6525623,472.7285501,12974552
26-11-2018,481.3108215,481.8273891,472.4467943,472.8811846,18184436
27-11-2018,484.6450806,485.5608114,479.1857792,479.2562332,12895440
28-11-2018,490.5739746,492.7694584,483.7293254,484.8798648,13021108
29-11-2018,500.3889465,501.879947,491.6892753,493.3329357,31908636
30-11-2018,499.7785034,501.9152853,495.4462949,500.1424683,13040924
03-12-2018,496.2211609,502.9601581,494.718351,500.3772628,10799856
04-12-2018,489.7052307,495.6810999,488.0733219,494.3661484,8157420
05-12-2018,492.9103394,494.3426951,487.4510379,487.9324071,11798844
06-12-2018,492.4054871,493.4855724,489.5760314,490.6796206,11730252
07-12-2018,494.882782,497.3247693,488.4724937,494.6714198,9903920
10-12-2018,490.4566345,494.2253253,485.0912332,485.0912332,10915056
11-12-2018,483.6001892,486.359191,477.1311991,482.766607,18905780
12-12-2018,489.6465454,490.7031845,483.7293782,485.3377833,11370488
13-12-2018,493.4034424,498.9683961,491.0553558,491.9241364,7064236
14-12-2018,492.088501,497.3247456,490.2922376,494.2487292,6158284
17-12-2018,500.1894531,500.7530284,492.8634336,494.037477,8437324
18-12-2018,501.4221191,502.2557013,493.7086894,498.7335716,7413968
19-12-2018,498.6044312,507.0457909,496.2798484,500.8703691,9009896
20-12-2018,501.8917847,502.5962107,493.7204314,496.0450717,7980476
21-12-2018,495.716217,504.6272504,495.2231533,501.0816172,10220308
24-12-2018,488.554657,494.0374626,487.7798342,494.0374626,5601488
26-12-2018,498.3462219,499.4380593,485.819156,487.6976254,7601916
27-12-2018,494.2839966,502.067881,492.7342364,500.8468874,11639868
28-12-2018,498.4753113,501.962243,496.73775,497.172169,9415612
31-12-2018,498.1934814,501.7860651,497.0194382,501.7860651,5866528
01-01-2019,504.3925476,505.0734698,494.4131787,499.5906642,6373440
02-01-2019,499.7902527,504.2516174,497.7239249,503.1480281,8134232
03-01-2019,495.8690186,499.7316102,493.8026906,498.7806235,12771664
04-01-2019,497.1955566,499.7902036,495.5284496,496.6789891,7287120
07-01-2019,497.9469604,501.3986936,497.3247404,499.602373,5387012
08-01-2019,493.8025513,498.6161282,492.3114935,498.2639153,8343460
09-01-2019,497.0429993,498.1113902,493.7087277,497.3247582,8568628
10-01-2019,495.0940247,498.6866084,491.3722847,497.0898981,7691540
11-01-2019,495.8923645,498.7335721,494.9766337,496.3385353,6408040
14-01-2019,493.4855652,495.4227365,492.734189,495.4227365,4855160
15-01-2019,498.240448,499.3205907,493.5677788,494.2839567,5087556
16-01-2019,497.8412476,498.9683405,495.0352959,497.8060492,5252452
17-01-2019,500.6825867,501.5278636,496.2329734,499.0271739,8240228
18-01-2019,500.2010803,502.2556558,496.5145963,501.3164213,5207976
21-01-2019,504.4042358,508.712998,499.3206509,502.4788162,17561512
22-01-2019,501.5160828,504.087226,499.9193725,503.8993677,8796976
23-01-2019,494.3660889,501.5160578,493.4386062,501.0816389,7624288
24-01-2019,493.6264648,498.1817295,492.6050243,495.4462318,10111572
25-01-2019,492.1589661,495.4462874,490.7501141,491.4545401,11262236
28-01-2019,489.3764648,493.5795744,487.6389036,490.7501185,15360436
29-01-2019,483.142334,489.1064512,482.0621912,487.99111,14762788
30-01-2019,477.7651367,483.0600831,476.1919303,483.0600831,18514160
31-01-2019,488.3902893,490.6914258,474.7831381,476.8964162,16579404
01-02-2019,490.8557434,497.0899247,487.6036779,488.3902525,15654188
04-02-2019,494.2486877,496.1506607,489.0241955,491.9241051,7938288
05-02-2019,496.3972473,497.5595387,492.3937483,494.9766435,8690288
06-02-2019,498.4165344,499.4379749,496.2915621,496.9137821,10875684
07-02-2019,497.1485901,500.1424002,494.4717945,498.9801089,7217308
08-02-2019,498.4165344,503.6527785,494.6595962,495.9158454,12235644
11-02-2019,502.4083557,503.1714839,496.2211816,496.2211816,7036364
12-02-2019,500.072052,504.3690625,498.9215124,502.0209756,9772388
14-02-2019,495.4931641,502.4904728,494.4130788,502.4904728,7441388
15-02-2019,493.2507629,495.0001332,487.9793203,494.8240267,8416524
18-02-2019,490.7265625,497.3247083,489.8108317,494.694863,7138744
19-02-2019,489.3529663,495.0118202,487.9793128,490.6796122,5268636
20-02-2019,495.0588379,495.6810579,488.8481033,490.3978633,4892500
21-02-2019,496.8315735,497.7825599,491.5953867,493.4973023,5261544
22-02-2019,491.0906372,499.6964103,490.5388712,497.6535288,8890708
25-02-2019,499.0624084,500.1307995,491.959445,491.959445,8140596
26-02-2019,495.598877,498.9684042,493.3565001,495.7397851,9607428
27-02-2019,491.2784119,498.8392391,490.3156734,496.8786213,7030092
28-02-2019,487.8267212,494.4718174,486.8052806,491.4780072,11645376
01-03-2019,489.1885986,493.3094444,487.6975409,489.8695208,9352928
05-03-2019,494.7654114,495.7046461,486.0539861,490.4918474,11837276
06-03-2019,494.0960999,495.5167036,490.8792328,495.4462496,8458044
07-03-2019,499.3206177,500.142448,491.9241449,495.3523742,10204852
08-03-2019,499.7198181,500.1424852,495.3171554,496.6321069,7053460
11-03-2019,499.7785034,503.3593356,498.3109492,500.6120857,9224108
12-03-2019,509.7696533,510.7088881,501.7861581,504.1342449,15097292
13-03-2019,522.8132324,524.5625455,510.0279124,510.7088346,57166348
14-03-2019,522.390564,527.732461,519.0680444,527.1102409,15379864
15-03-2019,529.0239258,530.6440827,523.165461,523.8581351,12763088
18-03-2019,531.0080566,538.099267,527.6150828,531.1137091,14358720
19-03-2019,532.4873047,534.4009722,528.5542599,532.8982198,11957992
20-03-2019,539.8251343,540.0599429,530.9141567,532.7808742,11711992
22-03-2019,534.4597168,541.703587,533.2035248,540.0599264,30403880
25-03-2019,535.6689453,537.2069533,529.0238495,530.66751,9199260
26-03-2019,542.7249756,543.5820042,533.6261407,534.4009634,11786848
27-03-2019,539.9307861,546.646337,535.1407122,544.4156547,13885300
28-03-2019,540.7174072,545.9301481,537.2070291,539.7781726,19554328
01-04-2019,542.8306885,547.5738121,541.1400775,545.9888536,9647076
02-04-2019,538.850647,544.7560615,536.6434113,544.7560615,10910496
03-04-2019,538.357605,543.8169068,537.3009659,538.2050023,7659452
04-04-2019,536.2911987,543.1124014,535.363716,538.3575263,9211552
05-04-2019,541.3748779,543.2885456,535.8333705,537.1952723,8351180
08-04-2019,537.5709839,545.4488268,535.387309,544.5213439,6398132
09-04-2019,537.0661621,540.7643989,532.3112863,539.2616462,10777600
10-04-2019,525.3491821,536.3029833,523.8581242,528.3194888,108128700
11-04-2019,530.0805664,531.3720141,525.2552368,527.1219543,8793300
12-04-2019,531.9003906,533.5322996,528.8126792,528.8126792,9170444
15-04-2019,537.4300537,538.3927348,531.6889936,533.0156396,10219780
16-04-2019,541.2457886,542.3845763,535.4342734,537.9349631,8273776
18-04-2019,538.5689087,543.5938489,537.2422626,543.1124796,10614856
22-04-2019,532.7103882,545.930127,530.902373,545.930127,20980420
23-04-2019,527.2159424,537.7118789,526.3471617,534.7885223,15282400
24-04-2019,535.3050537,536.2794867,527.6268218,528.3194959,12354128
25-04-2019,531.4776611,539.7781704,530.1862135,536.9839129,18086636
26-04-2019,535.586853,536.5378397,529.9396927,532.0529709,11707568
30-04-2019,544.1573486,544.7561222,534.9880585,536.5378186,12536836
02-05-2019,553.1622925,554.0662715,544.1691087,545.5779608,17169300
03-05-2019,556.0150757,558.3749138,553.3265284,555.1345433,12351520
06-05-2019,546.7401733,552.2464246,544.0633777,551.3306938,13748092
07-05-2019,545.3079224,553.6788283,544.2864817,552.2464725,9924204
08-05-2019,541.7623291,545.6484242,537.242262,545.3549134,12064208
09-05-2019,537.9232178,540.0599998,533.3914558,540.0599998,9027724
10-05-2019,539.2380981,545.9066413,538.0288565,538.0288565,10594200
13-05-2019,537.0543213,543.1946018,535.3637105,539.1324007,11071632
14-05-2019,537.21875,542.6428534,534.3188972,539.2850778,10494744
15-05-2019,536.9369507,541.7505282,535.8803117,539.1206827,8956348
16-05-2019,542.5605469,544.5212219,535.3636852,535.4928414,8050136
17-05-2019,554.6415405,556.3321514,542.7837036,543.1124128,14758780
20-05-2019,571.1369019,572.6279025,558.8446448,565.4192877,17699632
21-05-2019,564.4095459,575.1402898,563.4116091,572.4634941,10325176
22-05-2019,564.8909302,569.6458055,562.1906306,566.3232859,11386660
23-05-2019,547.5973511,572.9096812,544.5448382,565.6541158,33081996
24-05-2019,557.2831421,560.288647,549.4874489,554.0779696,13692800
27-05-2019,565.5015869,568.6831991,557.0249694,558.5864245,12049024
28-05-2019,567.3447266,568.237011,560.5000764,567.4151806,7364840
29-05-2019,567.5090942,570.7729694,565.9358875,565.9358875,7475216
30-05-2019,572.8275146,574.7881327,566.6050848,567.2977589,9359200
31-05-2019,569.4931641,578.8033038,553.3970202,576.8778844,19785080
03-06-2019,576.9484253,577.5823973,569.3992919,569.8806612,8480860
04-06-2019,575.821228,578.9793927,573.1796309,576.4551999,6442988
06-06-2019,569.0235596,579.9773601,566.6754731,576.0325633,15634924
07-06-2019,574.7294312,576.2791913,565.6540988,569.5636403,7970932
10-06-2019,572.9801025,579.9656604,571.0781867,579.9656604,7077140
11-06-2019,574.9055176,577.6058172,573.0153537,575.6334474,7103292
12-06-2019,569.892334,574.9054642,569.0939502,574.1071377,7308620
13-06-2019,574.0366821,575.7507967,567.2859336,571.9821065,11107948
14-06-2019,571.7826538,577.3828066,569.4110632,573.6258676,11956920
17-06-2019,568.706543,572.9095948,567.6029538,571.7590554,12810020
18-06-2019,567.5911865,571.054614,564.479972,567.767293,12419652
19-06-2019,570.1976318,574.0836693,567.4620766,569.8806172,10744276
20-06-2019,573.269104,575.7853361,570.4929539,573.7416402,11171492
21-06-2019,570.3984375,574.0605931,568.3783337,573.1864126,13250260
24-06-2019,571.2844238,574.2732498,569.406104,569.8668153,6915000
25-06-2019,573.8242798,576.8485228,567.7522016,571.7333419,8899800
26-06-2019,583.0860596,583.5822457,572.2413761,572.8792885,10533636
27-06-2019,581.7630005,589.3708224,580.3099169,583.2869183,19879236
28-06-2019,577.380127,584.7635045,575.7971423,582.1645556,12756844
01-07-2019,587.2561646,588.0712779,578.8686473,580.2744309,8524160
02-07-2019,589.4888916,590.0795618,582.9206271,587.835015,7246828
03-07-2019,588.2248535,591.4499477,586.6536937,590.4339833,7463256
04-07-2019,586.8426514,590.1739966,584.0546766,589.4416002,7993964
05-07-2019,584.1491699,589.4770266,581.2194688,587.1498206,7583060
08-07-2019,569.3115845,584.6690096,566.3464086,584.6571846,14607140
09-07-2019,562.1171875,569.5951069,560.6641619,567.9530553,16482688
10-07-2019,564.385498,566.5709783,559.0694651,562.0228167,11569148
11-07-2019,568.732666,570.3511254,566.0155832,567.7521766,9097596
12-07-2019,565.6021729,571.296257,563.5112348,571.296257,8976272
15-07-2019,565.8030396,567.7522514,561.6919976,566.0983747,8233184
16-07-2019,564.9643555,571.2963531,562.7907002,571.2963531,12770568
17-07-2019,566.440979,569.7842074,564.9879532,565.3777725,7759736
18-07-2019,569.8549805,573.8951879,567.4922996,567.7522176,10802584
19-07-2019,561.2902222,571.9341103,559.2465264,570.5873939,8939228
22-07-2019,542.7668457,555.1945698,538.9865564,554.0486465,22171296
23-07-2019,534.7928467,542.1171578,529.7249074,542.1171578,27802864
24-07-2019,538.9038696,541.7627366,531.8394767,533.1980183,17363740
25-07-2019,540.1206665,547.0669251,538.7503001,539.8725735,19462008
26-07-2019,538.0533447,541.9162935,537.0019632,538.2659629,12829828
29-07-2019,530.2564697,537.1673111,525.235773,537.1673111,9976492
30-07-2019,532.1347656,536.6120341,529.2168319,532.7845028,10394136
31-07-2019,531.993042,535.6197804,527.8820001,529.2405417,13891840
01-08-2019,526.1087036,530.4183411,520.2362033,527.8373107,18241676
02-08-2019,524.3446045,526.6296425,516.6842986,523.5513218,27825536
05-08-2019,516.0331421,520.9466159,512.066844,520.2480854,19822440
06-08-2019,518.3655396,523.3737073,513.1323713,513.1323713,24890940
07-08-2019,517.157959,521.4202499,512.6588742,518.5787226,18750136
08-08-2019,528.7962646,531.1287076,516.9210739,520.4729823,19711600
09-08-2019,540.3637085,542.0212659,530.3710169,532.0759216,30436112
13-08-2019,525.7654419,538.3036693,521.5623495,538.3036693,15440068
14-08-2019,527.9202271,529.3291394,521.6688903,529.3291394,14254052
16-08-2019,527.5057373,528.7607565,521.9174362,524.2616726,15247560
19-08-2019,522.5686646,530.8919474,521.3491412,530.0631687,8498200
20-08-2019,525.824585,527.5294896,522.5686687,523.1369509,10270592
21-08-2019,527.067749,530.7025009,524.3090653,526.8427486,10472712
22-08-2019,514.8135986,525.8837125,513.1441902,525.8837125,13992044
23-08-2019,512.1141968,515.5003614,506.6442919,511.7116587,20099616
26-08-2019,534.2425537,536.6104928,513.1323999,519.7389268,25280244
27-08-2019,535.142334,538.2088033,530.44201,534.2070097,20660832
28-08-2019,532.1942749,534.5267179,527.1861072,532.7862596,13662588
29-08-2019,527.328186,533.6624231,525.7535297,531.8391216,14783716
30-08-2019,527.5650024,535.1542591,526.1560902,528.8792203,19233320
03-09-2019,523.5394897,525.9192801,520.0349283,525.6824862,11428676
04-09-2019,532.25354,538.4693805,520.7098363,522.6041877,15060704
05-09-2019,529.2698975,538.0904708,526.8664623,532.5495163,17296252
06-09-2019,531.8154297,534.3491708,525.9903341,527.5768417,12870004
09-09-2019,532.6915894,535.3673142,524.7589936,531.8391082,10643404
11-09-2019,533.0940552,538.4692645,530.6905627,538.4692645,15209116
12-09-2019,537.7235107,541.9739502,532.3482424,532.9520784,18132300
13-09-2019,534.550415,536.9183542,529.9447849,533.0231058,15371340
16-09-2019,531.401001,535.7816881,530.6551233,533.2361537,11030184
17-09-2019,523.6342773,532.4311487,520.4967578,532.2890492,10656556
18-09-2019,518.0458984,526.665174,516.2107456,525.0431703,12959884
19-09-2019,521.4439087,524.2854357,513.369213,520.8992711,10623310
20-09-2019,568.1159668,572.9939447,523.504015,524.7353318,46150034
23-09-2019,595.418335,607.4711228,582.039478,596.5076102,41920410
24-09-2019,593.7843628,597.6440568,581.352684,591.9847062,23379048
25-09-2019,587.1067505,591.9373806,582.5603193,591.9373806,15608976
26-09-2019,588.4328613,603.8244653,585.5202847,587.1541973,30671560
27-09-2019,589.237915,593.6423047,586.1122471,591.1559687,14873170
30-09-2019,581.3053589,587.2489093,576.1195953,581.9447487,18218458
01-10-2019,591.4165039,594.3527253,578.2980864,583.2234113,18768352
03-10-2019,579.4584351,589.048589,576.0485679,587.2252295,16298876
04-10-2019,563.4273682,587.0594103,561.3436281,585.6623495,18403632
07-10-2019,562.1014404,577.7061372,559.3783102,568.8737121,22513220
09-10-2019,581.6369019,582.4656806,563.5695147,566.9319767,17427270
10-10-2019,568.5657959,580.5948785,566.9792307,578.6295356,11556858
11-10-2019,567.7371216,579.6715119,563.0722351,574.6514924,17186318
14-10-2019,570.3891602,577.7297711,567.0740455,572.5676525,12267802
15-10-2019,579.2215576,580.1450307,571.5494009,571.6204506,8400374
16-10-2019,578.2980347,584.8809165,573.088569,583.2944089,10586816
17-10-2019,577.7771606,582.4419893,574.509393,581.3290694,12243614
18-10-2019,582.0394287,584.3363181,577.9428825,580.3581688,11233806
22-10-2019,586.9174194,595.2999009,583.7443463,595.2999009,20006228
23-10-2019,588.0066528,591.8664053,583.933809,590.492989,10190214
24-10-2019,585.4019165,593.9502001,580.7844351,591.0376234,13107494
25-10-2019,582.0394287,590.4929597,577.7771383,587.2488947,12993542
27-10-2019,586.159668,588.1487717,584.8810039,587.2252406,1750082
29-10-2019,588.4328613,595.4656288,586.1596167,586.3017162,14232568
30-10-2019,591.2033691,597.9993431,588.6696858,590.5166899,12011366
31-10-2019,582.678772,598.5676667,581.1396115,595.6313875,13217706
01-11-2019,587.272583,589.0248348,581.3763801,586.7752927,11512260
04-11-2019,585.7570801,591.9847714,582.0631298,590.3035116,9935176
05-11-2019,587.0120239,589.5220622,582.063055,587.7224056,12367810
06-11-2019,595.1340942,596.247014,581.5894953,588.4091131,12130336
07-11-2019,598.4729004,601.3144273,591.9847704,597.1942364,16963034
08-11-2019,594.6368408,600.0357534,592.6714399,596.2470509,13251496
11-11-2019,598.9702148,600.7461692,592.2215882,593.1924664,14286610
13-11-2019,595.5603638,601.4565088,593.6896573,597.6441039,9293496
14-11-2019,603.3034668,604.7715773,595.3945164,598.5202419,11055218
15-11-2019,605.197876,608.5603379,601.9774557,608.0157003,9279012
18-11-2019,597.6915894,605.931972,596.1050238,604.7717048,9130292
19-11-2019,602.3563232,603.8244338,597.241552,599.2306554,10570578
20-11-2019,603.0430298,607.5894612,600.0357587,602.8772856,11054258
21-11-2019,607.7789307,609.5075378,600.6751132,601.5749416,12019526
22-11-2019,598.9702148,607.9210365,597.6678483,607.9210365,7688010
25-11-2019,601.977478,605.9556274,598.6860657,598.6860657,7893556
26-11-2019,603.8481445,606.0739841,600.0120371,605.4582968,8716002
27-11-2019,605.4346924,608.9155514,602.0248253,604.29807,9580666
28-11-2019,599.2307739,607.6369589,597.6679108,606.2871872,12366040
29-11-2019,603.8007813,606.1450757,592.9319637,600.3672695,15567626
02-12-2019,599.4437256,603.3271222,596.0575614,603.3271222,8946204
03-12-2019,594.5421753,600.9829582,593.7844463,600.6040649,6991906
04-12-2019,592.7662354,595.2525715,584.5020928,593.1687735,11395614
05-12-2019,589.901001,596.1286926,587.6041115,594.6368794,12772494
06-12-2019,590.1141357,596.7206628,586.396425,591.4874942,13774650
09-12-2019,588.645874,591.9136411,586.0885464,591.7478969,8265350
10-12-2019,591.7479858,593.7133869,589.6641879,592.4583676,9788900
11-12-2019,591.3927612,593.8790972,588.4328375,592.0320932,11054642
12-12-2019,598.4255371,601.1960142,593.405518,593.405518,12913148
13-12-2019,598.5438843,602.5693803,596.3653921,599.0885218,11775186
16-12-2019,595.4656982,601.4565964,591.1323577,601.1014055,11327576
17-12-2019,601.977478,603.7297877,594.5184697,596.7206647,12427354
18-12-2019,612.0412598,615.1906306,603.1851899,607.6132248,17447172
19-12-2019,610.3599854,618.2688786,609.0812636,618.0320847,13018376
20-12-2019,614.1013184,615.4747346,606.2161272,610.3363182,15026044
23-12-2019,616.8008423,617.5585713,610.3600589,615.190632,10195782
24-12-2019,610.5257568,616.1851082,609.4838289,615.0011387,7179208
26-12-2019,601.6696167,611.8044075,598.9228421,610.7861821,14949758
27-12-2019,603.8244019,605.7187529,601.456463,602.4036386,7092992
30-12-2019,607.2106934,610.3363617,603.3746432,607.1396436,9334190
31-12-2019,602.4510498,607.1158782,600.817195,607.1158782,8357056
01-01-2020,605.5293579,606.1923924,601.7406555,604.3453884,3673698
02-01-2020,609.3891602,609.981145,605.7188544,605.7188544,6137166
03-01-2020,600.6987915,608.5603376,598.4255469,607.2342686,10855550
06-01-2020,587.6987915,597.573144,585.3545549,596.7206627,10890186
07-01-2020,597.0047607,602.1431767,593.0503142,596.1996846,14724494
08-01-2020,595.4418945,597.7387835,587.2725059,590.5402151,11332110
09-01-2020,602.1196289,604.2034271,598.1888265,599.088655,9546316
10-01-2020,607.4710693,609.4601729,603.8718135,608.1341038,9214580
13-01-2020,609.0339355,614.0066076,604.2980574,607.4710726,7451568
14-01-2020,610.6914673,612.1359332,605.0084137,610.4546734,7886290
15-01-2020,608.2052002,609.9574521,603.3982719,609.2234256,11787448
16-01-2020,609.8154297,611.4019375,605.8846273,607.1633492,7150400
17-01-2020,605.3162231,608.5129406,602.3562996,607.0211276,16918814
20-01-2020,594.3054199,617.9611105,593.1687975,617.9611105,22178450
21-01-2020,589.309021,591.9848039,586.4911965,591.9848039,14984804
22-01-2020,587.6513672,594.3526456,584.5967492,591.0612338,18368310
23-01-2020,589.5457153,590.4928909,582.9865364,587.2488262,11508920
24-01-2020,589.4037476,593.8791294,586.8226592,590.0904268,11831756
27-01-2020,574.5567627,584.8810011,573.8700834,584.8810011,18888552
28-01-2020,579.2926025,581.4711528,574.5804268,577.2088624,13412158
29-01-2020,585.2835083,588.196085,578.8427254,580.2871914,13788350
30-01-2020,580.642395,586.7516319,576.4510964,586.7516319,12111984
31-01-2020,580.7608032,586.2070635,577.8955736,583.1997344,11178268
03-02-2020,564.8955688,567.3344998,557.7443466,566.8846145,13077010
04-02-2020,582.4182739,584.4073195,567.3581594,567.3581594,20897704
05-02-2020,589.4510498,591.0375573,581.2343133,584.8335689,18020682
06-02-2020,587.1541748,591.36906,585.9228003,589.4510641,11827550
07-02-2020,588.2907104,590.5639549,583.2706916,590.0903671,6815448
10-02-2020,587.3910522,588.6460138,580.6424252,588.6460138,9219834
11-02-2020,587.53302,594.352696,586.3254058,588.8117418,11613520
12-02-2020,591.5111694,593.3581734,589.1669329,589.7115126,6297930
13-02-2020,587.9119263,596.6733009,584.2179182,596.6733009,9112140
14-02-2020,577.4692993,591.2270487,575.4092039,588.7643573,14688858
17-02-2020,576.4274292,583.9337846,575.1487074,580.145082,10152690
18-02-2020,574.5803833,577.0667192,569.9629024,576.3089903,10529116
19-02-2020,581.1870117,582.5130809,574.8883277,578.9611719,10012268
20-02-2020,576.4037476,582.5130422,574.982984,582.5130422,11123414
24-02-2020,573.0175781,575.2908229,568.3054023,572.5439903,16568084
25-02-2020,568.4475098,572.5677009,567.3582346,570.1997617,13886680
26-02-2020,567.9501953,570.5312258,561.5094125,567.1214166,13814786
27-02-2020,568.0448608,569.4893267,559.3071891,565.9374183,20655098
28-02-2020,557.7207642,561.2016234,554.1451526,556.7025387,24313056
02-03-2020,558.644165,568.8500054,552.2744322,568.4000623,14664898
03-03-2020,559.6861572,561.3673594,553.1506216,556.4657366,22369550
04-03-2020,544.0814209,558.8336948,536.6224118,558.0522633,34288870
05-03-2020,545.2653198,551.7298051,541.1924762,546.0467513,19549708
06-03-2020,537.4747925,540.3163192,521.4201549,532.7862618,23053566
09-03-2020,524.4038086,529.6606218,504.371021,525.6824726,34420590
11-03-2020,527.4821167,530.4183379,517.1578795,523.3145209,35538240
12-03-2020,483.6752014,511.4748103,475.221671,509.1068714,59000770
13-03-2020,506.6442871,512.1615391,435.3219421,464.1397502,66342364
16-03-2020,473.3510132,491.1105559,471.2198681,490.1633803,31986322
17-03-2020,461.7954712,478.3236977,452.134297,477.376522,42676838
18-03-2020,415.2891846,470.2727207,409.6534778,466.484018,61181406
19-03-2020,424.1215515,435.6771055,376.5023037,401.1288694,67220048
20-03-2020,418.1069641,433.1433763,390.496802,414.3893116,88637464
23-03-2020,365.3966675,397.221774,362.2946731,376.3128607,50276954
24-03-2020,363.5733643,383.6061227,349.8629915,376.6207025,61057272
25-03-2020,405.7463684,410.8137639,357.6772042,364.875745,47228042
26-03-2020,426.7499695,444.0833009,398.2873533,412.0687472,57043156
27-03-2020,428.3365173,468.2126183,413.0159337,447.5168244,55235936
30-03-2020,393.859314,420.0723877,392.1307069,416.757273,39268444
31-03-2020,408.1853943,413.7263492,396.8666327,404.3493152,35211092
01-04-2020,392.9121399,409.1088199,388.3420059,409.1088199,29103504
03-04-2020,385.4294128,399.7080963,383.6061114,399.2345085,34996280
07-04-2020,424.382019,429.6862082,400.347438,413.9157402,60412638
08-04-2020,420.972229,447.5404944,410.1744035,416.7336122,56219352
09-04-2020,438.0923767,440.8628826,421.4931306,432.3856497,44457146
13-04-2020,424.0267944,448.3455435,419.6934837,442.3309731,34158056
15-04-2020,408.8483582,440.6734654,399.2345312,440.6734654,57978752
16-04-2020,416.638855,421.824647,405.509542,409.6534351,53854396
17-04-2020,431.1069641,435.7007715,420.1907712,433.3328325,55883462
20-04-2020,447.4694519,455.0942333,442.8046233,450.3820286,66232986
21-04-2020,436.4822388,442.331037,430.0177533,438.0687465,33178006
22-04-2020,439.7736206,441.8574185,429.6862062,435.298239,38289354
23-04-2020,452.252655,453.9338859,432.1725217,442.8045731,40901222
24-04-2020,444.249054,453.8865835,438.5423264,441.8574412,33284568
27-04-2020,440.2945862,453.4129741,438.6843761,447.6115235,27421072
28-04-2020,441.0997009,446.9721725,436.6479639,446.9721725,29441436
29-04-2020,462.7426147,470.1306016,442.3783399,442.8045805,55877778
30-04-2020,474.4402771,482.5859935,469.8464694,474.2508593,43793134
04-05-2020,437.1215515,454.6443006,434.5168185,453.4603311,26722324
05-05-2020,431.6516418,447.0669202,430.0414316,444.2253932,29672858
06-05-2020,448.2034912,449.9083957,428.904789,435.2271743,33785846
07-05-2020,438.0686951,446.7353456,436.3400881,445.4093056,21831730
08-05-2020,439.9867859,447.0432564,438.1634842,446.1197543,20807484
11-05-2020,433.711731,451.8027919,432.8592786,443.7517988,28550784
12-05-2020,426.9630432,430.6807245,412.54229,426.7025757,49568418
13-05-2020,439.323761,454.6443157,436.6953254,450.3820252,44346966
14-05-2020,423.2453918,431.4384544,421.4931113,425.2818135,39554890
15-05-2020,420.6170044,422.6297525,414.3893134,421.7299241,24349628
18-05-2020,396.2272949,420.54602,393.6935825,420.54602,46649964
19-05-2020,393.3857727,410.7427507,391.2309248,407.6881031,47460692
20-05-2020,405.9121094,409.1798769,394.11979,396.1325382,40014306
21-05-2020,407.0724182,418.6516466,403.6389064,407.9722467,48478908
22-05-2020,397.269104,412.1634457,394.5223006,402.5496194,42047432
26-05-2020,403.6862488,412.8501611,401.9576418,405.8647411,38005152
27-05-2020,427.9576416,430.8701893,405.9358082,407.2381746,56025754
28-05-2020,447.658905,449.9084473,432.8356114,435.7008121,75488806
29-05-2020,450.6898804,452.2763881,437.3346975,447.0669218,53025166
01-06-2020,467.7390137,471.2198725,457.5331732,461.7481163,39190230
02-06-2020,474.0613708,475.955722,461.8428118,467.2890713,41623594
03-06-2020,484.1251221,495.4912291,480.9047309,483.0595495,50546088
04-06-2020,474.3929138,492.0340308,469.3728657,486.8719699,54275882
05-06-2020,489.381897,493.6678893,474.9137968,475.0558673,35195984
08-06-2020,481.1178589,505.1524398,476.6187748,502.0030694,49812664
09-06-2020,467.5732727,486.2563189,463.9029669,483.059601,61844146
10-06-2020,469.7281189,473.5168219,463.2636618,468.8519929,36497730
11-06-2020,458.7171631,468.0942253,457.0122585,466.4840151,30897714
12-06-2020,465.4184265,467.2654306,439.4894936,439.4894936,42644876
15-06-2020,449.8373718,461.2745291,446.5933069,458.4330022,32009936
16-06-2020,469.0414124,470.7226434,450.8556276,461.748148,45399970
17-06-2020,463.7608643,473.0668763,460.9193374,468.3783454,36957838
18-06-2020,483.0358887,485.3801541,460.3273476,464.11605,40870126
19-06-2020,489.381897,493.9520304,479.3418597,482.0886629,47877752
22-06-2020,487.2034607,495.3491479,484.8591952,492.2708271,29694474
23-06-2020,493.620575,494.8992389,481.4256605,492.0577121,28830512
24-06-2020,488.9794312,500.8191268,487.8191641,496.5568364,39429246
25-06-2020,487.2034607,496.7936139,476.9029258,483.9593957,70646790
26-06-2020,500.3218384,503.4238618,486.8482878,493.0049296,39969138
29-06-2020,509.604187,512.7061525,491.1105599,491.1105599,46005956
30-06-2020,504.7735291,510.7881286,500.2508004,508.6332811,35746130
01-07-2020,513.6533203,519.0522328,502.6187592,504.773549,34846718
02-07-2020,515.9265747,526.2744569,513.9374712,516.3528153,36954496
03-07-2020,508.6096497,518.9575905,506.7390008,517.6315213,27597254
06-07-2020,522.3673096,530.3709544,520.9465463,524.7115459,35558216
07-07-2020,523.3855591,526.4875244,517.6551584,525.3983072,24349850
08-07-2020,525.8483276,532.7390549,523.3146439,524.2618197,30056350
09-07-2020,532.7626343,535.0121766,524.3801524,529.4712218,20114484
10-07-2020,523.3619385,530.4184092,520.7335605,529.4238863,17562978
13-07-2020,511.5932007,527.1032005,507.3546132,525.63509,29922114
14-07-2020,501.4584656,506.2180464,497.2672248,503.23442,26612674
15-07-2020,498.7590332,511.001267,497.3145672,506.833671,20974394
16-07-2020,503.2107849,504.6078459,489.7371761,498.9958416,23662456
17-07-2020,520.2125244,522.84096,501.1980194,501.5532103,28405738
20-07-2020,536.5986328,545.9993383,532.3836902,537.5221058,65124096
21-07-2020,539.2034912,548.3910496,537.0486433,545.5969274,47512422
22-07-2020,533.4255981,542.0212281,529.2580603,539.1797014,24718012
23-07-2020,535.343689,541.7371246,528.6424097,532.7863031,20149122
24-07-2020,529.9920654,531.7917221,521.5385352,531.7917221,19598440
27-07-2020,511.2380676,522.3673817,509.2726666,520.8755685,37970094
28-07-2020,514.6241455,518.2944506,501.7662264,511.0011876,35596450
29-07-2020,504.1815491,515.5003088,499.8956143,511.9484004,33592086
30-07-2020,497.5750122,513.2034089,495.7043058,508.6332753,26956266
31-07-2020,489.1215515,500.9138427,483.0832776,500.9138427,37726696
03-08-2020,474.5350037,486.3509968,470.2727132,485.877409,31783542
04-08-2020,493.3128052,502.5004212,475.0086229,477.3765621,60306168
05-08-2020,486.6351624,500.0140176,483.0595514,496.2963071,33221360
06-08-2020,492.8628235,499.6351525,486.0195026,491.1105717,33646888
07-08-2020,494.3546143,495.9411218,483.3436979,490.0923241,24836784
10-08-2020,497.5750122,503.8973975,494.3309475,494.4256419,22172854
11-08-2020,505.1524658,507.2125613,496.5568352,496.5568352,20136148
12-08-2020,503.7553101,504.8445851,496.3200049,504.3709973,20666432
13-08-2020,501.5532227,507.3783184,500.3455505,505.7681082,19892740
14-08-2020,489.9028931,504.7972646,486.5167864,504.7972646,20924512
17-08-2020,489.0978699,495.846497,483.1543479,495.846497,19561012
18-08-2020,500.3455505,502.7845395,484.0067701,486.8482972,24040824
19-08-2020,505.1287231,506.6442388,500.2271011,504.3709942,17715624
20-08-2020,501.529541,506.2417171,498.214426,499.6114871,19216734
21-08-2020,514.1506348,515.642448,504.1815879,504.5604813,28924302
24-08-2020,529.0213013,531.8154232,514.1506321,514.3163762,36779740
25-08-2020,530.2763062,533.7335207,523.88287,529.9448178,27601738
26-08-2020,529.6843262,535.9830679,525.4457379,530.8919984,25190062
27-08-2020,526.677002,535.1068883,523.9065248,533.1651898,20645996
28-08-2020,527.8135986,532.7862705,518.5786366,526.6059266,38696610
31-08-2020,528.4530029,544.0577576,521.2781353,534.9174888,38501166
01-09-2020,533.8756104,541.5950577,524.7353417,534.2070987,28877884
02-09-2020,537.1196899,539.4165795,530.7498985,532.3601088,19761682
03-09-2020,535.5805054,542.7079678,534.2070891,538.5877766,19833362
04-09-2020,530.086853,532.9757271,523.0303832,525.6824633,23661370
07-09-2020,525.9193115,530.1816022,520.4730512,528.6661442,17615466
08-09-2020,526.8427734,529.8501025,522.3673914,527.5768577,14624918
09-09-2020,519.2889404,525.6823747,516.8026049,521.4200852,15728872
10-09-2020,516.4711914,523.2434622,513.3691682,522.3673363,15188088
11-09-2020,510.8354797,523.2434567,507.2125216,519.2653077,20794730
14-09-2020,501.0321655,518.105028,498.3800855,515.2635013,21650590
15-09-2020,506.975769,509.6515518,501.1032684,505.7917995,16505110
16-09-2020,517.9393921,519.052312,505.9575957,506.8337217,18710112
17-09-2020,513.1798706,518.1051967,510.5277898,513.3693173,18318686
18-09-2020,500.7243958,517.2525634,495.9411128,517.157869,23481778
21-09-2020,496.9356689,507.3782446,493.2416612,499.6350961,19842878
22-09-2020,490.3528442,501.1269672,487.5586645,499.1852687,18620678
23-09-2020,495.9649048,499.6352108,489.8556096,495.3729199,16079828
24-09-2020,487.9848938,495.8464399,485.427508,491.5841496,19809510
25-09-2020,494.4257202,498.1907205,485.7353946,497.2672473,20321544
28-09-2020,499.2562561,501.5295008,493.7863515,496.7699201,16152422
29-09-2020,503.2107849,506.691644,497.7408222,501.0559371,12644446
30-09-2020,510.8117981,514.7426,498.214374,502.0030764,18813842
01-10-2020,524.2379761,525.6824419,516.2580335,516.2580335,21203080
05-10-2020,527.7426147,536.101452,526.156107,526.6296948,16940126
06-10-2020,541.8317871,543.6787911,533.354554,537.5458522,19371990
07-10-2020,550.4273682,551.6586848,538.7534184,542.2106322,21248778
08-10-2020,564.4219971,569.7261576,550.9483887,558.8336376,35060674
09-10-2020,584.1942749,585.8281297,564.3509338,568.7789683,44972388
12-10-2020,574.7698975,588.5512921,570.9574922,583.2471314,19220546
13-10-2020,567.5712891,578.9373965,565.9374342,574.6514615,18353952
14-10-2020,573.7516479,575.077717,556.7024863,566.1979453,22582918
15-10-2020,553.7425537,576.3563719,551.2562177,575.0303029,28246896
16-10-2020,567.9975586,569.9629597,555.5185307,558.8336455,25822848
19-10-2020,569.9866333,584.8809468,564.8008121,584.8809468,42359556
20-10-2020,579.6477661,581.2816787,571.099541,571.8572699,27411978
21-10-2020,590.421875,592.4583256,578.5821802,582.7971231,35640752
22-10-2020,584.0758057,591.9846981,579.1978286,587.225118,21913060
23-10-2020,585.2597656,591.2506044,583.0812157,588.9063682,15866230
26-10-2020,573.4675293,588.1960996,570.4839028,582.4183511,19571976
27-10-2020,583.9810181,585.354434,567.2870506,580.6185567,24317780
28-10-2020,572.8518066,583.4601852,569.0157569,581.565834,16571186
29-10-2020,562.2434692,570.4128596,558.1232781,568.589558,23060024
30-10-2020,560.5148315,567.973839,557.1049649,560.0412438,11522716
02-11-2020,575.5275879,580.1450691,557.649648,565.6295911,21926080
03-11-2020,591.013855,592.3399239,580.3818323,580.8317176,28164230
04-11-2020,595.4893188,598.9938802,582.5130014,592.9319331,23404822
05-11-2020,601.0775757,604.2979957,593.0976333,599.5621179,21433928
06-11-2020,619.2871094,620.4000292,599.3253717,599.6805625,35705724
09-11-2020,634.8681641,637.425492,622.8626668,622.8626668,26288440
10-11-2020,660.015686,660.655018,640.0776501,642.6586806,41517356
11-11-2020,658.2633057,670.0320081,649.0520466,662.9755387,36116194
12-11-2020,649.6204224,657.6004238,644.0794677,652.3199078,27053948
13-11-2020,643.5111694,648.2470478,637.9228099,648.2470478,22472480
14-11-2020,648.6732178,651.1595538,646.5420726,647.7734472,1835066
17-11-2020,667.0247803,668.9901814,653.8353703,656.2980618,31059900
18-11-2020,667.1431274,672.021105,662.5730513,664.4437,18862776
19-11-2020,650.8753662,662.7624082,647.8680953,658.1449272,20266882
20-11-2020,664.7515869,667.0011292,646.4711077,650.0703638,20405362
23-11-2020,660.4655762,674.2233258,651.3490104,670.1267795,25246636
24-11-2020,681.1140137,684.3344341,663.9938594,666.8116839,40154400
25-11-2020,664.348999,693.5219964,661.6021666,687.3180077,24152602
26-11-2020,675.644104,678.1777874,656.8663346,670.1267941,27943126
27-11-2020,682.3690186,684.8080075,670.387281,678.0830833,17994580
01-12-2020,678.793457,686.2287628,675.0994488,682.3690104,17147574
02-12-2020,666.3143921,678.0830962,660.5603461,677.7042028,17892150
03-12-2020,652.2250977,678.1777323,650.7333423,676.7569689,37933222
04-12-2020,656.2032471,663.7096022,650.3781518,654.0247547,26912322
07-12-2020,649.8809204,653.5275237,643.1796408,651.183287,24316318
08-12-2020,651.7990112,657.7188596,646.5184949,651.1833239,19457896
09-12-2020,666.4326782,667.7824496,651.2068779,652.1303509,22069074
10-12-2020,656.3216553,663.97011,651.53843,662.0757587,19727966
11-12-2020,654.8772583,660.6550066,650.2360746,658.31077,21356384
14-12-2020,649.8334961,657.339851,647.8680952,654.971912,17222050
15-12-2020,658.90271,660.6312591,646.9209158,653.9300382,21561436
16-12-2020,668.090332,670.9792641,660.4182323,664.9173167,16832092
17-12-2020,682.8189087,684.3343665,665.1540607,671.8316371,21924478
18-12-2020,668.3981934,681.8243972,666.0066094,679.5985575,22995918
21-12-2020,650.0703735,674.3180483,647.2524911,671.310777,23761824
22-12-2020,650.2834473,655.8244596,636.9756406,655.8244596,22851558
23-12-2020,651.4910889,654.0010696,644.5767183,647.6313366,15467394
24-12-2020,661.6495361,664.9173037,652.1304325,658.002933,14952188
28-12-2020,669.1085205,672.9682727,664.91728,665.3908678,11699194
29-12-2020,675.90448,679.480091,672.494671,672.9919613,14495346
30-12-2020,678.4145508,681.9191122,669.1795883,681.9191122,16216726
31-12-2020,680.2142334,683.8608366,674.8863702,679.5985461,22145750
01-01-2021,674.8863525,683.3872309,672.778852,681.9664674,8810938
04-01-2021,670.6003418,681.0192737,662.549349,681.0192737,15740192
05-01-2021,675.6676636,677.5857172,667.285183,672.1157552,14386824
06-01-2021,672.755127,681.9663859,669.2268634,679.5984471,22134050
07-01-2021,670.71875,678.4618993,668.9664982,678.4145521,19894842
08-01-2021,678.0120239,682.9136464,673.9628249,678.1777681,13768764
11-01-2021,687.3890381,693.7588291,680.2142287,686.7023589,17331392
12-01-2021,701.3835449,704.5565601,686.2760823,687.8625899,20388156
13-01-2021,696.4819336,708.9136138,692.4327346,707.0192625,16934650
14-01-2021,695.5820313,704.6985957,689.5437872,696.7186535,12297166
15-01-2021,694.5875244,696.9554633,684.3343375,695.7477913,14165236
18-01-2021,702.3780518,711.7314108,694.7532998,696.1267159,42825632
19-01-2021,712.2050171,715.8990251,694.7533178,706.4983187,17360254
20-01-2021,706.5930786,710.8553693,703.7515515,710.8553693,13346052
21-01-2021,698.4473267,707.7059337,695.2979562,706.5930139,26333054
22-01-2021,683.6477051,695.1795567,682.037495,695.1795567,15392364
25-01-2021,692.7879028,701.383533,689.1412999,693.8534754,20344718
27-01-2021,667.5693359,697.0738783,665.9354812,695.2268744,23556276
28-01-2021,649.5018921,663.6385326,635.5547561,658.2396207,42704446
29-01-2021,658.5238647,667.1668425,646.2105814,658.9264028,28704502
01-02-2021,699.3708496,702.0939797,663.4965704,667.8772579,26370544
02-02-2021,739.0575562,747.5584351,709.1504713,710.855376,42420206
03-02-2021,745.8060913,749.0738009,730.2723883,747.7951369,20237254
04-02-2021,747.8425293,752.0574725,730.9591116,741.6385403,24484684
05-02-2021,756.6038208,766.38342,733.1138786,733.1138786,27054716
08-02-2021,760.2268677,772.729598,755.7040808,767.2122882,17447580
09-02-2021,763.3525391,771.0009941,751.4417935,762.4764131,18421366
10-02-2021,749.0974731,764.7732171,742.1120534,761.6948966,19788006
11-02-2021,744.645813,756.6986579,740.7860606,749.2159471,13648618
12-02-2021,749.1921997,754.1885741,744.953612,745.3798526,9910106
15-02-2021,765.6020508,769.5802,756.1776417,757.7878518,10355244
16-02-2021,770.3615112,777.1574838,761.7421796,767.7804234,13897358
17-02-2021,751.3471069,768.0647808,749.6895495,767.2122995,12794426
18-02-2021,736.0975952,760.5583606,733.1139687,760.5583606,14720560
19-02-2021,728.8990479,740.7860913,726.0101735,731.6932277,17139508
22-02-2021,733.1140137,745.3799509,729.0648143,731.7169526,29451838
23-02-2021,724.1868896,737.7077884,721.1085686,735.8371395,18239906
24-02-2021,760.795105,764.3470135,718.0775082,722.9317832,14314332
25-02-2021,760.7714844,774.9080692,758.6876864,762.357992,20109570
26-02-2021,726.6732178,752.4837559,720.3271289,751.60763,27912846
01-03-2021,738.276001,744.7404857,729.6566687,740.6912871,13536018
02-03-2021,742.6804199,751.8206883,734.5347323,746.2323287,16110038
03-03-2021,751.5128174,755.8461575,741.1649351,750.1631037,11222410
04-03-2021,735.0319824,744.0064483,728.8989856,733.3744251,16291438
05-03-2021,724.5893555,731.9773138,720.3744124,725.0629433,17445822
08-03-2021,719.6166992,736.429067,716.3015844,730.2724253,15117050
09-03-2021,739.980957,741.4964149,728.4964526,731.6931703,15066696
10-03-2021,736.7842407,745.9008061,735.0793362,744.4800427,11055016
12-03-2021,734.9844971,757.7404119,726.9809102,757.7404119,15631204
15-03-2021,723.9499512,733.3033096,717.627566,733.3033096,12230386
16-03-2021,716.1358032,729.5146586,715.1175779,725.0155745,13722366
17-03-2021,708.1795044,728.8516234,705.7405157,721.8662034,21064428
18-03-2021,706.1193848,720.8243086,701.4545567,715.9463313,18065540
19-03-2021,709.1978149,715.6859454,698.0922028,703.2779667,21235020
22-03-2021,695.7715454,707.9664316,691.6276521,707.9664316,14015632
23-03-2021,710.4528198,713.9099764,695.7478941,696.1741347,19761428
24-03-2021,700.3416748,713.4363315,696.6476668,706.0720757,16368900
25-03-2021,693.0247192,708.2742816,686.8207304,705.7405405,23964356
26-03-2021,706.2615356,709.9081387,698.0684433,707.5401996,12021258
30-03-2021,735.8134155,740.0047142,711.1158555,713.531142,25607644
31-03-2021,707.3744507,733.1139368,704.698668,733.1139368,30774506
01-04-2021,704.1066895,710.0975869,693.8061544,710.0975869,35763762
05-04-2021,686.5128174,703.2778359,677.7040965,700.9098971,16006586
06-04-2021,682.0848999,692.6932793,678.4856438,691.4382599,15075734
07-04-2021,685.3762817,689.8753661,673.2288002,681.6349841,25088180
08-04-2021,678.5566406,691.8644466,677.4673655,688.1230913,17613592
09-04-2021,673.3234863,678.5566549,670.1741157,675.3362346,28157816
12-04-2021,647.4182739,662.5493822,640.7643417,659.7078551,22549128
13-04-2021,663.1885986,666.0774724,644.5529321,647.8680464,18600682
15-04-2021,677.2779541,680.4036223,658.7606812,665.390911,34444984
16-04-2021,676.5912476,684.3343968,674.1522587,679.5748161,15606526
19-04-2021,668.8954468,671.4054275,649.9045868,658.2870681,24069242
20-04-2021,658.9501343,675.5257087,655.4218702,674.8626742,23186270
22-04-2021,673.6786499,675.7151006,649.3125806,653.5511683,38485312
23-04-2021,669.7241821,679.4090293,663.1175978,667.2851935,22713528
26-04-2021,665.2962036,676.7570059,664.3253254,669.1796007,30170952
27-04-2021,681.350708,682.9135708,665.2961287,666.4563956,20592906
28-04-2021,699.3945923,700.4364625,677.7042446,680.190581,24103940
29-04-2021,697.3580933,712.110366,691.9118331,703.8462235,24078552
30-04-2021,668.8481445,688.5020403,666.5748997,684.3344441,35232902
03-05-2021,669.866333,673.3945973,652.2725901,659.7078964,22473700
04-05-2021,657.5056763,673.9155067,655.1140923,667.7351622,21486328
05-05-2021,664.2542114,667.5693259,654.3562152,663.4964825,14421612
06-05-2021,663.4492188,668.1377499,660.6550389,666.6222342,11477044
07-05-2021,670.0083008,674.8388729,667.8771558,669.1558197,12048334
10-05-2021,672.4237061,677.2306344,669.0849464,675.8098708,11060050
11-05-2021,664.7041626,674.4837042,660.6786664,661.1285517,14519034
12-05-2021,662.7861328,667.0957703,657.7424111,662.9045298,13774926
14-05-2021,656.7952881,662.5020447,654.6641428,660.3471969,10604142
17-05-2021,682.0848999,683.1978198,654.1669193,660.7260995,15120692
18-05-2021,699.347168,702.2123976,689.0703346,690.9409835,22165280
19-05-2021,690.5858154,700.3654166,687.9100902,696.2688699,10130916
20-05-2021,678.5566406,694.2323857,676.5201899,690.6567745,10684184
21-05-2021,709.1030884,711.2815809,683.3872458,683.3872458,19341646
24-05-2021,715.0938721,720.0665439,709.6713149,711.9208569,22146102
25-05-2021,700.4125977,716.8934749,696.4108042,715.3543147,19236974
26-05-2021,699.5128784,704.2250539,696.1740613,700.9099393,12283990
27-05-2021,702.164978,705.1722491,692.5984696,697.6421913,20439496
28-05-2021,712.015625,716.5384121,700.3180283,706.0721322,17750020
31-05-2021,717.8880615,719.6166686,704.4618588,710.3817064,15661054
01-06-2021,715.9226074,723.1685234,713.815165,719.9955085,11030162
02-06-2021,712.276123,715.2123446,707.0666567,715.1176501,10624016
03-06-2021,720.1139526,722.1976927,704.5802497,714.1704026,10287260
04-06-2021,710.831665,720.1613804,710.0028863,717.9591854,9424476
07-06-2021,710.3106689,717.0119481,708.4873674,715.1175968,8091668
08-06-2021,702.3544312,710.9974088,701.6203469,708.7478666,9872540
09-06-2021,701.052002,711.3288335,697.1449028,702.7569064,10223442
10-06-2021,701.4072876,705.1722878,697.902726,701.9045201,11483540
11-06-2021,703.9171753,708.7478053,701.4071948,706.11937,7205974
14-06-2021,700.6495361,703.7515597,692.6459476,700.0812538,8881964
15-06-2021,705.7642212,708.4873511,698.4473128,703.751473,7569602
16-06-2021,703.0884399,707.5401768,700.0101192,704.69865,7702098
17-06-2021,694.3271484,700.3180464,691.4382741,694.2798012,9283802
18-06-2021,700.8153076,705.6458805,689.0703061,695.9373297,11938060
21-06-2021,705.0301514,706.4983198,690.9646165,692.0775363,7260472
22-06-2021,702.7095947,714.1703963,700.909938,708.9609305,14366824
23-06-2021,703.5147095,709.3398628,700.2469419,705.6458547,7844868
24-06-2021,713.3416748,716.7514841,704.6986968,705.6458725,14785024
25-06-2021,717.532959,720.8007268,713.6969089,715.6386075,10383176
28-06-2021,714.3361816,721.2742548,712.749674,719.8534913,9356786
29-06-2021,714.4312744,717.3563984,709.7224519,716.7856566,10971692
30-06-2021,712.4574585,717.7370234,710.6500127,712.5050106,9679022
01-07-2021,707.1540527,714.4075246,705.3704121,714.4075246,16911442
02-07-2021,704.1337891,708.3431695,702.5166099,706.32171,14827036
05-07-2021,711.2920532,715.5965957,706.1076511,708.6760471,7373882
06-07-2021,729.9608154,732.4817173,711.5536682,712.0293057,17669032
07-07-2021,732.2438965,735.0263641,726.631351,729.6278904,9629190
08-07-2021,723.1830444,731.3877917,719.8535818,725.3472184,8420922
09-07-2021,714.4075317,721.0664568,712.267163,719.4255306,10695842
12-07-2021,707.2730103,714.4075732,705.8460977,714.4075732,14458978
13-07-2021,714.3361816,716.3576411,705.8936159,711.601266,18178142
14-07-2021,713.0519409,716.952145,709.223036,712.2671275,9788494
15-07-2021,723.3019409,726.1795711,713.2898061,715.8344552,10438802
16-07-2021,724.086731,727.7015643,722.3982527,726.7502893,5170628
19-07-2021,699.6627808,708.1528987,697.2845932,707.272981,25111600
20-07-2021,686.4163208,691.5769764,683.0868581,685.869326,24174250
22-07-2021,689.0559692,698.4736142,687.2961339,692.5756981,13207114
23-07-2021,686.2260132,693.2178613,682.682537,690.3878414,13126684
26-07-2021,682.3258057,686.8205569,679.2579089,680.1616318,13167166
27-07-2021,684.7990723,689.6268044,683.0629838,683.0629838,22401430
28-07-2021,674.1210327,684.2996285,667.7950309,682.5635981,20670342
29-07-2021,674.572876,680.1378114,672.2184936,679.3292509,13702230
30-07-2021,678.4730835,680.9939855,669.6737898,674.9296074,11655488
02-08-2021,676.6657715,682.5398836,673.6216796,682.5398836,13258786
03-08-2021,682.3970947,684.8704446,670.6488718,670.6488718,12033120
04-08-2021,696.9515991,701.3274406,684.9179481,685.3935855,22053948
05-08-2021,706.2503662,716.8095541,693.1941394,697.8078002,18822408
06-08-2021,709.9603271,713.4562512,701.0896761,705.6320375,13339270
09-08-2021,715.3113403,716.9522667,702.0410408,709.6512417,10998048
10-08-2021,717.0948486,722.8500505,708.2241981,708.2241981,14838346
11-08-2021,711.0543213,722.4220702,709.1993813,720.5433251,12585786
12-08-2021,714.1221313,717.0710605,708.3669294,712.0293148,8597674
13-08-2021,725.9179077,728.2009909,713.9318663,714.0269706,16658428
16-08-2021,728.0108032,730.10362,723.6587081,725.8942394,6252778
17-08-2021,720.4243774,724.8715766,715.9771783,721.6372183,8282666
18-08-2021,719.6395264,744.5391375,717.4278004,740.4248616,22985932
20-08-2021,720.4719238,722.8739165,706.8211504,706.8211504,13150406
23-08-2021,725.1569214,729.2236452,717.5705265,727.6540183,10843054
24-08-2021,741.4475098,744.1348733,726.5124806,727.7253794,18381314
25-08-2021,740.7579346,744.2776641,736.28693,738.2370323,7727974
26-08-2021,739.5211792,747.2264832,734.1226473,737.2380961,11119002
27-08-2021,736.5009155,741.3524532,734.9788986,738.189452,6382138
30-08-2021,745.9185181,746.7508837,737.999142,739.901692,9049166
31-08-2021,752.1732788,753.1007489,743.0410025,743.6593545,12062576
01-09-2021,751.0791016,760.0686612,748.8911809,749.1289996,12422558
02-09-2021,755.7880249,757.2149375,747.3454589,748.7010142,9618524
03-09-2021,749.628479,760.0686985,745.9422885,754.4086009,10735334
06-09-2021,744.7056274,751.9590995,742.9219868,751.483462,7876896
07-09-2021,746.394165,752.4585433,739.7114348,743.1836118,7245496
08-09-2021,749.7949829,751.7450851,744.6580746,747.6783612,6724080
09-09-2021,746.085022,751.2456776,742.4701883,748.6534763,8250948
13-09-2021,739.8779907,753.4098554,738.9742678,742.9458296,8959164
14-09-2021,736.5485229,744.1349184,735.6209949,741.9945495,9758506
15-09-2021,735.7160645,739.5211642,730.1035191,730.1035191,14822998
16-09-2021,741.9707031,744.0397727,730.7219226,731.4115737,10260550
17-09-2021,752.5299072,755.7880126,741.6139914,746.2752623,20498102
20-09-2021,741.9232178,752.3158866,741.0432999,743.8971252,8781610
21-09-2021,738.1655273,746.1087077,727.2258658,742.945707,14774996
22-09-2021,729.4852905,737.3095631,727.7254548,736.7625683,10582202
23-09-2021,746.7508545,747.7021295,733.4330049,733.4330049,13664304
24-09-2021,761.7572632,764.8012967,749.1290643,751.0316143,20806702
27-09-2021,772.9584961,777.9051377,764.8251064,768.4874919,16415462
28-09-2021,768.1784058,776.2404386,752.4585624,776.2404386,12773790
29-09-2021,758.0948486,764.159227,753.9568254,759.5931184,16263036
30-09-2021,758.618042,764.0403214,752.981749,754.3611094,15975348
01-10-2021,752.7914429,755.7879823,744.4915918,752.9341573,11128596
04-10-2021,754.2421875,761.6621211,753.2195552,755.7880094,7051028
05-10-2021,758.855835,759.8309151,749.7236181,757.2149088,10257178
06-10-2021,768.1070557,773.7909009,754.836757,759.1174948,18600830
07-10-2021,766.0142212,774.1951633,764.3494899,773.6719736,11265724
08-10-2021,762.2803955,771.4839689,761.0913018,766.7275942,7245562
11-10-2021,777.0966187,782.4237358,760.5444094,760.9724948,13080848
12-10-2021,775.098938,780.7828415,772.9110169,772.9110169,8176946
13-10-2021,779.7601318,783.8506027,775.2891277,778.6185902,6225644
14-10-2021,802.5907593,803.8274052,779.0942543,779.0942543,14757288
18-10-2021,794.4573975,820.4747474,792.9115755,810.9619967,28856456
19-10-2021,803.2091064,804.9927473,794.790345,796.9069089,8987540
20-10-2021,796.145874,807.9892602,791.6748696,803.3993464,10908568
21-10-2021,797.3111572,799.9984626,789.9625231,795.1707885,9738190
22-10-2021,799.4277344,812.3888564,794.6713593,799.1185584,12175554
25-10-2021,788.1313477,803.8273854,767.5838306,803.8273854,16426766
26-10-2021,786.1098633,796.1458027,783.0657717,784.8018602,12090656
27-10-2021,781.3773193,791.9602539,778.761313,786.1098893,13249642
28-10-2021,757.9758911,784.8018571,754.9080525,784.8018571,17797750
29-10-2021,752.862793,761.9712626,741.9944879,756.2636127,12406874
01-11-2021,763.5408936,766.2520041,753.195778,753.8854292,8122320
02-11-2021,764.2305908,771.4840631,761.0438426,763.8738627,13237722
03-11-2021,752.1968994,765.7288211,749.3906846,763.4457379,10207338
04-11-2021,758.142395,759.9973929,756.3112022,758.6418376,1096808
08-11-2021,761.138916,763.2554797,746.9648952,757.2624587,18943580
09-11-2021,747.8210449,758.4515312,746.2990282,758.4515312,12695476
10-11-2021,739.7351685,746.2751836,737.2380718,745.7995461,13714126
11-11-2021,736.4296265,739.5688226,730.3889949,737.2619922,7999404
12-11-2021,738.6650391,741.5426692,734.8837442,737.2381266,14914092
15-11-2021,740.6865845,747.6308812,739.331029,742.993415,9533594
16-11-2021,736.2868652,740.6627071,733.2427736,739.6163278,8245406
17-11-2021,728.105896,734.3842877,727.0119065,731.0072731,7598878
18-11-2021,732.1964111,734.1465134,725.4661286,725.8466618,9152874
22-11-2021,720.7573242,738.5223745,713.0044673,735.3356262,15261272
23-11-2021,720.852478,726.6790377,711.7202027,714.4075663,11235214
24-11-2021,722.0415649,730.7456968,720.1390148,724.871585,30802286
25-11-2021,725.7989502,729.2949319,716.7856437,720.495639,10251652
26-11-2021,708.6523438,716.6430191,706.3217083,713.456271,18624936
29-11-2021,714.0508423,717.0949341,695.3820692,710.9830034,12990996
30-11-2021,710.3883667,727.2496918,707.0589044,711.0780178,25221542
01-12-2021,715.6679688,716.8095104,708.2717825,711.0780553,8677634
02-12-2021,725.7039185,727.1546361,713.4562528,715.5966215,11203110
03-12-2021,719.9011841,730.555418,716.8095402,725.7277436,8124694
06-12-2021,715.2637329,722.3982958,712.195836,719.6395749,7029532
07-12-2021,725.6801147,728.6766542,718.165077,720.0913741,12427534
08-12-2021,739.0455933,739.6401402,729.6279473,730.5792223,15295534
09-12-2021,726.2271729,739.4736668,723.9203424,734.9551102,11747744
10-12-2021,724.1819458,726.7741471,717.4754102,725.2996824,7779384
13-12-2021,718.7595825,731.3639756,716.8807797,725.8227874,10322142
14-12-2021,714.621582,721.0664938,712.0531858,714.6453871,9191100
15-12-2021,713.4562988,724.5624236,711.3872872,714.8832114,10115148
16-12-2021,713.5038452,721.5421311,710.6024679,719.5444767,13210432
17-12-2021,700.6378784,716.3101116,698.0931712,712.0293739,14994768
20-12-2021,678.0926514,693.4795137,672.5990147,690.6256886,21156668
21-12-2021,685.7741699,690.0311023,680.1616242,684.6801804,9118750
22-12-2021,687.3912354,692.5281432,682.8726795,690.7683078,8577484
23-12-2021,686.868103,693.3843716,683.4197311,691.2201978,9779166
24-12-2021,684.3948364,690.6256763,679.2103759,687.5340324,5561024
27-12-2021,690.0549316,691.5769485,676.4279052,679.6384584,4705098
28-12-2021,694.8112793,697.7126564,691.2915502,694.7636691,5450678
29-12-2021,691.5054932,694.9063125,688.4376548,692.5519304,7668702
30-12-2021,695.1442261,697.6888752,687.2962071,693.7173135,7215918
31-12-2021,703.6581421,706.2265962,695.1442191,695.1442191,6325736
03-01-2022,722.8025513,724.3959253,704.1813312,706.3217,9069184
04-01-2022,727.0357666,729.1047782,717.1662879,722.9690425,8857352
05-01-2022,744.3013306,747.7021503,726.8216524,730.9597335,14332638
06-01-2022,732.362854,739.4974166,727.7491934,733.9086759,9628930
07-01-2022,737.4998169,745.2051219,730.5317153,734.3843678,11179384
10-01-2022,741.59021,747.7021401,735.0977466,741.0432152,8856496
11-01-2022,744.8007813,746.1325314,736.191754,742.7317697,8389198
12-01-2022,740.401123,749.913873,738.1893971,745.799597,21085530
13-01-2022,726.7740479,739.6162594,723.1592147,739.6162594,41963896
14-01-2022,734.9313354,736.6198138,722.4934025,727.7254153,11208968
17-01-2022,723.6824951,740.0919897,722.5647585,727.7254141,22989372
18-01-2022,727.3686523,737.6662159,724.3959179,729.152293,12341152
19-01-2022,722.2317505,732.3628526,719.8060108,729.627937,14317626
20-01-2022,717.7369385,727.0118691,713.5037534,726.988064,15197846
21-01-2022,723.7300415,727.630304,706.6070907,713.4562826,11537694
24-01-2022,707.1065674,723.5636148,698.0219019,718.1888873,11868508
25-01-2022,707.7723999,711.0780573,686.820545,693.7886459,13594248
27-01-2022,701.5415039,706.321684,682.5398091,689.6743716,28617838
28-01-2022,695.9765625,707.1302385,694.4307406,702.7543968,24925208
31-01-2022,706.6546631,709.4371891,697.6651601,700.4951802,12842546
01-02-2022,712.0292969,721.5420463,700.8280112,717.4991278,14739484
02-02-2022,728.2960815,730.1035272,716.1197737,719.1400601,13969290
03-02-2022,720.7573242,732.4579959,717.7370375,727.1308788,10564762
04-02-2022,724.871582,729.0809625,720.162759,726.9643987,11579958
07-02-2022,698.307251,722.4934078,694.4307935,719.2114972,12268042
08-02-2022,695.31073,703.2063016,687.0822353,702.2312794,13981130
09-02-2022,712.3146973,713.3135244,697.7602016,701.0896641,11308342
10-02-2022,725.3947144,730.3413558,714.2410386,720.1151499,14314530
11-02-2022,722.4220581,725.3472406,713.2184834,713.5752116,10711104
14-02-2022,700.9469604,713.1946261,698.8542019,708.6998749,14656620
15-02-2022,721.9226685,725.2996833,700.6378889,702.0409964,13135066
16-02-2022,720.9475708,729.9846837,716.7857425,729.7944171,10032264
17-02-2022,716.5479736,723.9203557,714.4076046,719.6871699,7351208
18-02-2022,719.3303833,721.5421094,708.9139101,712.6477111,7796128
21-02-2022,723.9678345,728.0583054,711.3396936,715.3588072,7468066
22-02-2022,718.5455322,723.9678112,707.7247793,708.6047551,9536196
23-02-2022,713.8843994,725.6801756,711.3873023,725.3948047,9029562
24-02-2022,675.1199341,701.5415645,669.2933742,689.626879,23630766
25-02-2022,692.5757446,697.2370153,681.5171729,684.8941875,18318654
28-02-2022,678.3779907,684.2283553,672.5752364,678.2590813,24880832
02-03-2022,653.6448364,665.1314937,644.2034436,659.4713958,38505560
03-03-2022,652.098999,662.0873863,648.246347,656.8553739,17527922
04-03-2022,649.9586182,659.233549,635.8797603,646.8669745,21219364
07-03-2022,630.1246338,633.7156624,616.9256921,627.1280941,27054458
08-03-2022,631.5515137,634.500443,614.5236675,619.3751469,39212492
09-03-2022,652.1703491,653.8588274,627.2944854,632.597855,23134694
10-03-2022,662.4203491,678.7347392,656.4986852,678.7347392,22273206
11-03-2022,664.3704834,670.1494326,652.9075732,660.1848502,15150780
14-03-2022,686.1308594,689.6743353,673.0270238,673.0270238,25018126
15-03-2022,677.3078003,689.4365565,671.4812409,686.5827315,18867928
16-03-2022,688.7944336,692.0525387,683.1105308,688.2474389,13364108
17-03-2022,703.9673462,708.6048121,699.4487897,700.1384409,14823954
21-03-2022,707.0350952,710.4359147,700.5188851,707.2729139,12257876
22-03-2022,710.6737671,712.5049598,693.098927,704.561837,10461814
23-03-2022,703.586853,722.3983415,700.8994892,716.7857952,31188256
24-03-2022,686.1784668,699.0206796,682.3258146,697.2845911,20160044
25-03-2022,680.5897217,690.6256615,674.9296237,690.150024,16366462
28-03-2022,681.4934692,683.9667611,666.6535436,680.5897463,15754886
29-03-2022,690.5305786,694.5496925,680.1616574,685.3936701,12377448
30-03-2022,702.4928589,705.2515799,691.6008054,700.1384762,20109742
31-03-2022,699.3535767,706.1789631,697.237013,699.6627526,14295714
01-04-2022,716.3100586,718.2126086,699.3298235,702.2312005,14568556
04-04-2022,788.0361938,819.0952862,743.2073617,751.5072124,97450970
05-04-2022,764.9440308,792.7450202,761.9712963,792.7450202,30922582
06-04-2022,737.642395,756.1685102,735.9776638,755.169625,27027860
07-04-2022,721.4230957,733.1237653,719.9723783,733.1000182,40781732
08-04-2022,720.4243774,725.7039423,712.1720781,719.2114785,41256322
11-04-2022,711.625061,718.2126288,710.2457007,716.3100788,20799066
12-04-2022,710.3646851,716.7144348,704.0149353,705.8461283,27435402
13-04-2022,696.7851563,714.5502639,695.6912248,708.6998993,28892520
18-04-2022,663.7283325,680.946445,661.1599364,674.8582617,45620376
19-04-2022,638.4006348,660.922117,631.1709679,656.807841,74096022
20-04-2022,644.1558838,646.8194422,635.1425184,644.227183,49325736
21-04-2022,653.6923828,656.284642,643.6802483,649.2451838,52446270
22-04-2022,644.7741699,654.1680104,641.7063313,646.8669865,20659148
25-04-2022,649.6019287,651.9325641,628.911697,642.1106379,20935488
26-04-2022,652.5985107,657.3072759,645.5114998,652.5747056,17016842
27-04-2022,652.8362427,655.9040812,645.0119713,646.8669691,18054334
28-04-2022,652.2655029,655.9041416,647.8658559,652.5746789,20773722
29-04-2022,658.567749,668.1518574,652.3607137,656.5462894,28401476
02-05-2022,667.6523438,668.9603469,647.8420881,647.8420881,19494316
04-05-2022,644.9644775,667.6048119,642.1106524,665.8925284,29055916
05-05-2022,643.5137329,654.001563,640.4458943,654.001563,17862912
06-05-2022,626.7000122,634.976117,624.5120911,632.5979293,26731268
09-05-2022,627.7701416,630.9331426,616.1883801,618.3287489,32762434
10-05-2022,637.8536377,643.5374821,625.4870638,625.4870638,20113812
11-05-2022,641.4447632,644.488855,631.9558177,643.5375799,17102924
12-05-2022,626.9856567,638.4133907,622.1498974,635.6706993,22382290
13-05-2022,621.3560181,634.1791515,619.2629499,630.353891,16768238
16-05-2022,627.9719849,631.2920539,618.4448992,625.0368735,9804356
17-05-2022,632.2543945,633.6978977,624.6519209,631.580748,16641444
18-05-2022,632.2063599,641.5410266,630.3297938,637.0902246,15732384
19-05-2022,619.2869263,623.7858326,615.0767088,618.8778867,20537506
20-05-2022,635.5985718,637.1623671,621.8371847,626.9616334,13919350
23-05-2022,627.4428101,639.929091,625.0850761,632.254488,19486320
24-05-2022,634.6361694,637.5472578,624.026456,625.5180642,12870796
25-05-2022,639.3757324,642.8160349,636.681146,639.9531102,12887112
26-05-2022,657.6119995,659.6810445,644.7648429,645.7993654,26992428
27-05-2022,669.8095703,671.0846178,659.560674,660.0659237,24031718
30-05-2022,674.3806763,683.4987815,672.8890093,678.5668122,12624674
31-05-2022,668.3179321,675.9444881,664.0115042,671.6620833,13485388
01-06-2022,671.1568604,673.8513881,663.6025498,664.0115306,12091896
02-06-2022,666.4653931,667.8607912,663.3378029,667.4999154,11475020
03-06-2022,664.1558838,673.995741,662.2312127,672.8169035,6957244
06-06-2022,663.265686,667.3796939,654.700935,662.2312223,6173266
07-06-2022,655.6391602,661.268858,651.5492343,655.3504713,10253966
08-06-2022,657.9487915,664.4926611,652.9446352,660.787693,5986588
09-06-2022,662.9047852,664.9979119,653.0168231,655.4707669,7311816
10-06-2022,650.1057739,658.2134392,646.4970156,654.4362839,9155430
13-06-2022,638.3171387,639.9531208,629.5118039,636.8736354,10892572
14-06-2022,631.2921143,638.028463,627.9239399,630.9312384,11870356
15-06-2022,629.1027222,633.1205197,624.7481895,626.3119846,11810470
16-06-2022,616.5202026,635.406035,614.9323257,630.3296922,12169192
17-06-2022,620.5861206,625.0369224,611.852914,613.4888961,14723922
20-06-2022,636.1759644,637.5472807,622.7032671,627.7795517,15936840
21-06-2022,643.1047974,651.5011513,637.0902003,643.2731943,13220684
22-06-2022,640.0734253,643.2972259,636.681169,641.0357608,8159698
23-06-2022,642.4310913,648.6140847,634.419637,640.1936497,15372244
24-06-2022,651.4049683,655.1821236,644.0671596,644.0671596,8013432
27-06-2022,652.5838013,662.0868649,650.5388382,659.1998582,9804164
28-06-2022,647.6036987,650.0576426,643.9949405,646.6894682,9770574
29-06-2022,646.6654053,649.9373696,640.554598,640.554598,9994046
30-06-2022,648.6141357,651.5011423,642.8401227,642.8401227,12475822
01-07-2022,651.3808594,654.3881579,639.9772069,646.6653918,11472452
04-07-2022,652.295105,654.4843831,645.8474451,651.3567926,8487480
05-07-2022,650.8274536,663.6986903,648.7584676,656.3127774,14325718
06-07-2022,659.8012695,660.8357919,648.1810568,648.6141195,15049078
07-07-2022,671.6139526,672.6724982,661.3409744,664.0114789,17743142
08-07-2022,672.2393799,678.4464549,671.1086475,678.4464549,12474030
11-07-2022,676.5940552,678.3984343,670.3869793,670.7478552,7462880
12-07-2022,669.6893311,676.1610141,668.5345167,676.1610141,9876974
13-07-2022,653.3536987,670.8441369,651.6215064,668.8232556,15945610
14-07-2022,650.0817261,660.4749379,649.2156006,655.3504896,10372410
15-07-2022,655.3745728,656.7458891,648.0367644,651.019981,13595646
18-07-2022,648.397583,657.323209,645.7511606,648.614085,20332220
19-07-2022,648.6382446,653.6905063,643.3213172,643.3213172,15792538
20-07-2022,656.8180542,659.7290838,652.1025868,654.3400286,20347862
21-07-2022,654.7490234,658.9592413,653.4739171,654.6528134,12640278
22-07-2022,670.026123,672.191378,655.5429848,657.2751771,12729592
25-07-2022,671.9989014,675.8482436,665.5994052,671.2290447,10143126
26-07-2022,670.6275024,674.5971361,667.0428265,671.7101298,8527964
27-07-2022,675.7519531,676.5218097,666.0564119,668.2938535,9212778
28-07-2022,681.7424927,685.1828537,678.9276732,680.876426,17420406
29-07-2022,690.0907593,692.2079091,680.9967358,691.9192202,20019736
01-08-2022,695.8407593,696.9474099,688.0939702,692.4003981,13193036
02-08-2022,688.1901855,695.0949311,684.7258012,693.8439067,15036510
03-08-2022,689.802063,690.8365854,681.8146902,685.6399503,10975498
04-08-2022,688.9841309,696.1053785,679.8659665,692.881578,12012206
05-08-2022,686.6503906,691.4139039,683.8114894,689.5133149,9268982
08-08-2022,703.491333,704.6701705,686.6744849,687.1075476,15357736
10-08-2022,705.5363159,708.0383648,697.236172,703.1545002,17353102
11-08-2022,714.8709106,717.4211232,709.5059372,715.2558683,18301766
12-08-2022,714.6063232,716.6031812,710.1795445,714.5341363,8850370
16-08-2022,722.7861328,725.8415362,716.0016794,719.2495617,12563756
17-08-2022,726.5151978,727.8865141,714.8949848,721.7516253,12384350
18-08-2022,727.3812256,728.4398298,721.5831897,721.7515867,8342138
19-08-2022,718.4075317,727.5256371,716.9399466,726.5633016,8063702
22-08-2022,707.4849854,716.1460048,706.2098791,714.4378945,8234066
23-08-2022,705.2957153,710.179521,697.8857202,699.2811184,14966884
24-08-2022,708.6879272,709.9630336,702.1199755,703.4191637,13455520
25-08-2022,704.838562,715.4002293,701.0614069,712.0801601,11823040
26-08-2022,704.9589233,712.9944607,703.0823572,708.3030748,7706176
29-08-2022,692.5928955,695.768591,687.3962601,691.4380811,8653178
30-08-2022,715.0633545,716.9158385,694.373142,695.9850422,10135400
01-09-2022,708.3510742,716.6752406,702.0237069,704.7904213,22403136
02-09-2022,714.7747192,717.1805581,705.0069901,708.3511413,12038086
05-09-2022,719.369873,721.2704622,714.1010509,715.0633864,12131932
06-09-2022,716.6271362,724.9513613,715.2317381,721.2223115,12238696
07-09-2022,713.2349854,716.9399536,707.9421401,707.9421401,9776206
08-09-2022,720.5968018,721.7516161,713.1627836,716.9880437,11164690
09-09-2022,721.0780029,726.0821594,718.8887248,719.9231885,15128888
12-09-2022,718.6480713,723.6762505,716.9399024,721.7515796,11080492
13-09-2022,728.0549316,729.4022249,721.0539759,721.2223729,13001966
14-09-2022,735.5371094,740.4690789,718.0706962,718.8887166,20219760
15-09-2022,731.711792,741.4554392,727.525656,736.1866757,13539372
16-09-2022,718.2631226,728.8247306,713.5717372,723.2431968,20560046
19-09-2022,723.0026855,728.4880099,712.1283056,716.4588156,12076038
20-09-2022,731.711792,733.2996691,726.5152154,728.4879915,10781668
21-09-2022,730.5811157,732.096806,724.1575374,725.6010408,9072304
22-09-2022,715.0153198,726.6355334,713.4515245,722.7140043,12048144
23-09-2022,695.8407593,709.7224372,691.4380626,708.4473309,15806252
26-09-2022,686.4579468,691.1733552,682.2958342,685.8324052,8923486
27-09-2022,680.2990112,692.8815596,677.0030239,689.2246965,12639700
28-09-2022,668.6066895,678.7352356,666.8504154,676.5218757,11816132
29-09-2022,665.1422119,674.6933798,663.4341017,671.8545371,14410388
30-09-2022,683.9077759,688.7675585,656.7939847,663.4341232,15781756
03-10-2022,679.9862671,682.223709,674.1641488,678.4224718,11541112
04-10-2022,699.1367798,701.5426187,686.2174367,687.829337,11538526
06-10-2022,691.4381104,703.755994,690.0908171,702.4808876,12549198
07-10-2022,688.454834,690.4516331,683.4265958,688.1901682,13297994
10-10-2022,680.852356,686.1452011,672.7687144,677.4841818,13109302
11-10-2022,673.9476318,681.8147129,673.3701953,674.1641338,14521620
12-10-2022,678.3502808,680.7801425,672.3356842,675.1745268,9225050
13-10-2022,670.5554199,676.6422042,665.9362209,674.621323,14714234
14-10-2022,692.4003906,696.2497326,680.9726566,681.8147001,12849920
17-10-2022,696.0332031,701.3500713,686.6263505,690.4756924,18410500
18-10-2022,694.7341309,703.9004011,692.8816465,701.566749,10561108
19-10-2022,701.8554077,710.8773038,699.3292768,704.4296436,12967040
20-10-2022,697.1158447,699.0886207,694.0844645,694.8062161,7898078
21-10-2022,692.2078857,701.3741545,689.9945259,698.6555451,10492606
24-10-2022,703.0101929,703.9484465,699.7623104,699.7623104,2167794
25-10-2022,698.1263428,706.25809,695.2874411,703.0342306,13773394
27-10-2022,699.8103638,706.0414624,698.2946737,704.6701461,15937276
28-10-2022,701.8793945,705.8731105,696.442234,697.6932585,10474278
31-10-2022,720.1637573,720.7892989,705.9933904,708.2789372,12830528
01-11-2022,728.1271362,735.7055287,721.2223904,723.4357504,19073756
02-11-2022,728.5841675,735.3445977,727.3331431,729.9314606,12720406
03-11-2022,725.3843994,731.4952058,720.3080566,720.6448505,10332352
04-11-2022,720.3803101,729.4984154,716.74747,723.2913397,10818060
07-11-2022,725.9859619,727.5256753,717.9504248,726.5633397,9835834
09-11-2022,725.7693481,730.3885467,723.6762802,728.9932072,9269790
10-11-2022,733.6605835,734.743211,719.3699237,720.3562824,12774182
11-11-2022,775.2333984,787.6715725,740.0359673,743.4041414,56722338
14-11-2022,777.1100464,783.3411456,768.9061122,775.6424612,19195390
15-11-2022,779.0105591,781.0074169,772.3945028,781.0074169,11030202
16-11-2022,785.6987915,790.0774061,775.6423743,778.8421514,13578150
17-11-2022,778.6016235,785.0492833,776.5566606,778.5775417,12100930
18-11-2022,776.5566406,780.9352554,772.3945279,779.9729199,10459232
21-11-2022,768.5932617,775.6423807,765.1529007,773.5493128,8344816
22-11-2022,767.4625244,771.9614309,765.5378535,769.868363,8546314
23-11-2022,769.4594116,772.2742312,766.981386,772.2742312,10185738
24-11-2022,781.9697876,785.265775,769.459426,772.7313315,17197960
25-11-2022,778.3610229,785.1213946,776.6528539,784.1590591,8410496
28-11-2022,769.9887085,773.4530929,767.0054919,771.2638148,16105980
29-11-2022,768.8338623,775.8107945,766.4280236,768.5451734,12638236
30-11-2022,773.9342041,776.0754357,768.4729622,768.4729622,15184806
01-12-2022,779.2512207,787.6716569,777.0859657,780.4541402,20446366
02-12-2022,773.284668,778.818097,772.3464144,774.6800662,7811078
05-12-2022,776.0994873,776.8934258,768.0399276,774.6559841,11592622
06-12-2022,775.2333984,776.4603409,769.8683665,770.3495342,12353092
07-12-2022,774.8966064,778.8181355,772.0095998,776.6769624,11674720
08-12-2022,779.2512207,782.3788113,772.2742879,774.6801268,14803634
09-12-2022,784.8087158,786.6371181,779.4917885,782.3787951,11963384
12-12-2022,790.9195557,795.6590467,780.1654673,781.8976596,14434808
13-12-2022,793.1088257,797.2949616,791.5209486,793.9267874,17031702
14-12-2022,799.8210449,801.38484,793.9267403,795.3702435,14227640
15-12-2022,785.1695557,803.2614513,782.8840089,797.3190413,18182648
16-12-2022,788.9467163,791.5690571,774.198913,779.5158401,14647958
19-12-2022,791.4006348,792.3148652,782.4749498,791.039759,9604542
20-12-2022,785.9393921,787.3828953,779.5879427,779.5879427,7174698
21-12-2022,778.3369141,791.4247117,773.0200458,789.5962508,9269198
22-12-2022,775.6665039,783.1005222,774.1989188,780.5503096,9747096
23-12-2022,768.7376709,771.8652613,762.8673891,763.6132226,10693152
26-12-2022,784.0386963,788.6338714,765.0566538,769.627747,9907322
27-12-2022,784.8327026,787.1663545,776.364162,785.7469331,7926772
28-12-2022,784.2072144,785.7469276,780.9833552,780.9833552,8691870
29-12-2022,789.7406006,790.7991461,775.1611952,779.5398097,11012896
30-12-2022,783.413269,791.5209337,779.4917402,791.5209337,7122640
02-01-2023,783.6779175,788.9948448,778.7941116,782.8599558,4381378
03-01-2023,788.8023682,790.5586423,780.5503292,780.5503292,8378030
04-01-2023,774.7041626,791.8818278,773.2365775,786.7092745,10351600
05-01-2023,769.7240601,778.5535356,764.7680673,777.0859505,10941436
06-01-2023,767.1738892,774.2470317,759.3789362,770.8307524,9092462
09-01-2023,768.6654663,775.4258966,765.0567083,767.9437147,10729340
10-01-2023,754.6154175,769.8684119,753.0275404,769.8684119,16371766
11-01-2023,765.4897461,768.9060252,750.6216516,754.4469116,15195798
12-01-2023,769.5796509,771.7449056,762.2418433,763.9981172,9250070
13-01-2023,770.1812134,774.6320153,763.1320937,769.2669829,9244546
16-01-2023,762.7952271,780.1172654,760.3893884,777.0858852,14748094
17-01-2023,774.1508179,775.1612584,759.0421385,764.9605254,10786354
18-01-2023,787.815979,789.8849651,769.7240247,772.2742372,19090642
19-01-2023,791.0878906,793.9267921,785.7469403,787.6716113,11172162
20-01-2023,799.1955566,803.0689806,790.7510978,791.0878917,18843404
23-01-2023,805.041748,809.6128417,799.4121089,801.7457607,15444400
24-01-2023,815.8198853,819.1399543,805.9559468,805.9800287,24983940
25-01-2023,793.2772217,814.5929177,791.6653215,813.847143,14704142
27-01-2023,777.4708862,787.6716192,765.0326527,785.2657804,35179948
30-01-2023,776.6769409,782.0419731,761.2073859,767.4625667,18512822
31-01-2023,771.5524902,780.7908876,767.4625643,779.3473843,18596244
01-02-2023,783.1245728,801.144281,772.7553845,781.4164038,17302790
02-02-2023,771.4802856,781.6569951,764.4552484,773.7658324,17497106
03-02-2023,798.1611328,798.9790945,773.2366184,775.1612896,14411100
06-02-2023,794.7688599,803.2614827,792.0983553,798.7384939,11167672
07-02-2023,795.9476318,801.0961618,785.5544207,798.4497393,10264588
08-02-2023,795.8515015,802.6840604,793.9268304,795.9717934,8444826
09-02-2023,794.1914673,799.5324177,786.9739509,798.7384791,11777336
10-02-2023,797.3430786,798.0167252,790.1736673,793.3494215,8172116
13-02-2023,797.944519,799.5805011,791.3044394,796.3326188,5736944
14-02-2023,805.3305054,807.1589665,797.7521127,801.1443691,10908592
15-02-2023,803.6945801,807.3995486,797.1747331,807.3995486,11438712
16-02-2023,800.7834473,809.27607,799.219652,805.0898752,8062500
17-02-2023,796.765686,802.659991,790.5345285,799.2196298,8956270
20-02-2023,789.2835083,803.2854781,786.6130625,798.7384664,8086706
21-02-2023,792.2427368,799.8692343,786.2281397,789.1151463,12389296
22-02-2023,776.7009888,790.0533944,774.2230217,788.6339729,10359102
23-02-2023,771.4321899,778.938395,766.0671578,776.1235755,27882010
24-02-2023,764.5514526,778.4812939,762.7470736,778.4812939,17061740
27-02-2023,766.4521484,769.3872601,758.945943,763.0839741,14312972
28-02-2023,769.6759033,772.4185947,764.4311632,766.0190403,18993992
01-03-2023,768.9301758,776.1236104,767.8234664,775.6424427,14137256
02-03-2023,762.3862305,772.7313373,761.207393,766.9814061,17391814
03-03-2023,777.5189819,779.491758,764.0943899,767.9437319,14986234
06-03-2023,783.0042725,788.8504134,778.5534709,779.4917245,27004710
08-03-2023,784.5680542,788.8744818,779.4917112,779.4917112,20099774
09-03-2023,784.6402588,791.9780673,782.8599615,784.279383,20700166
10-03-2023,764.4071655,776.4844644,762.6508915,774.8965873,27387000
13-03-2023,754.7356567,771.696819,753.0034059,764.0462404,26443550
14-03-2023,752.7147827,761.9772622,750.2849207,755.5536843,33185612
15-03-2023,741.9125366,761.6404136,739.3623242,759.28268,37264754
16-03-2023,746.7242432,750.1886275,737.1730751,740.5171674,21753342
17-03-2023,756.7084961,759.8601097,740.9983568,749.4187927,22950876
20-03-2023,751.4636841,754.5190873,743.5966036,754.4469004,26503114
21-03-2023,759.9803467,761.4479317,748.793197,756.3715887,33050494
22-03-2023,758.2241821,763.1561517,753.1719206,762.1697343,14177324
23-03-2023,752.1373901,765.2251296,749.9240302,754.3507501,28364178
24-03-2023,750.9344482,757.3099208,748.1917569,750.6216775,31477748
27-03-2023,754.2063599,759.9803728,750.0924109,751.6802292,31872006
28-03-2023,760.3412476,761.6404357,752.5944586,753.3643153,39276302
29-03-2023,763.9981689,770.8307274,761.1592675,762.169708,39763612
31-03-2023,774.463623,776.0995465,766.2115839,767.7512973,34711228
03-04-2023,774.9447632,777.4227302,771.1916311,773.5012599,40025398
05-04-2023,795.7310791,796.8137064,777.5669985,778.8180228,43365392
06-04-2023,801.7938843,803.1652006,792.5314049,793.2291334,44637344
10-04-2023,797.9926758,804.0313549,795.8515027,800.3023046,31813286
11-04-2023,800.3262939,803.2614053,794.4560125,798.2572493,42361542
12-04-2023,810.7196045,812.3074229,802.4916472,802.5878573,26955504
13-04-2023,814.3522949,816.5657135,807.4716317,812.3554958,35330086
17-04-2023,801.9382324,827.6085198,795.5146548,827.6085198,32405148
18-04-2023,798.5459595,807.0385817,797.0062462,803.5501157,29637226
19-04-2023,801.4810791,803.6944977,797.3671302,801.1442852,24741168
20-04-2023,804.4644165,807.1348624,801.8179937,804.3681477,32922716
21-04-2023,805.7634888,806.8942212,800.3022466,803.0689612,20128618
24-04-2023,812.2833862,813.8712046,805.5229555,811.7300315,35675852
25-04-2023,800.7353516,812.0668172,799.6527241,812.0668172,50353068
26-04-2023,804.4161987,805.9559119,796.3325577,798.7383963,27392750
27-04-2023,808.8429565,810.8879194,801.5532537,803.7906954,47790392
28-04-2023,812.0186768,813.6546588,803.5501362,810.6232785,27916272
02-05-2023,811.8502808,817.5040018,809.3241501,812.5479505,32221184
03-05-2023,814.689209,816.0605254,808.1934442,810.7435981,29407270
04-05-2023,831.3616333,834.5613517,811.7780713,811.7780713,56854638
05-05-2023,782.2103882,799.195575,780.5022191,788.6339661,62770416
08-05-2023,791.2562866,794.0951881,784.3034361,786.7092749,37244524
09-05-2023,791.2803345,796.8137634,789.0909978,793.878652,43688938
10-05-2023,794.9372559,796.1642572,785.7950683,791.2803926,46340550
11-05-2023,795.4664917,812.2111527,793.5659026,801.2164815,35734618
12-05-2023,802.4916382,804.8974771,791.1601136,792.483325,22478760
15-05-2023,806.3410034,808.7227605,801.1924728,804.5125423,18512260
16-05-2023,801.7174072,813.6412073,800.1113206,813.6412073,32722086
17-05-2023,797.4102173,803.0314613,791.0346461,803.0314613,30466868
18-05-2023,800.5980225,804.953836,798.1645938,802.0580796,49646942
19-05-2023,801.5228271,803.0315412,794.0522123,802.0581696,30460332
22-05-2023,798.6757202,804.4429348,794.6118464,800.5981053,28334032
23-05-2023,796.8018799,802.836795,794.9768083,802.5447955,22470074
24-05-2023,786.3868408,795.6095118,785.3160965,792.1053983,33588112
25-05-2023,783.3693237,788.4552252,777.4074237,786.3380947,29776930
26-05-2023,786.3868408,787.9442114,779.7922253,787.9442114,26635066
29-05-2023,795.9744873,798.6512587,790.7912726,792.5676873,21816292
30-05-2023,796.5828857,799.4543435,792.5920864,795.0498138,37125928
31-05-2023,783.9777222,795.7068368,780.9602943,793.2491094,43334270
01-06-2023,780.6439209,788.382236,778.697178,788.382236,50366938
02-06-2023,781.8606567,785.9001722,779.1838851,784.7564132,17859710
05-06-2023,780.838623,786.7275087,779.8895502,785.7541372,18697242
06-06-2023,778.4051514,783.4909934,774.9253366,782.4203086,32182852
07-06-2023,782.4446411,784.8051145,776.7504417,780.3762267,24949026
08-06-2023,782.9312744,791.3509609,780.2788611,780.2788611,37395522
09-06-2023,783.8560181,787.7008472,782.1039613,786.4354762,18212578
12-06-2023,779.0865479,786.3868339,778.4294746,784.8051052,13408292
13-06-2023,780.4005737,783.0773453,773.878973,773.878973,27926108
14-06-2023,779.5488892,784.537418,778.7945025,783.7830314,20113968
15-06-2023,769.9611816,781.592923,768.4767664,780.6439096,35377476
16-06-2023,780.0355225,783.1746215,770.9101654,772.4432373,15779272
19-06-2023,780.71698,785.6324943,777.8941788,784.0507656,24829146
20-06-2023,782.3473511,784.0507512,774.146708,780.7169657,20005626
21-06-2023,796.0231323,796.8261756,784.0506758,786.4841043,24308946
22-06-2023,799.916687,806.7059889,797.7023025,798.1646302,56596140
23-06-2023,799.868042,807.8497003,795.2688854,796.9722855,21339218
26-06-2023,795.9989014,803.396501,792.6650565,800.5980579,16130314
27-06-2023,807.21698,814.17661,797.4589663,799.600336,33831864
28-06-2023,815.7583618,817.5834334,808.1417177,812.7652325,59562950
30-06-2023,828.0470581,831.6485442,819.2137008,829.312429,40699016
03-07-2023,837.0021362,855.3501644,832.2325923,833.4493067,44104116
04-07-2023,841.09021,850.239925,834.0819834,838.7784529,38795188
05-07-2023,814.3712769,837.0994773,812.0595196,835.2744057,37165754
06-07-2023,815.1986084,821.4525082,808.0930085,814.2252369,52156544
07-07-2023,808.0930176,815.1986175,806.0976179,810.3317601,19926336
10-07-2023,806.1705322,816.050276,802.8854036,808.384976,38398442
11-07-2023,802.2527466,815.6852605,800.8413461,809.3583462,50670426
12-07-2023,794.7334595,810.9644765,791.9107178,805.635232,70958358
13-07-2023,798.6998901,806.6571894,797.2155344,806.2921752,41913546
14-07-2023,800.3546753,804.7835035,795.7311609,804.7835035,24727214
17-07-2023,817.0966797,818.6053936,794.7577929,803.0314503,49252928
18-07-2023,816.4153442,829.3125166,812.7652011,826.3924021,81076818
19-07-2023,820.1141357,821.8905506,815.1986216,818.1673928,32935134
20-07-2023,821.890564,823.4722927,817.6320636,818.1917641,56210948
21-07-2023,815.5635986,822.4015568,814.3468843,817.632013,42154248
24-07-2023,816.8533936,819.8951796,812.813878,816.9020502,32179444
25-07-2023,825.7109985,826.8790562,816.853342,819.8951278,55992596
26-07-2023,822.8395386,827.1710534,821.5255109,827.1710534,24794358
27-07-2023,814.2982178,828.8257745,811.5240735,827.3170607,59741302
28-07-2023,799.868042,812.2298721,798.6999843,808.6283856,41015684
31-07-2023,803.6154175,806.340905,797.5318461,803.0557764,34565006
01-08-2023,808.9933472,811.5240892,803.031447,805.1971747,35394188
02-08-2023,798.40802,803.7615636,794.8308914,799.1380487,28116322
03-08-2023,792.6407471,803.6884897,789.8909607,798.1646184,57673946
04-08-2023,804.1021729,806.1949453,792.9327586,795.8042165,37388304
07-08-2023,803.6398315,809.4070457,801.8391181,809.4070457,28300918
08-08-2023,802.9828491,805.7569342,799.1623778,803.8588478,43773828
09-08-2023,803.2747803,805.2215232,793.8330654,804.4914946,33361236
10-08-2023,796.1448364,805.0998657,793.7844225,801.5957522,50781118
11-08-2023,787.8468628,797.385891,786.5814324,797.385891,28225822
14-08-2023,784.0021362,785.997536,778.8189208,784.0507929,31304410
16-08-2023,781.7145996,783.393701,769.5961724,770.4721711,34137542
17-08-2023,777.3831177,783.5153458,775.777031,777.5290877,52884040
18-08-2023,774.1953125,776.896442,771.6402125,772.637942,25633366
21-08-2023,773.5869751,778.9405182,772.3702608,778.9405182,21837270
22-08-2023,770.2774658,777.7237811,768.9634381,776.9207378,32273570
23-08-2023,772.1755981,774.0980425,765.6783553,768.9634841,36498588
24-08-2023,768.6227417,776.8476824,767.0896699,775.4363414,43145792
25-08-2023,759.9597778,767.7467496,758.4510639,766.3110505,30069756
28-08-2023,767.8684082,770.2531802,759.9597651,759.9597651,28867238
29-08-2023,773.9763794,775.120079,769.6691629,773.6843204,35538932
30-08-2023,768.3307495,780.6195644,765.8973208,780.6195644,28084204
31-08-2023,764.8022461,770.4965046,760.7384322,768.476747,100075772
01-09-2023,766.3839722,768.4767445,758.9133583,764.5832588,43226776
04-09-2023,771.1779175,774.5360016,766.4813882,773.830331,25073638
05-09-2023,766.4814453,773.0517033,764.3886727,773.0517033,38712082
06-09-2023,776.5070801,778.6971659,766.4813659,767.4060807,56320910
07-09-2023,783.9777222,785.5107942,772.4432938,776.5071078,34208342
08-09-2023,790.0856323,794.7091468,782.395974,782.7366896,34502210
11-09-2023,794.1738281,796.4612274,790.3776555,792.7624276,31573022
12-09-2023,796.6559448,799.5760594,790.8887304,798.1646588,39033340
13-09-2023,800.0626831,803.8101395,792.6163677,793.9304548,46420094
14-09-2023,799.5759888,803.0314455,795.7798164,800.2330026,23538848
15-09-2023,808.750061,812.7652186,803.0315034,803.0315034,173411202
18-09-2023,792.8354492,805.4649207,791.3996906,804.8565635,37056288
20-09-2023,761.0304565,778.2104867,759.4244293,778.2104867,115474648
21-09-2023,755.9932861,763.5855718,748.0603442,755.822958,72841442
22-09-2023,744.4588623,761.371192,741.5874045,758.743077,61704250
25-09-2023,745.1158447,749.8366725,742.1957304,742.1957304,40208754
26-09-2023,748.352356,749.4960556,742.1957693,742.1957693,27575308
27-09-2023,743.0961304,745.8459168,737.3289161,741.2224021,39338538
28-09-2023,741.5630493,748.3279931,738.9592925,746.5759363,55354188
29-09-2023,742.8284302,747.2815569,740.8816873,741.5629998,32053782
03-10-2023,733.9464722,743.1691434,732.9487426,743.1691434,38971694
04-10-2023,744.4102173,747.0626309,724.7967577,727.5952008,54649430
05-10-2023,747.4276123,755.1172706,745.8945404,747.0869561,48512674
06-10-2023,746.6002808,751.9294658,744.556165,751.4427801,17759356
09-10-2023,737.9372559,744.6291848,735.8688415,743.6558133,16454972
10-10-2023,742.1226807,744.1424382,737.4261518,740.0299678,33266292
11-10-2023,749.3013916,750.5424641,743.8991915,744.6778768,31333360
12-10-2023,754.289856,755.3362421,745.4078415,747.5979273,22025336
13-10-2023,747.4276123,753.7788849,744.6048113,749.4960267,39745300
16-10-2023,744.4345093,746.7949233,740.0056808,745.3592241,17856084
17-10-2023,750.0800171,757.1613182,747.0625894,757.1613182,32902558
18-10-2023,739.640686,750.0800719,738.8376426,750.0800719,31216200
19-10-2023,737.3045044,742.8040768,731.5859472,732.6566914,30252364
20-10-2023,741.125061,743.1691174,732.4620312,732.4620312,21094010
23-10-2023,732.9730835,744.020826,730.0772677,741.4657259,22376136
25-10-2023,728.3251953,741.1250538,725.8674086,740.2489957,28311996
26-10-2023,712.2158813,726.1350808,710.6828095,725.7700665,55561798
27-10-2023,715.0143433,719.3215,713.9193004,715.1846714,31940532
30-10-2023,722.7770386,725.1374527,711.4859523,712.1429662,23310982
31-10-2023,718.5914917,731.9753495,717.3747774,731.9753495,32634824
01-11-2023,717.618103,719.0538022,711.6562029,711.6562029,33877466
02-11-2023,718.7131958,725.405125,714.0410244,722.7283533,45225154
03-11-2023,722.1199951,725.8431531,721.0979669,724.1884096,18095340
06-11-2023,727.3518677,729.0552678,721.7549814,729.0552678,25593730
07-11-2023,723.8233032,727.1084317,718.9320882,727.1084317,41952848
08-11-2023,725.9161377,726.8407931,720.7815794,722.2172786,31399546
09-11-2023,723.0447388,726.4271812,721.9983525,723.2150669,22116740
10-11-2023,725.8918457,728.0819317,720.3193172,720.3436159,14015186
13-11-2023,724.5778198,728.0575757,723.1664192,726.1838473,20605914
15-11-2023,732.1699829,735.3577386,730.2962548,732.0239534,41245460
16-11-2023,734.0924072,739.2756221,731.8536648,734.7494211,29713838
17-11-2023,732.5106812,733.6787388,724.6750528,725.1617385,23701874
20-11-2023,732.5593262,736.3554986,730.7829708,736.3554986,19331452
21-11-2023,738.7646484,740.7357496,735.9175485,739.2756923,24959972
22-11-2023,736.1365967,739.762382,731.7564247,739.762382,29123650
23-11-2023,740.3950806,741.6360936,734.165479,734.165479,13046220
24-11-2023,745.6511841,746.1622279,739.689284,740.3462978,16469192
28-11-2023,743.972168,748.1576534,742.5851255,747.1599239,28489338
29-11-2023,758.81604,760.6897681,746.0891968,746.5272258,34042488
30-11-2023,758.645752,765.2889647,750.5424225,763.6829375,69491440
01-12-2023,756.9910278,762.0282135,755.3849411,758.2077422,22153536
04-12-2023,783.2720337,784.5374047,765.8730187,772.8569471,50662456
05-12-2023,790.2315674,797.6778825,786.727454,796.4611683,52230820
06-12-2023,792.2270508,797.4102062,786.800493,797.4102062,38613060
07-12-2023,793.5167236,795.2444817,786.581452,790.8643102,20450386
08-12-2023,804.5888062,805.4648642,793.5167061,793.5167061,33728038
11-12-2023,803.5181274,809.6990124,801.5713846,803.0557998,23187620
12-12-2023,795.536499,806.0732572,794.1981132,805.0755276,36581476
13-12-2023,793.7357788,796.2178642,786.0461204,794.4901061,29346914
14-12-2023,803.1044922,807.3872911,800.5980487,801.0847345,35172366
15-12-2023,806.2192383,811.7917659,801.3766798,803.0314231,138837130
18-12-2023,805.805542,810.1857136,803.4937848,808.2389707,18014754
19-12-2023,804.4428711,807.2413141,800.1357142,803.0314706,24008446
20-12-2023,806.4382324,812.254103,800.3303029,806.9249181,34232520
21-12-2023,820.8928223,822.3772376,803.1531506,806.4382794,36589240
22-12-2023,813.178894,820.5035385,811.3538224,819.3841375,48578850
26-12-2023,818.8244019,820.527802,812.0595176,814.3469168,18045856
27-12-2023,828.9718018,830.5291723,816.950629,818.3620294,27009078
28-12-2023,829.9208374,837.7808238,828.3391088,831.8919384,44076470
29-12-2023,831.8676147,834.6174011,825.4190286,825.9057143,25011426
01-01-2024,826.44104,831.8189412,823.4722689,830.2858693,14239686
02-01-2024,826.9277344,828.7285073,821.8661908,826.7817643,29242092
03-01-2024,814.1766357,829.6532076,812.2541913,828.3391798,28389762
04-01-2024,822.9125977,824.9079974,813.1058678,816.6586976,26734056
05-01-2024,818.7027588,829.7505611,811.8405015,821.1118889,31889470
08-01-2024,809.5773926,818.7757652,807.8983505,816.9020369,17998470
09-01-2024,803.2747803,816.5613242,801.4497088,811.3781094,25326888
10-01-2024,805.9272461,807.8739891,798.8460041,799.6246894,16115824
11-01-2024,802.5447998,809.3097436,799.6246853,807.898343,18314010
12-01-2024,798.7485352,805.9515072,795.0497358,804.0047644,19773552
15-01-2024,814.1279907,818.0701336,799.9167304,801.9121302,28320356
16-01-2024,817.2183838,819.4084697,806.9736251,814.2252546,25322500
17-01-2024,748.2792969,777.1397839,743.8504687,764.0965828,170145236
18-01-2024,723.2879639,737.3288344,720.319193,727.1084347,161070930
19-01-2024,715.7443848,735.0171279,714.6493419,732.9243555,109600538
23-01-2024,694.6708984,717.715457,693.5271988,712.9946289,115469402
24-01-2024,708.5657959,709.8068089,671.748007,671.748007,86004404
25-01-2024,698.3453979,709.2714693,690.8017688,706.9110553,98941852
29-01-2024,707.9573975,711.923898,703.6502407,704.7452836,65645498
30-01-2024,702.9202271,712.1185399,701.2654837,707.9087558,41728768
31-01-2024,711.8022461,717.8371017,699.2700884,700.5841161,65761040
01-02-2024,713.6516113,717.1800829,708.6387839,713.0189555,32690740
02-02-2024,703.8206177,720.7085896,701.825218,717.8614898,44867754
05-02-2024,703.1878662,706.6190244,697.931696,703.7475667,38605046
06-02-2024,702.822876,705.5483043,697.2259899,703.528606,41075740
07-02-2024,695.9362183,707.5437202,694.330191,707.1543478,54837086
08-02-2024,682.8444214,700.3163912,681.603349,695.887563,69106124
09-02-2024,683.1120605,688.2709173,675.0330895,677.5395329,56642124
12-02-2024,676.4932251,688.0033555,673.2567528,681.1897547,34447812
13-02-2024,678.6588745,683.477075,673.7433607,677.4421602,57580994
14-02-2024,673.5974731,677.2232584,663.6204147,669.6796289,91320810
15-02-2024,688.197998,688.9036686,673.7433958,674.0597535,41584944
16-02-2024,691.045105,694.8412182,685.4725175,692.991848,32175742
19-02-2024,689.682373,695.4739454,688.7576582,695.4739454,34451756
20-02-2024,707.7870483,709.2227474,687.1029058,688.6602763,56133508
21-02-2024,700.4137573,712.5078854,698.3939997,712.5078854,45893136
22-02-2024,690.8747559,695.3765989,687.2975682,689.9986978,50560882
23-02-2024,691.3857422,697.8586862,690.1203712,692.334815,29833452
26-02-2024,692.2131958,698.3210666,687.9546953,687.9546953,23506870
27-02-2024,691.1668091,694.3545652,687.711352,687.9546949,32087150
28-02-2024,685.9348755,693.1377886,683.3067607,691.1667471,25321986
29-02-2024,683.0147705,686.4215706,680.0459994,682.3820553,53295700
01-03-2024,696.3256226,697.298994,681.3600361,681.3600361,34738898
04-03-2024,697.2745972,699.3673695,693.1864847,696.4228972,35616474
05-03-2024,701.2411499,702.2875361,691.8968073,692.0671354,37991672
06-03-2024,702.0928345,707.0813633,697.6883642,697.6883642,42409530
07-03-2024,703.7962036,706.2053336,701.5088045,703.5042041,49348046
11-03-2024,694.8899536,703.7232527,692.5538382,695.9606385,50531094
12-03-2024,710.3421631,712.5078908,695.5955621,697.9073192,65418454
13-03-2024,710.7558594,716.2067158,705.7429725,713.2379447,63067454
14-03-2024,708.3467407,713.4812991,702.9202422,711.5832128,52432158
15-03-2024,706.9840698,710.220542,701.9225261,705.6943407,143613804
18-03-2024,703.7719727,708.6144722,698.7834436,704.2343004,21437856
19-03-2024,705.3779297,706.8623449,698.6373444,698.6373444,36183594
20-03-2024,696.4716797,706.4973944,693.3568789,705.2320234,43606094
21-03-2024,703.6259155,706.3026871,700.0001305,702.0928435,28922860
22-03-2024,702.2144775,706.0593066,699.7323923,701.3141208,45980326
26-03-2024,693.7218628,699.8297332,692.1401341,694.5978615,56844290
27-03-2024,701.1681519,704.6966236,691.7021376,692.8215386,62168668
28-03-2024,704.6722412,710.8044692,701.1680685,701.1680685,55592142
01-04-2024,715.6713867,717.2774734,708.4197572,709.5878149,25199570
02-04-2024,720.3679199,727.5221766,712.1429189,713.0676337,41225446
03-04-2024,721.4143066,727.9115495,716.1094201,716.4500764,45584386
04-04-2024,743.4611816,744.6292394,731.9754092,731.9754092,88935066
05-04-2024,754.1439209,756.5529916,744.7022056,749.0093625,59055902
08-04-2024,752.7081299,757.8913447,750.2504026,756.7719438,20482940
09-04-2024,753.6572876,756.7233724,749.6421299,756.7233724,21884494
10-04-2024,747.7196655,754.3142814,746.064922,754.3142814,27807400
12-04-2024,739.2512817,744.5561682,736.5745102,740.2490113,41084208
15-04-2024,727.4491577,734.8954734,726.159488,728.8362596,23415248
16-04-2024,734.5304565,736.3068714,721.3899415,723.7016988,20744886
18-04-2024,727.4491577,739.2026303,725.6728023,734.79816,34234884
19-04-2024,745.2619019,747.0382573,720.4165709,723.4827149,34576434
22-04-2024,735.9661865,757.9644186,734.0681596,757.9644186,42298438
23-04-2024,733.727417,742.9257895,731.6103459,742.8284761,26827060
24-04-2024,735.7227783,740.6139936,734.4331087,737.328865,22441580
25-04-2024,735.260498,739.6163118,733.0704122,733.0704122,35445204
26-04-2024,734.7981567,743.6558135,732.7297423,739.6650142,24854694
29-04-2024,744.3858643,746.794935,733.2164499,737.3289208,36093350
30-04-2024,739.8109741,749.2526893,737.2802321,744.2398024,52307382
02-05-2024,745.7242432,748.0360005,739.9326708,740.7357142,33475006
03-05-2024,739.567627,749.7880273,733.532712,746.2108991,31865242
06-05-2024,741.052063,746.8192772,738.3752914,740.7357054,28793396
07-05-2024,733.0217285,741.733415,732.048357,740.7113274,28480602
08-05-2024,721.5845947,728.5441649,720.4651938,728.0574792,41687862
09-05-2024,704.4776001,723.5800152,703.4069152,717.8370997,46281278
10-05-2024,709.3616333,716.2929073,703.8856637,709.9042861,27276608
13-05-2024,717.9208984,720.1655816,705.6122976,706.4509373,27047202
14-05-2024,720.7328491,722.9775322,715.4789152,716.4408879,25665142
15-05-2024,709.6575317,720.1161379,708.3255605,720.1161379,38931996
16-05-2024,720.3875122,721.522199,708.1775544,713.3822272,34945236
17-05-2024,722.2868652,724.2108707,713.4562166,713.4562166,20920190
21-05-2024,719.6722412,725.0495081,715.3802197,715.3802197,43769978
22-05-2024,719.8695679,723.0269027,714.4182889,719.2035821,39996278
23-05-2024,736.3468018,737.8514874,718.8088979,719.5982165,40861920
24-05-2024,748.4827271,749.8147586,733.0908042,733.8308017,31060206
27-05-2024,753.6627808,762.1974429,749.3955099,751.5168,29385440
28-05-2024,755.0441284,757.7821433,752.232162,754.8467837,27908904
29-05-2024,744.0921631,751.7634342,740.6141508,748.8774561,35147706
30-05-2024,747.3234253,751.6400772,738.8381451,739.6027731,33755350
31-05-2024,755.5620728,757.7573744,746.9040787,749.3707368,74079588
03-06-2024,775.6160278,788.8373407,764.6640888,788.8373407,72637256
04-06-2024,731.6848145,769.1040063,717.3041855,768.1173431,89531240
05-06-2024,765.552063,769.4000136,731.2901445,737.0621608,81631650
06-06-2024,769.4493408,772.2859978,762.9867083,772.0147015,46422870
07-06-2024,776.1833496,781.6099978,765.6754215,770.1154064,36712216
10-06-2024,770.2387085,779.7846636,768.4133453,776.5039962,22454058
11-06-2024,771.9653931,775.0240252,765.7493661,767.6240504,29545326
12-06-2024,776.5780029,783.5586576,772.7546828,776.9973228,39280436
13-06-2024,779.8340454,782.2760131,776.5040566,780.3273771,24120192
14-06-2024,787.8012695,788.8372539,778.3292664,781.4372796,25540554
18-06-2024,793.1786499,794.5106213,784.125966,787.8013229,32415714
19-06-2024,817.869873,823.8145436,791.3039754,795.941305,90131196
20-06-2024,823.5431519,829.5124526,814.98386,823.7651872,41408742
21-06-2024,821.7671509,825.2697934,810.6178682,825.2697934,51630776
24-06-2024,825.0478516,826.3798229,811.9005512,812.5172158,28544994
25-06-2024,844.2631226,847.0257678,824.4065233,824.4065233,74521548
26-06-2024,839.4038086,844.0411382,834.2731474,842.5857737,47596666
27-06-2024,836.7644653,845.0770913,832.0531241,836.7397747,55074650
28-06-2024,830.671814,841.9197389,828.3037981,837.4797543,26476046
01-07-2024,841.229126,842.2651706,828.7971922,828.7971922,21187024
02-07-2024,853.7597046,855.8810547,840.0204308,846.0637432,45921690
03-07-2024,872.5310669,885.0370126,870.5577402,883.5570176,123217802
04-07-2024,852.0578003,868.1404006,850.9231134,868.1404006,45848658
05-07-2024,813.0598755,831.2638253,810.1492067,831.2638253,82242548
08-07-2024,806.7698975,816.4391857,802.724602,811.6785835,39087800
09-07-2024,807.3372192,812.3691778,799.3699013,801.6639054,48550878
10-07-2024,802.206604,809.0639262,799.5672917,804.1059189,45507182
11-07-2024,800.1345825,802.0832184,789.8239394,801.1458762,44177074
12-07-2024,800.5292358,808.2745788,794.8312915,800.1839278,56049960
15-07-2024,800.2332764,804.0319663,796.8292759,800.9239527,33375694
16-07-2024,799.0739746,802.6506292,797.6186703,799.5673063,28950324
18-07-2024,796.631958,801.1458943,788.9113058,793.2772788,33717064
19-07-2024,792.9320068,800.6772899,791.0573224,797.2239682,26002152
22-07-2024,810.3218994,814.4905276,795.5712715,797.7172521,53744822
23-07-2024,798.407959,812.9119216,791.7973028,812.7885887,52002152
24-07-2024,791.3286743,799.6906219,783.4353677,793.3513221,61728206
25-07-2024,797.5199585,801.6639565,785.8773432,785.8773432,25535732
26-07-2024,798.2846069,800.0605888,787.5792742,791.7972838,43810540
29-07-2024,791.8220215,805.0432741,788.4920327,796.7306475,51001148
30-07-2024,797.0019531,806.4738965,788.8372904,790.3172853,54595834
31-07-2024,797.1005859,803.0945773,793.8692397,796.2372556,37820484
01-08-2024,808.4719238,814.0219048,798.1859109,800.6279386,26215174
02-08-2024,818.5111694,824.1104713,804.6238723,804.6238723,44119238
05-08-2024,797.1005859,812.0238678,789.8239444,809.1131992,41333634
06-08-2024,789.9226074,805.5858872,786.0253356,804.1305829,45116050
07-08-2024,800.9238892,804.1305447,790.4159015,797.7172336,42346264
08-08-2024,810.395874,815.6252377,798.827271,801.1705963,33976950
09-08-2024,814.0958252,820.188519,811.9252142,814.9838462,26644618
12-08-2024,818.9798584,826.799153,812.6898799,814.9838841,39316196
13-08-2024,790.9092407,805.3145604,789.897947,803.1438892,54055042
14-08-2024,793.1786499,796.0892585,790.9092761,792.5372947,32334428
16-08-2024,805.166626,806.17798,794.7573395,803.390644,27849246
19-08-2024,804.8952637,807.9045746,801.0225621,807.9045746,19502164
20-08-2024,807.9292603,812.0239372,802.8726106,802.8726106,31134494
21-08-2024,802.0586548,806.3753069,798.1120014,803.1932815,47630904
22-08-2024,804.7719727,808.2252943,803.1439541,805.1172807,21300638
23-08-2024,801.6885986,806.1038927,800.6772447,806.1038927,20333422
26-08-2024,809.0392456,812.985899,805.2159252,805.2159252,22364266
27-08-2024,807.9539185,812.714581,805.2159037,810.7412544,35773244
28-08-2024,807.6332397,808.9405807,804.2292393,807.9539174,26921188
29-08-2024,808.3485718,811.2345498,804.6979056,810.0505418,49052604
30-08-2024,807.5346069,819.9172196,799.7646333,816.9572296,445342100
02-09-2024,802.6258545,812.4185353,800.7758609,812.4185353,34049680
03-09-2024,807.7565918,809.0392421,801.4666131,806.1039428,37282860
04-09-2024,809.9519043,811.4318992,805.1172302,808.5705516,24682744
05-09-2024,811.7525024,813.9478643,810.0505324,812.0238589,22876318
06-09-2024,807.5592041,812.8872099,806.153221,808.22525,26029602
09-09-2024,812.2705688,813.2572322,804.1799177,808.0772498,23792914
10-09-2024,814.1698608,815.9705334,808.0772271,815.9705334,26606646
11-09-2024,810.987915,815.2305552,808.6692201,814.1945708,22226684
12-09-2024,822.1865234,823.8638631,812.5419257,815.9705566,32424046
13-09-2024,821.8658447,825.8371886,817.4752412,825.8371886,23860532
16-09-2024,824.3324585,827.7118283,820.9285184,822.3838227,15172820
17-09-2024,823.2718506,827.8104775,820.9778465,827.8104775,20127122
18-09-2024,836.0984497,838.1210973,824.4064542,824.7764529,40917342
19-09-2024,842.8571167,848.037099,838.2444779,838.2691083,30651776
20-09-2024,858.9890137,860.8390073,842.3884524,846.8037464,60623386
23-09-2024,868.1651001,871.3963864,858.5204418,862.837094,26965350
24-09-2024,872.2350464,878.9443448,865.4270455,870.7303608,33039036
25-09-2024,877.6862793,882.0769428,868.3376691,868.3376691,31965312
26-09-2024,879.8323364,882.0770196,872.2350769,874.7017353,31899644
27-09-2024,864.6376953,877.2422824,863.3303544,876.6503085,35613502
30-09-2024,854.4750977,864.0456834,850.7010985,862.7384027,26383534
01-10-2024,851.5890503,859.3837143,848.5797393,850.5037448,24572284
03-10-2024,829.7838135,851.5644173,825.5164828,846.3844351,48473398
04-10-2024,817.7712402,834.0511851,815.477236,826.0838667,48683232
07-10-2024,798.1119385,818.4371776,795.7439226,815.0824984,94458296
08-10-2024,814.5152588,817.3519158,800.18395,804.1306033,29734406
09-10-2024,805.6845703,817.3271848,803.4892084,813.7505305,41125642
10-10-2024,820.114502,821.6191273,805.3638744,808.5705299,21754766
11-10-2024,814.4905396,821.125826,810.6672193,821.125826,23672594
14-10-2024,832.7931519,834.741848,815.9705545,816.9819085,18527508
15-10-2024,830.8198242,837.6771462,826.5771841,835.7038196,19651130
16-10-2024,838.5651855,842.5857904,828.8465156,828.8465156,20470682
17-10-2024,825.4178467,837.5044719,821.495824,836.1724403,14695732
18-10-2024,829.7098389,834.2238356,816.0198853,820.4598703,24809724
21-10-2024,852.8223877,862.4177243,844.1151324,846.0637683,46548354
22-10-2024,845.8417969,858.3970632,843.9424219,853.4884374,38875280
23-10-2024,856.3251343,861.603759,841.1551855,841.1551855,38036090
24-10-2024,863.1577148,872.531016,857.4597103,857.4597103,30832258
25-10-2024,860.0744019,867.20302,852.8223905,865.7970369,26130478
28-10-2024,855.5357056,863.8237012,852.921084,859.3837164,22012142
29-10-2024,864.243042,870.2370336,851.0464203,851.5644426,35794926
30-10-2024,855.7330322,865.6736766,850.6023712,859.3836983,32715724
31-10-2024,856.2757568,857.8544543,848.2344867,852.4771271,22895912
01-11-2024,857.0650635,860.4196824,851.5397131,854.9437134,1759692
04-11-2024,845.619751,860.8637107,844.0411138,860.8637107,28089248
05-11-2024,867.2030029,869.5956493,837.6277955,840.1437748,44232406
06-11-2024,865.9203491,873.9369882,861.0363539,873.9369882,27787910
07-11-2024,861.628418,868.7323456,857.4104083,860.5184218,18895456
08-11-2024,865.5256348,869.1516703,861.2829949,864.3169964,19902986
11-11-2024,871.3717041,879.5116762,863.9223481,865.5750573,24565362
12-11-2024,847.6424561,875.6637192,842.9311747,874.1837241,31395406
13-11-2024,829.4631348,853.167744,825.3438276,846.9270867,35728500
14-11-2024,835.0871582,841.0564592,824.8998475,825.3931791,27146470
18-11-2024,841.1797485,847.9877491,836.1971111,838.6637693,27081968
19-11-2024,859.5070801,865.1803941,839.9957889,845.5704608,50981272
21-11-2024,858.9890137,867.7703408,855.5356922,863.0343692,35716512
22-11-2024,861.159668,865.4516892,853.2417316,860.1483743,24773612
25-11-2024,880.8929443,889.7482832,870.6810037,880.6216481,427737274
26-11-2024,880.8683472,892.9302819,873.0983737,892.9302819,30935566
27-11-2024,894.0649414,896.55623,880.6709755,883.0143008,32714976
28-11-2024,884.6176147,905.8061839,882.0769448,897.3702252,35722392
29-11-2024,886.0483398,890.2662893,879.5610166,888.638331,27669536
02-12-2024,890.3156128,892.0176431,875.6636867,889.7236389,15110876
03-12-2024,900.9715576,906.4475265,895.939539,899.1955156,43410242
04-12-2024,917.6461792,920.0635163,903.3642522,906.7435619,44669084
05-12-2024,920.4335327,927.4388181,905.3622266,917.5968757,39682714
06-12-2024,915.5494995,919.6688066,909.7035317,916.1168429,17783156
09-12-2024,922.5302124,927.463529,912.1702475,914.4642517,26947912
10-12-2024,921.5928345,926.3288062,916.8815534,926.3288062,13325480
11-12-2024,919.1261597,923.4675022,915.9935158,918.4354833,14045426
12-12-2024,917.2268677,921.8641972,912.0221947,913.1568816,17293790
13-12-2024,923.3934937,924.9968215,902.426899,918.830176,19009002
16-12-2024,920.1621704,922.5054957,915.2535446,920.1128493,13107082
17-12-2024,904.4002686,918.7562079,901.0702798,915.7962179,21079532
18-12-2024,893.2756348,905.7569502,891.5243435,902.7229483,23422312
19-12-2024,884.7902832,888.5395916,877.6369745,887.7995941,25380770
20-12-2024,873.9370117,886.7883252,871.74171,879.2156362,25692348
23-12-2024,888.4902954,890.9569536,878.7716861,879.1169941,11044592
24-12-2024,887.0596313,892.2889348,882.8416819,889.0083275,14485834
26-12-2024,883.4336548,893.9169524,878.5003383,887.2816658,10481678
27-12-2024,887.133667,890.9322967,882.6196702,885.4316968,7259330
30-12-2024,877.0943604,895.3969527,873.6903599,884.1489669,22222218
31-12-2024,874.6029663,879.0183205,871.026312,873.3450068,14117236
01-01-2025,879.4869995,885.0369806,868.8063572,874.8989911,7313806
02-01-2025,884.9136353,889.6989281,874.6770037,876.6996513,18558576
03-01-2025,862.9356689,885.6536147,861.5050554,883.5569553,24426194
06-01-2025,843.84375,866.8823129,841.5251154,858.4463541,18816348
07-01-2025,845.2744141,849.0237223,838.6637583,846.0637326,13527906
08-01-2025,835.8518677,844.4111601,830.4498498,842.7338203,19738190
09-01-2025,822.7785645,833.2371715,817.9932112,830.844525,40420222
10-01-2025,817.3272095,826.2811909,815.9705474,824.3571855,17453280
13-01-2025,804.5499268,812.3939122,801.3186405,809.0639235,21669066
14-01-2025,812.3198853,817.0558571,807.5839134,809.0145873,26661432
15-01-2025,810.5686035,820.2625224,807.2386148,817.2038902,14022892
16-01-2025,815.008606,819.2019251,810.4699185,815.4032352,21212454
17-01-2025,807.4605713,814.2438814,803.3905852,810.7905599,23112076
20-01-2025,814.6138916,819.3991845,802.1572674,802.1572674,17557618
21-01-2025,810.2479248,819.4485722,805.6352859,818.0672195,31158144
22-01-2025,821.9152222,824.8012003,801.8859089,810.2479166,30619306
23-01-2025,821.3479004,832.2505181,814.6139111,832.2505181,34909158
24-01-2025,813.8986206,824.0119199,811.2839386,818.9305796,24236200
27-01-2025,804.0319214,810.8398618,802.1572371,809.6065327,22804166
28-01-2025,824.0612183,830.9185404,812.5172454,812.5172454,30179312
29-01-2025,827.4651489,829.3644636,823.2964606,826.3304621,12619890
30-01-2025,834.47052,837.6278548,825.121909,829.2905375,25744846
31-01-2025,838.0471191,840.9824183,830.7457868,832.3738053,15821686
01-02-2025,834.1991577,845.0771451,826.8485641,837.4305042,5587528
03-02-2025,827.8104858,832.1518283,820.6324864,823.8638327,20276540
04-02-2025,848.9744873,851.3918245,828.8219005,833.0891713,28616502
05-02-2025,857.3117676,860.469042,847.9877873,854.9437516,23675506
06-02-2025,860.2963867,862.8370568,850.5037655,856.1770795,26760716
07-02-2025,854.8204346,871.7170439,850.9971142,863.3304057,23509600
10-02-2025,846.4337158,850.2323452,842.8570616,847.1984039,17195950
11-02-2025,839.3544312,844.0904027,833.0890834,840.1437497,22724704
12-02-2025,842.0184326,844.583733,829.389095,835.2104322,22809570
13-02-2025,837.5291138,845.6937766,835.4818356,838.170469,12602434
14-02-2025,836.1231079,839.60112,828.7971452,839.60112,19959892
17-02-2025,847.2230835,848.5304244,829.4138233,831.3624592,12938946
18-02-2025,850.0350952,854.2284141,841.6977786,845.1017789,16350910
19-02-2025,852.0823975,857.3610822,844.8057557,847.0504387,11884112
20-02-2025,832.2998047,845.915746,831.4118439,844.090443,26390510
21-02-2025,834.9638062,836.1724446,827.4404986,829.2411711,15680940
24-02-2025,827.3664551,830.8690976,819.4731491,829.3397816,20693646
25-02-2025,829.9564819,832.7438178,824.4065009,824.4065009,24138708
27-02-2025,839.0091553,843.9671627,830.0552336,830.0552336,35786800
28-02-2025,854.6477661,857.0404126,831.2638338,831.2638338,54516728
03-03-2025,839.4284668,859.9017296,835.75311,858.2984018,21205364
04-03-2025,843.5971069,845.7184571,835.3338019,837.6771272,19920958
05-03-2025,833.7304688,843.9917909,832.8671384,839.6257577,21583872
06-03-2025,834.3224487,838.6144701,824.9738382,832.2504799,32966088
07-03-2025,833.3604736,839.2311322,827.613148,829.7838192,13372914
10-03-2025,832.4971313,838.6144556,830.3018297,833.2371288,15604050
11-03-2025,831.510498,835.7038171,823.8885481,829.981182,19898430
12-03-2025,844.1644287,847.7904041,834.4951408,834.4951408,18784106
13-03-2025,841.9197998,848.9251455,838.6885136,846.5818201,15736264
17-03-2025,843.7944336,850.5037317,841.1304307,841.1304307,18950652
18-03-2025,843.7944336,843.7944336,843.7944336,843.7944336,0
19-03-2025,860.4197388,863.8237393,854.54908,855.9304327,15221406
20-03-2025,872.5803833,875.1703745,862.9851065,865.3037412,17833978
21-03-2025,873.3696899,875.2196837,866.0684175,866.0684175,33508264
24-03-2025,887.9969482,890.1676195,874.9976716,877.6369838,17393736
25-03-2025,898.5789185,909.5555478,888.736976,890.4143157,39101416
26-03-2025,891.2283325,901.5636067,888.9836494,900.3302775,24478442
27-03-2025,900.5029297,908.2235822,887.059642,887.9969842,41658100
28-03-2025,901.9089355,905.7569467,890.8829848,902.303625,28773648
01-04-2025,872.1363525,892.8809727,870.9030234,888.9836406,28511006
02-04-2025,886.4676514,887.602278,873.542326,873.542326,11573564
03-04-2025,885.4562988,889.9702955,876.6503409,878.6729886,11250038
04-04-2025,896.5316162,908.692193,893.4729239,894.4102661,33540454
07-04-2025,867.1289673,878.0562747,857.5090007,869.6450067,37995450
08-04-2025,872.77771,879.1170097,863.4784203,870.7303715,35563872
09-04-2025,870.7303467,875.6636631,865.0570328,870.7303467,22454608
11-04-2025,891.3269653,897.5676228,875.5403524,875.5403524,32775766
15-04-2025,920.0141602,925.8848185,915.130165,920.0634813,49298344
16-04-2025,926.4768066,929.3381542,917.8435031,929.3381542,19136820
17-04-2025,940.635376,947.048687,925.8354274,928.450109,35703084
21-04-2025,950.6994019,962.3420166,942.2634428,949.1700858,34247298
22-04-2025,967.7686768,972.1593405,954.5967457,954.5967457,45961750
23-04-2025,949.1207886,976.2540298,947.4434489,976.2540298,30570642
24-04-2025,945.618103,949.1207456,939.8460868,942.2634238,25931754
25-04-2025,942.8554077,953.6100616,933.2848221,949.5647662,18500878
28-04-2025,947.2954102,951.9820608,941.4741328,942.8554253,13920492
29-04-2025,941.6715088,951.5381421,937.4288083,946.6048255,18918308
30-04-2025,949.6633911,955.5340496,942.4114402,943.7434115,31936870
02-05-2025,948.1340942,958.0007271,947.1967521,952.0314263,17840404
05-05-2025,955.4847412,962.983358,953.2647488,956.5700467,15068024
06-05-2025,952.968689,957.1126867,949.3180831,952.1300493,17490156
07-05-2025,959.8259888,961.3553047,948.3807193,954.103354,21420778
08-05-2025,951.3900757,964.364722,946.7527462,964.364722,34803430
09-05-2025,932.2487793,946.7034205,930.8181657,942.3127568,17188796
12-05-2025,965.548645,966.8806766,943.3981029,946.0127245,18618972
13-05-2025,948.4794312,967.7686869,947.1967809,961.9967306,24242102
14-05-2025,942.5594482,952.2287366,938.8101397,948.2327623,15445308
15-05-2025,954.0047607,959.4314088,935.8501321,943.9901042,32241458
16-05-2025,954.4487305,958.9380967,951.3407772,954.0047802,15868010
19-05-2025,956.4220581,959.5300716,952.6234284,955.5834184,10202964
20-05-2025,944.6807861,954.3993955,943.743444,951.1927398,23879090
21-05-2025,950.5514526,960.4674068,947.7394261,950.6500949,15132040
22-05-2025,947.1474609,949.2687509,939.8954494,944.828766,21306670
23-05-2025,953.9060059,955.5833454,944.483384,947.246029,9566072
26-05-2025,957.1620483,961.9474015,950.6007735,954.5967478,10802860
27-05-2025,950.3048096,961.0100826,945.3714929,952.9194313,26162148
28-05-2025,948.9234619,954.3501103,946.0621142,947.2954433,18157594
29-05-2025,950.8967285,957.4580634,940.9314536,951.1433943,28917794
30-05-2025,959.4807739,961.4047795,949.8608064,953.0674622,28748078
02-06-2025,953.1660767,955.0900822,941.2767958,952.1794134,14668822
03-06-2025,949.4660645,962.9833635,947.1967509,956.0767205,24377584
04-06-2025,957.6553955,958.6914402,947.6407989,947.6901201,12961542
05-06-2025,961.7993774,966.3873859,957.1620479,961.0100588,22255418
06-06-2025,976.1552734,984.8379583,958.3953347,959.0366899,30127008
09-06-2025,976.2539673,984.1965944,974.7739724,984.1965944,13202588
10-06-2025,969.5447388,978.1780428,967.4727097,978.1780428,15533126
11-06-2025,962.1940918,970.6793723,960.5167521,970.6793723,11096394
12-06-2025,958.7407227,967.4233475,954.7447484,961.9966994,16349130
13-06-2025,946.0127563,953.6100758,943.7434428,947.1967643,12117762
16-06-2025,954.7940674,956.5207281,947.2460692,949.1700746,16513746
17-06-2025,951.9327393,957.8527191,946.7527569,955.5834055,16978736
18-06-2025,954.0540771,955.2380851,945.7167603,945.7167603,18433816
19-06-2025,954.744751,960.4180649,949.9593979,954.0540746,16876220
20-06-2025,969.2486572,971.8140179,952.9193918,952.9193918,32900408
23-06-2025,961.2073364,965.8939868,957.9513598,961.2073364,11739518
24-06-2025,967.3740234,976.3033141,964.7593417,969.3966711,22625322
25-06-2025,976.8953247,977.7833458,968.8540548,969.8900393,18405932
26-06-2025,997.4179688,1000.03259,976.7966814,977.4873578,50084830
27-06-2025,1004.949158,1007.393088,994.2258431,1004.001504,28213384
30-06-2025,998.2658081,1004.400566,995.2732551,1003.253396,13649020
01-07-2025,1003.552612,1005.497784,999.512678,1000.011437,14389386
02-07-2025,990.5350342,1007.442971,986.4950998,1007.442971,18878250
03-07-2025,991.0836182,1001.507689,989.68713,994.9739612,16860506
04-07-2025,992.1809692,999.2633203,987.5424877,991.0836633,7863944
07-07-2025,991.2332764,996.7196233,989.4377568,992.0312783,11349426
08-07-2025,998.2159424,1000.011462,986.0462147,986.0462147,15224316
09-07-2025,1003.103699,1004.40052,996.5699705,1001.008936,13861428
10-07-2025,1000.609924,1005.996544,997.517644,1005.497785,17030310
11-07-2025,989.3878784,999.9117386,987.9913902,996.5201541,12516922
14-07-2025,989.0387573,991.8816583,982.8541357,989.0387573,13088850
15-07-2025,995.2732544,999.3131888,984.0511806,984.0511806,14498168
16-07-2025,995.6722412,1008.839425,993.8267971,1006.495283,17994612
17-07-2025,990.9838867,999.9116815,988.8890632,999.5126501,22529158
18-07-2025,976.2705078,996.0213445,974.0759569,990.9838927,16129446
21-07-2025,997.7670288,998.515167,985.796817,986.6446827,22309078
22-07-2025,1001.058838,1006.495321,999.0139389,1004.051391,14836814
23-07-2025,1009.637512,1012.380686,999.0139249,1003.003995,13634916
24-07-2025,1004.599976,1016.320808,1001.707211,1016.320808,19107176
25-07-2025,1002.299988,1007.5,999.5,1007.5,9306598
28-07-2025,1004.25,1010.700012,1000.25,1001.5,12059580
29-07-2025,1010.799988,1013.25,998.1500244,999.9500122,19895696
30-07-2025,1012.900024,1016.299988,1008.5,1014,15154036
31-07-2025,1009.099976,1015.700012,1004,1007.299988,22183032
01-08-2025,1006.099976,1014.150024,1004.650024,1007,11317258
04-08-2025,996,1009.25,994.0499878,1005.049988,13933946
05-08-2025,988.7999878,997.2000122,982.75,993.25,23978058
06-08-2025,992.6500244,994,985,985.5499878,14080204
07-08-2025,997.7000122,1000.799988,988.4000244,990.0499878,13081186
08-08-2025,986.9500122,996.4000244,985,993.5499878,13895264
11-08-2025,997.7999878,998.7999878,986.5499878,987.9500122,9105854
12-08-2025,984.9500122,998,983.75,995.9500122,12937802
13-08-2025,990.1500244,997,984.5499878,997,13577396
14-08-2025,995.5499878,998,985.5999756,989,17511716
18-08-2025,1001.799988,1013.299988,997.7999878,1005,19284796
19-08-2025,995.5499878,1003.049988,993.3499756,999.1500244,12352438
20-08-2025,994.0999756,996,989.5,993.5,9950228
21-08-2025,995.5999756,998.75,991.5999756,998.75,12439850
22-08-2025,982.2999878,998,978.5499878,994.9500122,19833502
25-08-2025,982.0499878,988.7000122,978.5,980.0999756,17518044
26-08-2025,973.4000244,985.7000122,968,979.5,16917731
28-08-2025,957.7999878,972.2000122,955,967,25438255
29-08-2025,951.5999756,963.2999878,950.0999756,954,14823813
01-09-2025,950.5999756,957.4500122,946.3499756,949.5999756,20178344
02-09-2025,944.5,954.7999878,944,951,14196320
03-09-2025,954.4500122,956.2999878,940,945,16083481
04-09-2025,961.25,965.7000122,956.25,960.2000122,17597657
05-09-2025,963.4000244,967.5,954.0499878,967.5,11602111
08-09-2025,966,973.1500244,960.4500122,969,11711307
09-09-2025,965.1500244,974.4000244,962.7000122,974,13985539
10-09-2025,965.9000244,973.9000244,961.7000122,973.9000244,18091100
11-09-2025,967.7999878,969.25,959.9000244,960.2999878,15113633
12-09-2025,967.2999878,970.75,962.25,969.9000244,14363519
15-09-2025,967.0499878,972.3499756,965,969.5999756,14486377
16-09-2025,966.8499756,969.3499756,961.2000122,961.2000122,18661794
17-09-2025,966.5,974.4000244,964.3499756,965.1500244,17361476
18-09-2025,976.9000244,979.6500244,969.25,973.2999878,17791598
19-09-2025,966.9000244,976.7000122,962.0999756,974.9000244,31243267
22-09-2025,964.2000122,971.2000122,961.9500122,964,10854415
23-09-2025,957.2000122,968.2000122,955.5,967,21022298
24-09-2025,951.0499878,956.4500122,943,952.2000122,15117220
25-09-2025,949.8499756,958,947.4000244,952.5,31413279
26-09-2025,945.0499878,951.4500122,941.2999878,945.0999756,14874656
29-09-2025,950.2999878,956.7999878,939.0999756,946.0499878,32398179
30-09-2025,951,960,946.2999878,958.0499878,28296687
01-10-2025,965.25,969.5999756,946,952.7000122,25350832
03-10-2025,965.1500244,966.75,952,952,26658296
06-10-2025,973.4500122,977.4000244,962,971.9000244,18542683
07-10-2025,982.5,989.8499756,971,974,25535736
08-10-2025,978.7000122,985.9000244,974.5499878,976,15939710
09-10-2025,977.0999756,979,970.1500244,974.5,15370950
10-10-2025,980.9000244,986.2000122,978.0999756,979,13757080
13-10-2025,977,981,972,974.2999878,18634254
14-10-2025,977.1500244,980.4500122,967,970,22934382
15-10-2025,978.25,984.9000244,973.3499756,975,23310447
16-10-2025,994.3499756,996.5999756,981.5,982.6500244,22936566
17-10-2025,1002.549988,1009,986,993.9500122,25210511
20-10-2025,1002.950012,1020,997,997,22195202
21-10-2025,1007.700012,1010,1004,1006,3471600
23-10-2025,1008.799988,1020.5,1006,1016,43526526
24-10-2025,994.75,1011.950012,991.2999878,1011,17707768
27-10-2025,1002.950012,1009.049988,996.2000122,996.5,15700796
28-10-2025,1003.549988,1008,995,997.6500244,33904289
29-10-2025,1007.849976,1012.5,1000,1004.900024,17769445
30-10-2025,998.1500244,1009.5,997.0999756,1000,19962917
31-10-2025,987.2999878,1004.450012,981.1500244,994,23221330
03-11-2025,992.6500244,994.5499878,983.2999878,985,16607180
04-11-2025,985.25,997,983.7000122,987,20024544
05-11-2025,985.25,985.25,985.25,985.25,0
06-11-2025,984.6500244,991.0499878,974,981,22279516
07-11-2025,982.2999878,984.9000244,974.75,980,15004568
10-11-2025,984.5,990.9500122,980.2000122,982.2999878,15988262
11-11-2025,991.7000122,993.5,978,983.5,10200530
12-11-2025,989.5,999,987.7000122,998.7999878,13137263
13-11-2025,986.6500244,990.0999756,982.5999756,984,14124839
14-11-2025,989.5999756,991.6500244,976.0499878,976.0499878,21386965
17-11-2025,996.5499878,997.9500122,985.5999756,991.25,18396408
18-11-2025,992.4500122,999,990,997.6500244,20002640
19-11-2025,994.5999756,996.5499878,984,990,19813847
20-11-2025,1008.849976,1011.599976,992.4500122,995.2999878,19850865
21-11-2025,998.0499878,1008.299988,996.5499878,1003.099976,17499897
24-11-2025,999.1500244,1011.450012,993.5999756,1000,32204053
25-11-2025,989.7999878,1006.099976,988.4000244,1004,24989383
26-11-2025,1003.900024,1006.950012,981.2999878,981.2999878,19494356
27-11-2025,1009.5,1016.799988,1001,1002.099976,25536848
28-11-2025,1007.599976,1012.049988,1004.200012,1007,15988807
01-12-2025,1002.099976,1017.5,999.2999878,1017.5,16746566
02-12-2025,989.7999878,994.4000244,985,988,27316662
03-12-2025,1000.5,1002.299988,986,986,15448777
04-12-2025,997.2000122,1004.700012,993,1000,14528169
05-12-2025,1003.299988,1008,990.2000122,992,12843366
08-12-2025,1003.099976,1006.5,997.5,1000,12901022
09-12-2025,997.0999756,1002.799988,994,994.9000244,15294322
10-12-2025,989.7999878,998.5,985.2999878,997.5,15322830
11-12-2025,1000.299988,1002.700012,988.5,990,11844809
12-12-2025,1001.5,1004.700012,998.2000122,1003,11988618
15-12-2025,996.0999756,1001.799988,992,992,9790060
16-12-2025,994.2999878,998.7000122,990.0999756,990.0999756,20049088
17-12-2025,984,996,980.7999878,996,19080922
18-12-2025,979.7000122,987.4000244,973.2999878,973.2999878,14912404
19-12-2025,985.5,988,978.7000122,987,25952384
22-12-2025,987.7000122,992.9000244,983.9000244,988,13540411
23-12-2025,996.5999756,998.9000244,987.7000122,990.5,17927849
24-12-2025,997.2000122,999.4000244,993,993,13699996
25-12-2025,997.2000122,997.2000122,997.2000122,997.2000122,0
26-12-2025,992.0999756,997.2000122,987.7000122,996,9360853
29-12-2025,991.7000122,997.4000244,987.2000122,993.0999756,13545749
30-12-2025,990.9000244,995,982.2000122,990.2000122,33155849
