Date,Close,High,Low,Open,Volume
01-01-2015,633.171936,636.0520875,629.5822049,633.8815157,372132
02-01-2015,631.0849609,639.4749286,628.330053,631.9615156,1207322
05-01-2015,634.7163086,636.0520568,630.3752161,634.2571659,849252
06-01-2015,646.7376709,651.0787626,630.6255901,640.3095208,2738679
07-01-2015,669.4451904,673.5357963,650.327706,650.327706,3744143
08-01-2015,682.0926514,688.7295096,670.4886332,671.114751,3076833
09-01-2015,721.7883301,724.9606999,682.0924855,683.3029896,3825060
12-01-2015,748.5028076,751.1742533,721.496285,724.2094616,4338065
13-01-2015,738.4431763,758.5624548,731.6393948,751.2994796,3371700
14-01-2015,771.4187012,780.1426176,739.6536749,741.9911707,4578199
15-01-2015,769.331604,782.5635874,759.4389657,780.5182595,3534537
16-01-2015,785.6106567,790.5778668,772.2117495,774.7162201,2021113
19-01-2015,745.1218262,790.9119332,739.6954725,789.9935966,7705398
20-01-2015,747.5428467,753.845755,732.7664579,742.9095856,4355821
21-01-2015,786.3621216,791.7467441,741.7407888,748.8367896,4103989
22-01-2015,788.6160889,802.5158704,777.4711639,788.0734332,3585572
23-01-2015,805.8550415,808.8186545,788.6159684,790.577783,2450001
27-01-2015,786.3621216,808.0258048,781.8957846,803.183787,3274894
28-01-2015,779.5998535,785.4018866,774.8414006,783.0643912,2246526
29-01-2015,786.0698853,791.4127767,773.3806072,777.2207754,3421454
30-01-2015,778.5147095,785.5689788,774.5492975,785.5689788,1562161
02-02-2015,758.0197754,776.3441623,755.3483299,773.338767,1822825
03-02-2015,760.3990479,777.0955197,758.019821,759.8564431,1544881
04-02-2015,751.2576904,767.8706476,747.2504969,760.440749,1181845
05-02-2015,758.8963013,767.870654,752.3429571,757.4353601,1711139
06-02-2015,756.1415405,764.5732392,750.8404306,756.3502464,717674
09-02-2015,751.4665527,763.5297141,747.9185521,756.1415449,860239
10-02-2015,741.114563,757.6023271,739.1527481,747.1670334,1058750
11-02-2015,751.5916748,753.8039777,738.4849341,743.2851698,897359
12-02-2015,741.1563721,760.3573146,739.0693131,755.515348,1121008
13-02-2015,745.3303833,750.3393241,738.9857453,744.9964845,1344229
16-02-2015,757.1849365,768.0376423,739.9458104,739.9458104,1635273
18-02-2015,762.1104126,770.8342776,753.0108158,753.0108158,2178775
19-02-2015,758.1450195,770.3751538,747.1670696,767.9959271,1034454
20-02-2015,751.5499268,759.4390198,750.5063973,755.9327505,623253
23-02-2015,739.7789307,762.9035029,737.190947,753.8456875,1054383
24-02-2015,762.7780762,764.3642099,740.4882834,742.15793,2100402
25-02-2015,752.9273071,765.9505329,746.3321813,765.1157094,1141174
26-02-2015,739.9877319,756.0998188,737.8171598,756.0998188,1194401
27-02-2015,740.6138306,745.4975286,734.9787709,742.8260827,1906598
02-03-2015,781.1027832,784.6925148,756.4337031,763.0288305,2792110
03-03-2015,776.135437,784.6506471,770.7508151,784.6506471,1510436
04-03-2015,764.7817993,789.1586561,762.1938668,777.304152,1202376
05-03-2015,784.4835815,790.0351267,762.5694667,762.5694667,2301603
09-03-2015,814.7878418,818.9619598,777.2207794,781.3948975,3529726
10-03-2015,799.0514526,817.0001606,793.958998,816.7079417,1323330
11-03-2015,808.8605347,817.2087699,792.6232069,799.0513582,1742798
12-03-2015,801.8897705,812.1163592,797.7573836,808.1092163,1358419
13-03-2015,786.1533203,805.5212362,783.8575556,804.5194378,1466001
16-03-2015,777.8469238,799.1349266,753.4283324,784.275076,1244490
17-03-2015,777.8886719,790.4110267,769.2065364,780.5183868,1239535
18-03-2015,769.7907715,782.4383686,760.9416623,778.3894948,1436285
19-03-2015,770.2498779,785.401893,765.2409372,777.2206334,1249067
20-03-2015,747.7932129,769.7073316,744.6626245,769.7073316,1854369
23-03-2015,753.3446655,759.6893031,744.9546495,751.0906321,989354
24-03-2015,740.6554565,752.3012551,739.1110024,748.1688684,1288989
25-03-2015,739.9877319,749.3377164,737.149311,742.7843709,2848966
26-03-2015,722.8737183,738.8188274,716.4455669,738.6935835,2570353
27-03-2015,710.6852417,727.047813,708.7234268,726.7138632,2023538
30-03-2015,719.659668,727.1313493,711.2697011,716.2369116,1415143
31-03-2015,729.2602539,737.984172,716.2787552,720.4111428,1503993
01-04-2015,737.5665283,739.4866121,727.5486468,729.2182937,865861
06-04-2015,757.9782104,760.3574377,736.7319365,737.6920041,1482378
07-04-2015,762.5697021,767.2446944,749.3377162,760.8165418,1212932
08-04-2015,761.8182373,769.4151624,759.1885736,763.7801033,1296825
09-04-2015,773.4222412,778.0555014,762.6947287,762.9452165,1237632
10-04-2015,779.5582886,781.2279358,764.9906062,776.302507,1161659
13-04-2015,792.3728027,793.875475,774.7162641,777.5129026,1374251
15-04-2015,780.3095703,792.2058057,778.8903601,787.1551335,924855
16-04-2015,778.973877,782.897558,766.451523,778.4730032,1071747
17-04-2015,782.7723999,788.2404845,775.4259112,781.9793073,764984
20-04-2015,762.5697021,785.3603785,756.0163057,783.3985632,879556
21-04-2015,728.8843384,767.9123349,726.5885739,763.0703691,2535704
22-04-2015,757.3101807,762.1938779,730.470584,740.864147,2106687
23-04-2015,753.5536499,769.7074685,745.3306057,760.5244076,1027886
24-04-2015,742.5755005,754.6387102,729.4270304,754.6387102,1122637
27-04-2015,723.4998779,752.8438963,718.1569866,738.8188703,945769
28-04-2015,718.4490967,729.5522902,710.8522231,720.7448613,1844291
29-04-2015,716.0281372,730.4705738,711.3948769,718.2821709,1323821
30-04-2015,709.8921509,717.4890754,694.7401348,715.6524535,3001302
04-05-2015,719.4091187,722.7066815,704.7162461,717.9481776,558193
05-05-2015,733.8516235,737.4831365,712.939304,716.2785982,1663346
06-05-2015,716.4454956,733.8098132,709.6833951,733.8098132,1989322
07-05-2015,723.1659546,727.7574845,712.6889284,717.948307,982642
08-05-2015,747.3341675,757.2268077,713.3568336,731.0551057,5244650
11-05-2015,721.8719482,752.1760335,719.7848893,751.174235,2712131
12-05-2015,704.5493164,729.2600721,702.6292325,723.7919883,1837756
13-05-2015,702.1283569,714.3168117,690.4825579,709.6835001,1842567
14-05-2015,706.6364136,710.3096067,693.7383794,703.5892872,1458520
15-05-2015,705.2588501,711.5200261,701.3351696,707.9302954,861417
18-05-2015,711.8540649,713.690687,699.1647365,707.930384,794940
19-05-2015,705.2172241,714.4837455,702.2953416,711.6036449,1115144
20-05-2015,714.2750244,716.4038653,706.2607385,707.262537,1051609
21-05-2015,721.5797119,722.8737292,707.9720983,714.9429055,998351
22-05-2015,721.0790405,725.3366214,712.8977777,724.1678987,1369038
25-05-2015,711.6453857,722.0806807,707.5547297,722.0806807,642231
26-05-2015,714.0663452,716.4038921,706.219034,713.7741773,732655
27-05-2015,716.0281372,717.9482211,706.0102551,714.1915153,530542
28-05-2015,706.4277344,717.9482898,703.213633,716.8630293,2062630
29-05-2015,717.5725098,718.5325771,703.8396534,707.5128971,3787109
01-06-2015,735.3126831,737.5667172,711.6454523,717.57268,950336
02-06-2015,711.895813,738.5267058,710.3514097,737.9840501,928603
03-06-2015,694.1140747,713.5237229,691.7347969,712.1045126,1074518
04-06-2015,686.7676392,697.07769,684.5970673,695.8254546,1273078
05-06-2015,692.1521606,707.3459589,681.5081608,685.8909842,1564172
08-06-2015,678.0853271,692.0686195,675.372151,691.2337961,1108643
09-06-2015,684.3466797,691.6931175,672.9513166,673.7026783,769058
10-06-2015,684.9310303,688.7294674,679.5464079,683.0944082,959272
11-06-2015,681.800415,698.3299114,681.2160284,684.5553226,1263695
12-06-2015,679.9638062,685.8075712,676.9166797,679.0037387,833644
15-06-2015,686.0162964,690.7748011,674.9131526,679.5464135,626620
16-06-2015,697.0360718,700.7092656,682.3014128,682.9692616,864766
17-06-2015,719.659668,725.3364582,701.2518179,701.2518179,2574818
18-06-2015,720.1187744,724.626842,715.5272449,719.6179007,1234051
19-06-2015,723.5776978,729.6518125,712.7370777,718.0097378,1376406
22-06-2015,736.8646851,739.0159197,724.2103029,728.808072,1039509
23-06-2015,738.7630005,742.2218451,735.093198,740.7033292,741773
24-06-2015,756.3525391,766.7713464,739.8596685,740.2814813,1812148
25-06-2015,745.1323242,757.4914601,741.6312573,749.6035297,1257404
26-06-2015,749.0973511,752.0078697,738.1723894,745.7650197,758668
29-06-2015,759.6004028,763.4810594,732.562165,735.6414186,1221747
30-06-2015,773.3515015,778.7506737,764.3246984,765.1683239,2318253
01-07-2015,774.7014771,781.1974053,769.3866454,773.3516965,1456248
02-07-2015,779.0461426,783.8969902,769.3866183,775.9668883,962649
03-07-2015,779.9317627,784.1498901,773.6467425,777.822699,512931
06-07-2015,782.4206543,784.5718895,771.6222558,773.6047556,595187
07-07-2015,779.8054199,782.3785196,772.4236948,777.4854492,715696
08-07-2015,782.5893555,796.3826143,774.5326893,776.1355986,1791894
09-07-2015,777.4431763,788.6212157,769.7240328,782.5893234,1153644
10-07-2015,759.4738159,779.9317332,751.9233578,779.9317332,2198242
13-07-2015,768.2897949,771.4955617,751.2485486,759.9378814,1103160
14-07-2015,782.2940063,783.8125221,761.6251792,768.1211066,662369
15-07-2015,783.7280884,788.7898414,776.4307072,782.0408374,980533
16-07-2015,790.3505859,792.5862143,778.8772989,784.5717714,667588
17-07-2015,779.7630615,794.6530726,778.0336395,790.519287,848156
20-07-2015,770.3144531,785.8371835,766.89778,779.509992,738505
21-07-2015,751.9234619,773.478085,734.8822151,771.9173983,4915170
22-07-2015,776.557312,778.6663759,751.7969229,754.2012351,1433553
23-07-2015,762.8484497,775.2919273,755.2136483,775.2919273,1049783
24-07-2015,764.9996338,768.9225132,757.2382685,763.4811181,624104
27-07-2015,759.34729,767.8257675,755.0448206,764.3247011,1305606
28-07-2015,763.2702026,772.7609899,752.0921643,753.568509,1648693
29-07-2015,758.5879517,775.3338948,756.7319655,764.4511583,1332413
30-07-2015,776.7260132,788.3258639,758.5880648,763.4810824,1997547
31-07-2015,777.5275879,783.0533255,770.398941,776.3886624,1616033
03-08-2015,767.446228,780.1849541,764.7466158,776.9791871,1813626
04-08-2015,766.0963745,771.4534279,759.3051988,768.1210965,2728548
05-08-2015,766.5181274,770.1035359,763.4810962,768.2897719,2869226
06-08-2015,765.8010864,768.0367147,761.4142233,767.6992439,1105175
07-08-2015,763.3544922,766.8977295,760.0222127,765.8010267,849340
10-08-2015,764.4512939,766.8556061,760.1066019,763.481104,1089645
11-08-2015,749.3081665,764.1981254,746.6085547,761.7938134,1430428
12-08-2015,730.8748779,749.9830147,725.1804062,749.9830147,1406250
13-08-2015,731.0437012,741.5468494,717.0817088,730.5797174,976700
14-08-2015,734.4182739,741.5469207,723.4089699,734.7979158,742844
17-08-2015,736.1898804,741.5468822,725.5179962,737.7083961,373170
18-08-2015,736.3585205,740.5766481,732.3091283,735.6414594,606035
19-08-2015,739.1848145,746.8196164,726.699165,733.4059478,548163
20-08-2015,735.6836548,760.823686,731.423356,733.9542327,1086427
21-08-2015,745.8915405,749.1394783,726.3194177,731.4233419,1428246
24-08-2015,718.0517578,742.3903293,712.8212702,730.0311969,2392818
25-08-2015,730.5375366,740.7032139,721.3841687,726.36158,2303018
26-08-2015,721.2998657,732.730982,717.0817379,730.7906534,1894521
27-08-2015,723.6619263,729.2720563,717.9252833,726.0662898,2087603
28-08-2015,720.8778687,734.3758744,718.7688053,733.9540617,1427528
31-08-2015,726.2774048,733.9543783,716.0695027,727.9646562,1990625
01-09-2015,720.2452393,726.6567722,715.6896412,721.2997711,1483369
02-09-2015,700.715332,727.5426646,695.3161596,722.9870662,1463479
03-09-2015,703.3727417,710.1217455,687.639106,700.6309589,1228866
04-09-2015,700.2092896,709.2782653,694.4726454,701.3481636,1332041
07-09-2015,691.6463013,703.5836219,689.5794601,701.0527456,868619
08-09-2015,675.8284302,698.3532434,662.246079,698.3532434,2511604
09-09-2015,677.4735107,685.4036118,667.2234909,679.9622165,1519952
10-09-2015,666.5907593,675.744076,656.0032173,675.744076,2651147
11-09-2015,670.8931885,674.6473323,661.4445724,668.1514056,1368043
14-09-2015,670.4713745,675.659692,664.8612443,675.659692,1115042
15-09-2015,678.781189,682.1979141,667.434465,670.4714968,1239118
16-09-2015,680.6791992,684.8551557,672.1586025,684.1802656,1000450
18-09-2015,673.0866089,689.073323,668.9950457,680.8058031,3196079
21-09-2015,667.0548706,674.8162376,665.1145417,670.6824509,1097798
22-09-2015,663.0054932,672.2431539,660.7276934,668.1515896,1900127
23-09-2015,662.2461548,665.9581284,658.1545909,665.4519221,1108731
24-09-2015,659.4620972,665.6205533,654.8643277,665.6205533,2627897
28-09-2015,667.0124512,677.0093917,658.70271,662.245947,1121534
29-09-2015,661.6976929,675.7440792,659.1668162,660.2213481,2377821
30-09-2015,687.3439941,690.0857775,663.9333825,674.7317805,2321962
01-10-2015,688.736084,697.8894028,684.3492198,689.9171291,903859
05-10-2015,683.1680298,695.1475241,675.7441345,692.2370054,1344972
06-10-2015,699.6186523,701.8964516,684.9395988,689.1998975,1470601
07-10-2015,694.7678223,698.5219663,688.3984596,690.0857107,1126929
08-10-2015,693.3759155,701.8543427,689.6639422,697.6783856,673062
09-10-2015,690.0856934,700.5466707,683.336689,696.8346977,740404
12-10-2015,687.4281006,693.8818552,681.1009104,690.9291664,760378
13-10-2015,685.7831421,690.9292367,679.7933706,689.2419858,860797
14-10-2015,672.5383301,687.5548553,663.9333388,686.7534007,3479601
15-10-2015,667.7717896,675.7440612,648.7480438,660.5588014,4110634
16-10-2015,662.2461548,667.2235669,659.7152778,664.7770318,2121262
19-10-2015,675.3463135,677.9408442,661.8206521,667.6902905,1733760
20-10-2015,669.5619507,678.3664113,666.0742265,678.3664113,1428531
21-10-2015,672.326416,675.8141911,669.4766948,670.3273641,879891
23-10-2015,680.7056274,685.2992108,673.0921263,676.2821364,1956438
26-10-2015,687.8511963,689.0421541,681.0884167,682.9173246,754383
27-10-2015,690.8710938,693.1678593,679.8549159,686.2774588,876427
28-10-2015,696.2729492,697.9742881,687.2558738,690.4033092,1123867
29-10-2015,681.7687988,695.8473628,679.8547932,689.8926788,1558590
30-10-2015,681.0883179,689.8502003,676.2820161,682.2367005,1209468
02-11-2015,682.8748169,684.6612018,673.3473098,679.8974742,553599
03-11-2015,684.3210449,687.7662458,681.5563692,684.7889027,349296
04-11-2015,681.3861694,695.932595,679.8549749,686.3200414,945881
05-11-2015,682.7896729,690.4031209,678.6213729,681.3860479,462520
06-11-2015,679.727356,686.4476648,677.3880152,686.2349975,726024
09-11-2015,682.7470703,686.4900355,666.9246442,675.4313361,1247468
10-11-2015,683.5554199,688.7019597,674.9211562,682.2368927,880293
13-11-2015,677.7282715,680.1101352,674.0278287,674.0278287,1029232
16-11-2015,667.0097046,682.3217503,663.6070278,675.4313505,1186659
17-11-2015,679.0892334,680.5353815,665.2233354,668.5409661,792593
18-11-2015,675.0061035,686.3625181,672.4115725,678.8341154,721764
19-11-2015,675.9419556,682.1093094,673.9854261,678.4089179,861404
20-11-2015,678.961853,683.4703908,675.6867444,680.4079496,845026
23-11-2015,673.0495605,681.1309189,669.4767391,676.3246166,692990
24-11-2015,690.7009888,692.0195159,672.6667882,675.4314636,1188716
26-11-2015,691.1262817,698.8248285,687.4684141,693.0402877,1282221
27-11-2015,694.3164063,698.1869418,687.3409065,691.1689189,897445
30-11-2015,690.7435913,702.6529636,684.0232819,692.0195955,2959644
01-12-2015,708.9480591,711.8403045,690.6160878,690.6160878,1404347
02-12-2015,705.9703979,710.904269,700.4410481,708.5224056,983626
03-12-2015,694.6564331,704.2690364,692.444714,704.2264614,680102
04-12-2015,693.2529907,701.3343495,684.7888204,691.8918886,1445988
07-12-2015,709.032959,710.7342978,693.2955748,693.2955748,1273142
08-12-2015,702.4401855,714.392079,699.7605564,707.6718226,1136199
09-12-2015,697.6765137,710.3089332,694.2738361,703.5035782,1028736
10-12-2015,694.0611572,706.7786227,690.9561933,700.100889,1144862
11-12-2015,699.3352661,707.7143905,694.6991596,696.1027329,1214169
14-12-2015,713.7114868,716.6888291,691.9768983,701.8021175,1307321
15-12-2015,730.3846436,733.7022746,713.8816902,713.8816902,2303845
16-12-2015,727.6626587,738.7213614,725.3658408,735.8290645,1101128
17-12-2015,735.1911011,736.4245822,714.5623661,714.5623661,1214526
18-12-2015,729.0661621,744.8460683,724.8979134,736.3393747,2114632
21-12-2015,724.4299927,733.2344515,722.8562752,733.2344515,1112136
22-12-2015,724.3023682,729.7891954,717.2843466,725.5783721,913032
23-12-2015,734.34021,740.5075619,728.2153811,731.1076773,770192
24-12-2015,735.1911011,739.4869716,733.2770947,738.3811116,538736
28-12-2015,736.552002,742.6343083,733.7022805,735.8289538,976331
29-12-2015,729.7892456,737.5303158,727.3222838,737.5303158,754046
30-12-2015,729.4065552,734.0427142,727.0672141,729.874413,677471
31-12-2015,733.9150391,737.0625263,724.3450081,729.4065015,743363
01-01-2016,728.640625,733.2767821,726.0460946,731.5754439,230366
04-01-2016,730.7250366,738.9765404,724.0473024,728.6408861,828876
05-01-2016,721.3251953,730.7676058,719.2410447,729.2789342,1118709
06-01-2016,717.1567383,723.0689003,715.3703535,723.0689003,2135092
07-01-2016,697.7614746,715.370339,695.4221341,714.5621928,1353969
08-01-2016,688.9145508,707.3315629,687.0856428,696.6981961,1324046
11-01-2016,690.5308838,697.2937159,681.6839013,685.6395348,1514504
12-01-2016,697.2937012,699.3778515,684.4060393,687.7661937,1110037
13-01-2016,708.3948975,711.3297171,692.2321799,699.0800577,1338356
14-01-2016,703.7161255,712.7757736,696.3152928,705.6301313,1531002
15-01-2016,684.1507568,705.1622981,660.6723059,703.7161499,3249884
18-01-2016,688.9996948,694.6991902,676.2821768,677.3880367,1525578
19-01-2016,689.4249878,699.0375411,687.043124,691.5941843,867289
20-01-2016,676.324585,693.2954471,667.7753693,684.7887545,1543575
21-01-2016,659.7791748,679.6848598,658.5882688,678.1536652,1679165
22-01-2016,656.2913818,666.4994137,655.0153779,663.9474057,1465143
25-01-2016,666.3293457,667.5628267,654.7602624,656.7167916,1036869
27-01-2016,653.2290649,666.7972006,651.9530608,664.3728135,1291178
28-01-2016,673.5175171,677.9835316,652.0381141,654.8453128,1967418
29-01-2016,694.9116821,697.5487358,672.9643755,672.9643755,1733695
01-02-2016,681.3435059,695.3370246,679.6846905,694.1460669,1025869
02-02-2016,680.6206055,688.9997307,677.9410279,688.6169191,960236
03-02-2016,698.9099121,704.7795513,676.707463,676.707463,1843081
04-02-2016,710.1387939,713.2012349,694.6140776,701.3769096,1698770
05-02-2016,718.7728882,727.7474371,706.0553744,706.0553744,2043434
08-02-2016,705.1199341,721.5378442,703.0357835,717.9650221,490426
09-02-2016,702.9504395,716.3910537,701.5468665,702.9504395,964658
10-02-2016,701.4194336,707.8419771,697.6339444,702.6529146,781041
11-02-2016,682.7470703,704.3540885,673.0494727,700.8663656,1010277
12-02-2016,691.2539063,694.7416818,676.2821462,680.9608277,1318480
15-02-2016,684.5336914,699.2077389,678.8341959,694.9969149,1206980
16-02-2016,683.2575684,690.6158264,680.0675586,689.042109,926079
17-02-2016,691.2113647,692.4448457,671.8161141,680.9608095,783633
18-02-2016,703.843811,706.4808651,691.1688175,692.4873445,1179011
19-02-2016,704.0139771,707.629322,691.9770362,707.629322,620200
22-02-2016,732.9793091,736.6797002,702.9506377,703.5035936,1883688
23-02-2016,711.8825073,730.2569934,709.6282651,730.2569934,590731
24-02-2016,711.7975464,718.730522,704.5243342,711.9251676,1062120
25-02-2016,716.9440918,719.8363883,708.097162,712.605699,859877
26-02-2016,722.9838257,725.3231662,715.4978947,721.3675333,1191495
29-02-2016,706.395813,724.5150588,700.526174,723.9195799,1974971
01-03-2016,701.0791016,705.9278749,695.9325109,705.9278749,1777318
02-03-2016,722.4310303,727.3223796,706.0556434,706.0556434,1221727
03-03-2016,722.1333618,728.2581407,719.4537321,727.7477598,746384
04-03-2016,722.0056763,728.0879834,715.7957998,721.7930089,1331537
08-03-2016,702.8655396,721.3675976,700.9515335,721.3675976,1342346
09-03-2016,714.2645264,717.879871,703.120727,703.120727,1929618
10-03-2016,712.4781494,715.4129692,705.2049364,712.0102916,1140147
11-03-2016,724.4299927,729.8317742,707.3315596,716.2635877,1527676
14-03-2016,729.151123,731.5755095,718.8154715,727.3646866,825367
15-03-2016,715.2427368,728.8534456,710.776723,724.8552895,1330602
16-03-2016,718.0925903,719.5386868,706.906267,718.7305924,1511400
17-03-2016,722.7713013,727.3223619,717.1143288,721.4527221,1970969
18-03-2016,721.6652832,724.7702469,712.8608767,723.0689083,1848223
21-03-2016,748.2913208,751.1410424,720.6019917,720.6019917,1587554
22-03-2016,740.2099609,749.1419892,733.6172734,745.228879,2024654
23-03-2016,743.1448364,746.334847,732.0436101,740.0824471,1373555
28-03-2016,734.680542,745.271333,731.7457226,745.1862868,2033190
29-03-2016,732.553833,741.2306177,730.3845849,731.830733,1389839
30-03-2016,732.9793091,747.6958793,730.6399682,733.2770226,1453623
31-03-2016,739.6570435,744.9312041,727.7476719,727.7476719,2635929
01-04-2016,738.2107544,744.2505371,728.1728678,737.6152755,1096484
04-04-2016,741.9537964,744.293137,732.68148,734.2126744,960124
05-04-2016,738.8062744,751.0133579,733.5321145,740.2524226,1096886
06-04-2016,741.5286255,742.5494393,734.1277903,739.2318074,1041648
07-04-2016,731.5755005,744.2079171,727.3646776,740.0821924,848064
08-04-2016,723.4090576,734.127468,719.4959484,732.4261297,712487
11-04-2016,735.2335815,738.2534477,718.900718,725.6210273,943737
12-04-2016,742.2089844,743.8252769,731.7457621,737.4452569,867406
13-04-2016,763.645874,765.2621146,743.0596657,744.3356697,1897529
18-04-2016,764.8793335,769.8132051,754.1183459,765.7725259,1091523
20-04-2016,769.0899658,770.706258,759.7751801,764.83662,1424850
21-04-2016,769.0475464,771.471985,762.1996691,769.8556926,1162870
22-04-2016,752.1618652,769.2602988,751.1410516,763.7309479,1078366
25-04-2016,752.1193237,756.2450493,744.7610131,749.0143598,828061
26-04-2016,753.4803467,762.1997072,749.184477,749.9500482,1214609
27-04-2016,758.9672241,760.4984186,749.3546706,752.3320134,778693
28-04-2016,745.3989868,762.8802308,740.9329729,759.8178421,2715410
29-04-2016,738.2958374,748.0359584,730.8950048,745.1862373,1581281
02-05-2016,734.935791,737.5303221,727.32229,737.5303221,787156
03-05-2016,723.9195557,739.2316027,721.3675478,734.9357332,1305303
04-05-2016,725.9613647,728.0880385,717.9650508,723.0690677,568460
05-05-2016,723.1965942,733.1919595,720.3468207,730.7249975,760873
06-05-2016,725.9613647,728.5984194,720.3043919,721.3677287,411253
09-05-2016,719.2407837,739.826988,713.8815783,723.9194641,3215773
10-05-2016,733.6598511,738.2960098,719.3260402,722.0481927,1523285
11-05-2016,733.744873,737.360218,724.0046981,727.3223295,697299
12-05-2016,725.6210327,733.2770577,722.5160685,730.2146685,730642
13-05-2016,707.586731,725.5784079,699.2076589,725.5784079,2369627
16-05-2016,719.8789063,721.7929122,694.9968288,708.6075379,1940183
17-05-2016,709.5006714,723.3665697,706.9061406,723.0688562,1434067
18-05-2016,702.2276611,709.9262096,700.1009874,709.2031613,1428456
19-05-2016,693.3805542,705.9279269,689.3398749,702.7379169,1866764
20-05-2016,691.0838013,698.3995369,685.7671178,697.5488676,1624617
23-05-2016,697.208374,702.4400098,691.6365018,694.9966551,1118741
24-05-2016,700.1859741,701.334409,693.6783843,696.6982503,946784
25-05-2016,714.6472778,715.7957126,703.5460535,704.3541998,1127694
26-05-2016,723.3665771,726.4715407,707.7568172,714.7323154,2479387
27-05-2016,732.5964355,736.6371149,723.4942634,724.2173115,1531278
30-05-2016,726.7695313,737.7006665,722.856472,734.9785134,776274
31-05-2016,721.5377197,731.490561,718.8155675,729.7041243,12132028
01-06-2016,727.4499512,734.4679737,719.7088286,724.897943,1223721
02-06-2016,738.5510864,743.4424348,710.3088557,727.3222414,3409326
03-06-2016,752.7146606,755.3942895,739.5718623,741.7835816,1752265
06-06-2016,748.0360718,758.7970598,744.378204,755.0540939,1941227
07-06-2016,763.0930176,764.5816891,748.9294024,751.9917917,2185954
08-06-2016,763.2206421,772.4078618,758.456862,761.3491589,1470489
09-06-2016,745.5691528,764.751736,743.8678142,764.751736,1376923
10-06-2016,744.0378418,752.6721031,741.0604996,745.1862245,793113
13-06-2016,743.6550903,749.3971079,737.8279746,737.8279746,1071858
14-06-2016,736.4244995,744.5058587,731.830864,741.8687524,826228
15-06-2016,744.0378418,745.6966052,734.1275248,738.3808708,863255
16-06-2016,748.1210938,749.3119996,730.8525181,741.6559762,803719
17-06-2016,749.7373047,752.5870778,742.2089028,751.9490758,849716
20-06-2016,748.0785522,750.587985,740.5500983,744.3355868,526386
21-06-2016,740.295105,747.7384628,736.8073809,745.6117892,1214022
22-06-2016,739.0050659,746.3155612,737.0699348,742.187292,723156
23-06-2016,747.6915283,750.8307616,734.7476637,739.6500057,574726
24-06-2016,738.8759766,741.5421885,728.5552782,738.4029551,1157925
27-06-2016,738.6609497,751.5618225,735.5647612,737.9299212,815766
28-06-2016,763.5164185,765.4085564,738.7897533,740.5098691,1607560
29-06-2016,760.1193237,769.0209564,754.2709393,765.3657095,857945
30-06-2016,772.8051147,776.5463986,765.9246507,766.3116873,2029009
01-07-2016,771.9881592,777.9655737,762.0974907,772.8482173,1099564
04-07-2016,768.0748291,776.4174027,763.7315465,774.052243,674938
05-07-2016,765.6237183,770.7840668,762.7424922,769.9240087,631452
07-07-2016,789.7913818,791.2534912,764.2476445,765.4517469,1689043
08-07-2016,791.8555298,796.6718343,785.6201084,790.3934205,1579861
11-07-2016,799.3379517,804.0682708,792.4144425,797.2737914,746028
12-07-2016,795.8117065,803.2082373,785.7920617,803.2082373,813346
13-07-2016,797.6609497,799.639073,789.0603681,793.9196652,598072
14-07-2016,802.3911743,804.1542828,793.0165205,797.2738184,757072
15-07-2016,809.7446289,818.3022167,801.6170701,804.1542518,1284879
18-07-2016,792.930542,814.1309418,782.6528376,811.8948118,3013256
19-07-2016,769.8809814,779.9866635,763.7315454,777.578459,2602482
20-07-2016,779.9865723,782.9107378,771.6439997,773.5791301,897886
21-07-2016,782.6958008,785.7920412,774.4822571,780.0726343,876194
22-07-2016,776.8044434,786.9531179,771.4720729,783.6849078,967993
25-07-2016,780.0297241,782.0508397,770.3540703,774.4823387,1297630
26-07-2016,776.3745117,784.2870573,773.192286,784.2870573,1094799
27-07-2016,777.3634644,782.179821,772.5471602,774.0522618,1168069
28-07-2016,782.1367798,785.2329676,769.8379082,778.2665187,1760367
29-07-2016,793.4466553,795.5538083,776.2454919,778.6966891,1284438
01-08-2016,795.553772,799.897055,787.9422785,799.8540626,1270582
02-08-2016,797.617981,809.1857215,794.8657843,798.9080682,1442265
03-08-2016,785.9210815,797.1018368,782.2658346,797.1018368,1067729
04-08-2016,789.576416,793.1886709,781.6638701,792.9736564,685515
05-08-2016,795.9838867,798.6930911,788.1573779,792.2426544,936293
08-08-2016,799.4240112,803.5952721,793.3176197,796.8868293,640018
09-08-2016,803.5092773,804.9283942,794.8227116,799.4240014,912239
10-08-2016,795.5107422,804.4553148,793.6615963,804.1543155,675289
11-08-2016,804.7133179,806.8204181,793.4465262,795.467694,859803
12-08-2016,804.1541748,814.4748701,796.4136533,803.9821527,664203
16-08-2016,796.5858765,811.8089164,792.4145629,800.9291597,847402
17-08-2016,785.4050293,796.155755,782.9108399,795.4677191,685242
18-08-2016,779.9865723,788.4151296,778.5674557,785.2329047,1047855
19-08-2016,783.2120361,787.5553196,775.1274679,781.7929191,1232642
22-08-2016,799.8970947,803.2083502,784.2870704,784.2870704,1405730
23-08-2016,792.7155762,801.2731649,790.4364012,800.7141062,923109
24-08-2016,790.7372437,795.5105544,781.1475772,792.1133153,929753
25-08-2016,783.3409424,792.973604,780.2447541,792.1135459,1760911
26-08-2016,777.9224854,786.7810725,774.0522242,786.7810725,753284
29-08-2016,778.5245972,780.9327493,774.9123427,779.2126331,488018
30-08-2016,795.3815308,796.6716176,780.5885245,780.9325686,921470
31-08-2016,788.7162476,796.8438069,784.2439351,795.5537198,2185015
01-09-2016,796.2416992,799.4239244,785.5339664,788.759184,654587
02-09-2016,791.8984985,796.886825,789.1463021,794.2636583,968873
06-09-2016,806.6054688,808.2396001,793.2315758,794.9086996,811241
07-09-2016,802.4341431,807.5085064,797.6178391,805.8743752,728867
08-09-2016,818.3882446,820.1513532,801.1440909,802.434178,1528195
09-09-2016,799.8110352,820.4954218,797.6178975,817.0551894,888951
12-09-2016,789.9204102,795.4247508,784.7600613,795.4247508,677577
14-09-2016,781.3198242,795.1237468,778.3526132,788.6733108,1349809
15-09-2016,786.0930786,791.9844554,779.212614,782.8248684,964711
16-09-2016,784.1149902,798.6499408,782.1368671,788.0282441,1542460
19-09-2016,784.3300171,793.4036198,781.8788199,787.3402205,793036
20-09-2016,776.5465698,788.5013473,774.8264534,784.5021082,1133099
21-09-2016,785.2758789,786.5659658,774.5251548,775.7722493,1102665
22-09-2016,782.7818604,789.4903027,776.8474388,785.2330048,1250220
23-09-2016,783.1259155,784.8030394,774.9123709,783.5129522,1498875
26-09-2016,767.6878052,786.0070839,762.441472,781.7927784,1153660
27-09-2016,771.7301025,774.8693355,764.9356752,769.7519795,849724
28-09-2016,763.0004883,774.7832411,757.926125,774.0522128,1877866
29-09-2016,755.3889771,767.8598188,751.2607089,766.3117248,3307074
30-09-2016,746.4013672,756.7220639,743.9502227,754.3569043,3104818
03-10-2016,747.1754761,755.1310135,739.8219898,755.1310135,2066037
04-10-2016,739.9939575,749.9706098,738.6178332,749.9706098,1465854
05-10-2016,749.067627,751.4327868,741.7141406,743.9502707,1781339
06-10-2016,760.6783447,762.7424525,751.6907277,751.6907277,1360160
07-10-2016,754.486084,765.1938195,746.6595751,765.1938195,1088191
10-10-2016,753.539917,761.6244315,752.0778077,756.5931127,734544
13-10-2016,741.4130249,752.3357725,733.1994811,747.8204678,2130773
14-10-2016,724.3838501,735.822611,719.8685456,735.1345751,2077909
17-10-2016,730.40448,731.9095819,721.5888828,725.8891741,1136539
18-10-2016,735.8657227,737.069825,730.1893599,731.307425,1146943
19-10-2016,727.6092529,736.1668427,725.9321289,735.3497769,1171167
20-10-2016,722.7067261,730.5762778,721.244617,729.8022046,818580
21-10-2016,732.0814819,732.9845325,719.9116385,722.4488205,1247395
24-10-2016,729.630249,735.3496562,726.1040319,732.5974599,1639740
25-10-2016,715.8693237,730.8773478,713.4611716,728.5551804,1925999
26-10-2016,724.8999634,728.2972034,710.8810266,714.7942805,1928005
27-10-2016,722.7067261,731.0492992,703.8714874,731.0492992,3193498
28-10-2016,719.4385986,728.4262163,717.1164313,723.3088601,1396899
01-11-2016,724.4256592,730.8871737,721.3033429,724.2088302,891827
02-11-2016,729.4994507,735.8742549,721.6502516,724.2088444,1085441
03-11-2016,728.0250244,735.9175783,723.9486289,726.9408795,1975240
04-11-2016,735.4840088,751.4426452,730.7137705,736.3513248,2273336
07-11-2016,726.5072632,738.7363975,723.8185518,737.2185945,803129
08-11-2016,732.5351563,734.399907,725.1629694,727.201194,797363
09-11-2016,718.3977661,724.5123328,692.9854202,711.1990546,2122893
10-11-2016,709.9414063,730.1932639,705.8216558,728.5453425,1017007
11-11-2016,695.3706055,706.8625425,692.2048809,706.8625425,1758762
15-11-2016,698.5797119,702.3525155,679.3252853,697.3220931,2007604
16-11-2016,701.4417114,705.5614618,692.1180658,701.6585404,2677282
17-11-2016,703.9569702,707.7297732,696.4546665,701.4417329,665671
18-11-2016,696.3245239,706.6889591,689.9931287,705.1278012,1462211
21-11-2016,691.9012451,698.8831274,687.4779553,696.3245349,993597
22-11-2016,711.1124878,713.3674885,696.2813508,699.3169571,1226008
23-11-2016,721.3466797,723.3414958,706.9492033,711.502612,1254013
24-11-2016,715.7958374,723.7751547,711.6760867,718.8314432,1588843
25-11-2016,722.9945679,726.8107793,716.0994483,719.8722516,788448
28-11-2016,726.680603,730.23663,719.0048785,720.2624972,930063
29-11-2016,722.2138672,729.4125776,720.0889329,725.9433145,1157881
30-11-2016,732.0145874,737.4786667,720.7828364,724.4255736,2734453
01-12-2016,735.5705566,742.1621889,729.3259248,732.0145828,951938
02-12-2016,721.1298218,735.830837,718.2676899,732.8819417,623704
05-12-2016,732.7952271,738.4327804,721.6068307,722.3874362,760110
06-12-2016,725.0760498,737.0449979,722.647576,733.22884,611314
07-12-2016,723.0813599,732.0147041,721.6502673,728.4153215,394177
08-12-2016,731.1473389,734.4431289,725.0761273,725.0761273,609858
09-12-2016,732.9252319,734.6165084,725.3795736,728.4585872,463868
12-12-2016,722.1273804,733.619319,720.1759191,732.8821214,317031
13-12-2016,720.8696899,725.4230988,715.4489651,723.3415193,716723
14-12-2016,712.7602539,722.3440848,710.158306,720.7395714,418711
15-12-2016,707.7730713,714.4080586,705.6915451,709.4643477,552176
16-12-2016,708.5537109,717.2702248,705.648171,709.0307241,907271
19-12-2016,702.3091431,709.2910264,700.79134,708.5971842,709550
20-12-2016,695.0669556,704.9109695,692.5083632,701.441706,1057366
21-12-2016,691.0772095,698.1892095,690.296657,695.5872622,1024157
22-12-2016,682.6210327,696.0210752,679.845611,690.3835213,1147406
23-12-2016,684.7459717,693.3324211,678.1977466,682.1440237,893290
26-12-2016,695.4139404,698.1026517,680.8863978,683.4449905,686679
27-12-2016,699.7070923,701.2248951,690.9038149,695.5006314,552306
28-12-2016,702.7861328,712.2398982,699.0566847,700.7913166,811567
29-12-2016,709.8981323,712.8903831,699.5336957,703.6100914,1295881
30-12-2016,716.7064209,719.3951318,709.8980128,710.7219734,709395
02-01-2017,715.8392334,718.137642,710.4185084,718.137642,439748
03-01-2017,719.7421875,722.3007804,710.7654877,716.7933448,617599
04-01-2017,712.586792,726.2904269,708.2068569,719.7421489,1298675
05-01-2017,722.6043701,724.8593706,712.9337752,715.4490129,800848
06-01-2017,723.1246948,758.728005,721.3467077,722.3874974,545826
09-01-2017,720.7828979,727.2877675,718.4411343,726.8107543,323290
10-01-2017,720.3492432,725.0327704,719.004914,723.16802,337793
11-01-2017,729.8463745,732.8819803,719.9589515,721.6935834,867646
12-01-2017,716.3162842,731.7544979,715.2754944,731.7544979,985100
13-01-2017,718.0942383,724.7291734,715.6223561,719.8722254,567779
16-01-2017,717.7039795,721.0431249,713.3240443,718.1376375,472383
17-01-2017,729.1090698,731.1472408,717.0533587,717.0533587,1081184
18-01-2017,750.1848755,752.6133493,726.4637546,729.1524656,2032995
19-01-2017,746.1518555,759.7253704,744.6340526,750.5751983,1350359
20-01-2017,746.2819824,756.2994706,741.1214422,741.7285739,1032081
23-01-2017,747.9733276,751.7894862,738.5629174,741.2082206,1615902
24-01-2017,746.1951294,747.9731691,730.366616,742.4223268,1843785
25-01-2017,753.8710327,754.5215197,742.3790964,743.2897676,1360342
27-01-2017,742.3790894,759.5085792,740.5143389,753.6975518,1272497
30-01-2017,740.2976074,748.6672285,738.2160807,743.2465032,600766
31-01-2017,741.9022217,748.4070925,738.3028386,742.4225902,1210100
01-02-2017,740.7311401,752.4399049,736.5246792,743.2897327,1750447
02-02-2017,733.1422119,744.850978,730.1066059,743.7234778,1617828
03-02-2017,737.0016479,739.3434113,727.331055,732.8818976,999913
06-02-2017,746.3685913,747.6262098,737.2184203,737.2617755,1007603
07-02-2017,741.7719116,748.7537939,738.0858191,748.4936097,866921
08-02-2017,739.7770996,745.8049556,734.9200989,745.8049556,995337
09-02-2017,737.8690796,742.509199,731.5810387,742.4224885,884351
10-02-2017,737.9992065,744.5040766,735.1804295,735.700798,648644
13-02-2017,747.8864746,750.0114091,739.3434343,741.5117241,688095
14-02-2017,735.6140747,752.8736311,732.8820082,748.4936959,1294385
15-02-2017,737.2619019,739.3868365,731.4942826,735.9609279,863541
16-02-2017,733.8359375,739.3867803,732.0579506,738.9531223,529692
17-02-2017,729.6295776,735.4406054,726.3771427,734.6166446,917969
20-02-2017,741.078125,744.157086,735.0502686,737.8256902,1511663
21-02-2017,748.2768555,751.6160008,738.996564,740.2541827,1061217
22-02-2017,749.4910889,753.69755,738.953179,751.0956022,1996095
23-02-2017,744.3740845,756.2996815,742.6394522,755.3456549,1313518
27-02-2017,751.4860229,755.0419977,740.9047563,745.0678628,1194357
28-02-2017,751.0089111,753.2205562,744.2872124,750.6619636,1409380
01-03-2017,759.335144,764.0186715,748.450339,753.1772217,1199589
02-03-2017,761.0697632,765.840001,757.4703807,761.5034212,1116347
03-03-2017,760.7662354,763.0212357,755.3455105,761.5034328,909059
06-03-2017,757.253479,765.970046,751.3123864,760.6360321,620823
07-03-2017,756.3428345,758.8580718,752.9603342,758.1208215,581168
08-03-2017,755.6924438,759.8989583,748.7105604,754.5649436,689050
09-03-2017,754.8250732,756.299521,747.7998351,753.6108627,649123
10-03-2017,759.0750122,761.2866575,752.3099577,755.4322742,1533750
14-03-2017,792.5100098,793.5941548,762.4141334,764.278884,2763421
15-03-2017,781.0178833,795.5020678,779.7169096,789.2573835,1247829
16-03-2017,785.961853,791.3392234,776.5514417,787.5230114,1052674
17-03-2017,782.7960205,790.1248511,780.5843754,787.1326004,2071209
20-03-2017,779.2401123,793.8110113,777.1151774,781.0614548,849554
21-03-2017,783.5766602,786.7423318,770.4368014,779.5436195,1016256
22-03-2017,784.8775635,787.5228665,775.4237986,775.4237986,928431
23-03-2017,782.3190308,788.3902428,778.9798853,784.9209788,737393
24-03-2017,780.7577515,785.0943308,777.9823301,781.4515936,809976
27-03-2017,779.5435791,792.1630158,776.3344994,780.4542503,2830764
28-03-2017,783.2730713,784.9209929,778.4161228,780.5844128,565803
29-03-2017,791.4692993,793.5075239,780.8880323,784.227231,1067420
30-03-2017,797.2368164,801.2264485,788.5636571,790.2115256,2105056
31-03-2017,790.7753296,798.1475153,785.0944206,797.2368441,1454650
03-04-2017,798.4945068,801.7035337,784.4006217,792.7268342,832000
05-04-2017,811.2438965,813.0652916,796.3261055,796.3261055,2246395
06-04-2017,810.6369019,812.0245862,798.7980176,807.3410588,1588953
07-04-2017,801.8336792,808.9456813,798.9715469,802.874469,770117
10-04-2017,803.0911865,806.3436212,794.4613825,800.3591202,460843
11-04-2017,801.1397095,802.9610517,795.5455113,800.4892225,715100
12-04-2017,801.1830444,802.874321,796.5862809,798.1040836,2006885
13-04-2017,801.2698364,805.9100086,796.6297172,799.5352045,1200252
17-04-2017,792.7700806,801.2264105,791.078804,800.5325684,449115
18-04-2017,791.6426392,798.7546406,790.1681914,793.5941001,605252
19-04-2017,787.9998169,796.5862651,785.788172,793.2470673,1245002
20-04-2017,794.2012329,795.8491015,786.0050865,790.9921533,1955164
21-04-2017,786.1351929,801.3132219,783.6199555,797.4970106,761841
24-04-2017,784.5305786,789.1707504,779.3266833,789.1707504,789135
25-04-2017,801.3997803,804.0017276,783.2295041,786.655412,1105317
26-04-2017,816.4478149,819.6135392,798.1908255,801.399905,1296199
27-04-2017,821.6084595,824.8175394,811.9812728,816.2310895,1096343
28-04-2017,810.8970947,820.0472678,808.4686205,818.7462938,3585324
02-05-2017,804.9559326,812.8918949,801.3999583,806.7773279,1615426
03-05-2017,810.072998,812.6315904,800.1855763,809.2056822,977037
04-05-2017,829.7611084,832.6232402,809.8995537,810.2898564,1234682
05-05-2017,827.3327026,832.1462956,823.3430175,826.9857551,571239
08-05-2017,828.1564941,832.6231918,820.5241255,828.2866127,672197
09-05-2017,825.7281494,830.88869,821.7818724,830.021374,1292861
10-05-2017,864.1502686,866.4486771,827.5061678,827.5061678,2928370
11-05-2017,848.885437,863.8466363,846.4569631,862.458952,1354465
12-05-2017,850.1430664,856.9081199,841.5132625,848.495145,890243
15-05-2017,852.7884521,857.6454005,845.2427924,851.0971754,734446
16-05-2017,867.6629639,869.4843063,851.7476832,852.571644,1503815
17-05-2017,875.468689,877.7236891,859.5967657,870.7851619,1999387
18-05-2017,858.8595581,875.121731,852.5715179,874.2544151,2690943
19-05-2017,874.2544556,887.0473655,867.3159281,867.3159281,3059815
22-05-2017,883.4480591,891.7742715,875.1218466,877.1600181,1788720
23-05-2017,888.8254395,895.070072,879.4583847,883.6214907,2640069
24-05-2017,900.3174438,902.0086678,887.6979533,890.3433095,1992083
25-05-2017,905.0008545,910.6818167,893.5957336,900.1873141,1918721
26-05-2017,902.8325195,908.0364154,895.4170315,903.7866518,716421
29-05-2017,929.9796143,934.0993654,900.9245272,902.8759883,1771026
30-05-2017,930.2831421,932.3213136,913.5440064,928.9821681,890684
31-05-2017,925.4261475,931.8876091,920.2656597,924.3854106,2226704
01-06-2017,950.0144653,953.5704394,920.3956057,925.4260803,1782269
02-06-2017,942.2520752,956.6494989,907.2991998,954.0909592,2216247
05-06-2017,952.0961914,955.1752057,943.6398599,947.1091241,612171
06-06-2017,946.71875,955.6087383,942.7724202,952.2694873,1203091
07-06-2017,959.5551147,966.4069329,946.6754923,958.5576801,2392047
08-06-2017,948.4100342,967.0573279,944.1168624,959.8585629,935574
09-06-2017,950.0144653,958.7310326,945.3743464,946.2416623,691085
12-06-2017,953.7441406,958.3842604,939.3033068,950.5784158,1059705
13-06-2017,956.4326172,962.156881,949.754327,950.5782348,1040661
14-06-2017,965.9299316,971.047118,949.0172671,958.3843237,1139136
15-06-2017,957.5169067,972.6949374,955.4353271,969.2256733,1051935
16-06-2017,946.935791,963.4580997,944.0301973,957.5170054,1550451
19-06-2017,950.2746582,954.914777,945.6345395,949.1905134,859068
20-06-2017,948.0197144,954.9148336,946.3283848,953.0500832,1272735
21-06-2017,974.3859253,979.1995705,948.8001083,949.0603454,1411671
22-06-2017,957.4091797,977.842871,955.6589688,977.4928074,1000211
23-06-2017,960.7784424,965.0226831,940.7385031,957.27802,1600881
27-06-2017,955.7026367,975.6987748,951.2396203,959.553122,1809437
28-06-2017,953.8649902,966.9477747,948.8331336,958.2405177,1084236
29-06-2017,952.2022095,957.9341928,948.8330749,957.9341928,1771369
30-06-2017,944.7637329,956.2275919,931.1121105,949.4893233,1501780
03-07-2017,960.6470337,962.7035102,946.0765062,956.4902827,823810
04-07-2017,952.2022095,973.1172509,948.4830113,966.4664709,938993
05-07-2017,959.7280884,960.8657682,946.9078792,951.2396084,364842
06-07-2017,956.0526123,959.7280121,950.7144909,959.7280121,653440
07-07-2017,960.6031494,971.2794993,953.6899023,954.739986,780216
10-07-2017,959.3342896,966.9476638,953.8648808,964.8036983,123910
11-07-2017,968.260498,973.9486842,959.9907933,964.3663211,1088867
12-07-2017,990.3130493,996.2200108,966.991469,971.366996,1749266
13-07-2017,992.9819946,997.5326065,989.7441476,992.9819946,1390586
14-07-2017,997.0079346,1001.952196,984.7564552,993.2449375,1430776
17-07-2017,1008.952942,1011.622057,988.9131094,997.6203673,1177146
18-07-2017,1013.240784,1023.698357,1004.008486,1009.21532,3322231
19-07-2017,1010.177917,1045.794772,993.6822017,1041.375447,4799441
20-07-2017,1008.909058,1016.041188,1001.995703,1011.140512,1295206
21-07-2017,1013.940857,1018.797628,1001.995647,1014.159633,1690899
24-07-2017,1014.553467,1018.885303,1009.915472,1016.872518,1102676
25-07-2017,1006.021118,1015.997341,1000.245444,1011.228059,1686360
26-07-2017,1019.104004,1021.247969,998.8014952,1009.871599,1563285
27-07-2017,1025.536011,1043.519362,1017.003733,1018.447679,2090566
28-07-2017,1009.740417,1022.648223,999.0203756,1022.648223,860381
31-07-2017,1011.402954,1017.397404,999.4577453,1015.078354,955459
01-08-2017,1027.329956,1029.911581,1009.871646,1009.871646,1359063
02-08-2017,1022.779602,1028.249012,1014.859854,1027.373906,587711
03-08-2017,1023.786072,1032.274553,1013.372294,1019.935586,597333
04-08-2017,1043.213257,1046.888764,1016.872602,1016.872602,1116836
07-08-2017,1038.137695,1044.088349,1025.054804,1026.498749,868190
08-08-2017,1042.250732,1058.002633,1033.499677,1034.112208,1329938
09-08-2017,1037.306274,1046.188617,1029.430325,1040.937984,833002
10-08-2017,1024.486084,1035.774968,1020.548109,1028.117794,699787
11-08-2017,1008.821411,1028.073727,1000.726687,1015.165924,861457
14-08-2017,1011.359192,1023.785752,1003.920797,1010.309108,526828
16-08-2017,1038.181519,1041.900717,1007.246557,1007.246557,1366648
17-08-2017,1030.261597,1036.999865,1019.497758,1036.999865,961319
18-08-2017,1052.051636,1055.639653,1023.391935,1023.873285,1407292
21-08-2017,1042.644165,1057.1272,1034.680728,1052.139143,965962
22-08-2017,1049.776245,1056.558311,1039.668843,1055.639514,916218
23-08-2017,1039.756592,1046.144798,1035.249777,1045.838532,831796
24-08-2017,1032.361572,1041.112624,1028.511195,1039.624988,780599
28-08-2017,1049.864014,1052.620617,1031.530596,1033.805849,630713
29-08-2017,1041.769287,1048.857727,1035.249794,1045.882347,1002082
30-08-2017,1053.889526,1058.527521,1038.968936,1047.938767,666156
31-08-2017,1067.409912,1070.079027,1045.13852,1051.745503,1425125
01-09-2017,1064.259277,1069.378622,1056.38333,1064.346767,622867
04-09-2017,1047.632568,1063.121893,1044.657188,1063.121893,586791
05-09-2017,1054.677002,1060.190209,1043.388228,1046.976138,699191
06-09-2017,1055.727295,1060.627864,1050.389173,1051.876809,670064
07-09-2017,1057.783691,1069.160062,1053.364366,1058.002468,781792
08-09-2017,1056.733643,1066.184717,1051.964254,1059.096385,663219
11-09-2017,1067.541138,1078.129892,1055.377151,1055.377151,794869
12-09-2017,1093.706909,1098.257415,1070.254039,1071.129144,1164498
13-09-2017,1094.713013,1101.757654,1089.681157,1093.881705,848136
14-09-2017,1092.000244,1104.470496,1076.467123,1104.470496,1239363
15-09-2017,1090.38147,1099.832652,1081.280351,1086.968537,1333125
18-09-2017,1120.178711,1125.341747,1090.381329,1093.881751,781532
19-09-2017,1119.522339,1126.785649,1114.490483,1126.785649,563558
20-09-2017,1102.063965,1121.316284,1098.344767,1120.134913,1179496
21-09-2017,1099.744873,1104.295485,1092.131499,1103.507869,913615
22-09-2017,1084.430664,1095.850833,1079.967647,1095.807035,1208698
25-09-2017,1091.387695,1101.757673,1082.942907,1085.043181,1271436
26-09-2017,1065.309692,1103.595559,1051.045536,1103.595559,1751337
27-09-2017,1055.289795,1065.440998,1039.625384,1065.003445,2299025
28-09-2017,1052.576538,1061.45877,1043.256647,1055.201854,3007522
29-09-2017,1027.286377,1058.702686,1022.998339,1058.702686,2274339
03-10-2017,1038.181519,1042.994599,1024.748669,1029.56175,1970990
04-10-2017,1047.938965,1054.064704,1031.486937,1042.338268,2448425
05-10-2017,1039.31897,1054.064475,1035.424687,1053.933187,2305862
06-10-2017,1056.514771,1060.27766,1043.256903,1044.000721,508700
09-10-2017,1067.847412,1070.560218,1054.545852,1065.440872,720819
10-10-2017,1058.177734,1076.686241,1054.502333,1071.21683,802675
11-10-2017,1065.922119,1068.066085,1048.901256,1063.253005,1096016
12-10-2017,1086.005737,1089.506159,1064.34688,1067.672323,982442
13-10-2017,1092.656494,1096.506979,1077.42964,1083.380399,840717
16-10-2017,1121.272705,1126.698316,1093.838063,1093.881861,1276141
17-10-2017,1122.016357,1127.704542,1112.258911,1124.510386,654497
18-10-2017,1106.0896,1122.410339,1102.632975,1117.50977,697765
19-10-2017,1100.620117,1111.383957,1097.119695,1107.00843,67835
23-10-2017,1093.838135,1118.034824,1083.905708,1107.883622,791883
24-10-2017,1111.427979,1114.884603,1097.38249,1098.170106,1055569
25-10-2017,1113.527954,1123.110423,1107.09595,1121.010149,1332232
26-10-2017,1114.621582,1124.510315,1096.944498,1124.510315,2321903
27-10-2017,1102.76416,1114.621775,1090.381397,1114.621775,875032
30-10-2017,1080.055298,1110.902771,1076.379897,1102.633065,1063165
31-10-2017,1082.899414,1093.794543,1076.773675,1086.006082,722440
01-11-2017,1108.046021,1112.450019,1090.430027,1091.046543,1243886
02-11-2017,1093.512817,1110.732494,1090.474101,1110.688411,762274
03-11-2017,1091.751221,1096.595619,1085.145223,1096.595619,656886
06-11-2017,1092.719971,1100.559109,1087.743431,1091.310713,532305
07-11-2017,1087.08313,1102.937527,1080.168873,1087.875871,949224
08-11-2017,1088.052124,1099.150181,1082.1507,1092.500099,872203
09-11-2017,1103.553833,1132.752361,1093.248413,1100.559093,1417669
10-11-2017,1136.804199,1144.379055,1095.979153,1105.095409,1933002
13-11-2017,1126.983276,1158.251667,1117.955079,1140.635672,1413270
14-11-2017,1130.858643,1135.350699,1126.762903,1132.796359,1131348
15-11-2017,1114.21167,1131.827665,1108.530555,1130.858806,1195740
16-11-2017,1124.34082,1133.589217,1097.608571,1118.615622,911479
17-11-2017,1125.794189,1142.749584,1119.760733,1129.185247,1134503
20-11-2017,1122.579224,1128.436563,1115.224568,1127.423622,707096
21-11-2017,1125.089478,1131.827617,1120.377221,1123.01962,828746
22-11-2017,1119.011841,1124.781121,1113.022468,1123.019522,646368
23-11-2017,1116.413818,1123.900617,1111.569419,1123.019817,891839
24-11-2017,1115.048096,1118.615377,1103.641785,1118.086919,971523
27-11-2017,1110.072144,1115.885401,1101.484345,1110.68866,763155
28-11-2017,1116.721924,1121.213981,1111.921608,1112.450067,975006
29-11-2017,1124.032349,1128.392263,1112.890213,1116.721669,819468
30-11-2017,1120.77356,1124.032583,1108.046047,1121.258042,2308732
01-12-2017,1101.439941,1126.322531,1096.815743,1120.77345,470360
04-12-2017,1117.382446,1122.138786,1093.248514,1106.856933,833814
05-12-2017,1110.688599,1122.138997,1105.4038,1122.138997,862459
06-12-2017,1123.547974,1129.449396,1105.931981,1108.266122,1516859
07-12-2017,1137.949097,1144.026636,1120.421269,1124.957301,1407824
08-12-2017,1168.512817,1172.344274,1137.376573,1141.868629,1267860
11-12-2017,1166.2229,1170.582816,1155.300962,1170.582816,597953
12-12-2017,1157.943359,1166.178815,1152.658561,1161.862875,873443
13-12-2017,1158.295532,1177.62904,1150.50037,1162.126989,917877
14-12-2017,1164.064697,1168.688895,1148.782846,1157.370642,834383
15-12-2017,1166.66333,1175.867644,1154.376109,1169.966329,1420357
18-12-2017,1173.005371,1184.675971,1145.876689,1162.655971,918171
19-12-2017,1188.815308,1190.84119,1168.380798,1174.194054,1227087
20-12-2017,1200.221802,1204.889976,1174.546468,1185.732581,1198943
21-12-2017,1187.714111,1202.423528,1184.763454,1202.291387,557871
22-12-2017,1194.805176,1197.447576,1181.417059,1181.417059,561400
26-12-2017,1187.406006,1192.514687,1180.27155,1189.431888,913529
27-12-2017,1191.237549,1201.410829,1182.605776,1189.784315,569851
28-12-2017,1193.043213,1217.969888,1188.022698,1196.126012,2608574
29-12-2017,1204.802002,1211.011684,1189.079747,1197.006945,799006
01-01-2018,1184.235107,1204.053099,1180.315592,1204.053099,746852
02-01-2018,1179.038574,1188.903596,1170.186601,1184.675714,695988
03-01-2018,1189.387939,1195.069162,1175.867685,1184.411399,832810
04-01-2018,1191.061401,1194.496542,1181.548722,1189.16766,640189
05-01-2018,1194.848755,1200.485786,1187.538075,1189.960274,568451
08-01-2018,1205.286377,1207.576435,1187.846499,1187.846499,801796
09-01-2018,1199.032715,1211.892369,1194.364433,1210.218828,708386
10-01-2018,1202.996338,1206.695654,1193.483658,1199.076715,939525
11-01-2018,1214.314575,1218.057974,1195.245239,1195.245239,629248
12-01-2018,1210.218872,1219.379211,1195.245276,1216.208353,872539
15-01-2018,1204.229126,1211.627864,1201.41061,1211.627864,1324592
16-01-2018,1217.265137,1223.871134,1201.190543,1206.079024,896453
17-01-2018,1207.752319,1225.192194,1203.392405,1223.430595,1409691
18-01-2018,1195.201172,1239.197184,1189.608115,1233.119644,2465412
19-01-2018,1200.045898,1209.20624,1189.124065,1207.048323,1491194
22-01-2018,1193.571655,1202.291594,1185.952716,1200.529994,1014403
23-01-2018,1205.242432,1208.765631,1189.123859,1198.504291,1284895
24-01-2018,1203.084229,1208.457085,1175.911582,1204.933886,1819330
25-01-2018,1209.117676,1213.741874,1197.491164,1205.726619,2125894
29-01-2018,1230.741211,1233.119327,1204.229059,1206.695341,1406390
30-01-2018,1233.339844,1241.927641,1224.399705,1230.741528,1310365
31-01-2018,1206.122803,1233.11933,1200.177406,1233.11933,1491912
01-02-2018,1207.796753,1219.731633,1189.960557,1209.338153,1563429
02-02-2018,1208.633423,1213.654046,1190.84131,1190.84131,1699619
05-02-2018,1194.144165,1199.16468,1181.37257,1190.929225,1585136
06-02-2018,1167.367676,1187.758207,1144.158629,1145.039428,1540401
07-02-2018,1156.181885,1171.46374,1151.249427,1164.417341,1561287
08-02-2018,1171.067139,1178.113535,1149.663666,1167.675974,1146084
09-02-2018,1174.150024,1180.271539,1155.433032,1161.774746,810004
12-02-2018,1184.191162,1188.991585,1174.23819,1180.271646,1166428
14-02-2018,1188.551147,1191.898122,1173.225211,1188.903489,857401
15-02-2018,1196.257935,1201.806907,1179.170402,1191.721795,844856
16-02-2018,1190.929321,1201.41086,1187.318064,1201.41086,1091144
19-02-2018,1176.660645,1197.007101,1170.406987,1197.007101,495950
20-02-2018,1173.049194,1183.222367,1169.569971,1173.357453,688130
21-02-2018,1171.991943,1179.390682,1165.297888,1179.390682,1406451
22-02-2018,1168.33667,1174.810633,1156.710157,1171.55161,2173259
23-02-2018,1165.430176,1172.87289,1162.831752,1168.380833,896708
26-02-2018,1174.370239,1178.862296,1159.352562,1159.352562,1109668
27-02-2018,1185.864746,1191.281686,1175.074949,1180.271689,1316559
28-02-2018,1160.673584,1178.950174,1154.728187,1178.862116,1862621
01-03-2018,1166.398926,1170.582724,1157.590929,1162.655527,961945
05-03-2018,1144.81958,1163.492493,1139.534781,1162.655777,842790
06-03-2018,1139.050415,1151.998238,1135.527215,1145.039898,738512
07-03-2018,1139.622925,1151.733923,1137.200725,1138.918349,917890
08-03-2018,1139.006348,1149.928287,1131.123124,1145.039805,739272
09-03-2018,1145.700317,1147.682117,1132.796579,1140.635719,852176
12-03-2018,1166.355225,1169.658224,1139.799193,1149.443909,874857
13-03-2018,1163.140137,1172.740768,1157.106572,1166.971594,1067772
14-03-2018,1159.925171,1167.059627,1154.860573,1160.365571,760665
15-03-2018,1144.995483,1162.65556,1139.974968,1157.282703,536838
16-03-2018,1144.290894,1154.464065,1128.392417,1147.681951,3646692
19-03-2018,1153.319092,1161.070064,1147.902152,1152.085951,1244199
20-03-2018,1156.710449,1163.096248,1150.32465,1150.32465,1249242
21-03-2018,1158.780029,1165.386027,1149.443574,1156.710172,1698614
22-03-2018,1155.476685,1163.095621,1153.010511,1156.049226,950972
23-03-2018,1146.49292,1157.370774,1130.770667,1136.231582,1301609
26-03-2018,1166.442993,1171.37545,1143.27792,1147.681918,1032138
27-03-2018,1173.929688,1180.271401,1163.668351,1179.390602,1040328
28-03-2018,1174.414307,1179.743188,1164.593368,1167.984533,1337677
02-04-2018,1190.224609,1198.372006,1158.251539,1158.251539,708747
03-04-2018,1187.670166,1193.923821,1179.08237,1186.525084,979726
04-04-2018,1195.641357,1197.887439,1179.875131,1187.317844,912607
05-04-2018,1217.441284,1218.85065,1200.26569,1215.503568,588716
06-04-2018,1210.923218,1217.220848,1200.045258,1217.220848,633937
09-04-2018,1225.721069,1229.948952,1204.493814,1204.890131,923543
10-04-2018,1225.632935,1235.586015,1221.669335,1232.062816,969036
11-04-2018,1241.178833,1251.175887,1220.391983,1226.953897,1015714
12-04-2018,1244.349731,1247.21233,1230.565195,1240.165933,510556
13-04-2018,1242.412231,1245.318806,1232.415067,1243.689348,534981
16-04-2018,1250.294922,1253.553837,1237.391187,1240.958468,325041
17-04-2018,1273.240112,1277.600028,1250.559519,1251.176036,1176082
18-04-2018,1277.599854,1282.576393,1268.351457,1277.599854,765225
19-04-2018,1280.859009,1292.92603,1275.706352,1278.392834,682820
20-04-2018,1292.837769,1296.669226,1269.408412,1270.113095,674146
23-04-2018,1279.581543,1295.656135,1277.159344,1295.656135,395622
24-04-2018,1285.659302,1294.555357,1273.372081,1289.490759,1218174
25-04-2018,1285.262817,1288.609899,1276.322787,1285.0867,504777
26-04-2018,1313.492676,1319.966533,1285.835541,1288.610082,1321586
27-04-2018,1298.254883,1318.997762,1294.687708,1313.492763,818770
30-04-2018,1329.038696,1333.134436,1298.783248,1299.179565,612159
02-05-2018,1296.49292,1333.530586,1290.063147,1331.768987,1047583
03-05-2018,1279.09729,1293.850685,1269.760835,1290.900028,1243694
04-05-2018,1289.666992,1295.656474,1275.08982,1281.563677,586841
07-05-2018,1319.349976,1322.961233,1290.371642,1296.889582,887065
08-05-2018,1317.720337,1325.427334,1302.26226,1315.914655,906975
09-05-2018,1317.676514,1330.888511,1309.088716,1318.469255,759263
10-05-2018,1309.308838,1327.233091,1303.583639,1315.914836,932116
11-05-2018,1324.810547,1326.484087,1308.075356,1311.510496,591179
14-05-2018,1324.326294,1339.872321,1315.958698,1334.411406,1479249
15-05-2018,1334.852051,1358.545586,1330.448052,1347.623647,3239290
16-05-2018,1386.466797,1393.777477,1327.012817,1329.126757,2420630
17-05-2018,1382.679443,1406.108694,1374.267763,1386.466818,2082393
18-05-2018,1414.388428,1420.289744,1376.954434,1376.954434,2041908
21-05-2018,1390.474609,1426.367201,1385.542152,1420.730061,1510806
22-05-2018,1386.643066,1399.546697,1372.462105,1379.112186,1137466
23-05-2018,1381.182373,1397.212997,1374.928715,1380.213515,891664
24-05-2018,1375.016357,1384.308837,1365.283585,1382.943555,915840
25-05-2018,1387.920166,1401.572562,1371.669454,1379.332369,968884
28-05-2018,1394.173706,1396.683964,1388.14025,1396.067447,563972
29-05-2018,1385.233643,1407.341801,1377.306445,1387.744008,944652
30-05-2018,1396.772339,1404.699537,1371.405262,1382.415259,1089156
31-05-2018,1419.364746,1424.825769,1391.399353,1404.875633,3315162
01-06-2018,1399.458496,1430.770967,1392.632299,1420.729829,1444570
04-06-2018,1376.866089,1400.471565,1372.285973,1400.471565,857157
05-06-2018,1376.513916,1385.498031,1362.64132,1377.570833,1531015
06-06-2018,1383.86853,1390.782787,1371.801509,1375.01645,1085135
07-06-2018,1411.965942,1415.180775,1387.259469,1387.259469,1479204
08-06-2018,1405.403931,1410.38047,1392.984677,1409.191412,760059
11-06-2018,1410.512573,1424.253026,1395.538979,1405.756234,905198
12-06-2018,1443.146118,1448.915399,1400.82376,1413.507296,1707972
13-06-2018,1427.952271,1448.695144,1426.454954,1448.034544,845842
14-06-2018,1417.734985,1448.034512,1407.782015,1424.957606,1348038
15-06-2018,1428.040771,1434.734829,1400.471694,1400.471694,2101892
18-06-2018,1416.810547,1443.630858,1412.362465,1435.659576,846403
19-06-2018,1410.160645,1419.849443,1400.207563,1412.450703,1118708
20-06-2018,1411.393311,1424.781422,1406.636971,1406.636971,1535703
21-06-2018,1414.100098,1429.231088,1409.263563,1414.588236,1185462
22-06-2018,1427.101318,1429.408655,1403.051563,1412.813465,1098709
25-06-2018,1433.357788,1445.648888,1426.480085,1434.112095,1082199
26-06-2018,1439.214966,1447.246392,1432.559124,1433.224708,759142
27-06-2018,1428.166138,1470.186662,1418.448544,1445.648771,2251405
28-06-2018,1422.353516,1438.105676,1416.363257,1428.787497,1177218
29-06-2018,1456.431519,1459.848163,1424.749642,1424.749642,1722592
02-07-2018,1458.472534,1462.288594,1442.143621,1456.209613,1099574
03-07-2018,1458.516724,1474.135743,1450.973437,1459.847892,1381265
04-07-2018,1487.358887,1493.03856,1455.100259,1457.185735,1244751
05-07-2018,1498.007935,1501.868301,1480.614025,1490.020925,1449303
06-07-2018,1489.400024,1506.572075,1484.164074,1498.895649,1458899
09-07-2018,1501.468994,1505.107499,1485.583699,1492.683262,773248
10-07-2018,1497.12085,1507.637059,1489.222561,1502.667385,1093651
11-07-2018,1524.764893,1527.294091,1490.065786,1495.346045,1158397
12-07-2018,1546.241089,1552.497625,1524.853668,1526.406698,1471465
13-07-2018,1546.50708,1553.074199,1529.956198,1545.930219,976456
16-07-2018,1554.13916,1578.765776,1547.572041,1552.852407,2218046
17-07-2018,1492.417114,1579.653054,1489.311055,1568.116262,6188478
18-07-2018,1458.738647,1508.391183,1443.873934,1502.445342,2372869
19-07-2018,1462.022217,1482.034158,1458.649989,1465.971415,1457149
20-07-2018,1469.476685,1483.320813,1445.471348,1469.5211,1734748
23-07-2018,1499.472412,1511.275373,1473.647768,1481.102224,1382893
24-07-2018,1480.170654,1517.265818,1475.33401,1508.657639,1084438
25-07-2018,1466.90332,1490.420631,1453.857912,1482.921758,1526620
26-07-2018,1481.989624,1490.597911,1459.892317,1468.722357,2088548
27-07-2018,1472.272217,1486.2939,1456.697504,1482.034118,1030665
30-07-2018,1498.629517,1501.558131,1465.172857,1478.706404,1237254
31-07-2018,1536.745239,1541.892359,1492.417265,1499.783107,1877744
01-08-2018,1539.097046,1546.81778,1525.164084,1537.898908,1191134
02-08-2018,1551.698608,1561.682371,1543.267875,1546.152073,1127209
03-08-2018,1564.566528,1568.426895,1550.278676,1556.579518,758933
06-08-2018,1535.547485,1561.904582,1522.013937,1561.904582,1629015
07-08-2018,1535.325317,1545.930249,1529.956228,1535.990902,863577
08-08-2018,1559.375,1564.566535,1527.604405,1533.50594,1423256
09-08-2018,1556.75708,1566.341536,1542.55795,1563.235477,939345
10-08-2018,1555.425537,1565.098714,1545.486192,1553.029478,730724
13-08-2018,1534.260254,1558.798146,1531.509194,1543.267848,691024
14-08-2018,1547.92688,1561.282979,1534.393335,1534.393335,850399
16-08-2018,1541.8479,1554.760168,1535.813227,1545.042683,638454
17-08-2018,1583.868408,1587.285052,1536.833795,1545.131389,1420289
20-08-2018,1576.990845,1605.07852,1573.618508,1588.527638,924623
21-08-2018,1555.248413,1576.99083,1553.029799,1576.99083,1169476
23-08-2018,1573.263672,1582.759297,1559.68571,1566.297137,1375102
24-08-2018,1580.496216,1587.640196,1563.901026,1573.662928,866648
27-08-2018,1590.568848,1595.627244,1578.4995,1589.415125,627163
28-08-2018,1571.843506,1589.370555,1568.870585,1587.64008,991764
29-08-2018,1558.221436,1579.120824,1554.139207,1575.216042,777922
30-08-2018,1573.307739,1579.475551,1557.466859,1557.466859,1586926
31-08-2018,1579.741821,1588.483138,1566.341415,1576.990762,1335542
03-09-2018,1507.858643,1589.858629,1504.974445,1589.858629,1744229
04-09-2018,1465.350098,1506.838179,1441.078483,1505.995149,3852609
05-09-2018,1430.295898,1462.110907,1416.363047,1458.072986,2693195
06-09-2018,1427.5448,1452.304551,1418.71476,1440.723344,2008264
07-09-2018,1454.301392,1459.581649,1420.800322,1430.4735,1571003
10-09-2018,1429.053833,1455.765927,1423.462882,1448.93253,1423511
11-09-2018,1411.615479,1441.21177,1398.658793,1431.449868,2381214
12-09-2018,1443.740601,1452.659471,1408.819644,1419.868296,1789295
14-09-2018,1445.915161,1463.397796,1431.006032,1453.547172,1920969
17-09-2018,1424.749268,1442.986315,1415.475506,1437.661642,904395
18-09-2018,1477.55249,1482.877164,1435.886963,1439.436746,2932792
19-09-2018,1461.711548,1489.57736,1452.881508,1482.921518,1589108
21-09-2018,1438.815552,1470.408593,1425.503868,1465.172642,3032792
24-09-2018,1411.437744,1454.966992,1388.053575,1439.48111,1817390
25-09-2018,1447.290894,1455.411044,1399.546377,1419.913214,1229970
26-09-2018,1429.453003,1463.397797,1418.138072,1459.315569,980726
27-09-2018,1437.75061,1442.099116,1422.752758,1428.787431,1572603
28-09-2018,1427.367554,1444.140298,1419.957404,1437.750624,1735076
01-10-2018,1457.451904,1466.415083,1421.332805,1425.68131,1721675
03-10-2018,1436.641479,1457.230285,1425.814685,1457.18587,1213562
04-10-2018,1396.795044,1422.397938,1386.278835,1419.913047,1544573
05-10-2018,1383.128296,1397.593593,1356.549237,1383.971326,1638027
08-10-2018,1383.838135,1393.644451,1364.092472,1376.427986,1998863
09-10-2018,1342.216919,1393.289451,1324.512424,1387.077333,1562134
10-10-2018,1355.706299,1369.506013,1322.782089,1342.261476,2294071
11-10-2018,1354.330688,1366.666204,1310.934578,1322.293924,1823960
12-10-2018,1392.934448,1399.945289,1366.754806,1380.421488,1728063
15-10-2018,1354.508301,1413.656465,1331.168438,1375.274442,3913322
16-10-2018,1372.168457,1382.241052,1354.685821,1362.850277,1374834
17-10-2018,1386.190186,1400.211871,1372.03547,1382.729126,1223188
19-10-2018,1400.744385,1407.267089,1369.373199,1376.605796,932433
22-10-2018,1406.512573,1411.038524,1390.272275,1409.263633,614209
23-10-2018,1377.360229,1403.939187,1373.322308,1398.215205,989355
24-10-2018,1407.444336,1411.92598,1377.6706,1386.190057,690618
25-10-2018,1402.624878,1420.653546,1385.756408,1404.811485,2397242
26-10-2018,1390.754517,1409.720365,1383.346636,1398.653213,1049382
29-10-2018,1385.979126,1391.825002,1358.400539,1391.825002,1478828
30-10-2018,1421.813599,1431.229517,1376.65249,1386.871798,1366068
31-10-2018,1447.384277,1449.437095,1394.056773,1421.769269,1478902
01-11-2018,1434.84436,1449.883139,1413.334882,1449.883139,1037308
02-11-2018,1462.33374,1471.035717,1435.379968,1437.566575,1332970
05-11-2018,1463.761841,1469.964745,1436.941858,1459.254619,764645
06-11-2018,1456.532471,1476.212371,1445.956243,1472.642329,656676
07-11-2018,1467.153076,1469.919836,1458.718897,1463.716933,114827
09-11-2018,1492.812988,1499.417588,1462.199945,1472.642273,1125863
12-11-2018,1476.47998,1501.157806,1471.92809,1492.277371,805817
13-11-2018,1491.474121,1498.167949,1460.637952,1467.37634,673435
14-11-2018,1531.101563,1552.521812,1488.751988,1492.277361,1780843
15-11-2018,1522.667603,1542.615191,1514.277982,1533.109932,997169
16-11-2018,1507.539551,1533.333128,1502.363055,1521.641261,1071547
19-11-2018,1518.517456,1523.515493,1496.740177,1511.288142,910054
20-11-2018,1511.91272,1526.103658,1503.924795,1518.160293,740827
21-11-2018,1508.297974,1522.62281,1498.257231,1508.387312,932133
22-11-2018,1495.044189,1520.569966,1484.244835,1510.930919,808599
26-11-2018,1556.538208,1561.893271,1497.721748,1497.721748,2314140
27-11-2018,1546.988403,1554.306945,1525.523483,1551.98644,1592918
28-11-2018,1546.006592,1560.108301,1532.217349,1544.935623,1205956
29-11-2018,1578.404785,1588.668656,1550.73696,1558.23407,1936534
30-11-2018,1565.463135,1605.001386,1554.976138,1580.591141,2373749
03-12-2018,1629.367188,1640.702137,1560.153062,1579.297369,4310053
04-12-2018,1613.346436,1650.207049,1607.41122,1637.756573,3155914
05-12-2018,1649.448608,1655.428494,1595.80875,1609.196407,2847336
06-12-2018,1607.857422,1648.466643,1604.421279,1642.219071,2399579
07-12-2018,1628.207031,1635.748702,1599.468126,1607.679289,1774240
10-12-2018,1602.770386,1619.906544,1597.593781,1603.662896,1216028
11-12-2018,1601.967163,1624.279926,1579.832858,1589.561245,2237806
12-12-2018,1641.415894,1646.726396,1602.904047,1602.948716,1449484
13-12-2018,1656.097656,1666.718442,1639.586214,1649.359159,1586900
14-12-2018,1660.560181,1665.29042,1635.748349,1639.541518,1573884
17-12-2018,1651.769165,1668.548406,1646.726568,1664.532109,1179613
18-12-2018,1642.88855,1650.162531,1635.971594,1650.162531,1521255
19-12-2018,1646.503296,1658.28439,1644.004223,1651.099637,1687085
20-12-2018,1637.087036,1655.517396,1625.261275,1641.32646,1500656
21-12-2018,1609.6427,1644.539839,1606.518913,1635.97176,1439522
24-12-2018,1592.818848,1619.014008,1586.482045,1619.014008,1023418
26-12-2018,1599.021729,1605.313971,1554.083848,1570.81842,2212019
27-12-2018,1619.817139,1627.046451,1600.405038,1608.928446,1516851
28-12-2018,1626.19873,1637.667468,1620.531202,1622.49479,963189
31-12-2018,1624.056519,1639.452322,1616.55941,1633.293979,757071
01-01-2019,1607.50061,1628.653174,1605.046207,1628.653174,807345
02-01-2019,1592.774048,1614.417425,1580.903725,1599.735673,1598707
03-01-2019,1596.165771,1609.597989,1590.989167,1590.989167,1182624
04-01-2019,1590.185669,1608.303673,1581.66226,1605.536913,1454134
07-01-2019,1593.08667,1610.08904,1590.855394,1598.932658,909032
08-01-2019,1580.502319,1600.717706,1571.800341,1599.37894,1262707
09-01-2019,1593.131226,1603.841351,1582.778126,1586.437397,1324628
10-01-2019,1594.202148,1605.715555,1587.776117,1593.131179,1313981
11-01-2019,1579.207886,1602.413156,1569.52417,1602.05613,1113837
14-01-2019,1574.299316,1589.338097,1570.907733,1580.636119,1018068
15-01-2019,1597.459717,1600.628172,1577.422902,1577.422902,1614600
16-01-2019,1582.019409,1601.877766,1576.887474,1597.593673,2054033
17-01-2019,1563.232056,1587.999221,1555.199462,1585.901843,1941204
18-01-2019,1556.627441,1578.717075,1541.633331,1561.893275,3234056
21-01-2019,1559.126587,1569.033432,1549.44287,1561.000837,1628067
22-01-2019,1562.071655,1566.355749,1554.083731,1558.323155,1776472
23-01-2019,1577.244385,1592.283273,1561.357765,1563.67827,2321782
24-01-2019,1570.37207,1592.283245,1567.872998,1576.88744,1350870
25-01-2019,1567.962524,1587.553087,1561.893409,1572.603536,1131790
28-01-2019,1555.645508,1581.126721,1553.101875,1569.836444,1289774
29-01-2019,1567.873169,1574.254641,1540.562369,1557.43084,1319822
30-01-2019,1547.032959,1571.487767,1542.347279,1570.818384,1259978
31-01-2019,1573.718994,1584.116762,1548.728702,1549.308856,1880257
01-02-2019,1605.894043,1635.525345,1572.112436,1573.718999,2342251
04-02-2019,1608.839355,1627.046591,1601.788501,1606.429621,1116390
05-02-2019,1625.663086,1637.711977,1610.936664,1610.981333,1278708
06-02-2019,1633.249512,1639.05083,1624.369076,1631.866186,859789
07-02-2019,1641.371582,1646.681976,1631.821654,1636.86436,927434
08-02-2019,1621.958984,1648.466496,1616.336126,1641.415643,1222765
11-02-2019,1610.802734,1620.263322,1602.725472,1616.380924,797453
12-02-2019,1601.610229,1617.229165,1596.701421,1615.444143,990035
14-02-2019,1593.175781,1605.180003,1585.991029,1602.948727,1341658
15-02-2019,1582.242676,1597.593813,1559.662116,1597.593813,1177218
18-02-2019,1563.588989,1584.295187,1548.505542,1584.295187,1513430
19-02-2019,1551.138794,1570.461671,1544.444964,1561.893591,1598381
20-02-2019,1547.167114,1558.278828,1536.903242,1555.378168,1430235
21-02-2019,1566.088135,1569.033463,1549.710589,1550.290742,1225418
22-02-2019,1578.449463,1582.421091,1563.633702,1570.818455,1360163
25-02-2019,1579.877563,1584.92027,1569.926049,1581.528686,1490746
26-02-2019,1581.751709,1593.934499,1572.603477,1573.853013,2190515
27-02-2019,1549.84436,1587.776054,1542.748946,1587.776054,1491740
28-02-2019,1546.408325,1567.828577,1541.901104,1561.00085,1895136
01-03-2019,1548.192993,1561.000494,1544.979978,1548.50535,761115
05-03-2019,1539.223511,1552.789735,1532.886708,1552.789735,1406843
06-03-2019,1517.089355,1544.043128,1515.438124,1540.562316,2193045
07-03-2019,1522.08728,1535.117911,1517.089244,1522.935122,1566441
08-03-2019,1518.695801,1533.332994,1512.894483,1522.622869,1419614
11-03-2019,1530.61084,1540.473124,1519.945383,1525.077318,1427771
12-03-2019,1548.327271,1552.075771,1534.047102,1534.136332,1861116
13-03-2019,1559.751221,1566.802075,1553.949903,1561.000757,1744331
14-03-2019,1550.55835,1563.410412,1544.221439,1562.562571,867427
15-03-2019,1515.8396,1558.769326,1512.314118,1557.43056,3571762
18-03-2019,1515.081299,1527.040853,1505.57604,1526.193011,1621113
19-03-2019,1516.955566,1525.657544,1506.736255,1515.125876,1456211
20-03-2019,1506.15625,1531.994387,1502.49687,1521.730516,2312268
22-03-2019,1497.677124,1520.703827,1493.794617,1506.155973,1636228
25-03-2019,1493.928589,1506.111378,1481.567341,1494.062487,2039945
26-03-2019,1502.809082,1509.726038,1494.062436,1499.32827,1452899
27-03-2019,1500.131592,1524.229374,1494.954988,1502.987582,1520533
28-03-2019,1502.898438,1510.127751,1493.527077,1503.880177,1852958
01-04-2019,1508.342651,1536.322832,1504.77261,1526.19286,1283162
02-04-2019,1505.79895,1514.590156,1499.506708,1511.154013,1227869
03-04-2019,1491.206543,1505.308143,1489.287624,1501.202617,1233102
04-04-2019,1487.413208,1505.307976,1479.782201,1488.707304,1212398
05-04-2019,1480.76416,1491.831312,1472.642336,1490.492546,1468074
08-04-2019,1485.940796,1499.194555,1478.800712,1485.940796,1647502
09-04-2019,1499.863647,1502.898204,1483.575334,1489.42132,1232434
10-04-2019,1512.046631,1521.417991,1494.955034,1503.612342,1720236
11-04-2019,1526.549927,1531.994219,1515.527444,1519.945328,2026954
12-04-2019,1536.59082,1539.312912,1526.371509,1531.90514,1437818
15-04-2019,1536.947632,1545.114015,1528.959598,1539.580494,1035378
16-04-2019,1551.674072,1554.75319,1531.681817,1540.473023,1625738
18-04-2019,1552.879028,1556.627529,1543.37377,1551.674161,1475552
22-04-2019,1552.834229,1557.430679,1544.132252,1552.968127,717781
23-04-2019,1556.716675,1560.108258,1546.809831,1554.753195,802947
24-04-2019,1564.213623,1566.35567,1548.505463,1557.07354,1169461
25-04-2019,1547.791626,1573.138945,1541.544053,1567.248398,1704890
26-04-2019,1559.527832,1562.607058,1540.606657,1551.182883,772993
30-04-2019,1568.765625,1572.603464,1557.386116,1561.893338,1171594
02-05-2019,1538.286377,1573.049614,1535.341049,1567.694552,793819
03-05-2019,1511.51123,1541.365664,1501.20269,1535.11809,1442888
06-05-2019,1489.510498,1505.664913,1477.997093,1505.664913,2373878
07-05-2019,1515.036499,1526.996161,1492.723738,1498.346597,2212617
08-05-2019,1507.182495,1515.036631,1494.955144,1515.036631,1243338
09-05-2019,1520.614502,1528.870223,1496.73985,1499.50661,1204995
10-05-2019,1506.06665,1525.300293,1498.078726,1525.255624,1000696
13-05-2019,1519.052734,1532.440391,1507.182302,1510.12763,1160287
14-05-2019,1515.928955,1526.192825,1499.595971,1517.267721,1442817
15-05-2019,1491.429443,1519.945105,1487.770064,1517.267574,1235429
16-05-2019,1506.736328,1517.267997,1492.456159,1494.687435,714690
17-05-2019,1550.112305,1554.931774,1504.058675,1508.431998,1502484
20-05-2019,1581.974854,1585.678794,1548.371812,1570.818472,1279236
21-05-2019,1593.354004,1604.242586,1582.331524,1582.331524,1337466
22-05-2019,1578.226318,1593.1312,1559.528159,1593.1312,1162653
23-05-2019,1565.32959,1610.892297,1557.430893,1593.979156,1551172
24-05-2019,1561.536011,1570.639681,1541.454529,1565.463078,1603085
27-05-2019,1581.483887,1585.053929,1549.398179,1561.000815,1373845
28-05-2019,1585.901978,1594.023802,1565.90972,1584.206186,2863139
29-05-2019,1589.427124,1597.013462,1580.100434,1584.20596,899619
30-05-2019,1592.461792,1599.378748,1589.561133,1595.808706,1038433
31-05-2019,1596.255005,1608.88405,1574.388498,1594.648442,1329926
03-06-2019,1641.951416,1646.681765,1599.378712,1601.163732,1415582
04-06-2019,1620.442017,1647.128102,1612.855677,1634.1867,842283
06-06-2019,1640.21106,1651.055083,1617.318145,1626.287919,1626007
07-06-2019,1633.963501,1646.458647,1619.906461,1635.971649,698970
10-06-2019,1653.375732,1664.487445,1637.756798,1642.040892,814577
11-06-2019,1642.040894,1657.213572,1635.168497,1655.696239,591026
12-06-2019,1648.55603,1654.044991,1626.198709,1640.434207,709916
13-06-2019,1647.128052,1649.984042,1627.091236,1648.511487,697830
14-06-2019,1627.001953,1654.045065,1621.111406,1644.896832,632971
17-06-2019,1622.628784,1634.990033,1610.624452,1634.990033,669276
18-06-2019,1615.086914,1622.717922,1600.271262,1615.890195,995083
19-06-2019,1616.960938,1628.786699,1608.303631,1621.512827,600455
20-06-2019,1622.6698,1626.625141,1610.488833,1617.231041,603514
21-06-2019,1588.149536,1628.917397,1582.441156,1627.119475,2512357
24-06-2019,1586.171509,1597.992867,1579.204562,1590.261825,762144
25-06-2019,1578.980103,1590.891337,1568.687042,1590.891337,941132
26-06-2019,1583.07019,1586.666034,1569.945383,1575.878503,1075017
27-06-2019,1595.116455,1606.937814,1582.396135,1589.363083,1235049
28-06-2019,1606.982544,1609.724419,1584.643387,1597.67832,1008229
01-07-2019,1600.330444,1617.141082,1593.543354,1617.141082,553283
02-07-2019,1608.420776,1616.331676,1591.160771,1603.746224,763979
03-07-2019,1604.375854,1615.298254,1597.364024,1611.837276,815571
04-07-2019,1612.376465,1616.961144,1600.645089,1600.645089,646633
05-07-2019,1610.398926,1632.513347,1605.544514,1618.129969,1098940
08-07-2019,1576.373413,1604.420958,1572.013364,1604.420958,776755
09-07-2019,1564.41687,1578.575506,1549.898628,1574.979662,1462668
10-07-2019,1544.954346,1577.586674,1531.02045,1563.293172,648476
11-07-2019,1556.011719,1566.574511,1535.425489,1535.425489,813618
12-07-2019,1540.099854,1562.618869,1535.650041,1552.32581,1107445
15-07-2019,1543.471069,1550.438017,1530.031646,1541.718139,725180
16-07-2019,1565.360962,1573.721234,1539.695579,1549.359411,1259786
17-07-2019,1582.800537,1587.160586,1551.471769,1564.192089,1278232
18-07-2019,1563.427856,1587.564934,1536.324164,1587.564934,1006299
19-07-2019,1546.57251,1583.924273,1536.459199,1571.383811,983217
22-07-2019,1510.883911,1550.4382,1491.421491,1548.280782,1729722
23-07-2019,1522.255615,1529.627161,1498.837747,1512.951391,1556691
24-07-2019,1553.988892,1557.000389,1508.995851,1514.749224,2621818
25-07-2019,1561.180664,1573.091897,1553.404629,1555.202551,1297267
26-07-2019,1555.786987,1565.990173,1545.583801,1556.191476,771408
29-07-2019,1540.190063,1564.012532,1528.233837,1554.303709,688427
30-07-2019,1546.123169,1559.113113,1532.728627,1541.718238,747251
31-07-2019,1552.19104,1575.923633,1529.17766,1545.313966,1371879
01-08-2019,1556.371216,1568.417205,1537.223303,1547.111874,1072498
02-08-2019,1561.899658,1565.989974,1533.62738,1548.190504,1051529
05-08-2019,1565.270752,1576.283024,1535.15556,1553.314637,1539739
06-08-2019,1567.87793,1582.171432,1553.00019,1556.551043,1409075
07-08-2019,1597.678589,1606.353585,1564.192288,1567.878007,2507314
08-08-2019,1620.916626,1624.422596,1600.600128,1600.600128,1761732
09-08-2019,1655.30188,1660.066417,1618.93895,1622.624668,1730596
13-08-2019,1640.37915,1652.290384,1620.062653,1652.290384,1907934
14-08-2019,1653.234375,1666.808665,1625.950819,1641.502889,1910376
16-08-2019,1643.885132,1660.875517,1632.558245,1652.290396,1468390
19-08-2019,1636.918213,1658.583152,1628.018476,1645.233603,905742
20-08-2019,1657.144775,1662.808164,1629.816338,1637.906988,1231835
21-08-2019,1663.078003,1668.247029,1650.492548,1656.695401,1933855
22-08-2019,1682.944824,1690.046638,1655.796247,1663.482297,2543055
23-08-2019,1672.067261,1687.66421,1663.661998,1685.326934,1278546
26-08-2019,1686.94519,1693.372673,1663.077734,1678.80955,855849
27-08-2019,1673.32605,1698.137352,1655.841192,1693.642547,2510386
28-08-2019,1643.390503,1661.639454,1629.366734,1649.593355,2519453
29-08-2019,1647.750488,1657.369437,1630.805096,1633.412105,2837369
30-08-2019,1691.754517,1695.799841,1642.536408,1648.874016,1766858
03-09-2019,1655.751099,1686.270887,1649.593238,1674.764143,1195923
04-09-2019,1660.021362,1671.213493,1633.681871,1660.380969,1147464
05-09-2019,1644.873657,1657.638858,1634.445733,1655.885928,1059065
06-09-2019,1635.344971,1657.099784,1630.895048,1645.997637,631575
09-09-2019,1648.739502,1670.269574,1631.973857,1635.210095,1175372
11-09-2019,1639.974731,1660.875576,1633.682004,1645.997727,1055039
12-09-2019,1622.984253,1648.33491,1616.7814,1641.502828,862635
13-09-2019,1623.119141,1640.603889,1612.37649,1623.523629,1299932
16-09-2019,1632.782837,1640.379013,1618.129729,1619.02869,945889
17-09-2019,1646.177246,1655.886068,1628.91724,1631.389382,1424258
18-09-2019,1644.379272,1657.638946,1634.895301,1653.638614,751391
19-09-2019,1629.591431,1657.324353,1625.546106,1645.098507,644684
20-09-2019,1770.728394,1790.730275,1627.344117,1638.80587,4539742
23-09-2019,1833.655884,1888.402526,1783.538803,1783.538803,3783357
24-09-2019,1843.274658,1858.961485,1806.10264,1838.375364,1784798
25-09-2019,1844.21875,1854.06233,1808.574919,1834.779658,1874109
26-09-2019,1828.846069,1865.34386,1813.159136,1847.364642,3907951
27-09-2019,1807.720581,1838.060513,1802.86617,1821.294869,1458672
30-09-2019,1781.695679,1814.013392,1772.211706,1805.023782,2169407
01-10-2019,1789.202148,1815.811372,1782.639689,1788.033455,1080409
03-10-2019,1763.806641,1784.707486,1760.480419,1784.213013,1423468
04-10-2019,1747.759888,1777.515584,1743.175209,1767.357281,1723988
07-10-2019,1744.029297,1764.615416,1732.882159,1747.535157,880275
09-10-2019,1751.176147,1764.390831,1745.10816,1752.97407,1066739
10-10-2019,1769.829468,1782.190182,1740.028889,1751.176027,1492290
11-10-2019,1802.102295,1813.114568,1775.897558,1785.201783,1934337
14-10-2019,1810.732178,1826.194263,1803.54049,1818.058732,2135148
15-10-2019,1855.814819,1867.411547,1821.11506,1842.86987,5761733
16-10-2019,1861.748047,1869.838695,1845.207254,1856.624014,1661705
17-10-2019,1891.278931,1895.009531,1853.612338,1858.601615,2001245
18-10-2019,1893.976196,1902.201602,1879.457843,1887.818225,2202270
22-10-2019,1912.404907,1931.867326,1898.605767,1905.797456,1737401
23-10-2019,1927.676514,1931.471731,1895.823427,1915.206325,1535786
24-10-2019,1927.766357,1942.811765,1913.940723,1934.679065,973453
25-10-2019,1938.384033,1948.685365,1924.106582,1940.597891,1612038
27-10-2019,1933.549683,1941.004659,1928.805607,1941.004659,85187
29-10-2019,1952.029297,1955.417923,1907.931932,1929.257774,1229516
30-10-2019,1960.342163,1969.920765,1935.582697,1969.920765,1195298
31-10-2019,1965.71936,1976.472512,1951.215998,1956.366665,1752830
01-11-2019,1969.333862,1973.806804,1939.55896,1956.457084,1609685
04-11-2019,1950.176758,1976.111219,1942.63155,1969.333967,1523698
05-11-2019,1962.827393,1966.080561,1936.622021,1945.974716,2167085
06-11-2019,1969.423584,1973.53516,1947.329794,1957.26976,1093243
07-11-2019,1932.19458,1978.95762,1922.932336,1978.95762,1970785
08-11-2019,1885.340698,1938.429162,1882.268433,1929.257371,1537851
11-11-2019,1880.77771,1897.675613,1868.75934,1880.732484,1050170
13-11-2019,1889.497437,1893.021519,1872.734993,1883.172003,868433
14-11-2019,1869.662964,1889.13631,1862.795261,1889.13631,1291198
15-11-2019,1859.406494,1896.7266,1852.945603,1863.51807,958290
18-11-2019,1858.051147,1875.355861,1841.605062,1861.304316,1200573
19-11-2019,1841.37915,1861.530221,1834.375991,1861.530221,1413218
20-11-2019,1831.213379,1855.024211,1822.674086,1847.026966,989673
21-11-2019,1851.228638,1861.43974,1822.628726,1831.665061,1397175
22-11-2019,1832.884888,1855.340157,1814.495969,1852.448574,835864
25-11-2019,1863.653442,1867.765018,1827.237082,1827.237082,862520
26-11-2019,1859.994141,1880.235443,1836.454443,1860.581414,3188224
27-11-2019,1891.53064,1897.539714,1857.734838,1863.789138,1259986
28-11-2019,1886.018433,1896.139304,1867.810307,1895.777718,1026831
29-11-2019,1839.165283,1883.624007,1835.279615,1883.17219,1298616
02-12-2019,1846.303711,1863.292063,1833.698069,1841.604861,1600494
03-12-2019,1832.975342,1855.25004,1825.47525,1844.315986,1199012
04-12-2019,1850.641235,1854.255769,1827.146767,1831.664934,1046309
05-12-2019,1841.108032,1850.460727,1831.93624,1850.460727,961085
06-12-2019,1830.806641,1851.544985,1827.146881,1847.026817,657658
09-12-2019,1814.631836,1836.228701,1799.31518,1834.376208,964222
10-12-2019,1830.174072,1844.858117,1817.206954,1820.731146,1610623
11-12-2019,1816.709839,1834.375917,1805.459646,1832.478309,967708
12-12-2019,1813.908813,1838.442487,1809.074396,1816.303464,955318
13-12-2019,1812.869263,1828.953981,1807.26678,1823.938772,1212988
16-12-2019,1784.450439,1817.207157,1778.48648,1807.267188,1683941
17-12-2019,1772.341431,1802.703492,1762.085213,1788.290583,2189167
18-12-2019,1742.702393,1777.08558,1723.545297,1771.121621,3986106
19-12-2019,1763.079224,1776.90486,1744.057805,1745.729505,2035095
20-12-2019,1755.850464,1771.031553,1745.32311,1762.085558,2169685
23-12-2019,1762.446655,1772.928781,1757.024855,1761.407455,807062
24-12-2019,1758.832153,1775.459031,1753.410353,1763.892479,790621
26-12-2019,1757.521973,1765.925809,1751.693581,1762.808317,862164
27-12-2019,1761.994873,1766.106339,1747.627079,1759.283973,937907
30-12-2019,1750.564087,1765.925857,1741.75366,1761.995073,1117498
31-12-2019,1737.687256,1759.012985,1735.066697,1753.049026,706593
01-01-2020,1749.931274,1752.958424,1733.168831,1744.012432,543035
02-01-2020,1751.286743,1764.434543,1744.01245,1753.048784,663275
03-01-2020,1741.708374,1753.049019,1733.846807,1751.15141,1598825
06-01-2020,1730.864502,1743.470254,1727.069286,1741.617761,683129
07-01-2020,1735.608887,1744.916356,1733.16912,1734.298662,808935
08-01-2020,1743.425171,1749.479581,1722.731943,1725.939886,1889685
09-01-2020,1748.575928,1759.645437,1744.916168,1754.449545,1544334
10-01-2020,1765.700073,1768.862791,1745.503884,1753.862495,1003336
13-01-2020,1802.613281,1805.324182,1768.410775,1772.025309,2040089
14-01-2020,1815.218994,1820.776252,1791.363048,1803.200625,1610737
15-01-2020,1826.830566,1831.664983,1804.87223,1817.342415,1559491
16-01-2020,1851.770752,1856.69551,1821.815283,1827.146742,2468958
17-01-2020,1861.755981,1865.008929,1843.457405,1856.96668,994719
20-01-2020,1864.060425,1875.852665,1852.448646,1861.936798,829399
21-01-2020,1857.328247,1875.039552,1854.391438,1861.259141,750000
22-01-2020,1853.984619,1864.647537,1831.845601,1864.195721,983169
23-01-2020,1858.683594,1862.253122,1838.894109,1854.02997,708017
24-01-2020,1873.864502,1878.653803,1852.493661,1858.773869,914993
27-01-2020,1862.705078,1869.391878,1858.548276,1866.906886,429312
28-01-2020,1862.027344,1866.003243,1845.852171,1863.292342,777052
29-01-2020,1874.316528,1884.798765,1863.33747,1863.33747,873433
30-01-2020,1859.767944,1877.75016,1851.951383,1874.948809,952768
31-01-2020,1838.216431,1868.939969,1825.384879,1865.099527,1930834
03-02-2020,1968.972168,1983.972572,1874.949058,1874.949058,4012542
04-02-2020,1947.872559,1991.789017,1933.775787,1967.210228,1932121
05-02-2020,1952.119263,1973.53533,1946.335877,1958.534927,1514368
06-02-2020,1948.595093,1984.604974,1928.399017,1957.270062,1302116
07-02-2020,1951.802979,1962.691805,1935.221437,1956.366371,908152
10-02-2020,1951.216309,1978.551228,1944.348604,1951.93926,1389847
11-02-2020,1945.206421,1969.604524,1940.73348,1959.980916,777506
12-02-2020,2042.527954,2053.055196,1947.330082,1949.227801,4753325
13-02-2020,2063.356201,2068.37141,2017.858397,2038.596737,2950407
14-02-2020,2037.738892,2076.188543,2029.786872,2053.95907,1728651
17-02-2020,2035.524658,2068.416825,2027.030372,2031.367856,1420851
18-02-2020,2019.078491,2044.87727,2007.963976,2035.524796,1194605
19-02-2020,2071.263428,2085.766789,2025.268571,2033.356047,1299800
20-02-2020,2031.593994,2069.275467,2026.398102,2062.272307,1555224
24-02-2020,2001.683594,2044.01891,1997.120421,2021.247391,1409245
25-02-2020,2018.355835,2060.013206,2011.262224,2024.048549,2237493
26-02-2020,2020.705078,2038.32593,1990.117218,2023.054613,2896154
27-02-2020,2037.64856,2041.940819,1987.993937,2025.901323,2446802
28-02-2020,1965.17688,2014.560361,1947.330119,1979.951375,3837330
02-03-2020,1951.351196,2025.900955,1935.44738,1978.957242,1707337
03-03-2020,1957.857666,1978.596234,1935.312052,1962.601742,1753148
04-03-2020,1966.171143,1974.484527,1944.619394,1969.0175,1515878
05-03-2020,2004.259033,2040.991645,1971.592772,1974.439129,2272645
06-03-2020,1977.962891,2033.174975,1951.170251,1974.438809,2479414
09-03-2020,1917.058472,1960.523331,1908.473953,1933.775691,2485118
11-03-2020,1947.3302,1960.38766,1866.906818,1866.906818,2861629
12-03-2020,1857.825195,1918.413864,1835.866968,1899.798926,3655780
13-03-2020,1837.267822,1915.703264,1706.150607,1780.158222,3667035
16-03-2020,1754.765991,1842.689468,1747.536923,1807.267078,2948679
17-03-2020,1810.926636,1886.786619,1763.847245,1767.100414,3732382
18-03-2020,1738.410156,1864.918845,1725.352586,1838.035749,3910994
19-03-2020,1661.149292,1715.999794,1587.954988,1711.752761,5095006
20-03-2020,1853.984619,1878.563404,1671.721805,1671.721805,4252245
23-03-2020,1689.52356,1793.757775,1671.722023,1762.085376,3574673
24-03-2020,1832.433228,1871.379811,1744.012709,1784.676218,5788124
25-03-2020,1886.921997,1932.826618,1808.757818,1816.348361,3959038
26-03-2020,1983.38501,2033.175302,1861.484943,1887.690314,3201540
27-03-2020,1934.272827,2049.124518,1916.15493,2023.235505,2918646
30-03-2020,1973.852173,1999.741188,1900.206033,1918.414162,2809606
31-03-2020,2077.001465,2090.10415,1974.439069,2019.440059,2809269
01-04-2020,1969.604614,2100.857376,1950.086264,2072.212239,2774626
03-04-2020,1946.516968,2036.880316,1922.88682,2018.717195,4121436
07-04-2020,2209.293945,2222.938902,2006.066814,2006.066814,8510114
08-04-2020,2223.706299,2362.368797,2184.443252,2197.636387,9791862
09-04-2020,2143.644287,2259.083451,2119.020277,2259.038226,4770068
13-04-2020,2120.330811,2189.504,2091.911581,2151.551393,3249551
15-04-2020,2247.833984,2274.084587,2152.003589,2192.170062,29485531
16-04-2020,2201.341309,2282.713316,2187.786808,2228.359858,5388243
17-04-2020,2155.165771,2257.999302,2127.19836,2257.999302,4540936
20-04-2020,2111.384766,2186.792932,2097.333221,2186.792932,2985268
21-04-2020,2094.079834,2148.840103,2062.091302,2062.994935,3227335
22-04-2020,2156.204834,2168.67502,2056.353339,2094.577078,2837815
23-04-2020,2094.17041,2180.4674,2085.631119,2158.780198,4095570
24-04-2020,2063.085938,2112.695333,2060.284585,2088.297226,2169013
27-04-2020,2096.836182,2104.923657,2063.221062,2082.875089,2013715
28-04-2020,2069.275635,2113.282545,2048.537289,2113.282545,2164023
29-04-2020,2016.683594,2070.856365,2006.969536,2069.320233,3642151
30-04-2020,1983.475342,2053.055115,1951.848172,2053.055115,8448047
04-05-2020,1881.952026,1951.848159,1866.906618,1924.739156,8474573
05-05-2020,1844.7677,1916.60656,1837.177157,1898.714573,4304136
06-05-2020,1816.483887,1873.232111,1807.26687,1852.403316,5127656
07-05-2020,1800.08313,1813.592406,1718.71089,1762.175639,185669922
08-05-2020,1888.096802,1895.822912,1839.79764,1874.994117,16100226
11-05-2020,1850.641235,1912.58535,1839.752409,1882.268405,11158755
12-05-2020,1817.704102,1832.433262,1793.712587,1825.339761,14881008
13-05-2020,1803.426392,1875.03934,1785.037474,1875.03934,8432979
14-05-2020,1812.734131,1831.258619,1789.781817,1796.423501,8510002
15-05-2020,1836.27356,1841.288769,1812.688748,1820.821449,5491136
18-05-2020,1812.011108,1850.505874,1796.965588,1844.767823,7675561
19-05-2020,1785.173218,1829.677168,1778.441082,1823.532416,5963193
20-05-2020,1798.998657,1816.30326,1784.676089,1785.173131,3926496
21-05-2020,1780.971313,1810.339403,1766.784201,1806.363393,4261625
22-05-2020,1796.33313,1802.794132,1769.314465,1784.676235,5339946
26-05-2020,1787.206055,1825.339337,1784.675837,1811.739611,4628932
27-05-2020,1805.550049,1811.875483,1772.025269,1798.23064,4261645
28-05-2020,1816.258057,1820.82145,1798.230613,1807.266948,5500796
29-05-2020,1859.090332,1868.71394,1807.266866,1815.399567,8778345
01-06-2020,1905.356689,1936.486823,1871.605886,1875.039738,6592547
02-06-2020,1904.317383,1920.221423,1888.594246,1917.510522,3268728
03-06-2020,1916.154785,1941.908339,1884.075797,1911.184801,4895117
04-06-2020,1916.245239,1926.907938,1902.374377,1911.184804,3264730
05-06-2020,1886.425415,1922.932121,1884.07588,1919.317587,2981853
08-06-2020,1908.202881,1919.769434,1877.840927,1903.955847,4298456
09-06-2020,1903.503662,1938.112864,1893.157104,1897.630045,3127904
10-06-2020,1915.341553,1924.739252,1894.015715,1911.997932,2421659
11-06-2020,1903.865234,1932.149006,1893.699358,1911.184754,2566927
12-06-2020,1904.181763,1914.799457,1866.003246,1866.229154,2338438
15-06-2020,1883.443115,1926.27525,1858.593197,1911.049159,2830788
16-06-2020,1876.259399,1915.702911,1858.774004,1906.485894,2806772
17-06-2020,1877.976318,1896.726713,1863.563408,1875.943143,2293301
18-06-2020,1866.31958,1883.940434,1856.108477,1870.747296,2326907
19-06-2020,1903.985107,1910.581161,1871.459738,1891.47535,4673528
22-06-2020,1911.309204,1927.776462,1898.753911,1919.679325,2487234
23-06-2020,1961.484497,1976.086841,1912.036969,1924.228208,4308814
24-06-2020,1938.148315,1980.544891,1933.326328,1976.086957,3023015
25-06-2020,1977.133057,1992.372216,1921.49884,1923.591425,8208033
26-06-2020,1959.891968,1983.319328,1945.244315,1983.319328,3176048
29-06-2020,1986.049072,1997.830945,1946.973183,1957.299508,3295039
30-06-2020,1983.365356,2001.515834,1974.26735,1995.920649,2373109
01-07-2020,1974.631348,1994.101216,1965.260578,1986.094925,1532931
02-07-2020,1957.663452,1981.227199,1951.522298,1972.220262,2588838
03-07-2020,1977.633179,1990.643369,1961.848274,1970.17286,1946252
06-07-2020,1966.625122,1983.365365,1958.800748,1983.365365,2375516
07-07-2020,1959.846924,1979.271256,1957.572422,1979.271256,2014667
08-07-2020,1988.869873,1996.102744,1933.326496,1959.346885,3349938
09-07-2020,1979.589722,2019.711795,1975.222634,1986.094707,3039571
10-07-2020,2023.2146,2030.67492,1971.947247,1974.267283,3179516
13-07-2020,2060.92627,2069.796827,2033.404795,2037.043998,4556662
14-07-2020,2033.176758,2065.201692,2025.761972,2060.516308,2403256
15-07-2020,2069.932617,2084.353045,2033.449749,2035.451265,2474512
16-07-2020,2081.487549,2084.626317,2036.133897,2070.023972,2495150
17-07-2020,2123.974609,2128.932977,2075.254753,2078.893954,3088712
20-07-2020,2120.699463,2131.935588,2093.087151,2123.974834,2816219
21-07-2020,2108.917725,2138.031343,2099.819719,2136.211742,3037810
22-07-2020,2045.686646,2119.835394,2039.090591,2119.835394,6950011
23-07-2020,2011.887573,2062.654267,2006.610686,2056.149282,3936886
24-07-2020,2010.022583,2019.757405,1972.493307,2001.561393,4203314
27-07-2020,2021.12207,2034.268645,1987.686898,2017.710318,2209409
28-07-2020,2040.273682,2042.41158,2011.614959,2029.719904,1567837
29-07-2020,2030.037842,2058.150588,2015.20805,2033.404059,2404978
30-07-2020,2006.099731,2044.885864,2001.074432,2038.71845,2044966
31-07-2020,2019.165283,2030.175302,1990.018635,2007.835606,1715659
03-08-2020,2014.231079,2031.180086,1999.657758,2019.073684,1683773
04-08-2020,2008.110107,2027.388854,1987.369367,2019.165635,1981720
05-08-2020,2005.140259,2019.165279,1992.805433,2011.947211,1715477
06-08-2020,2028.804443,2036.616543,2002.855717,2010.119513,1824483
07-08-2020,2019.759033,2041.916033,2014.688005,2031.134438,1777905
10-08-2020,2016.287231,2034.561048,2009.023434,2026.566253,1476289
11-08-2020,2019.85083,2040.271912,2015.602256,2018.389058,1665204
12-08-2020,2005.642456,2018.388396,2000.982544,2010.16518,1170430
13-08-2020,2008.886108,2025.652423,2001.850734,2010.11968,1453227
14-08-2020,1986.272461,2024.738935,1978.186431,2013.774645,1341664
17-08-2020,2006.510498,2013.454413,1981.246816,1992.759408,1559579
18-08-2020,2023.231323,2025.469821,2000.069172,2013.774534,1339001
19-08-2020,2004.271851,2029.76373,2000.982475,2015.601525,1585107
20-08-2020,1997.054077,2008.109826,1988.328285,1997.328229,1768939
21-08-2020,2011.993042,2018.068997,1998.653066,2009.20624,1374411
24-08-2020,2005.003174,2020.764341,2002.079408,2015.602077,1665474
25-08-2020,1991.023926,2008.201136,1987.277704,2005.003218,1774886
26-08-2020,1994.404175,1997.327941,1973.571981,1993.764636,2148146
27-08-2020,1983.85083,1999.155149,1978.140263,1993.764463,2172203
28-08-2020,1966.216797,1994.038636,1959.866691,1990.932177,1939520
31-08-2020,1934.603271,1980.424775,1919.344457,1966.262568,3534275
01-09-2020,1975.078979,1987.185379,1929.485913,1964.388845,1738003
02-09-2020,1956.805786,1996.414371,1952.146097,1983.6227,1667810
03-09-2020,1954.521606,1968.50112,1944.379772,1967.176313,1590711
04-09-2020,1941.272949,1956.120424,1931.542232,1932.455923,1590491
07-09-2020,1975.947266,1986.363249,1922.176488,1942.506102,2362992
08-09-2020,1957.353882,1983.94237,1947.211826,1968.089747,1804209
09-09-2020,1948.217163,1959.135723,1927.887543,1938.851833,2009898
10-09-2020,1949.724365,1958.587343,1935.379467,1957.125349,2137794
11-09-2020,1972.886841,1981.795326,1941.136086,1941.592931,1934110
14-09-2020,1940.222656,1982.435132,1932.456283,1979.968211,2096908
15-09-2020,1941.090454,1952.557319,1926.973975,1952.46586,1224058
16-09-2020,1958.49585,1972.612325,1930.354134,1941.592573,2087841
17-09-2020,1944.516602,1959.91238,1939.080186,1950.729743,1741644
18-09-2020,1917.562866,1943.922935,1909.613801,1937.024525,4475166
21-09-2020,1861.918945,1917.836771,1847.573934,1917.562619,3483963
22-09-2020,1851.86853,1877.406143,1827.427302,1864.431779,2345687
23-09-2020,1875.395874,1882.202825,1851.000266,1859.360558,2410295
24-09-2020,1883.025024,1901.390296,1859.406254,1867.583741,3798089
25-09-2020,1899.608765,1928.801139,1892.116545,1902.304108,2528873
28-09-2020,1885.218262,1911.761024,1882.203037,1903.217926,1523704
29-09-2020,1857.716064,1890.654662,1849.995422,1886.771476,2298844
30-09-2020,1889.740967,1916.009577,1858.447057,1862.969782,2417367
01-10-2020,1914.182129,1926.882341,1891.33986,1909.613675,2131531
05-10-2020,1928.846802,1940.039513,1902.486736,1918.750475,1646110
06-10-2020,1933.278076,1955.298111,1926.105738,1936.110607,1679499
07-10-2020,1954.704468,1964.435185,1930.628626,1939.765534,2428544
08-10-2020,1974.302979,1978.140435,1961.008734,1961.694002,1617365
09-10-2020,1954.978149,1979.921949,1938.029366,1964.434937,2001026
12-10-2020,1953.836182,1962.242315,1940.039585,1960.049323,1741166
13-10-2020,1953.653564,1967.404655,1944.333963,1953.425142,1679160
14-10-2020,1971.881714,1978.140585,1947.075098,1948.537092,2123033
15-10-2020,1966.764648,1991.571258,1956.257207,1973.571598,2344437
16-10-2020,1964.937866,1984.445032,1958.998876,1984.445032,1640399
19-10-2020,1989.835815,1996.414344,1966.354007,1967.678814,1605969
20-10-2020,1985.541382,2017.885944,1948.491179,1993.764598,5855290
21-10-2020,1976.450317,2007.15042,1951.643699,2000.983006,3954242
22-10-2020,1991.251709,1998.469776,1967.358566,1973.571707,2632958
23-10-2020,1958.816162,1999.977755,1955.298363,1999.977755,2805684
26-10-2020,1979.73938,1984.536256,1957.399686,1964.43506,1646050
27-10-2020,1988.830811,2000.069253,1966.673808,1970.831146,2334808
28-10-2020,1990.348267,2008.3724,1971.726255,2008.3724,1555483
29-10-2020,1951.494873,1986.347831,1945.88519,1969.794932,1934367
30-10-2020,1904.779053,1949.563799,1901.744309,1947.908464,2414313
02-11-2020,1905.422607,1919.814344,1890.708919,1905.422607,1486077
03-11-2020,1890.432983,1923.630832,1878.754038,1923.630832,2227402
04-11-2020,1894.433105,1917.377215,1885.145001,1885.191027,1479878
05-11-2020,1933.33252,1942.206622,1895.582673,1919.216487,2083827
06-11-2020,1925.791626,1953.195913,1918.296932,1935.769435,2127821
09-11-2020,1961.104492,1965.794345,1938.57416,1949.5634,2194404
10-11-2020,1964.829102,1971.817968,1924.274411,1967.95567,2471703
11-11-2020,1959.816895,1966.668134,1935.401552,1964.828923,2759942
12-11-2020,2015.86731,2026.810525,1952.552381,1957.840113,3010512
13-11-2020,2009.660034,2040.052817,2003.130745,2027.730193,2799165
14-11-2020,2011.820801,2020.373176,2006.579095,2020.373176,258276
17-11-2020,2002.532837,2041.845968,1997.382957,2041.845968,2733542
18-11-2020,1960.690796,1995.543751,1954.989063,1995.543751,3315051
19-11-2020,1959.449219,1974.760559,1944.505631,1954.897217,2704650
20-11-2020,1949.793457,1969.794876,1931.631249,1963.357637,2827038
23-11-2020,1958.20752,1967.955426,1926.573186,1967.955426,3244576
24-11-2020,1983.911011,1987.267481,1951.770619,1960.598922,1989749
25-11-2020,1964.139404,1996.463446,1956.920412,1988.186997,1786536
26-11-2020,1981.013916,1988.186883,1951.908495,1967.955564,1630887
27-11-2020,1966.300293,1993.244777,1955.081152,1992.784974,5687861
01-12-2020,1961.564453,1985.42817,1958.391859,1985.42817,2226742
02-12-2020,1967.311768,1977.05945,1951.4946,1972.553473,1634682
03-12-2020,1956.69043,1983.037035,1949.655538,1979.910467,3469163
04-12-2020,2008.602295,2018.901832,1962.070391,1968.875382,3712143
07-12-2020,2074.767578,2077.940396,2011.176956,2013.246068,4147649
08-12-2020,2078.308594,2095.04537,2060.054333,2077.848791,2768211
09-12-2020,2107.919434,2111.413979,2062.904795,2078.308185,2123890
10-12-2020,2161.486816,2168.337833,2092.148648,2105.896706,3041370
11-12-2020,2183.833008,2193.258964,2145.439481,2176.016362,2611218
14-12-2020,2180.154541,2199.144303,2166.728212,2189.534471,1575632
15-12-2020,2133.530762,2173.901353,2121.805792,2171.188562,2207176
16-12-2020,2155.509033,2165.578667,2117.851237,2130.817763,1748634
17-12-2020,2129.162109,2153.715525,2124.288157,2153.715525,1912868
18-12-2020,2145.853271,2155.463103,2126.12778,2135.323834,2229891
21-12-2020,2120.563965,2161.072626,2082.99822,2154.635389,2003069
22-12-2020,2125.208252,2145.715499,2097.620088,2124.288646,1764488
23-12-2020,2179.786621,2186.177833,2118.081013,2133.484402,1559556
24-12-2020,2209.12207,2216.249012,2170.314767,2190.959864,2489444
28-12-2020,2196.845459,2223.054215,2185.028663,2211.651197,1532477
29-12-2020,2192.615234,2209.811811,2164.935022,2202.454967,1749013
30-12-2020,2213.12207,2220.524713,2184.98206,2197.856533,1924886
31-12-2020,2202.822754,2222.686321,2195.098158,2203.374607,1709836
01-01-2021,2195.604004,2210.731468,2190.500149,2202.822772,830096
04-01-2021,2231.422363,2234.640982,2207.696501,2211.650848,1614486
05-01-2021,2253.539307,2259.424692,2211.651231,2211.651231,2356303
06-01-2021,2222.962158,2253.03321,2208.524398,2249.170912,1641627
07-01-2021,2178.406982,2237.123643,2174.866412,2236.479964,2403881
08-01-2021,2198.960205,2207.052777,2171.004293,2197.856724,2797948
11-01-2021,2233.813477,2245.630271,2208.984132,2230.043005,2787672
12-01-2021,2184.890625,2237.492239,2181.304253,2234.457496,2036708
13-01-2021,2181.625977,2205.213765,2174.499035,2190.408029,1702740
14-01-2021,2205.719482,2212.570497,2162.130054,2175.786283,2120413
15-01-2021,2162.129883,2213.489928,2154.451313,2200.155651,2042957
18-01-2021,2145.071777,2183.603156,2134.082313,2183.603156,1733797
19-01-2021,2173.165283,2190.591984,2136.47312,2153.71572,1495269
20-01-2021,2166.543945,2183.09684,2157.669844,2167.509576,1380562
21-01-2021,2177.303711,2206.960986,2161.072765,2184.982506,1521133
22-01-2021,2215.651367,2227.284286,2167.509935,2169.349145,2548089
25-01-2021,2206.685059,2236.802133,2193.258731,2225.444918,2124424
27-01-2021,2199.05249,2230.043148,2147.27866,2230.043148,2460297
28-01-2021,2115.460205,2217.674482,2105.896399,2177.533571,3867335
29-01-2021,2081.894531,2135.59962,2070.031712,2128.978506,4472694
01-02-2021,2067.824951,2101.2985,2047.225654,2093.619705,2717591
02-02-2021,2051.133789,2092.102254,2027.729877,2088.469858,4215607
03-02-2021,2053.341064,2075.549446,2039.317082,2052.099507,2353429
04-02-2021,2065.066162,2077.388786,2047.225681,2058.996676,2908003
05-02-2021,2087.090332,2101.29819,2060.835555,2065.065829,4036942
08-02-2021,2056.835205,2104.700708,2050.995846,2104.057029,2780672
09-02-2021,2038.075317,2073.434098,2032.787587,2066.353181,3131481
10-02-2021,2055.778076,2060.835906,2034.857051,2041.524191,2055520
11-02-2021,2081.067139,2085.665166,2054.444606,2061.755424,1824480
12-02-2021,2061.341309,2089.573146,2052.559033,2085.664824,1222094
15-02-2021,2037.109863,2079.91754,2035.086776,2070.031782,2449407
16-02-2021,2019.545532,2049.846486,2013.981875,2047.96125,2396356
17-02-2021,1989.934204,2024.557485,1986.347833,2019.45363,2447956
18-02-2021,1974.254761,1994.210151,1970.898067,1990.025902,3205806
19-02-2021,2005.751831,2017.614653,1977.152008,1979.818774,3364030
22-02-2021,1993.337036,2027.730193,1987.819403,2027.730193,2678023
23-02-2021,2004.050293,2016.097215,1995.727818,2009.338025,2062144
24-02-2021,2003.682129,2012.55623,1982.25528,2012.55623,924143
25-02-2021,1989.382446,2009.337839,1986.347704,2001.980996,2099460
26-02-2021,1960.644531,2006.946524,1949.563242,1984.508244,3413194
01-03-2021,1971.082153,1980.830061,1956.92032,1963.541434,1229276
02-03-2021,2002.854614,2008.326222,1968.461461,1988.186952,2095135
03-03-2021,2017.154541,2027.730004,1998.762432,2027.730004,2031893
04-03-2021,2020.280884,2026.350369,1999.222011,2009.33767,2290915
05-03-2021,2024.143555,2032.281928,2000.371665,2008.970065,2129837
08-03-2021,1999.727905,2037.937553,1994.624051,2032.327871,1440724
09-03-2021,2021.752319,2027.729754,1988.23275,2001.061199,1711842
10-03-2021,2048.743164,2057.065414,2016.878699,2032.787919,2696085
12-03-2021,2027.5,2059.82404,2023.131874,2056.237669,2038930
15-03-2021,2033.109497,2039.178757,2007.774326,2028.741372,1632022
16-03-2021,2063.640625,2066.813219,2036.282363,2042.765626,2633605
17-03-2021,2047.317749,2080.14762,2040.834485,2072.790776,3703365
18-03-2021,2037.109863,2069.020126,2027.729933,2058.076912,2597091
19-03-2021,2126.174316,2138.313066,2015.315809,2026.90293,5382214
22-03-2021,2164.015381,2167.050124,2116.931629,2124.380523,2471516
23-03-2021,2149.393799,2182.177642,2145.807203,2173.027613,1970612
24-03-2021,2132.19751,2161.900589,2129.392668,2149.394089,1762743
25-03-2021,2057.203369,2135.323805,2051.685737,2132.197237,2495833
26-03-2021,2131.553467,2138.082756,2068.008862,2073.710372,1929236
30-03-2021,2205.903564,2212.570704,2138.082663,2138.082663,3327203
31-03-2021,2236.020508,2242.549796,2190.178089,2194.178463,2709756
01-04-2021,2206.22583,2250.090971,2199.742566,2250.090971,1532653
05-04-2021,2182.407715,2222.870357,2157.854293,2207.053187,2545447
06-04-2021,2214.685791,2217.168681,2186.224048,2190.77605,3683538
07-04-2021,2211.880859,2239.23912,2195.420013,2222.686223,1713970
08-04-2021,2216.157227,2242.917837,2203.007047,2212.570855,1814515
09-04-2021,2276.942871,2283.380109,2229.123392,2229.123392,2604858
12-04-2021,2264.068604,2288.208246,2241.63032,2245.216692,2261945
13-04-2021,2257.07959,2304.439272,2251.929934,2271.425525,1811781
15-04-2021,2262.827148,2296.254898,2226.456931,2296.254898,3352379
16-04-2021,2261.217773,2279.655908,2243.83732,2271.333433,1225517
19-04-2021,2240.756592,2261.953543,2219.973643,2243.83736,1746316
20-04-2021,2204.707764,2258.550701,2192.155241,2258.550701,1589508
22-04-2021,2160.520752,2197.85682,2144.519708,2197.85682,1721265
23-04-2021,2122.219238,2161.072564,2115.092297,2151.876511,1949756
26-04-2021,2170.866699,2179.281225,2125.208375,2137.163246,1946867
27-04-2021,2188.522949,2194.59221,2163.78543,2173.027509,1668456
28-04-2021,2213.076416,2248.435199,2176.062299,2188.660848,1951215
29-04-2021,2214.042236,2252.067788,2192.477308,2237.400126,3151150
30-04-2021,2164.521484,2246.504226,2142.910755,2216.249295,4010778
03-05-2021,2214.409668,2220.846905,2151.876505,2154.635321,1692239
04-05-2021,2214.087891,2223.789773,2181.487924,2215.513324,1453111
05-05-2021,2202.132813,2238.319372,2178.223074,2238.319372,1256857
06-05-2021,2197.856934,2222.272502,2185.948088,2207.052988,1377740
07-05-2021,2217.352539,2229.123533,2204.432038,2215.145576,1169518
10-05-2021,2237.307617,2250.228116,2221.766378,2228.203615,988495
11-05-2021,2208.984375,2230.962856,2201.765382,2230.04325,1019077
12-05-2021,2141.714844,2196.93719,2138.128473,2196.93719,2053932
14-05-2021,2185.763916,2190.867546,2139.001897,2141.668663,1388970
17-05-2021,2185.212402,2202.455004,2176.246249,2193.25895,811243
18-05-2021,2183.373291,2214.731927,2176.660126,2208.984393,1153722
19-05-2021,2170.038574,2188.660581,2155.554791,2170.268476,1323590
20-05-2021,2155.693115,2172.108163,2151.876842,2170.268952,856235
21-05-2021,2172.338379,2175.924751,2151.877154,2151.877154,771492
24-05-2021,2148.704346,2170.223025,2138.312758,2165.671023,1194864
25-05-2021,2155.601318,2179.28116,2150.03766,2165.670954,1098457
26-05-2021,2164.750977,2179.648538,2156.70443,2166.360286,811095
27-05-2021,2139.369873,2163.831466,2136.151254,2163.831466,3755182
28-05-2021,2135.048096,2161.072977,2132.887157,2145.761635,1215325
31-05-2021,2151.922607,2156.474609,2133.622326,2138.082502,1178704
01-06-2021,2168.705566,2173.027667,2143.23254,2158.31398,1141451
02-06-2021,2169.165283,2182.821289,2161.072711,2166.590343,1113091
03-06-2021,2173.257813,2180.430781,2156.475011,2178.545544,868532
04-06-2021,2153.761719,2179.464643,2146.312826,2179.464643,1283795
07-06-2021,2151.23291,2164.751064,2143.600141,2164.751064,1128300
08-06-2021,2169.349365,2172.108182,2147.416684,2151.233182,1106664
09-06-2021,2166.590576,2181.258239,2157.026769,2172.108209,1072858
10-06-2021,2187.557617,2207.007184,2165.900863,2173.947411,1944339
11-06-2021,2176.246094,2196.523437,2170.268659,2189.580372,1128097
14-06-2021,2190.232666,2199.958388,2164.297408,2184.489678,1761632
15-06-2021,2215.565918,2218.391054,2185.971978,2185.971978,1215463
16-06-2021,2230.339844,2240.482565,2207.878054,2209.128595,2153668
17-06-2021,2239.417236,2247.012518,2210.425273,2221.169972,1555777
18-06-2021,2299.809082,2312.591505,2227.653574,2241.547464,3937751
21-06-2021,2328.939941,2342.509548,2285.081477,2291.518934,2506277
22-06-2021,2306.617188,2347.094673,2298.651267,2332.413599,1945883
23-06-2021,2297.585693,2328.615373,2276.93007,2311.01645,1035668
24-06-2021,2306.524658,2320.094494,2291.658376,2306.38581,759681
25-06-2021,2268.084961,2306.339519,2264.704205,2304.533358,1112942
28-06-2021,2278.782959,2283.229049,2257.571713,2269.427876,694906
29-06-2021,2308.747559,2313.332497,2264.703886,2273.966478,1354397
30-06-2021,2289.064453,2320.279344,2281.376456,2308.747462,1447245
01-07-2021,2295.270996,2300.828553,2281.377104,2300.828553,735043
02-07-2021,2303.884766,2308.886475,2271.187768,2295.270509,860231
05-07-2021,2314.768311,2328.059996,2301.800681,2314.721952,761700
06-07-2021,2290.175781,2313.749032,2286.933874,2306.385317,461782
07-07-2021,2298.651611,2307.127021,2265.491705,2276.745666,623145
08-07-2021,2267.066162,2287.629075,2258.637111,2280.635771,1114426
09-07-2021,2270.678467,2282.766197,2258.637095,2260.072842,538094
12-07-2021,2263.916748,2278.505333,2250.810268,2272.114234,543898
13-07-2021,2257.016113,2274.476192,2250.810221,2273.966705,994396
14-07-2021,2236.777588,2261.323462,2231.35888,2259.887715,1377829
15-07-2021,2234.461914,2246.179005,2223.94878,2246.179005,693792
16-07-2021,2239.139404,2250.810363,2228.580137,2241.547769,545405
19-07-2021,2231.034424,2238.76878,2221.632982,2223.068729,463873
20-07-2021,2255.348633,2278.597831,2225.801052,2225.801052,1061476
22-07-2021,2202.783203,2323.058049,2200.328707,2269.335016,3546044
23-07-2021,2184.212402,2215.380941,2181.062985,2206.349912,1517589
26-07-2021,2175.505127,2185.971902,2165.594198,2183.424689,1311535
27-07-2021,2169.669922,2185.46269,2160.036915,2175.505401,1656945
28-07-2021,2187.268799,2193.798973,2170.318433,2176.709532,912373
29-07-2021,2162.58374,2196.531051,2158.184009,2187.268458,1012663
30-07-2021,2161.240723,2182.77625,2147.068911,2167.446614,1708251
02-08-2021,2160.777588,2179.858392,2153.182307,2169.299128,1229936
03-08-2021,2210.842285,2216.53869,2154.572028,2158.184349,1733476
04-08-2021,2201.811035,2218.159421,2192.965214,2210.842063,1588974
05-08-2021,2183.841064,2214.685538,2180.413951,2214.685538,921757
06-08-2021,2196.623779,2205.191677,2183.65615,2183.841357,1432661
09-08-2021,2208.665283,2218.391006,2199.726971,2203.987629,921476
10-08-2021,2206.164551,2217.46487,2185.138509,2217.46487,1061370
11-08-2021,2214.176758,2218.391283,2188.00993,2213.759986,1300594
12-08-2021,2215.890137,2235.526788,2202.135096,2218.390992,1226064
13-08-2021,2227.190186,2231.96033,2211.906909,2223.948278,1033159
16-08-2021,2247.47583,2257.155422,2216.214574,2226.727709,1146309
17-08-2021,2300.643066,2304.023823,2251.782885,2253.589045,1921902
18-08-2021,2302.726807,2315.648078,2273.040153,2301.754189,1545643
20-08-2021,2426.243652,2436.062092,2293.418152,2306.385783,5779927
23-08-2021,2439.905762,2475.752176,2403.179672,2431.43058,2163220
24-08-2021,2438.840576,2461.997057,2417.536614,2439.766835,1482854
25-08-2021,2449.956055,2469.824273,2427.401548,2437.914683,1746570
26-08-2021,2469.777344,2498.862017,2436.98786,2436.98786,2117291
27-08-2021,2480.476074,2491.637544,2455.606147,2472.186099,1176229
30-08-2021,2489.50708,2506.226106,2474.594441,2493.119627,1168190
31-08-2021,2523.223145,2535.588571,2478.345699,2489.692376,2535891
01-09-2021,2531.374268,2570.369879,2514.794314,2542.582097,1775792
02-09-2021,2594.498535,2602.78851,2528.826618,2545.360436,1946183
03-09-2021,2562.681885,2601.631138,2552.770954,2595.564094,1561823
06-09-2021,2575.556641,2616.682462,2570.647421,2584.263387,1444978
07-09-2021,2572.870605,2601.584646,2565.738454,2582.966968,1219915
08-09-2021,2594.359619,2602.788669,2561.199717,2583.244507,946711
09-09-2021,2603.390625,2615.431996,2576.853386,2576.853386,879454
13-09-2021,2580.882813,2614.320639,2570.369678,2591.210514,1341412
14-09-2021,2558.837646,2597.231049,2548.185665,2595.37853,1755061
15-09-2021,2570.786377,2579.632199,2546.333221,2569.443346,1362350
16-09-2021,2564.117188,2591.025064,2549.065475,2549.065475,1259196
17-09-2021,2521.509521,2577.779777,2499.973992,2565.831122,3095032
20-09-2021,2593.850098,2601.862149,2510.208845,2519.425079,2671330
21-09-2021,2605.058105,2648.453447,2590.423162,2602.788815,2277437
22-09-2021,2579.169189,2630.483868,2569.443466,2619.368755,1580594
23-09-2021,2577.131348,2609.920837,2568.378242,2592.599833,1054473
24-09-2021,2544.109863,2575.0007,2529.98441,2565.830823,1635284
27-09-2021,2509.699463,2561.106852,2505.068167,2561.106852,1465932
28-09-2021,2522.991211,2551.334607,2510.069714,2524.056319,1078052
29-09-2021,2487.28418,2542.072328,2479.596182,2514.747678,1503894
30-09-2021,2502.567627,2505.809535,2484.181288,2487.284347,1620199
01-10-2021,2504.651611,2512.015328,2482.467745,2506.457772,956111
04-10-2021,2488.11792,2523.13057,2482.097234,2500.900345,1025005
05-10-2021,2508.912354,2514.747833,2487.932669,2488.117876,562784
06-10-2021,2487.979248,2532.393344,2478.670295,2495.389324,862471
07-10-2021,2472.556396,2504.836622,2469.407205,2499.047502,1082816
08-10-2021,2445.371094,2481.032079,2431.801258,2473.575646,1579941
11-10-2021,2450.04834,2468.943937,2441.156161,2447.362052,1086252
12-10-2021,2478.808838,2489.83146,2431.430763,2431.430763,1174337
13-10-2021,2451.57666,2494.971996,2447.732775,2489.87757,1660007
14-10-2021,2454.170166,2479.364372,2426.799161,2451.576595,2158809
18-10-2021,2458.291992,2481.355757,2448.149499,2475.705711,1758177
19-10-2021,2358.997314,2530.540498,2334.636649,2473.019703,5431133
20-10-2021,2295.872559,2393.454068,2287.860506,2379.560178,4864654
21-10-2021,2265.398926,2320.279795,2248.957821,2318.79769,3254632
22-10-2021,2273.133301,2314.027563,2250.810359,2277.671881,1845622
25-10-2021,2274.75415,2281.886302,2232.285068,2273.133197,1560381
26-10-2021,2271.026123,2300.894987,2252.573438,2300.894987,1595060
27-10-2021,2233.515137,2288.12736,2228.435819,2287.941015,3083879
28-10-2021,2227.038086,2251.595102,2206.861424,2236.683876,2015791
29-10-2021,2230.299805,2238.547667,2211.521072,2236.683764,2453400
01-11-2021,2243.300781,2246.842015,2207.094371,2230.160173,1941114
02-11-2021,2254.297607,2262.778458,2238.547717,2250.663087,1350154
03-11-2021,2247.261475,2268.370086,2223.822756,2268.370086,1591607
04-11-2021,2257.979004,2264.642367,2255.322851,2263.710415,245719
08-11-2021,2266.413086,2282.34955,2236.777206,2282.34955,2555533
09-11-2021,2265.713867,2279.739783,2252.014225,2273.775384,1696949
10-11-2021,2236.82373,2255.323062,2232.956222,2246.98214,1794509
11-11-2021,2214.503174,2243.160683,2205.183659,2239.199889,1282647
12-11-2021,2241.296875,2249.358393,2214.503267,2225.500341,1651974
15-11-2021,2259.749268,2264.642013,2240.504561,2240.504561,1007999
16-11-2021,2242.881348,2268.975994,2236.777246,2268.975994,1245209
17-11-2021,2228.436035,2246.050057,2224.754872,2240.411705,956809
18-11-2021,2236.124756,2242.602002,2208.725468,2227.364501,1236943
22-11-2021,2226.012695,2245.909722,2215.388312,2245.443747,1629290
23-11-2021,2231.278076,2236.68344,2177.504524,2225.313678,1932539
24-11-2021,2213.1521,2242.275588,2205.929475,2242.275588,999070
25-11-2021,2189.200928,2224.568445,2181.698672,2224.568445,1363272
26-11-2021,2176.200195,2204.065456,2166.973738,2184.494473,2450902
29-11-2021,2170.887939,2182.863608,2129.229749,2175.547697,1724612
30-11-2021,2159.844482,2200.337734,2145.352589,2163.991622,3931035
01-12-2021,2185.286377,2196.376508,2165.156135,2180.766322,1263139
02-12-2021,2221.120117,2225.500244,2185.426328,2196.609747,1673117
03-12-2021,2184.168213,2227.270973,2178.809491,2221.120229,1890178
06-12-2021,2149.545898,2203.086461,2144.420166,2184.494076,1079171
07-12-2021,2163.618896,2182.304344,2154.67207,2169.490009,895313
08-12-2021,2181.325928,2184.913805,2160.496719,2160.496719,839769
09-12-2021,2180.533936,2188.781799,2163.572461,2181.698875,716666
10-12-2021,2174.056641,2187.290307,2162.127615,2187.290307,724539
13-12-2021,2147.54248,2191.949877,2144.420352,2191.949877,1804894
14-12-2021,2160.543457,2166.740844,2147.216504,2148.148455,1219031
15-12-2021,2163.013184,2166.601289,2143.954817,2158.400068,755122
16-12-2021,2152.342285,2167.067166,2147.169908,2163.013086,926493
17-12-2021,2078.484863,2151.829402,2074.524069,2146.284336,2439222
20-12-2021,2114.691406,2119.584152,2051.365115,2074.524202,2175705
21-12-2021,2118.186035,2146.004651,2099.453719,2134.168912,1591415
22-12-2021,2122.659668,2159.704748,2114.598377,2143.488879,1661605
23-12-2021,2144.094238,2148.148319,2119.817082,2142.509966,1423081
24-12-2021,2140.645996,2155.603863,2127.924949,2152.808009,895503
27-12-2021,2144.793457,2151.037715,2123.218867,2140.646318,584302
28-12-2021,2151.969727,2160.636695,2141.391984,2152.808392,783710
29-12-2021,2149.872559,2163.851832,2142.603291,2157.374587,1410236
30-12-2021,2167.346191,2171.446686,2140.366017,2150.943756,963711
31-12-2021,2199.545166,2209.051253,2171.44692,2180.766435,1123597
03-01-2022,2200.616943,2216.180487,2192.881701,2216.180487,879278
04-01-2022,2237.848389,2244.232347,2195.071909,2207.746312,1484275
05-01-2022,2251.408691,2255.322843,2229.228198,2240.225272,1202512
06-01-2022,2228.669189,2247.867485,2206.58198,2234.820162,1198901
07-01-2022,2251.734131,2257.092851,2225.499792,2225.499792,1026186
10-01-2022,2243.25415,2259.982636,2238.547749,2259.982636,919447
11-01-2022,2240.085205,2253.738432,2229.228061,2252.666551,1321335
12-01-2022,2248.938965,2251.595118,2235.285965,2243.393898,1487554
13-01-2022,2249.917236,2257.093217,2239.712413,2253.458697,1586299
14-01-2022,2202.854004,2256.254877,2200.151435,2255.322926,1596037
17-01-2022,2226.945068,2231.278552,2185.426578,2203.133659,912205
18-01-2022,2208.259277,2244.791734,2196.982572,2244.791734,1667579
19-01-2022,2152.714355,2207.420082,2148.194528,2203.133015,2145255
20-01-2022,2107.887939,2167.299847,2090.367206,2166.787229,2829711
21-01-2022,2167.159912,2175.50106,2096.890861,2110.683788,4596050
24-01-2022,2129.136475,2185.379611,2112.454406,2179.741259,2231103
25-01-2022,2168.884033,2174.895075,2088.409934,2128.111157,1843543
27-01-2022,2139.155273,2167.34681,2120.189967,2152.808274,2620474
28-01-2022,2128.158203,2160.916212,2123.032469,2138.456314,1967721
31-01-2022,2119.024902,2154.532349,2116.462036,2134.169115,1639875
01-02-2022,2148.753906,2162.127501,2123.358228,2146.563957,1270508
02-02-2022,2169.489746,2174.24279,2140.273204,2165.948513,1246111
03-02-2022,2141.764404,2173.264413,2134.16909,2170.515201,1448039
04-02-2022,2149.639893,2155.371305,2127.645741,2149.080631,1014561
07-02-2022,2103.973877,2159.052076,2084.775584,2139.061761,1207402
08-02-2022,2110.264404,2113.665936,2093.675623,2113.665936,1190660
09-02-2022,2122.659668,2125.17612,2102.110315,2113.247092,1049611
10-02-2022,2127.784912,2129.509113,2102.342819,2124.849356,1195100
11-02-2022,2104.34668,2123.917663,2095.959115,2123.917663,2100036
14-02-2022,2076.900635,2084.076616,2056.817034,2068.932404,1661501
15-02-2022,2134.262207,2147.355943,2071.308838,2094.980315,1533070
16-02-2022,2130.907227,2146.983391,2120.189784,2134.262343,995668
17-02-2022,2150.525146,2155.604238,2121.122025,2126.713736,869374
18-02-2022,2155.184326,2169.396585,2137.896582,2137.896582,890713
21-02-2022,2138.642578,2147.26313,2129.276419,2141.624778,737919
22-02-2022,2115.483154,2124.849312,2096.984054,2124.849312,902667
23-02-2022,2106.583496,2119.211487,2098.988181,2115.530323,1324411
24-02-2022,2023.63916,2089.435019,2013.294636,2050.293061,2997629
25-02-2022,2022.987305,2046.565726,2015.019073,2045.633774,2193728
28-02-2022,2024.292236,2031.561277,1975.737465,2016.743337,2334036
02-03-2022,2002.857544,2008.169623,1978.580156,1984.07858,2034688
03-03-2022,1948.710815,2020.424446,1944.610319,2011.058287,2372998
04-03-2022,1882.07605,1936.548569,1840.837196,1933.799358,6320118
07-03-2022,1811.667114,1845.403828,1795.870581,1844.798036,2976453
08-03-2022,1816.373657,1824.761222,1772.1526,1793.587486,3211938
09-03-2022,1861.946045,1870.473424,1818.237494,1830.352864,2879079
10-03-2022,1958.915649,1970.145712,1909.568857,1912.271426,4879791
11-03-2022,1951.879395,1966.604276,1929.139866,1957.098415,2481643
14-03-2022,1919.167969,1952.438595,1906.866139,1952.438595,1730325
15-03-2022,1899.503662,1939.20489,1887.201947,1905.840978,2391023
16-03-2022,1931.143311,1938.459221,1893.77219,1919.82019,2808685
17-03-2022,1959.008789,1972.661788,1940.649389,1955.327626,2995889
21-03-2022,1911.619141,1967.256608,1906.773038,1963.156111,1674982
22-03-2022,1857.845337,1913.995415,1835.012525,1913.995415,5356303
23-03-2022,1843.912964,1879.327126,1840.837478,1875.086701,3212162
24-03-2022,1832.123657,1855.84178,1818.563716,1835.944636,3054664
25-03-2022,1820.10144,1842.468278,1812.645828,1840.511203,2233647
28-03-2022,1840.697388,1846.00958,1799.87798,1826.5783,1794533
29-03-2022,1851.834351,1859.103504,1839.718981,1845.264047,1249125
30-03-2022,1878.721069,1881.610096,1859.289903,1863.903018,1476829
31-03-2022,1909.242554,1914.228586,1880.678328,1881.983083,2540524
01-04-2022,1936.734863,1943.911072,1899.689906,1915.066992,1714996
04-04-2022,1983.612183,1987.339989,1929.326006,1936.595274,1693019
05-04-2022,1994.189941,2011.151414,1982.260916,1998.570068,1277652
06-04-2022,1996.286743,2017.115723,1976.94875,1989.71644,1736115
07-04-2022,2017.488647,2026.994507,1989.809733,1994.329562,1824732
08-04-2022,2034.496948,2044.235797,2016.277249,2029.510916,1693462
11-04-2022,2015.858032,2044.795176,1993.351264,2039.11018,1380107
12-04-2022,1987.153687,2017.6751,1980.397038,1995.214976,1370233
13-04-2022,2005.699097,2017.674763,1985.708785,1992.232445,1071601
18-04-2022,2029.464233,2034.356979,1989.763233,2001.831961,1828131
19-04-2022,1969.260132,2056.677227,1958.076714,2036.966316,1775996
20-04-2022,2017.628174,2021.076349,1950.294684,1970.517984,1511804
21-04-2022,2048.382568,2053.787932,2020.470669,2036.313843,2244813
22-04-2022,1982.214111,2040.041745,1975.737094,2033.518085,3520828
25-04-2022,1957.797363,2014.8794,1907.704964,1957.0984,2437310
26-04-2022,2002.158325,2011.104924,1976.669358,1996.426686,1447088
27-04-2022,1999.129395,2005.932459,1960.360118,2001.645618,2214481
28-04-2022,2089.29541,2096.890723,2017.674852,2078.251695,5865359
29-04-2022,2082.771729,2134.168758,2071.308681,2091.671683,2678692
02-05-2022,2078.718018,2098.754977,2055.791917,2068.932526,1543544
04-05-2022,2023.779297,2097.683095,2002.437471,2089.388591,1608395
05-05-2022,2019.166626,2052.110982,2007.051254,2029.790784,1101451
06-05-2022,2002.950073,2022.33471,1962.87616,1980.396893,1585602
09-05-2022,1972.615112,1993.81701,1966.557427,1977.135168,1341414
10-05-2022,2032.0271,2048.336252,1974.805365,1988.784638,2162232
11-05-2022,2016.277466,2040.694554,1972.009761,2036.314427,1858636
12-05-2022,1993.258301,2017.535688,1965.67244,2017.535688,1531515
13-05-2022,2044.794678,2067.068225,2007.563037,2022.334558,2057239
16-05-2022,2066.369385,2070.749511,2024.478212,2050.293222,1396818
17-05-2022,2092.231201,2122.05365,2070.143995,2085.614254,2055096
18-05-2022,2135.473389,2145.352165,2083.936657,2083.936657,2137455
19-05-2022,2110.450928,2128.390995,2092.650562,2092.790491,1734602
20-05-2022,2167.672607,2188.222184,2127.365704,2134.168996,2599505
23-05-2022,2217.858154,2225.500111,2149.406364,2151.875945,2363306
24-05-2022,2152.481689,2218.044568,2145.398995,2218.044568,3078655
25-05-2022,2142.276855,2171.40034,2130.907093,2171.40034,1884260
26-05-2022,2125.035889,2139.760769,2104.34661,2134.308761,2299127
27-05-2022,2172.006104,2176.013313,2125.315246,2140.692444,1011303
30-05-2022,2189.107422,2204.065289,2172.378938,2182.816749,939562
31-05-2022,2193.115479,2206.768481,2147.123568,2199.406153,3123979
01-06-2022,2151.363525,2249.544713,2145.352483,2208.725189,2197599
02-06-2022,2129.322998,2149.965634,2103.554401,2138.828859,1460335
03-06-2022,2135.986328,2166.74073,2111.009981,2128.577359,1845303
06-06-2022,2125.315674,2145.305991,2094.654556,2117.58043,2131405
07-06-2022,2061.104248,2106.070913,2056.863823,2096.891098,2034730
08-06-2022,2047.544067,2067.953714,2037.245958,2064.272551,1506843
09-06-2022,2048.149902,2058.075323,2023.033853,2047.497582,1497867
10-06-2022,2050.199951,2058.541099,2015.624688,2015.811033,1641981
13-06-2022,2047.404175,2066.136491,2009.287449,2020.470867,1519441
14-06-2022,2023.266724,2063.293995,2013.015257,2041.766052,1592475
15-06-2022,2018.142944,2029.754027,2003.523103,2029.566037,1432377
16-06-2022,2018.283936,2034.549092,2007.330933,2016.685676,1353485
17-06-2022,1984.202148,2031.164077,1974.377317,2030.788097,3252189
20-06-2022,2064.540527,2071.121785,1982.039758,1984.719362,2022000
21-06-2022,2073.09668,2098.481537,2042.211678,2063.694881,1606187
22-06-2022,2071.074951,2091.80573,2055.279886,2058.241361,1741378
23-06-2022,2117.849121,2122.314975,2060.968243,2075.91701,1585753
24-06-2022,2166.080078,2180.088894,2124.853333,2129.507177,1930048
27-06-2022,2181.827881,2192.358077,2160.579958,2177.315202,1450391
28-06-2022,2179.007568,2184.977802,2141.588597,2181.828108,1404108
29-06-2022,2099.844482,2162.319383,2091.900009,2158.840764,1682914
30-06-2022,2097.165283,2114.464501,2080.994006,2091.806074,2387212
01-07-2022,2145.81958,2155.832404,2071.780417,2092.840354,1235612
04-07-2022,2233.11499,2236.029639,2139.849201,2139.849201,2410245
05-07-2022,2257.841553,2267.71344,2229.730271,2241.858498,2463079
06-07-2022,2348.944824,2359.00493,2256.431235,2256.431235,4770394
07-07-2022,2325.017822,2379.595311,2318.013528,2355.150634,3333262
08-07-2022,2347.488281,2354.022486,2306.073311,2328.308474,1346970
11-07-2022,2341.612305,2373.954404,2331.646305,2338.227565,1587197
12-07-2022,2303.017578,2341.612007,2298.222569,2326.945109,1116476
13-07-2022,2348.33374,2368.641713,2314.158118,2316.602677,2528792
14-07-2022,2348.381104,2371.979478,2320.55169,2353.034948,1663307
15-07-2022,2414.851807,2419.928686,2352.376905,2378.654884,2996964
18-07-2022,2400.749512,2449.168779,2381.522878,2426.60446,1566888
19-07-2022,2414.334229,2420.962541,2371.838155,2397.410995,1473121
20-07-2022,2448.698242,2461.390669,2383.919947,2420.962939,4012897
21-07-2022,2451.47168,2472.578669,2436.663848,2460.450442,1990695
22-07-2022,2482.638428,2485.082757,2454.856074,2460.450097,1905780
25-07-2022,2466.656006,2495.237382,2455.749828,2487.245853,1253821
26-07-2022,2394.731934,2467.971844,2386.270316,2467.971844,1685576
27-07-2022,2427.49707,2435.535653,2373.953879,2383.684831,1404133
28-07-2022,2463.36499,2467.971779,2430.36459,2467.971779,1442054
29-07-2022,2479.630127,2486.775585,2440.706775,2482.074686,1463059
01-08-2022,2437.885742,2480.193825,2425.663407,2479.723735,1559918
02-08-2022,2477.608643,2481.228426,2443.527127,2444.467307,1359934
03-08-2022,2469.241211,2504.638887,2442.492913,2458.805124,1767904
04-08-2022,2470.745605,2485.318393,2458.570322,2476.43374,1189384
05-08-2022,2487.151611,2498.668814,2470.369539,2480.194372,1176666
08-08-2022,2491.80542,2498.997703,2468.959007,2487.151347,1024511
10-08-2022,2484.707031,2516.579032,2473.800855,2491.805434,1098949
11-08-2022,2457.348145,2508.164914,2450.673005,2497.164855,810674
12-08-2022,2439.719727,2469.006467,2430.459092,2467.878068,1473527
16-08-2022,2486.30542,2489.925204,2435.582767,2451.941803,1584117
17-08-2022,2524.053467,2532.844239,2486.305342,2492.41651,1711381
18-08-2022,2521.609375,2552.588255,2505.250108,2524.38286,1465489
19-08-2022,2476.950684,2537.49817,2469.38219,2528.143427,1324508
22-08-2022,2469.569824,2507.27112,2463.364776,2489.595697,1410895
23-08-2022,2437.650879,2472.390472,2430.599531,2446.394596,1305045
24-08-2022,2433.420166,2453.869075,2408.082368,2421.902964,1242489
25-08-2022,2420.210693,2471.16839,2411.98412,2445.595547,1106593
26-08-2022,2417.719482,2458.28815,2408.740719,2444.373443,1048791
29-08-2022,2421.714844,2451.894473,2397.458162,2397.458162,1450034
30-08-2022,2500.737061,2507.459254,2430.928718,2433.843137,2227943
01-09-2022,2450.108398,2496.177206,2438.826242,2491.476307,1702269
02-09-2022,2447.852295,2466.091692,2430.364858,2458.570253,937600
05-09-2022,2445.031494,2465.527229,2431.398888,2441.646755,1274074
06-09-2022,2419.176514,2463.27085,2409.680607,2436.193629,1250776
07-09-2022,2411.185059,2441.552681,2407.61233,2417.954307,1344964
08-09-2022,2422.984375,2440.706857,2409.680922,2425.663979,1004533
09-09-2022,2433.843018,2488.655537,2428.907074,2442.586734,1785443
12-09-2022,2426.039795,2449.168309,2420.022736,2436.005792,1595709
13-09-2022,2431.869141,2452.929076,2424.723682,2442.587098,1342130
14-09-2022,2417.578369,2450.108684,2394.355973,2397.458612,1610054
15-09-2022,2407.236328,2443.339371,2398.39873,2425.663944,1199906
16-09-2022,2376.915283,2410.479883,2367.983576,2402.159201,2516820
19-09-2022,2424.95874,2433.185313,2358.017985,2379.595065,1166725
20-09-2022,2429.001709,2464.681489,2425.288044,2443.151462,1253333
21-09-2022,2466.656006,2488.421078,2425.664072,2427.544431,1960049
22-09-2022,2531.668701,2539.660228,2463.317688,2466.185282,2620240
23-09-2022,2521.609375,2560.814828,2514.040881,2536.511088,1789791
26-09-2022,2501.395264,2565.750521,2484.942118,2508.869647,2678551
27-09-2022,2518.976563,2551.412763,2494.672824,2515.920978,1898501
28-09-2022,2540.459961,2546.712065,2493.403915,2510.233042,1526197
29-09-2022,2539.002441,2563.87015,2530.117789,2548.921384,2019666
30-09-2022,2535.147461,2552.49373,2508.305285,2545.066403,1340054
03-10-2022,2465.621338,2570.451378,2460.967494,2560.109401,1683197
04-10-2022,2508.352783,2516.391367,2476.574658,2491.476601,1327939
06-10-2022,2457.629639,2531.245752,2449.215077,2520.903776,1752351
07-10-2022,2444.185547,2456.689985,2420.96315,2455.655695,1025923
10-10-2022,2449.732666,2454.527445,2389.937137,2416.262172,1043728
11-10-2022,2398.069336,2454.386239,2392.757412,2453.869095,1129783
12-10-2022,2436.334717,2448.792098,2401.406904,2410.103566,882873
13-10-2022,2412.877686,2451.190018,2409.587056,2428.484764,753331
14-10-2022,2421.714844,2467.877528,2416.449746,2435.065349,1001536
17-10-2022,2435.58252,2453.821914,2414.381422,2419.64652,778918
18-10-2022,2446.582764,2483.954909,2441.64682,2463.270954,1123374
19-10-2022,2428.484619,2460.920825,2424.1597,2458.852475,1241979
20-10-2022,2445.313477,2453.869204,2414.522589,2414.522589,1428125
21-10-2022,2495.143066,2507.224469,2450.108546,2450.108546,2458302
24-10-2022,2419.176514,2482.074445,2397.45827,2453.963163,719908
25-10-2022,2355.526367,2431.30495,2350.449488,2431.30495,2923789
27-10-2022,2368.312988,2378.654966,2339.167414,2344.808493,1846329
28-10-2022,2373.248535,2398.304232,2361.731334,2374.987959,1164951
31-10-2022,2398.116455,2418.14233,2389.983992,2392.757476,1324443
01-11-2022,2415.247803,2438.010882,2411.2726,2431.527348,1280132
02-11-2022,2383.540771,2426.795227,2367.544986,2426.795227,1338284
03-11-2022,2410.0896,2412.5977,2374.075688,2381.079606,730444
04-11-2022,2385.480713,2409.758033,2380.653532,2408.764175,889055
07-11-2022,2397.264648,2415.43717,2382.310093,2395.655665,1283685
09-11-2022,2374.548828,2408.716902,2359.26291,2375.684567,1436444
10-11-2022,2379.092041,2402.186253,2367.213572,2370.005665,1459152
11-11-2022,2369.106934,2410.515785,2361.487659,2408.812061,1162847
14-11-2022,2326.277832,2379.23378,2323.769501,2372.655736,2137131
15-11-2022,2325.994385,2336.878997,2313.358677,2326.278377,1558333
16-11-2022,2345.255371,2350.129692,2298.167593,2331.720547,1330395
17-11-2022,2328.360352,2364.326894,2322.918046,2347.24274,960476
18-11-2022,2350.791748,2355.382306,2317.806786,2337.824911,1075675
21-11-2022,2367.545166,2377.578032,2337.872904,2350.792373,1354881
22-11-2022,2381.079834,2388.935731,2363.380554,2371.804205,921265
23-11-2022,2373.176514,2389.881933,2368.112711,2386.095981,734152
24-11-2022,2412.739746,2423.009233,2376.773203,2382.31025,999929
25-11-2022,2401.666016,2418.65543,2383.446121,2418.276927,783480
28-11-2022,2390.071289,2406.445577,2386.853323,2391.775014,830905
29-11-2022,2493.238281,2498.680586,2391.96408,2391.96408,2542932
30-11-2022,2540.705078,2553.624547,2482.637949,2493.049316,3698270
01-12-2022,2520.355713,2539.427354,2505.211905,2536.58789,1675569
02-12-2022,2475.160645,2517.65786,2467.635881,2517.65786,2101890
05-12-2022,2479.656494,2484.530815,2446.813178,2460.868616,1640511
06-12-2022,2512.499756,2517.610699,2464.512861,2467.304954,1484562
07-12-2022,2562.474121,2574.257849,2514.108497,2517.705197,2368561
08-12-2022,2560.676025,2565.976451,2542.030257,2550.832642,1314703
09-12-2022,2576.576904,2594.891539,2566.165537,2578.895754,1883397
12-12-2022,2571.844482,2578.233276,2544.774834,2557.599792,1163204
13-12-2022,2565.266357,2574.447244,2553.435258,2571.607781,1265839
14-12-2022,2540.988525,2574.446963,2528.400422,2574.446963,886858
15-12-2022,2520.733643,2539.663399,2506.725577,2525.560823,990722
16-12-2022,2528.353271,2543.875581,2511.316489,2525.229815,1793864
19-12-2022,2572.648438,2574.446672,2528.352765,2528.352765,1546941
20-12-2022,2531.429443,2561.243814,2511.269203,2561.196444,827567
21-12-2022,2523.526123,2550.926903,2508.287806,2544.112236,779092
22-12-2022,2503.791992,2544.632855,2500.621165,2533.274999,852567
23-12-2022,2480.8396,2507.767135,2468.487886,2491.156226,1189702
26-12-2022,2477.384766,2496.693258,2467.257391,2480.697473,605144
27-12-2022,2454.479736,2493.900865,2437.442954,2484.530727,870960
28-12-2022,2445.346436,2463.802951,2440.140752,2454.24333,822651
29-12-2022,2430.628662,2445.062605,2403.511641,2442.17577,1345863
30-12-2022,2424.003174,2448.043877,2418.466127,2441.891705,696432
02-01-2023,2421.494629,2441.986231,2402.233738,2436.165192,681703
03-01-2023,2406.02002,2424.90241,2399.347232,2413.591924,821843
04-01-2023,2400.388184,2421.49468,2391.822421,2414.017518,1672649
05-01-2023,2445.440674,2453.249199,2401.71298,2401.760351,2008493
06-01-2023,2438.578857,2472.131809,2437.111755,2441.938936,991782
09-01-2023,2483.631836,2488.742779,2432.474114,2450.788749,1267078
10-01-2023,2502.37207,2511.363705,2475.160544,2483.631564,1413088
11-01-2023,2454.479736,2506.158068,2449.605416,2502.513997,1471687
12-01-2023,2451.451172,2463.329642,2435.076884,2447.712591,1703829
13-01-2023,2483.584229,2498.018169,2429.303055,2451.592892,1348015
16-01-2023,2458.123779,2487.322792,2445.724696,2487.322792,930068
17-01-2023,2524.803955,2531.855244,2462.572373,2466.026961,1892865
18-01-2023,2542.456055,2549.365463,2517.658115,2525.230019,2038075
19-01-2023,2507.956299,2535.925062,2472.13164,2527.21742,1649842
20-01-2023,2412.361328,2465.601279,2400.340977,2413.544438,4569549
23-01-2023,2457.461182,2464.654582,2415.43721,2423.009113,1388360
24-01-2023,2461.342285,2470.333922,2442.696516,2464.654993,1462462
25-01-2023,2482.022461,2500.620854,2455.189438,2461.341609,1591810
27-01-2023,2472.368408,2504.927732,2440.235188,2494.468994,1581382
30-01-2023,2430.7229,2470.333513,2394.803729,2470.333513,2744039
31-01-2023,2438.862793,2451.59301,2405.215101,2430.581024,2366794
01-02-2023,2436.496826,2463.708357,2410.563146,2461.058144,2014615
02-02-2023,2493.853516,2498.491213,2425.848274,2432.000444,1980667
03-02-2023,2507.009766,2515.244164,2490.351487,2498.727997,1638238
06-02-2023,2496.456543,2503.460461,2460.631884,2490.20963,1697446
07-02-2023,2462.004395,2503.981227,2456.420208,2503.460613,1495745
08-02-2023,2444.589111,2467.967317,2440.377286,2453.95925,1061956
09-02-2023,2448.280273,2460.773868,2428.68802,2448.564266,1102484
10-02-2023,2439.57251,2448.232781,2418.607896,2446.671169,1523011
13-02-2023,2442.885498,2452.113756,2413.54437,2423.00925,1146525
14-02-2023,2441.560303,2462.761539,2432.663178,2446.671245,1944364
15-02-2023,2412.077148,2434.177734,2401.239908,2413.544251,2009134
16-02-2023,2391.869629,2424.807222,2387.847055,2423.008988,1982857
17-02-2023,2380.890381,2409.994885,2372.750492,2389.882016,1395341
20-02-2023,2377.056885,2406.918623,2373.980799,2383.256426,632091
21-02-2023,2381.505127,2407.817533,2377.861288,2392.7211,862797
22-02-2023,2360.588135,2388.509527,2349.892776,2381.505378,885515
23-02-2023,2357.370117,2381.268938,2347.384854,2358.647968,757215
24-02-2023,2351.265381,2376.867927,2339.670903,2358.837285,732783
27-02-2023,2336.073975,2353.915364,2324.574239,2353.915364,853991
28-02-2023,2328.975586,2341.942656,2305.313386,2337.588719,1780454
01-03-2023,2334.275879,2337.825209,2317.002474,2326.467353,967339
02-03-2023,2323.959229,2337.825184,2313.216498,2334.275855,827174
03-03-2023,2338.771729,2356.660258,2324.243046,2334.039289,1176008
06-03-2023,2351.880615,2365.131446,2343.125602,2349.135662,1214503
08-03-2023,2352.117188,2367.544756,2335.174915,2353.915422,1448340
09-03-2023,2329.685303,2358.600555,2325.426107,2351.88063,1038910
10-03-2023,2333.518311,2338.29812,2314.257422,2318.89512,772024
13-03-2023,2323.722656,2355.335261,2314.163036,2334.039282,1314549
14-03-2023,2311.749268,2339.718031,2309.193797,2330.253152,1250763
15-03-2023,2277.344727,2327.88709,2264.945642,2320.693689,1738040
16-03-2023,2327.745117,2337.162626,2278.906249,2295.185795,1628035
17-03-2023,2316.434326,2350.318638,2309.241157,2339.386657,2127178
20-03-2023,2376.820313,2381.978625,2295.233104,2316.43434,1561128
21-03-2023,2330.821289,2388.22569,2327.177218,2380.417165,1595161
22-03-2023,2343.835449,2348.615028,2323.059855,2340.28612,1063244
23-03-2023,2352.117188,2366.267135,2334.039176,2342.557567,1578627
24-03-2023,2348.047607,2364.232414,2337.82549,2339.907718,1449326
27-03-2023,2365.273438,2370.952365,2332.146359,2352.022606,1387736
28-03-2023,2349.940186,2378.997318,2339.623329,2375.495359,1412387
29-03-2023,2395.418945,2403.889966,2347.337315,2352.022384,2613254
31-03-2023,2423.340332,2431.006745,2381.884117,2421.87323,2146167
03-04-2023,2400.388184,2432.474033,2380.464566,2432.474033,918048
05-04-2023,2444.541748,2450.031424,2368.112846,2378.05097,1489612
06-04-2023,2427.978271,2446.671409,2416.383794,2437.206529,797414
10-04-2023,2396.649414,2431.480217,2389.882118,2427.978258,853322
11-04-2023,2411.414551,2418.276588,2397.453854,2404.07927,913184
12-04-2023,2393.620605,2419.22315,2383.871734,2419.22315,1109809
13-04-2023,2400.482666,2425.233464,2389.882047,2389.882047,1261711
17-04-2023,2415.29541,2440.992466,2405.404426,2435.313538,1566977
18-04-2023,2405.072998,2423.008897,2394.614261,2423.008897,1474786
19-04-2023,2396.128906,2411.651216,2375.921297,2411.651216,1320243
20-04-2023,2359.216064,2396.886102,2347.290223,2383.067516,1401364
21-04-2023,2364.279541,2375.211523,2352.637693,2358.647984,1206288
24-04-2023,2365.983154,2370.857475,2342.65232,2368.112752,1735797
25-04-2023,2357.180664,2365.983047,2345.444307,2357.559398,1701098
26-04-2023,2376.442139,2383.256806,2349.372489,2356.755142,1245903
27-04-2023,2336.831543,2387.042778,2325.521057,2379.423504,2743893
28-04-2023,2325.804688,2335.74281,2289.554156,2305.69182,3761927
02-05-2023,2320.504395,2345.397073,2318.895411,2339.528894,1760370
03-05-2023,2352.968994,2356.754946,2321.403529,2325.473474,1258140
04-05-2023,2372.608887,2375.069848,2347.432213,2353.868377,1150227
05-05-2023,2366.929443,2385.149334,2361.203146,2366.219577,1354871
08-05-2023,2381.647217,2391.632709,2363.521837,2371.661725,972810
09-05-2023,2381.174561,2389.882204,2366.267375,2389.882204,1651327
10-05-2023,2387.704834,2399.346681,2371.756652,2386.095851,2025658
11-05-2023,2453.675293,2459.922206,2388.557106,2401.192582,1749356
12-05-2023,2483.016357,2498.72815,2447.996304,2455.189705,2170011
15-05-2023,2519.787354,2527.8325,2482.685075,2496.787652,1561055
16-05-2023,2532.707031,2535.073251,2508.761071,2527.122845,1477905
17-05-2023,2519.313965,2530.908441,2505.40064,2529.015465,839404
18-05-2023,2486.944336,2526.365465,2481.549401,2522.863506,1434067
19-05-2023,2500.100342,2507.246371,2461.48359,2487.985251,1174757
22-05-2023,2496.929932,2513.351359,2482.685242,2493.995727,768232
23-05-2023,2487.654297,2508.003788,2484.53084,2491.156256,703864
24-05-2023,2475.018555,2496.835148,2468.44051,2479.798365,628872
25-05-2023,2458.265625,2485.619032,2442.459324,2470.333345,1072231
26-05-2023,2510.41748,2514.534565,2463.802948,2464.418072,947073
29-05-2023,2508.477051,2536.161823,2503.507989,2527.122817,698267
30-05-2023,2514.392578,2522.390355,2508.997643,2513.39872,948051
31-05-2023,2524.803955,2536.587684,2496.83519,2514.392588,3388305
01-06-2023,2553.529785,2585.095251,2512.4523,2524.2834,1541080
02-06-2023,2571.32373,2591.673221,2547.614161,2564.982308,1509260
05-06-2023,2551.542236,2576.340174,2540.515513,2571.08712,1000190
06-06-2023,2547.140869,2562.994542,2527.264623,2555.51738,655372
07-06-2023,2570.850586,2581.072702,2535.972643,2546.052647,1428490
08-06-2023,2536.49292,2575.914281,2531.76048,2562.142835,923536
09-06-2023,2495.131592,2545.058833,2479.893274,2545.058833,1413808
12-06-2023,2501.993408,2514.818366,2492.102656,2503.460511,775484
13-06-2023,2532.707031,2552.67802,2486.897107,2488.884824,1787924
14-06-2023,2554.334229,2557.505055,2510.085919,2528.069189,1536248
15-06-2023,2545.768555,2572.080966,2534.836573,2568.720887,1830192
16-06-2023,2570.329834,2578.233101,2539.616347,2545.768519,1748145
19-06-2023,2560.405762,2587.266909,2552.533462,2578.297351,1068263
20-06-2023,2553.583252,2557.686204,2526.865144,2547.762428,1129279
21-06-2023,2554.060547,2582.925648,2546.283529,2562.982347,1201840
22-06-2023,2532.828857,2555.396022,2527.437385,2546.47399,830052
23-06-2023,2520.662598,2538.744984,2507.160272,2529.918467,991214
26-06-2023,2530.682373,2551.770457,2521.187715,2521.187715,758700
27-06-2023,2529.966797,2539.747535,2515.319453,2530.682461,687747
28-06-2023,2539.41333,2564.557074,2521.044629,2531.493272,1397573
30-06-2023,2555.539551,2562.934742,2529.966688,2543.898135,1160181
03-07-2023,2577.390869,2581.971163,2537.695303,2563.984058,980665
04-07-2023,2576.389404,2582.78262,2552.533947,2577.39138,721907
05-07-2023,2629.682129,2633.069417,2572.667596,2576.341196,1717547
06-07-2023,2630.875244,2638.413475,2610.407076,2633.546869,1265020
07-07-2023,2574.576172,2642.850296,2567.80113,2627.058172,1178930
10-07-2023,2534.928467,2587.219672,2529.632509,2585.835869,1518183
11-07-2023,2561.598877,2592.372415,2524.861475,2535.45339,2476367
12-07-2023,2551.245361,2581.112437,2521.521558,2581.112437,2395826
13-07-2023,2533.163086,2564.413733,2529.823322,2562.028187,1495067
14-07-2023,2554.346436,2563.507023,2529.680037,2533.449152,1419016
17-07-2023,2558.926758,2579.442448,2547.762452,2547.762452,912701
18-07-2023,2559.976807,2577.439047,2554.728606,2562.600907,1215904
19-07-2023,2549.289307,2573.43084,2539.078986,2559.928746,1166542
20-07-2023,2579.490479,2591.943073,2536.5029,2546.856261,1430764
21-07-2023,2484.784424,2553.82221,2473.333804,2528.678465,5198952
24-07-2023,2462.121582,2486.644944,2457.111936,2484.784265,1777469
25-07-2023,2450.575439,2468.180952,2444.993403,2462.073816,1653775
26-07-2023,2465.031982,2479.822365,2454.535582,2461.405907,1300033
27-07-2023,2452.197754,2464.74563,2436.119084,2443.75283,2276136
28-07-2023,2466.272461,2475.003464,2447.760488,2452.340782,966450
31-07-2023,2443.562012,2464.650094,2437.073281,2457.159621,2003252
01-08-2023,2434.306396,2455.967105,2428.485572,2452.341029,1758897
02-08-2023,2451.338623,2455.632605,2419.897182,2421.805618,2082908
03-08-2023,2434.496826,2443.800453,2421.042257,2440.842284,1475310
04-08-2023,2429.439697,2441.796777,2418.991054,2434.497101,1359318
07-08-2023,2451.577393,2456.157687,2422.521495,2423.714267,803823
08-08-2023,2448.380859,2466.844842,2438.552365,2451.577351,1002061
09-08-2023,2435.355713,2451.338868,2424.668515,2448.380931,1212549
10-08-2023,2420.56543,2434.592392,2411.882183,2432.350118,1313334
11-08-2023,2387.263184,2420.517549,2384.591326,2418.943182,1472199
14-08-2023,2417.130127,2423.714139,2374.19031,2387.263052,1060479
16-08-2023,2435.737549,2438.075337,2408.828408,2417.988997,1155882
17-08-2023,2426.81543,2443.418733,2417.034693,2435.737463,1532873
18-08-2023,2437.788818,2450.193654,2416.17587,2416.17587,1970819
21-08-2023,2445.422852,2457.01651,2422.807925,2437.789105,977004
22-08-2023,2448.333252,2457.112013,2436.119212,2455.776201,960025
23-08-2023,2456.205566,2465.222882,2445.184299,2457.112027,1136112
24-08-2023,2463.075684,2473.094975,2449.430317,2466.654002,1143934
25-08-2023,2446.186035,2462.550784,2434.68766,2449.478041,802955
28-08-2023,2438.695557,2450.432488,2422.760158,2447.569833,619841
29-08-2023,2410.498535,2441.749185,2406.634137,2441.749185,958564
30-08-2023,2416.032959,2419.89759,2404.630097,2410.498446,1227377
31-08-2023,2390.364502,2423.523587,2377.053204,2416.128395,3235414
01-09-2023,2390.125732,2399.381602,2385.545439,2390.364287,813413
04-09-2023,2386.881592,2398.904836,2377.912033,2398.904836,1143301
05-09-2023,2392.272949,2407.922036,2387.549615,2395.087847,844088
06-09-2023,2407.969482,2410.450543,2392.654235,2398.379543,1094146
07-09-2023,2392.654297,2406.395178,2385.545418,2395.0876,1894798
08-09-2023,2398.713379,2405.63146,2387.024208,2389.361995,1018234
11-09-2023,2420.135742,2422.664327,2394.181056,2398.713592,1121083
12-09-2023,2384.448486,2432.302441,2374.095125,2432.302441,3946716
13-09-2023,2391.79541,2394.133198,2377.91149,2379.819926,1231305
14-09-2023,2386.309082,2398.904717,2378.961648,2396.042062,2081195
15-09-2023,2356.632813,2376.00349,2353.102251,2361.499419,3750697
18-09-2023,2374.715088,2378.818273,2349.285265,2358.207299,1499641
20-09-2023,2353.913086,2366.460961,2333.063327,2337.500348,1795159
21-09-2023,2360.115723,2369.323835,2331.059592,2353.102126,2223720
22-09-2023,2368.799316,2376.003712,2345.468724,2355.010908,1176741
25-09-2023,2362.501221,2385.259185,2347.376769,2368.798921,1122778
26-09-2023,2365.459229,2375.049168,2348.569612,2360.735895,1263548
27-09-2023,2387.215576,2390.125989,2355.964928,2362.644456,1086791
28-09-2023,2347.710938,2386.499816,2340.888137,2385.545597,1612346
29-09-2023,2352.720459,2359.590783,2338.311671,2352.672701,1249567
03-10-2023,2355.869385,2384.591448,2349.094575,2376.003483,1585626
04-10-2023,2393.036133,2396.089584,2352.290831,2354.103985,1587335
05-10-2023,2404.200439,2409.210085,2381.108406,2402.721355,1909928
06-10-2023,2384.9729,2404.629889,2379.820215,2404.582131,1083342
09-10-2023,2396.328125,2401.290013,2367.415268,2371.232141,1468771
10-10-2023,2401.003906,2405.441161,2388.742342,2397.187033,1092373
11-10-2023,2439.363037,2446.56743,2401.051274,2403.055225,1697398
12-10-2023,2439.936035,2450.003084,2422.950904,2438.027599,1625010
13-10-2023,2451.815674,2458.733755,2426.290339,2436.16659,1531977
16-10-2023,2441.17627,2463.791192,2435.737273,2442.798394,954899
17-10-2023,2439.125,2452.341017,2429.869129,2441.176709,1253538
18-10-2023,2431.58667,2453.53369,2423.285018,2452.388674,1084689
19-10-2023,2431.443604,2437.454992,2409.401069,2409.401069,1272343
20-10-2023,2380.91748,2427.101782,2371.280016,2404.629896,3608160
23-10-2023,2369.801025,2395.040052,2366.795331,2379.820317,922707
25-10-2023,2363.884521,2376.003045,2352.147592,2361.737531,1435836
26-10-2023,2363.025635,2376.003094,2343.225609,2348.330769,2650560
27-10-2023,2368.417236,2380.774315,2351.050512,2354.342518,1784812
30-10-2023,2365.411377,2377.911728,2349.666777,2357.873146,875135
31-10-2023,2370.277832,2377.911577,2354.819545,2357.109575,920414
01-11-2023,2359.065918,2379.772406,2353.865475,2371.2322,1267131
02-11-2023,2390.353516,2399.196662,2367.764925,2379.011113,1595123
03-11-2023,2411.933105,2415.05706,2389.39262,2400.1582,1125583
06-11-2023,2400.542236,2420.103088,2394.48676,2417.459742,1338677
07-11-2023,2399.629395,2408.040041,2388.863814,2399.196894,1473411
08-11-2023,2421.641357,2427.072138,2400.830875,2401.119287,745022
09-11-2023,2380.645264,2424.188425,2377.136917,2422.3141,1823094
10-11-2023,2390.113525,2392.084067,2369.735777,2380.933859,771062
13-11-2023,2382.038818,2390.737876,2375.166214,2381.12571,760809
15-11-2023,2389.968994,2405.973392,2379.972435,2404.867852,1457029
16-11-2023,2394.582764,2408.61662,2379.347621,2384.009381,1420578
17-11-2023,2430.724609,2435.242281,2369.398943,2369.398943,1756043
20-11-2023,2409.241455,2436.203629,2403.041655,2436.155522,944231
21-11-2023,2408.088135,2419.382431,2401.119314,2407.847831,1088806
22-11-2023,2424.092285,2426.351238,2406.8866,2410.491163,816610
23-11-2023,2422.169678,2429.715322,2409.001057,2409.001057,1023670
24-11-2023,2417.6521,2422.07379,2410.20267,2417.556119,735137
28-11-2023,2413.182373,2433.560118,2403.041491,2433.560118,1880641
29-11-2023,2427.120117,2430.580356,2410.827542,2414.576193,1265214
30-11-2023,2446.825195,2455.428038,2418.565284,2418.565284,3095684
01-12-2023,2464.2229,2481.813212,2443.412654,2448.699346,1345599
04-12-2023,2501.374023,2507.237304,2475.132763,2477.055196,2188039
05-12-2023,2463.838867,2534.728603,2457.158458,2534.728603,3108717
06-12-2023,2468.067871,2483.495445,2463.598307,2470.326824,1573754
07-12-2023,2420.58374,2460.522338,2401.695928,2452.1598,3925967
08-12-2023,2424.477051,2435.675132,2411.020016,2421.304989,1605805
11-12-2023,2406.550293,2431.830341,2402.080729,2424.477127,2012243
12-12-2023,2405.685059,2420.343613,2400.158063,2403.041713,1677929
13-12-2023,2414.47998,2419.093867,2401.167271,2410.587241,1513205
14-12-2023,2418.757813,2426.880047,2404.195238,2423.563896,2166569
15-12-2023,2425.053711,2433.800877,2409.770458,2422.266276,2543337
18-12-2023,2437.164795,2445.815745,2417.459854,2422.410026,1969036
19-12-2023,2461.387451,2467.395055,2436.68423,2436.732338,1656220
20-12-2023,2458.311523,2473.162273,2448.218749,2473.162273,1468642
21-12-2023,2454.178467,2479.939122,2437.645586,2443.653191,1945695
22-12-2023,2475.709717,2479.698672,2448.02663,2459.945623,1174984
26-12-2023,2484.504883,2491.137184,2467.491394,2475.709844,893776
27-12-2023,2507.141357,2510.697812,2480.803881,2485.70618,1073278
28-12-2023,2531.652588,2537.612084,2505.747845,2512.476362,1635216
29-12-2023,2560.633057,2563.66103,2519.589152,2531.652468,1305681
01-01-2024,2551.790039,2565.87177,2535.689659,2560.537205,526353
02-01-2024,2512.428223,2551.020979,2505.891902,2545.301786,1310629
03-01-2024,2505.459229,2526.654102,2494.885846,2498.201996,1008270
04-01-2024,2492.002197,2521.271196,2487.676722,2505.45923,1376844
05-01-2024,2518.435791,2527.903634,2494.357266,2494.357266,1150738
08-01-2024,2478.256836,2524.154931,2466.96254,2523.145607,1189828
09-01-2024,2479.698486,2488.58974,2471.816557,2482.38994,1017205
10-01-2024,2477.439453,2493.684154,2465.520462,2479.93871,881278
11-01-2024,2437.837646,2488.589933,2433.656495,2479.938983,2399600
12-01-2024,2445.335449,2455.908834,2414.432424,2435.242673,2979841
15-01-2024,2473.402832,2478.737632,2432.839533,2447.257784,1391204
16-01-2024,2469.461914,2484.360773,2457.206401,2473.402762,1599406
17-01-2024,2463.502197,2471.624666,2441.250124,2450.141379,3047652
18-01-2024,2449.180176,2470.326943,2439.135508,2470.326943,1273095
19-01-2024,2465.905029,2474.123478,2433.800488,2465.520637,1323064
23-01-2024,2283.418213,2384.297851,2273.709831,2355.941961,4369332
24-01-2024,2346.95459,2351.039761,2275.343948,2295.385409,1551469
25-01-2024,2334.122314,2372.282567,2326.336366,2359.594554,2364765
29-01-2024,2349.5979,2354.019591,2316.532141,2316.532141,1587091
30-01-2024,2363.295166,2397.802984,2352.385498,2358.825603,1793711
31-01-2024,2385.307373,2389.488525,2347.050901,2354.980939,1445004
01-02-2024,2377.665771,2414.143899,2372.619384,2379.107597,1727534
02-02-2024,2357.480225,2390.44977,2347.291233,2380.933819,1956115
05-02-2024,2325.663818,2369.158874,2319.175606,2368.437962,1315445
06-02-2024,2332.248047,2346.666296,2324.269902,2330.902203,1557511
07-02-2024,2331.382813,2345.272346,2318.021995,2345.272346,1149076
08-02-2024,2323.308838,2347.098951,2305.95883,2347.098951,1758661
09-02-2024,2330.133057,2334.266335,2312.783285,2323.30856,886474
12-02-2024,2293.126221,2335.612181,2289.617874,2330.085186,1292460
13-02-2024,2301.152832,2307.833241,2287.792013,2297.307965,957865
14-02-2024,2295.337402,2301.15281,2278.083609,2292.50186,1397975
15-02-2024,2259.67627,2292.213313,2255.735187,2276.497561,2553695
16-02-2024,2283.130127,2289.61834,2266.164745,2278.035631,2363302
19-02-2024,2294.568359,2302.065897,2281.736257,2296.827312,576683
20-02-2024,2310.861084,2315.042236,2276.353265,2278.179717,1032995
21-02-2024,2313.744629,2328.835683,2301.248813,2310.860979,1127778
22-02-2024,2295.481689,2326.43282,2273.998402,2326.43282,2258516
23-02-2024,2301.248535,2312.206309,2291.492047,2295.913737,1210775
26-02-2024,2311.005127,2313.215972,2287.695623,2298.365222,831596
27-02-2024,2312.014648,2315.522996,2296.490857,2310.813128,1120424
28-02-2024,2327.634277,2330.950428,2307.881228,2317.58961,629152
29-02-2024,2318.743164,2334.60324,2304.276805,2330.95057,2848084
01-03-2024,2316.243652,2344.21515,2310.764765,2323.212473,2326244
04-03-2024,2328.06665,2333.737735,2311.149144,2322.491547,1501261
05-03-2024,2306.775879,2326.144301,2298.365233,2311.726051,1587199
06-03-2024,2307.688721,2315.426561,2283.177699,2310.764567,1354111
07-03-2024,2325.711914,2331.911715,2309.803731,2311.678056,1820704
11-03-2024,2297.163574,2319.415645,2291.107863,2315.570778,2040761
12-03-2024,2285.917236,2292.501664,2269.240269,2287.695581,1012157
13-03-2024,2222.909668,2282.889492,2214.499022,2282.889492,2322669
14-03-2024,2244.056396,2250.880894,2212.576552,2215.460202,2292515
15-03-2024,2237.424072,2246.315327,2226.081668,2239.683025,2751403
18-03-2024,2210.750244,2234.828769,2207.914702,2230.791706,2487402
19-03-2024,2179.030273,2214.547186,2159.709957,2194.698153,4220638
20-03-2024,2154.999756,2177.588349,2153.12543,2162.737597,2995013
21-03-2024,2155.384033,2171.532284,2147.357781,2147.357781,3504486
22-03-2024,2169.033691,2178.117143,2145.483881,2152.212398,3507809
26-03-2024,2153.125488,2171.532695,2145.435754,2145.53197,3027027
27-03-2024,2152.836914,2175.233309,2149.280459,2162.737493,2168861
28-03-2024,2176.531006,2199.16747,2153.221502,2157.93137,3186360
01-04-2024,2197.244873,2205.992038,2174.271891,2181.961623,1427873
02-04-2024,2198.01416,2208.875956,2188.738513,2208.875956,1221495
03-04-2024,2177.3479,2193.352298,2173.358945,2193.352298,1175309
04-04-2024,2177.107422,2193.496211,2162.016369,2181.961612,1890255
05-04-2024,2179.030273,2192.054807,2170.523646,2177.10784,1153449
08-04-2024,2180.952393,2200.176725,2179.270264,2188.690233,1127294
09-04-2024,2176.338623,2186.383525,2168.264497,2182.923051,1189343
10-04-2024,2173.2146,2188.594066,2170.138753,2188.594066,2308993
12-04-2024,2145.724365,2177.01202,2142.16791,2173.215026,3388551
15-04-2024,2108.95752,2141.350475,2105.064545,2141.302367,4909564
16-04-2024,2134.669922,2144.714589,2087.810612,2098.335887,2821129
18-04-2024,2128.902832,2150.914601,2123.375836,2129.143136,3392171
19-04-2024,2145.05127,2156.729959,2110.831861,2133.901062,2337694
22-04-2024,2154.567383,2166.150092,2142.600281,2162.737725,1804108
23-04-2024,2174.99292,2185.325999,2161.487779,2165.621058,1991778
24-04-2024,2172.589844,2180.375792,2158.555987,2178.164947,1404398
25-04-2024,2144.330322,2152.981272,2129.19116,2151.251035,4951866
26-04-2024,2136.448242,2167.543697,2132.555502,2157.93153,2307512
29-04-2024,2139.764404,2147.357922,2133.900889,2147.357922,1395292
30-04-2024,2143.945557,2153.365526,2138.706973,2145.483597,2119102
02-05-2024,2139.956543,2156.201009,2119.53069,2119.53069,2140383
03-05-2024,2131.06543,2148.943919,2118.521505,2145.435572,2595307
06-05-2024,2168.696777,2173.791272,2126.211052,2138.706867,1619256
07-05-2024,2287.118896,2296.923494,2171.388501,2178.117018,8277810
08-05-2024,2250.256104,2280.246014,2234.828531,2274.622803,1813439
09-05-2024,2235.453369,2270.489903,2229.493873,2249.823746,1558987
10-05-2024,2270.922363,2279.044597,2230.983766,2230.983766,2610266
13-05-2024,2269.095947,2289.281497,2256.840435,2281.928283,1170617
14-05-2024,2258.474854,2280.294426,2255.735292,2269.048237,689430
15-05-2024,2233.19458,2264.43412,2227.763565,2258.426516,812282
16-05-2024,2252.274658,2257.032868,2212.095991,2246.36327,1880021
17-05-2024,2230.359375,2260.685576,2225.312987,2260.685576,1264582
21-05-2024,2221.083496,2234.636746,2212.480653,2217.527041,1663959
22-05-2024,2275.103516,2281.928247,2221.083189,2221.371601,1914851
23-05-2024,2290.098877,2294.232156,2263.665417,2275.103802,1614718
24-05-2024,2277.17041,2290.81964,2272.989024,2286.253861,974100
27-05-2024,2292.020996,2306.871746,2270.874231,2277.170246,1116934
28-05-2024,2303.026855,2315.570779,2286.301781,2297.307664,1631747
29-05-2024,2281.351563,2302.113937,2277.506696,2288.849099,1592495
30-05-2024,2260.20459,2280.438246,2243.527623,2276.160879,1837380
31-05-2024,2238.721924,2285.244721,2227.716039,2261.743018,5529186
03-06-2024,2264.530273,2294.856707,2253.380301,2288.656906,1207445
04-06-2024,2399.485107,2412.701836,2251.265551,2281.928267,7826048
05-06-2024,2501.806885,2618.306307,2427.072283,2435.290733,11061076
06-06-2024,2450.718262,2499.163491,2420.343719,2499.163491,4102547
07-06-2024,2477.824707,2495.799414,2427.072413,2456.197329,3974253
10-06-2024,2465.857178,2493.059421,2447.257542,2478.977691,1449122
11-06-2024,2457.206299,2476.766917,2452.352108,2466.481946,1402423
12-06-2024,2430.628662,2468.404526,2419.382473,2468.404526,1754677
13-06-2024,2390.930176,2408.616703,2351.568401,2391.458892,3123098
14-06-2024,2406.799316,2436.547543,2397.724285,2400.247892,1729552
18-06-2024,2413.108154,2424.512486,2400.393442,2406.944867,1820933
19-06-2024,2384.718506,2421.600599,2379.380308,2421.600599,986976
20-06-2024,2409.177246,2416.747829,2374.673028,2384.718641,2163310
21-06-2024,2369.480469,2405.100759,2355.164393,2402.189015,3646215
24-06-2024,2370.354004,2395.249561,2355.64979,2363.365865,1945519
25-06-2024,2360.648193,2374.721625,2356.474646,2367.587993,833789
26-06-2024,2373.654053,2394.424401,2360.842188,2365.306958,1738656
27-06-2024,2389.717041,2410.147828,2364.336431,2377.875995,3402726
28-06-2024,2400.296387,2417.232985,2390.396504,2390.541996,2129791
01-07-2024,2431.403564,2448.776877,2378.021587,2388.649406,3312865
02-07-2024,2412.040283,2441.012233,2406.411101,2441.012233,1305210
03-07-2024,2436.499512,2445.720037,2401.509999,2413.496539,1406405
04-07-2024,2422.522949,2462.219876,2419.562628,2441.061151,1977010
05-07-2024,2472.070801,2478.864871,2422.522573,2422.522573,1754286
08-07-2024,2511.039795,2518.658954,2461.637292,2484.688602,2818809
09-07-2024,2513.951172,2537.099632,2492.45289,2511.039428,1479529
10-07-2024,2533.654297,2548.746886,2497.306069,2505.070721,1764036
11-07-2024,2532.101563,2540.060283,2513.854583,2540.011707,1432671
12-07-2024,2545.107178,2561.849708,2524.482322,2524.482322,1912642
15-07-2024,2543.2146,2551.901256,2536.760091,2550.688029,920101
16-07-2024,2609.359619,2644.834418,2547.33956,2548.698279,3298003
18-07-2024,2657.840332,2670.263823,2576.893928,2620.570097,5569762
19-07-2024,2646.775391,2662.304693,2636.050419,2658.422367,1668862
22-07-2024,2654.831299,2669.050221,2626.053419,2626.101995,1911629
23-07-2024,2684.968018,2728.595605,2651.628451,2665.216591,3906259
24-07-2024,2637.118408,2676.329804,2596.402563,2667.157857,3611927
25-07-2024,2627.558105,2644.689011,2591.452522,2637.118428,2166670
26-07-2024,2631.294922,2646.775649,2608.195036,2643.863904,2135309
29-07-2024,2631.828613,2639.981402,2613.581636,2631.440239,957011
30-07-2024,2612.222656,2673.320944,2606.399168,2635.710915,1560399
31-07-2024,2626.053467,2629.935792,2596.353818,2625.422684,1751085
01-08-2024,2635.662598,2644.785969,2615.91117,2634.158149,1886392
02-08-2024,2613.339111,2678.319492,2602.274341,2632.216873,1738872
05-08-2024,2636.001953,2661.334223,2587.764105,2597.227273,3118731
06-08-2024,2669.147705,2690.209276,2628.965489,2640.078837,2296031
07-08-2024,2663.32373,2700.011752,2655.025213,2699.866023,1713875
08-08-2024,2652.793213,2678.076907,2640.369723,2672.981355,1464161
09-08-2024,2666.381348,2676.863675,2638.62286,2674.922512,1284031
12-08-2024,2667.837158,2682.104658,2642.310819,2657.451984,1297178
13-08-2024,2660.751709,2676.523656,2649.784329,2661.334153,1051237
14-08-2024,2641.971191,2661.86811,2626.975756,2660.363662,946995
16-08-2024,2667.400391,2672.593096,2630.955011,2657.354778,1727926
19-08-2024,2661.868164,2678.562117,2656.529966,2669.147525,1130327
20-08-2024,2670.118164,2675.16514,2654.588861,2661.868222,1097889
21-08-2024,2709.086914,2712.872324,2662.256359,2668.613715,1417729
22-08-2024,2710.639893,2727.333846,2700.254719,2720.491199,1552947
23-08-2024,2732.769287,2738.010332,2689.821057,2716.851609,2111401
26-08-2024,2738.155762,2751.549833,2721.122247,2732.769224,1152244
27-08-2024,2685.501465,2741.018908,2678.367834,2726.363035,1357212
28-08-2024,2683.0271,2699.915123,2664.974189,2678.804975,1723549
29-08-2024,2703.312012,2727.333903,2664.246108,2688.462068,2129934
30-08-2024,2696.275391,2733.448709,2678.902077,2713.454636,4029712
02-09-2024,2707.000244,2726.266144,2697.245853,2711.804575,957950
03-09-2024,2712.095947,2744.75592,2693.363677,2698.216584,2022116
04-09-2024,2757.664551,2760.188157,2690.111987,2698.216437,1640986
05-09-2024,2754.947021,2771.010193,2740.582368,2756.500047,1945173
06-09-2024,2755.432129,2782.123118,2744.901462,2744.901462,1672730
09-09-2024,2835.844971,2851.762412,2759.557173,2769.166071,3342754
10-09-2024,2813.327393,2851.180068,2802.553844,2847.68588,1536584
11-09-2024,2818.714111,2863.215367,2812.842283,2825.945133,1913665
12-09-2024,2869.426758,2876.220828,2809.056642,2825.362457,2454564
13-09-2024,2846.666992,2869.427081,2832.642137,2869.427081,1902001
16-09-2024,2782.75415,2824.392,2724.810249,2824.392,1489057
17-09-2024,2788.965576,2828.176969,2775.959881,2782.75395,1098661
18-09-2024,2791.246826,2808.426071,2777.512956,2789.451156,464796
19-09-2024,2826.090576,2847.977236,2788.820343,2791.634934,1713010
20-09-2024,2890.003174,2901.407505,2810.221196,2838.75643,3641632
23-09-2024,2939.454346,2945.714548,2882.578181,2892.332571,1300470
24-09-2024,2863.749023,2931.155855,2859.429984,2931.155855,1929308
25-09-2024,2862.196045,2873.260815,2819.636192,2863.74907,1055354
26-09-2024,2898.253418,2904.804843,2854.674168,2864.283067,1902889
27-09-2024,2878.987305,2940.861874,2865.884455,2898.253442,2977081
30-09-2024,2871.27124,2909.706125,2856.033158,2876.997576,1627702
01-10-2024,2837.737549,2875.541649,2806.339144,2875.541649,1184642
03-10-2024,2808.232178,2837.106978,2776.930923,2823.179039,1233447
04-10-2024,2764.943848,2828.274286,2734.176464,2805.950913,2456486
07-10-2024,2750.04541,2782.123175,2741.941197,2761.30425,1280975
08-10-2024,2735.874756,2801.097775,2716.365976,2760.333358,1761488
09-10-2024,2687.491455,2742.717682,2679.484158,2740.339568,1476282
10-10-2024,2673.660645,2705.39861,2652.793144,2688.510588,2065078
11-10-2024,2701.322266,2707.922267,2656.530026,2683.463662,679307
14-10-2024,2707.048828,2722.189757,2683.65772,2709.475282,874010
15-10-2024,2699.623779,2716.948753,2683.900407,2710.931196,1082666
16-10-2024,2699.429688,2715.250213,2674.534368,2707.097186,1170797
17-10-2024,2658.082764,2700.157564,2643.329973,2697.682534,1368242
18-10-2024,2637.166748,2659.392967,2614.212356,2658.082587,1137277
21-10-2024,2614.309814,2657.452114,2601.595102,2635.12874,792345
22-10-2024,2602.808105,2630.275607,2595.092031,2606.108224,1272253
23-10-2024,2581.067139,2613.824261,2543.893824,2543.893824,1431962
24-10-2024,2431.403564,2569.128971,2380.448041,2569.128971,9216267
25-10-2024,2453.678467,2465.276868,2426.550763,2428.685995,2761166
28-10-2024,2500.023682,2513.417753,2445.962344,2469.159145,852829
29-10-2024,2472.70166,2509.632331,2461.394481,2509.632331,1695654
30-10-2024,2479.787109,2487.89156,2458.871031,2481.776849,1200637
31-10-2024,2453.872559,2488.085555,2449.84474,2479.787036,1901355
01-11-2024,2462.850342,2471.051707,2437.469733,2469.110545,118532
04-11-2024,2450.52417,2472.071031,2429.850737,2472.071031,1097260
05-11-2024,2447.175537,2455.813617,2433.247599,2445.865157,702046
06-11-2024,2455.374268,2476.386532,2449.777629,2469.611452,1219166
07-11-2024,2430.630859,2464.407254,2421.401333,2455.374054,1322446
08-11-2024,2462.247314,2469.660517,2422.57967,2438.927789,1700877
11-11-2024,2445.89917,2469.316739,2430.189174,2463.523774,1175577
12-11-2024,2416.884766,2451.692179,2411.484454,2449.777571,1624222
13-11-2024,2420.272217,2427.98003,2405.985891,2417.474017,1262017
14-11-2024,2345.89502,2420.02656,2340.494709,2415.804451,2443393
18-11-2024,2378.984131,2381.046164,2332.688834,2357.628356,1374215
19-11-2024,2366.661865,2395.970682,2361.507023,2387.821074,1133370
21-11-2024,2339.611084,2380.80068,2333.032571,2380.80068,1291829
22-11-2024,2400.929199,2407.655137,2334.750938,2347.613353,1696471
25-11-2024,2426.654297,2460.283507,2413.055475,2425.230626,4368045
26-11-2024,2434.263916,2449.728444,2415.804622,2441.186181,982442
27-11-2024,2441.824219,2447.764609,2413.448134,2430.28719,948232
28-11-2024,2417.572021,2493.127237,2408.735149,2440.940689,2540530
29-11-2024,2450.906494,2462.050868,2410.600729,2410.600729,1795164
02-12-2024,2434.2146,2445.358973,2415.951874,2439.958663,1006993
03-12-2024,2437.8479,2446.29188,2421.303214,2435.049461,1641588
04-12-2024,2419.830322,2447.813753,2412.024466,2436.129539,1321495
05-12-2024,2449.38501,2469.41516,2405.642439,2420.91064,2071795
06-12-2024,2438.780518,2450.563014,2430.139972,2449.777467,1308086
09-12-2024,2357.23584,2432.054649,2340.102173,2420.321293,3385021
10-12-2024,2353.897705,2369.26395,2345.01169,2365.041841,2063838
11-12-2024,2357.824951,2365.679949,2341.771204,2361.408698,1718225
12-12-2024,2302.447266,2356.45038,2295.623284,2341.820541,3231056
13-12-2024,2346.778809,2351.148103,2291.155463,2302.447022,2260902
16-12-2024,2323.262695,2349.626127,2320.169886,2346.975113,1247552
17-12-2024,2320.415527,2336.86193,2310.695063,2310.695063,2131569
18-12-2024,2316.438721,2339.807386,2307.454663,2307.454663,988403
19-12-2024,2317.077393,2343.686056,2293.659582,2304.460205,1655915
20-12-2024,2291.597412,2330.479749,2282.515071,2309.467725,2069691
23-12-2024,2296.506836,2309.124023,2273.285593,2294.64137,1066199
24-12-2024,2293.217529,2314.229552,2288.848235,2288.848235,683646
26-12-2024,2290.468262,2299.403418,2282.564122,2289.977324,1033769
27-12-2024,2298.814209,2303.134362,2286.049838,2300.53249,556816
30-12-2024,2301.023438,2316.389681,2282.858755,2299.059688,924180
31-12-2024,2284.675293,2310.007469,2281.140448,2297.58685,1878762
01-01-2025,2280.011475,2294.788498,2278.19491,2282.858816,559893
02-01-2025,2327.042969,2336.517963,2273.530799,2287.767982,1650744
03-01-2025,2362.635986,2370.834736,2321.937328,2338.67834,1274239
06-01-2025,2333.130615,2375.105759,2318.84429,2374.173026,900419
07-01-2025,2347.466309,2358.708727,2332.198108,2334.063574,922768
08-01-2025,2357.481201,2365.336199,2325.079335,2347.662454,953351
09-01-2025,2391.257568,2428.814276,2343.145708,2361.457815,2425267
10-01-2025,2397.787354,2411.484459,2370.049391,2391.257742,1651911
13-01-2025,2406.575195,2415.903006,2365.385594,2373.240593,2595013
14-01-2025,2325.030273,2423.26689,2321.250199,2420.321266,2052741
15-01-2025,2329.989014,2341.673228,2307.504176,2330.872605,1215150
16-01-2025,2302.496338,2336.861955,2283.889859,2333.867189,2762596
17-01-2025,2311.333252,2336.174732,2300.532629,2307.405753,1333005
20-01-2025,2302.692627,2325.079419,2293.315675,2313.738718,1382273
21-01-2025,2298.077881,2334.21092,2290.173741,2310.842253,1842885
22-01-2025,2300.483398,2319.18816,2289.928245,2300.090744,2658047
23-01-2025,2279.618408,2298.863248,2212.998355,2273.039896,3408925
24-01-2025,2325.177734,2337.647496,2280.895086,2290.566649,1688664
27-01-2025,2349.479004,2366.023449,2318.353384,2322.133697,2477358
28-01-2025,2345.551514,2363.372444,2336.321748,2357.481196,1892156
29-01-2025,2340.740234,2352.571873,2321.151881,2341.918436,699576
30-01-2025,2365.09082,2381.046285,2340.78942,2340.78942,1419960
31-01-2025,2424.05249,2434.067565,2357.97227,2357.97227,2116148
01-02-2025,2460.627197,2554.838029,2391.012136,2430.139939,2970999
03-02-2025,2397.688965,2474.324336,2372.700301,2459.596215,2528480
04-02-2025,2393.859619,2405.592974,2359.297678,2405.592974,1992474
05-02-2025,2347.71167,2408.538763,2343.735029,2408.538763,1357416
06-02-2025,2329.694092,2365.28705,2317.518941,2356.499319,1132113
07-02-2025,2321.004639,2338.776427,2293.757615,2336.861819,855602
10-02-2025,2318.648193,2354.535765,2309.418666,2327.926862,1326354
11-02-2025,2273.285645,2334.849147,2254.924634,2328.025165,1389260
12-02-2025,2290.222656,2297.488433,2263.319386,2283.545861,1341909
13-02-2025,2279.422363,2303.085642,2271.420179,2287.866583,1334967
14-02-2025,2276.329346,2323.11558,2271.468874,2279.913093,1135380
17-02-2025,2287.178955,2293.659424,2258.311933,2276.329431,1409168
18-02-2025,2254.384521,2296.163342,2246.529523,2287.179044,1035705
19-02-2025,2209.61084,2263.908561,2207.254436,2257.08458,1521343
20-02-2025,2207.303467,2213.587369,2186.144019,2209.610729,2206196
21-02-2025,2201.019531,2212.703985,2186.045941,2207.303674,1781509
24-02-2025,2200.822998,2210.199949,2178.583632,2189.580581,1627949
25-02-2025,2218.349609,2228.462967,2197.386488,2202.345003,1988040
27-02-2025,2204.259521,2228.511778,2192.62445,2228.511778,1699658
28-02-2025,2150.55127,2208.825634,2146.231116,2204.358056,3683249
03-03-2025,2137.394043,2159.142472,2119.376546,2159.142472,1306470
04-03-2025,2118.247559,2140.486925,2097.284437,2140.437784,1800330
05-03-2025,2131.110107,2152.171274,2111.030816,2112.994565,1145673
06-03-2025,2178.730957,2189.384394,2124.531518,2135.577609,1856868
07-03-2025,2164.592041,2186.340471,2149.520168,2186.340471,1738356
10-03-2025,2207.009033,2226.057308,2154.871387,2167.979511,1242387
11-03-2025,2176.76709,2221.442389,2171.170452,2199.39935,1325891
12-03-2025,2153.153076,2189.531584,2145.396361,2177.160106,1526212
13-03-2025,2135.381348,2169.894151,2125.218848,2145.396423,1845629
17-03-2025,2131.895508,2155.656828,2117.412856,2121.831292,1111886
18-03-2025,2131.895508,2131.895508,2131.895508,2131.895508,0
19-03-2025,2160.173584,2172.741629,2153.693115,2166.997566,1341405
20-03-2025,2201.755859,2208.138045,2148.783764,2163.953681,1426689
21-03-2025,2205.487061,2214.323933,2185.456911,2204.308859,2152415
24-03-2025,2215.305664,2224.928084,2200.381216,2209.463558,1454404
25-03-2025,2230.132324,2250.457085,2202.688971,2209.954749,2229340
26-03-2025,2205.241455,2238.576054,2197.239272,2230.819339,1416907
27-03-2025,2203.965088,2219.920553,2160.124476,2203.523292,3752627
28-03-2025,2217.907715,2254.384263,2199.693892,2206.272404,2280152
01-04-2025,2193.361084,2243.240131,2179.762022,2218.055139,2495962
02-04-2025,2197.337402,2203.032324,2150.354839,2203.032324,1351493
03-04-2025,2203.866943,2212.065453,2180.351092,2185.11304,1310088
04-04-2025,2203.866943,2225.959124,2181.725621,2189.580618,1120226
07-04-2025,2208.628906,2220.60797,2111.030655,2111.030655,3435185
08-04-2025,2247.756836,2264.399565,2211.525753,2227.186607,2774874
09-04-2025,2307.405518,2311.480202,2248.002099,2252.371393,2989089
11-04-2025,2323.262695,2351.442691,2301.858019,2351.197222,3836083
15-04-2025,2318.697266,2356.499444,2302.692659,2356.499444,3042779
16-04-2025,2323.704834,2332.934361,2308.387492,2308.387492,1131979
17-04-2025,2331.952637,2336.763727,2300.630927,2314.377174,1962402
21-04-2025,2308.387451,2329.399474,2306.227375,2325.177605,1478430
22-04-2025,2355.223145,2362.390879,2312.413545,2327.043384,2352346
23-04-2025,2379.868164,2393.810738,2350.019027,2366.318244,2226066
24-04-2025,2283.15332,2442.315068,2275.101996,2379.86798,7065430
25-04-2025,2289.928223,2299.45236,2252.81331,2289.633612,2859858
28-04-2025,2276.574951,2306.423848,2273.040106,2302.496349,1555660
29-04-2025,2279.618408,2290.222703,2270.683492,2285.804267,1896387
30-04-2025,2299.648926,2309.860327,2274.021899,2277.949398,2083807
02-05-2025,2276.574951,2302.496349,2268.130732,2291.79401,1424284
05-05-2025,2306.031006,2312.216625,2277.065702,2281.975076,2074103
06-05-2025,2338.62915,2346.778758,2297.783068,2297.783068,1888125
07-05-2025,2327.828857,2343.636898,2312.609798,2326.061435,1610400
08-05-2025,2312.216797,2328.908668,2298.568833,2318.893593,2323073
09-05-2025,2290.615479,2300.237899,2260.570255,2287.768138,1805685
12-05-2025,2339.31665,2343.735087,2303.576504,2317.224468,1274873
13-05-2025,2317.224365,2354.535605,2310.154915,2332.541707,1929665
14-05-2025,2307.896484,2327.043041,2296.113988,2327.043041,1568111
15-05-2025,2312.51123,2326.944741,2297.586783,2308.976625,3236681
16-05-2025,2338.236328,2343.734922,2306.423684,2317.224305,1473000
19-05-2025,2339.512939,2361.408795,2331.952552,2331.952552,936655
20-05-2025,2298.667236,2351.197539,2296.114266,2351.197539,1617408
21-05-2025,2321.053467,2332.639636,2302.496131,2303.478006,1570754
22-05-2025,2288.455566,2320.268454,2271.174714,2312.315172,2423653
23-05-2025,2316.438721,2321.642705,2287.375374,2294.542867,844118
26-05-2025,2350.706299,2353.84825,2321.250058,2325.079273,892618
27-05-2025,2337.05835,2365.827329,2317.519137,2350.706553,1865258
28-05-2025,2319.188232,2344.716977,2309.369485,2344.716977,897517
29-05-2025,2323.802979,2332.934462,2312.806029,2326.061338,1111275
30-05-2025,2305.736572,2331.854297,2301.023525,2317.224459,3288892
02-06-2025,2328.614258,2340.789409,2301.121765,2305.343634,1178205
03-06-2025,2309.664063,2336.371008,2300.139925,2322.232107,1643913
04-06-2025,2321.642822,2324.68673,2299.648924,2316.733449,3287896
05-06-2025,2333.327148,2336.861994,2306.325592,2321.642934,1787978
06-06-2025,2346.484375,2353.062888,2327.14149,2330.283441,997488
09-06-2025,2349.82251,2355.517431,2335.192672,2350.608057,1293622
10-06-2025,2351.786377,2356.695751,2335.290833,2350.018954,1778782
11-06-2025,2333.327148,2359.34683,2328.319731,2351.786442,1977707
12-06-2025,2290.419189,2344.716911,2281.97521,2343.636753,3339584
13-06-2025,2276.967529,2282.760494,2260.275659,2263.221283,1740682
16-06-2025,2285.215088,2294.248527,2271.174471,2277.949311,1105297
17-06-2025,2286.393555,2290.811991,2271.174497,2277.949336,1119284
18-06-2025,2255.660889,2289.142673,2244.074719,2285.509785,2056563
19-06-2025,2252.616943,2265.970535,2248.787728,2258.410148,1214549
20-06-2025,2264.399658,2271.076455,2250.849738,2253.402708,2685864
23-06-2025,2257.35498,2268.169867,2241.08275,2265.590049,842856
24-06-2025,2245.44873,2283.053027,2242.670521,2277.099825,2440747
25-06-2025,2260.926758,2272.63477,2253.683647,2261.224466,1047270
26-06-2025,2263.010498,2273.130893,2253.882304,2271.047175,1874722
27-06-2025,2288.906738,2292.478756,2261.522156,2263.010456,1050745
30-06-2025,2276.702881,2298.92807,2270.154262,2291.883351,1403754
01-07-2025,2277.595703,2284.640422,2268.765218,2282.060604,759914
02-07-2025,2289.105469,2290.990552,2269.757562,2277.099748,1128034
03-07-2025,2295.356201,2308.750906,2286.029615,2291.982817,1060039
04-07-2025,2321.054199,2323.137674,2292.280391,2299.920284,1242346
07-07-2025,2391.599609,2396.85832,2322.741002,2322.741002,2701583
08-07-2025,2374.037598,2399.636414,2367.389904,2386.638493,1471046
09-07-2025,2404.498047,2420.67096,2378.403373,2380.288457,1741690
10-07-2025,2389.615234,2415.01566,2378.899664,2404.49824,1053695
11-07-2025,2499.947998,2510.266784,2441.804963,2480.500775,7242235
14-07-2025,2496.971436,2512.747324,2470.57881,2480.500813,2427712
15-07-2025,2507.190918,2510.167519,2490.422829,2501.039324,1700294
16-07-2025,2497.963623,2513.144094,2487.942303,2506.595717,1284379
17-07-2025,2490.224365,2505.702545,2486.652347,2493.399358,807474
18-07-2025,2470.181885,2495.284358,2462.144966,2495.284358,771112
21-07-2025,2445.674561,2474.150905,2436.248657,2471.47177,1169960
22-07-2025,2460.359131,2465.617841,2433.470647,2450.734836,861632
23-07-2025,2431.287598,2467.602227,2422.953212,2461.649025,1320795
24-07-2025,2418.785889,2446.765888,2402.116876,2436.744568,693984
25-07-2025,2396.560547,2409.657785,2386.638544,2407.177284,769388
28-07-2025,2422.556396,2429.20409,2393.484879,2396.560554,987995
29-07-2025,2434.462891,2438.332375,2410.749157,2425.731479,732282
30-07-2025,2418.388916,2433.768021,2379.792421,2422.953134,1224146
31-07-2025,2501.5354,2529.118618,2401.224093,2401.224093,5505507
01-08-2025,2533.781982,2706.226452,2517.112968,2530.11089,4259653
04-08-2025,2523.859863,2563.051775,2515.327086,2527.134173,1293028
05-08-2025,2514.930176,2533.087491,2497.665987,2517.708385,756361
06-08-2025,2515.823242,2543.108751,2506.893439,2518.898918,885487
07-08-2025,2497.864258,2524.157566,2475.539751,2515.922255,847151
08-08-2025,2479.111816,2510.167493,2467.205413,2496.376005,839794
11-08-2025,2498.75708,2504.809599,2459.168386,2470.678006,992436
12-08-2025,2464.427246,2516.815472,2460.756153,2498.360449,1406211
13-08-2025,2475.63916,2481.989145,2454.108219,2465.61784,969803
14-08-2025,2461.252197,2489.430589,2453.90977,2479.409269,1104362
18-08-2025,2548.069824,2576.744318,2501.634799,2519.196697,3089136
19-08-2025,2584.483398,2594.603793,2538.445159,2552.137572,1400717
20-08-2025,2648.976563,2659.096958,2568.310625,2578.728729,3156954
21-08-2025,2627.346436,2646.297558,2606.807937,2646.297558,2235686
22-08-2025,2609.387451,2637.764476,2598.572565,2626.354173,1223445
25-08-2025,2611.074463,2622.38545,2594.802232,2622.38545,667598
26-08-2025,2671.598633,2683.90182,2604.129012,2604.129012,4348648
28-08-2025,2633.696533,2726.566584,2626.155956,2726.566584,3198743
29-08-2025,2639.054443,2701.761455,2620.797812,2644.015445,1972773
01-09-2025,2628.834717,2652.449133,2618.714322,2639.054428,1096729
02-09-2025,2656.120361,2671.40015,2624.469267,2628.338751,1525106
03-09-2025,2643.916016,2665.942813,2637.566031,2660.088929,1010692
04-09-2025,2645.801514,2728.550925,2634.787993,2728.550925,2494678
05-09-2025,2612.860107,2652.052018,2603.33513,2646.793551,944879
08-09-2025,2603.434326,2623.973067,2598.37425,2609.486845,903410
09-09-2025,2621.393311,2625.560504,2590.932808,2616.432309,1610956
10-09-2025,2622.881592,2632.208178,2598.572684,2621.393291,1031486
11-09-2025,2601.549316,2636.97082,2593.611714,2623.179332,1212707
12-09-2025,2560.372803,2608.395199,2548.9625,2604.525715,1368380
15-09-2025,2560.868896,2573.172083,2548.367076,2560.372796,752745
16-09-2025,2560.769775,2569.798895,2552.534706,2568.012886,1040928
17-09-2025,2549.656982,2570.890214,2546.48199,2566.822096,970247
18-09-2025,2566.623779,2589.543461,2550.847649,2550.847649,1550153
19-09-2025,2539.635986,2584.384075,2534.873376,2579.720782,2214708
22-09-2025,2552.137695,2567.020701,2540.231291,2548.962703,1174161
23-09-2025,2502.527588,2555.213522,2498.558787,2548.863294,1430474
24-09-2025,2529.614746,2555.908055,2490.422833,2502.527629,1882881
25-09-2025,2518.502197,2547.474399,2512.052895,2526.142092,1624258
26-09-2025,2492.20874,2525.546525,2479.905311,2515.227739,885612
29-09-2025,2478.416992,2497.764898,2423.945293,2475.539708,2403556
30-09-2025,2494.78833,2506.595659,2472.166357,2478.417025,1678088
01-10-2025,2516.418457,2530.11087,2478.417136,2495.780641,1483899
03-10-2025,2525.050537,2528.721872,2488.73615,2516.418443,1242611
06-10-2025,2521.974854,2529.714065,2500.543229,2515.426234,818923
07-10-2025,2497.56665,2539.437456,2488.736164,2520.188867,1291750
08-10-2025,2480.600098,2505.305789,2466.709293,2491.414984,1225128
09-10-2025,2497.963623,2503.321408,2478.814108,2481.493001,1259173
10-10-2025,2509.175293,2515.128495,2486.950103,2490.422804,1018875
13-10-2025,2473.356934,2511.854353,2466.014506,2499.550924,1114750
14-10-2025,2482.782959,2489.629044,2462.938952,2473.555447,1461017
15-10-2025,2499.352539,2512.052751,2483.080551,2483.080551,881070
16-10-2025,2541.520996,2548.466398,2487.545398,2498.161893,1446646
17-10-2025,2583.391846,2594.603757,2540.032741,2545.489843,2050690
20-10-2025,2574.164307,2604.228024,2565.433138,2588.650528,1011485
21-10-2025,2571.485596,2586.368601,2564.937219,2573.767705,82020
23-10-2025,2581.30835,2646.396543,2575.851248,2580.712933,3386744
24-10-2025,2496.772705,2563.845541,2455.19961,2563.845541,3110800
27-10-2025,2492.20874,2505.305736,2486.45393,2496.772716,2127832
28-10-2025,2477.623535,2506.298028,2462.541896,2499.352625,2294976
29-10-2025,2468.693604,2493.994711,2464.625485,2493.00251,1870143
30-10-2025,2450.337891,2477.524081,2435.752353,2471.57088,1195631
31-10-2025,2446.269775,2460.160579,2433.767955,2449.742476,1401937
03-11-2025,2440.812744,2455.596432,2421.266447,2436.94326,1049185
04-11-2025,2426.624268,2444.08709,2422.258683,2440.812781,1251588
05-11-2025,2426.624268,2426.624268,2426.624268,2426.624268,0
06-11-2025,2417,2444.682292,2413.626616,2444.682292,1329256
07-11-2025,2414,2425,2400.600098,2417,817896
10-11-2025,2408.800049,2429.300049,2404,2405,780558
11-11-2025,2427.5,2433.699951,2403.100098,2422.199951,1422399
12-11-2025,2424.5,2434.800049,2416.199951,2430.600098,1680827
13-11-2025,2407.600098,2431,2405,2429,1256059
14-11-2025,2427.699951,2430.199951,2392,2405.100098,975973
17-11-2025,2425,2438.399902,2416,2431.399902,920038
18-11-2025,2404,2422.899902,2401.899902,2415.800049,1229034
19-11-2025,2441.600098,2450.699951,2411,2412,1465143
20-11-2025,2428.399902,2459,2425,2445.100098,1396929
21-11-2025,2433.699951,2443.199951,2413,2436.199951,1840712
24-11-2025,2424.199951,2444.899902,2413,2441.899902,4092327
25-11-2025,2414.100098,2424.199951,2406,2422,1240672
26-11-2025,2425.199951,2427.699951,2409,2412,1242683
27-11-2025,2451.699951,2459.699951,2425,2426.100098,1872248
28-11-2025,2466.600098,2470,2447.199951,2450,973225
01-12-2025,2464.5,2488,2458.800049,2466.600098,1924828
02-12-2025,2477.800049,2484.399902,2460,2471,2179406
03-12-2025,2448,2484.899902,2403.100098,2478.199951,3535932
04-12-2025,2462.199951,2483,2423.199951,2440,2587753
05-12-2025,2338.600098,2422,2286.699951,2422,4008271
08-12-2025,2314,2355.100098,2302,2350.100098,1898154
09-12-2025,2306.5,2330.399902,2298.100098,2318,1471488
10-12-2025,2301.699951,2316.899902,2295,2306.5,2857290
11-12-2025,2305.600098,2313,2292,2296.300049,1108032
12-12-2025,2260.600098,2309,2244.699951,2306.899902,3203114
15-12-2025,2293.5,2299,2252,2260.600098,1274115
16-12-2025,2281.100098,2302.699951,2276,2293.399902,1256042
17-12-2025,2275.600098,2286.199951,2268.300049,2281.199951,808100
18-12-2025,2265.5,2278.300049,2255.300049,2270,1057295
19-12-2025,2280,2284.800049,2263.699951,2263.699951,1237214
22-12-2025,2289.5,2295,2280,2280,790773
23-12-2025,2302.600098,2310,2280.699951,2289.300049,1128801
24-12-2025,2282.199951,2305,2278.100098,2302.600098,519380
25-12-2025,2282.199951,2282.199951,2282.199951,2282.199951,0
26-12-2025,2285.399902,2290,2275,2282.300049,533626
29-12-2025,2293.300049,2298.699951,2280,2288.899902,1086695
30-12-2025,2290.199951,2298,2283,2293.300049,1556717
