Date,Close,High,Low,Open,Volume
01-01-2015,294.0238647,294.9836233,292.2712414,294.3576804,2583280
02-01-2015,302.3696899,303.3711929,293.7734675,293.7734675,8272990
05-01-2015,302.9956665,306.6261191,301.702064,304.8734955,10316090
06-01-2015,290.1430359,300.3667049,288.9328945,299.9494003,13282427
07-01-2015,282.2979431,288.9746205,279.9611214,288.4321385,21254332
08-01-2015,289.9761047,290.8524023,284.7599517,287.9313544,12558144
09-01-2015,285.3024292,292.4380991,281.3381619,292.062539,15701030
12-01-2015,289.2249756,290.1013012,282.6735036,286.0535727,8304115
13-01-2015,284.509552,291.2696895,283.5497936,291.2696895,13100848
14-01-2015,281.1713257,285.2607715,277.9164332,283.1325877,13127934
15-01-2015,294.4828796,297.1118006,290.0595909,293.8986532,16662989
16-01-2015,295.3174744,295.9434173,289.9761433,294.4828931,14726646
19-01-2015,301.1178589,301.9524402,295.0254069,296.6945695,10277015
20-01-2015,306.9181824,308.1700682,300.199788,300.199788,11477610
21-01-2015,307.5024109,309.58885,304.7482844,305.8749649,12457852
22-01-2015,308.6290894,310.7155565,304.2892613,307.877969,9320935
23-01-2015,309.3802185,313.386231,307.711056,312.8854654,13525550
27-01-2015,320.0628967,321.1478608,311.0493962,312.551665,13932787
28-01-2015,320.5218811,328.3252392,318.4771585,319.603839,14787690
29-01-2015,317.3921814,320.3132295,313.4279138,317.2252596,22085259
30-01-2015,301.0343628,318.8110073,295.985131,318.3519862,31372235
02-02-2015,293.6483154,301.0343692,292.1043303,300.7005255,37165959
03-02-2015,289.2667847,297.7795482,288.0148986,293.7735352,25975650
04-02-2015,287.6392517,289.8091794,283.9670836,288.8076765,15639435
05-02-2015,280.0863342,288.1817922,277.7077678,284.5096234,18771838
06-02-2015,274.8701477,283.7584695,273.4930846,280.4201448,17811770
09-02-2015,267.108551,273.3261798,265.8149207,273.3261798,15330887
10-02-2015,276.2889709,279.5855514,264.0622957,265.8149191,31301276
11-02-2015,279.3351746,283.7167186,278.7092317,278.8344091,13732188
12-02-2015,283.0491028,284.8851872,275.4126658,282.256266,14372362
13-02-2015,286.9716187,288.6825255,283.9253931,287.096796,9926537
16-02-2015,282.1310425,289.5588407,280.7539792,289.5588407,11084024
18-02-2015,285.7614441,287.0967626,283.5080555,283.5080555,8830098
19-02-2015,282.5483093,286.9715977,277.2904118,283.8419115,10326464
20-02-2015,276.2054749,280.2532031,274.1607245,279.5855158,17197010
23-02-2015,274.578064,279.1682747,272.9089015,277.9163889,12236793
24-02-2015,272.1160583,276.5810921,270.8224559,274.9953624,12177664
25-02-2015,269.1532593,276.2472134,268.1100118,273.4096261,18029910
26-02-2015,268.1517639,271.6152942,267.1919773,270.9893512,18356309
27-02-2015,279.7941895,281.2964299,269.5705214,270.9058681,17157486
02-03-2015,291.3114319,293.7317424,284.2174782,292.8137004,16237130
03-03-2015,290.9776611,291.687037,287.1802869,290.4351791,16309976
04-03-2015,291.5617981,302.1192812,288.8076721,300.450119,27007377
05-03-2015,290.2265015,292.0208693,283.8419508,289.099821,12677758
09-03-2015,277.7494812,286.2205273,276.8731835,285.4276625,13711772
10-03-2015,278.4588318,281.9223616,275.7047057,277.6659951,15690129
11-03-2015,277.6242676,281.212975,274.5780421,278.4171323,11762499
12-03-2015,282.2562561,283.508114,279.2934632,281.7137741,12265104
13-03-2015,275.5795593,288.7659647,274.5780563,287.9313835,14368069
16-03-2015,276.6228027,277.9164051,271.7822089,274.9953566,12496540
17-03-2015,279.4603577,280.8374208,275.5378065,277.0817915,11214858
18-03-2015,279.4186401,280.8791642,276.2889537,277.9998325,9603665
19-03-2015,275.5795593,284.9269024,274.0355743,283.3411729,15488184
20-03-2015,265.898407,274.7867302,264.3127053,274.4946309,23389273
23-03-2015,261.8923645,269.069779,260.7656562,268.7776798,11517028
24-03-2015,260.3066406,264.2709361,258.2619182,259.1382438,18209548
25-03-2015,264.4795837,266.232207,259.6389905,260.3901108,15109255
26-03-2015,257.0101013,261.8089507,252.5450677,259.5555616,34971712
27-03-2015,262.5183411,263.8954043,257.2604429,261.2247107,17383920
30-03-2015,265.981842,266.6495294,261.5168367,263.9788359,14140124
31-03-2015,263.3111877,269.3619229,261.892408,266.1487753,14317689
01-04-2015,269.6957397,270.7389592,262.1010202,262.8938849,9190830
06-04-2015,268.1100769,271.6153524,266.5243751,271.6153524,10512775
07-04-2015,264.8968811,269.946113,262.8939029,269.5288364,9849292
08-04-2015,262.977356,266.8164183,262.5183349,266.148759,9158573
09-04-2015,267.5675659,268.6525019,264.4795958,265.397638,13516230
10-04-2015,265.6480103,268.443853,264.7299682,266.6495133,9053218
13-04-2015,264.4795837,266.9833273,263.7284635,266.9833273,8810668
15-04-2015,262.8938599,268.9863103,261.2664141,265.6897024,11297754
16-04-2015,260.8074036,263.7284515,258.8461421,263.6449906,9682703
17-04-2015,258.8044128,262.8521414,257.2604278,262.1010211,11639567
20-04-2015,259.6807556,265.0638032,257.3021893,261.1412798,11663690
21-04-2015,259.4303284,264.2291767,258.6792082,259.5555057,9953639
22-04-2015,261.1829834,262.8938903,253.2127035,261.4333662,12256206
23-04-2015,260.2649536,263.645023,258.5123302,262.2679598,10352840
24-04-2015,257.260437,260.8491446,256.3006784,260.7656837,13482295
27-04-2015,252.2946625,260.7656799,247.6209909,259.3051838,24819034
28-04-2015,272.7836914,274.2442155,255.0487916,255.0487916,37447522
29-04-2015,275.5377808,279.4186151,271.3231308,273.5765194,24501414
30-04-2015,276.3724365,278.4171874,271.406665,276.2472591,20787994
04-05-2015,274.8284607,281.1712951,272.2412279,277.7077647,11308400
05-05-2015,274.1190186,276.163741,272.9923382,274.8284223,10109107
06-05-2015,260.5153503,282.0893424,258.8461878,272.8254593,19967506
07-05-2015,254.2142181,261.2247117,250.8758932,260.5570524,16086181
08-05-2015,264.5630798,266.1487815,258.7209828,258.7209828,15672276
11-05-2015,269.9878845,271.90743,266.3157155,267.1085804,9605442
12-05-2015,257.2187195,270.405125,256.2172164,270.0295649,13692241
13-05-2015,265.1055603,266.3574182,255.7999328,261.3499305,15431501
14-05-2015,262.8521423,265.3558859,259.7642003,265.1472476,11672149
15-05-2015,260.6822205,264.1040058,259.179952,263.1442193,12014773
18-05-2015,263.9371643,264.4796464,261.1413209,262.8939446,7629436
19-05-2015,263.1859741,266.1487386,260.3901035,262.0175493,9064851
20-05-2015,266.0236206,267.9014216,263.9371533,263.9371533,7555070
21-05-2015,261.6837158,267.7344504,260.97434,267.2337129,11132704
22-05-2015,261.7254639,265.5228097,260.1814789,262.8938887,8944914
25-05-2015,260.5153503,262.1427684,259.5138472,260.3901449,5481212
26-05-2015,258.4705811,261.2247075,257.5942834,260.3901263,5505501
27-05-2015,261.349884,262.7269471,256.6344684,260.2232037,12557150
28-05-2015,262.476593,263.7284789,259.9728493,262.2679547,11520281
29-05-2015,264.771698,266.1487612,262.7269754,264.6465206,22664703
01-06-2015,264.1040039,266.2321871,263.7284438,264.5630249,7621775
02-06-2015,254.1307068,264.9802887,252.8788492,264.5630122,13982208
03-06-2015,246.828186,253.9221412,242.6969959,253.9221412,22831293
04-06-2015,246.2763367,248.5684769,242.3287919,247.7195435,20759124
05-06-2015,241.1827545,248.2289112,240.2489248,247.2101853,23735127
08-06-2015,240.376236,242.4985838,237.9992138,242.4985838,21145729
09-06-2015,243.7295227,244.3237675,239.4423934,240.1639967,19411474
10-06-2015,248.3137665,249.8843032,243.3899301,243.6446187,17487792
11-06-2015,244.9180298,252.30377,243.2201631,251.2850442,21760535
12-06-2015,251.2425995,252.1339953,243.7719626,245.7669804,20748570
15-06-2015,254.0016479,254.9779114,248.9080191,250.436122,17020704
16-06-2015,256.4211121,257.2276116,249.5022865,252.1764167,15828124
17-06-2015,255.8268738,258.3312116,254.7232518,258.2887778,16849471
18-06-2015,257.5247498,259.519739,256.6758163,258.5434756,15455462
19-06-2015,258.5434265,259.7743783,255.0203349,255.0203349,9060393
22-06-2015,267.4572754,268.1788787,259.8168465,260.1139689,17123638
23-06-2015,266.1414185,268.9429071,264.8680042,267.3723704,13093667
24-06-2015,269.7494507,271.9991287,265.4198585,266.3112544,14984900
25-06-2015,267.2450562,271.3623931,265.8867456,268.5609044,18385230
26-06-2015,264.6133423,267.4572647,261.9391837,267.4148309,11342004
29-06-2015,264.1888428,265.716917,254.8081143,256.3786223,11605396
30-06-2015,261.4723206,266.2263653,258.1190203,263.2126499,15125139
01-07-2015,265.0377808,266.1414026,262.0665,262.0665,15481941
02-07-2015,265.71698,267.7968941,264.1040092,266.8206021,9252723
03-07-2015,267.0328369,267.839308,263.9341971,264.6558005,5716323
06-07-2015,267.5421753,268.9004858,259.1377091,262.4061126,8562220
07-07-2015,265.3773804,269.9616319,264.4859847,266.5658985,10617091
08-07-2015,261.090271,264.528467,260.0291114,261.8118744,13252578
09-07-2015,262.7457275,263.9766797,259.5197575,260.6233796,6959346
10-07-2015,265.8442688,267.3299091,263.3823367,265.2924579,10664155
13-07-2015,268.6033325,269.282502,265.5471837,266.9903619,8964077
14-07-2015,266.098999,269.1976102,264.9104809,269.112714,8304877
15-07-2015,267.1176758,268.26376,266.0140824,266.4809972,7378092
16-07-2015,269.1975708,270.1738341,266.905431,267.2025534,13466904
17-07-2015,269.494751,272.5084662,268.7307137,269.9616658,9339699
20-07-2015,268.0939636,271.4896969,264.9528904,270.7681221,9420104
21-07-2015,264.401123,269.5371862,263.5097557,269.5371862,10702263
22-07-2015,268.9429321,269.7069694,263.0003696,263.849303,11141670
23-07-2015,265.6320496,269.7069236,265.0802386,268.9853204,15214876
24-07-2015,255.1901703,264.6982587,254.0865483,264.6982587,21177605
27-07-2015,247.1252594,254.5534624,246.276326,254.5534624,11212545
28-07-2015,241.9467316,250.7332154,239.9941764,247.6346046,25395273
29-07-2015,245.5547333,246.1065157,241.1402457,244.0690928,13165836
30-07-2015,247.040329,249.290035,244.0690767,246.1913957,13705803
31-07-2015,256.7182617,262.2363435,249.6721054,249.9692278,38967790
03-08-2015,265.6320496,266.565879,258.2462815,258.4585362,28709585
04-08-2015,266.6083984,267.6271244,260.665835,266.1414836,16797983
05-08-2015,264.3161621,271.4896752,262.3211732,267.2025466,13798462
06-08-2015,264.0614929,265.589567,261.0053162,265.5046709,12210084
07-08-2015,263.2975159,265.334939,261.8543091,263.0852611,6215341
10-08-2015,262.8305969,266.5659153,260.750683,263.1701532,7698226
11-08-2015,256.5909729,263.0853193,255.3175582,263.0853193,10431195
12-08-2015,247.5921631,254.8081395,246.2763149,254.680781,10292540
13-08-2015,247.8044281,253.5771696,246.9130323,250.6483507,13754705
14-08-2015,256.888031,257.9067568,247.9317538,249.799413,9669851
17-08-2015,257.1427307,258.6708052,252.0066678,256.3362311,8331141
18-08-2015,255.6145935,258.2462896,252.7282088,257.2275925,5936462
19-08-2015,258.5009766,259.2650137,255.1052433,255.5721581,8754270
20-08-2015,253.1951447,260.4111212,251.1577216,254.8930399,15936951
21-08-2015,251.7094879,252.898006,245.0029174,249.3749141,13769807
24-08-2015,229.1702728,241.8194349,227.0903874,239.7395209,33312582
25-08-2015,240.6733398,241.437377,226.7932406,234.77324,26553623
26-08-2015,236.0466461,239.6121864,234.0516569,237.659631,16189880
27-08-2015,239.7819672,241.5222677,237.8718457,240.0366272,27884874
28-08-2015,240.8431396,245.5971838,239.1028105,241.9891955,14365759
31-08-2015,235.9193268,241.3949603,234.6034643,240.1640082,15079961
01-09-2015,230.0191956,236.3862244,227.7695178,233.4573914,17342438
02-09-2015,224.8406982,234.9430459,223.3550719,234.3063387,18825908
03-09-2015,226.538559,229.0429109,222.1665337,228.0666333,16509187
04-09-2015,218.8132324,225.0529167,216.1815362,224.8831244,21605844
07-09-2015,211.4699402,221.7845131,210.2814364,220.7657874,21698736
08-09-2015,221.4025116,222.6759117,211.5548527,213.7620824,18300349
09-09-2015,224.5860291,228.3637957,222.9730441,227.4724142,24478703
10-09-2015,227.0054779,229.2127075,217.5398381,220.7233453,13718266
11-09-2015,227.1328125,229.1278159,224.4586681,226.9630344,14872838
14-09-2015,231.2501526,232.0141897,223.3550497,226.029194,13300446
15-09-2015,227.9393311,231.7595459,226.4961385,231.7595459,14825729
16-09-2015,231.6322021,232.5660318,228.4062465,231.3350655,13377086
18-09-2015,235.8768616,242.2438762,233.2875991,236.2164321,21286324
21-09-2015,237.1078186,237.9992001,230.0616486,230.8257001,11510079
22-09-2015,229.6796265,237.9991964,228.4486745,236.004193,14741229
23-09-2015,232.0566711,233.4574156,224.2464633,226.6234856,12489166
24-09-2015,227.7695465,232.2689025,226.6659244,230.4012432,10557228
28-09-2015,227.5997009,231.5048111,226.1989567,230.9105521,8561999
29-09-2015,228.3637848,231.462396,217.6247444,223.8644149,29415623
30-09-2015,229.5098572,231.1652903,225.5623123,230.3163568,13700514
01-10-2015,226.7507935,232.1415447,225.859412,232.1415447,7677876
05-10-2015,238.5085754,239.3999712,231.2501788,231.2501788,13756761
06-10-2015,240.0366364,241.8194278,237.7020766,241.0978245,10497246
07-10-2015,240.2488708,240.9280118,235.3250348,238.4660938,7765703
08-10-2015,236.3862457,239.7395314,235.2826237,239.7395314,6649535
09-10-2015,242.8805847,244.4086591,238.1689888,238.9754741,11102562
12-10-2015,244.1540222,247.4648599,242.1590044,244.2388899,7892259
13-10-2015,244.0266418,245.9367633,241.5222755,242.7107937,6102034
14-10-2015,240.1640015,242.1165569,239.3575019,240.6309163,5325426
15-10-2015,243.0928345,243.6446455,240.8007227,241.0978451,6759388
16-10-2015,245.7244873,248.4835419,239.8668503,243.2201497,8890588
19-10-2015,243.8144073,246.1065189,242.4560969,245.6820664,5806930
20-10-2015,242.9654846,245.7669734,241.352514,243.2201732,8710318
21-10-2015,239.9941864,244.3662116,236.683335,242.4136564,5616168
23-10-2015,243.0079193,245.3424933,241.6496373,242.7532592,8208290
26-10-2015,242.2438812,245.9791996,240.8855992,244.2813328,6085533
27-10-2015,240.8431396,242.7107988,239.4848576,241.0978282,6090339
28-10-2015,230.2314301,238.2963254,228.4486672,237.7020664,15503186
29-10-2015,230.4436493,232.8631193,229.5098198,231.1652526,9035266
30-10-2015,235.1552582,237.4049359,229.637177,231.1228175,27623495
02-11-2015,237.3200378,238.805664,234.0516346,235.1552422,11398428
03-11-2015,237.2351685,239.9942092,236.1739946,238.0416538,9079788
04-11-2015,232.0566711,238.5085826,231.3350677,238.5085826,7389933
05-11-2015,229.2551575,232.1839904,228.1515355,230.9105761,11422504
06-11-2015,226.7507935,229.1278155,224.7558043,229.1278155,12121540
09-11-2015,223.3975067,224.9680435,217.3276141,220.129103,13448248
10-11-2015,223.1003723,226.1565496,221.1053689,221.9967504,8652695
13-11-2015,222.2089996,223.2701735,219.8744256,221.0204957,10160904
16-11-2015,226.8781433,227.8119729,220.3837842,221.5722882,8992376
17-11-2015,227.3874969,231.2077114,225.010475,230.6559004,17959700
18-11-2015,221.1053467,227.7270492,220.2988615,226.6658755,9500657
19-11-2015,226.1565399,227.5148361,222.9305704,223.2701551,9618626
20-11-2015,224.9255981,229.4249682,223.6946461,224.6284757,9819811
23-11-2015,225.7745514,227.3026403,218.4312579,225.8169995,12735592
24-11-2015,223.567276,225.3075908,220.4262169,223.567276,11775700
26-11-2015,224.1190948,227.260154,223.4823877,223.4823877,13255344
27-11-2015,229.2551575,230.0616428,224.4586654,225.6047354,11608418
30-11-2015,232.2264404,235.5797259,227.6846226,227.6846226,16528998
01-12-2015,232.5235901,234.9430605,232.0142271,233.4998679,6603705
02-12-2015,229.5522766,233.7969577,227.9817542,233.0753686,7161062
03-12-2015,225.647171,229.2551448,225.052912,228.0666267,8549273
04-12-2015,221.9543152,224.1190967,221.4025042,223.3126114,9085607
07-12-2015,223.3126221,224.5860222,222.0816558,224.3737817,5522740
08-12-2015,221.9543152,222.8456967,220.4262265,222.2089895,11624224
09-12-2015,220.2564392,222.378787,219.3650577,221.4025093,8129762
10-12-2015,219.8319702,222.3363365,217.3276039,221.4449551,11053207
11-12-2015,211.63974,221.6571766,209.814529,221.1902618,18851171
14-12-2015,211.3850555,213.8894219,207.9893077,209.9418631,13279719
15-12-2015,209.1778412,210.4512414,206.3339041,210.4512414,13675557
16-12-2015,213.9743195,215.2052715,206.8432533,209.8994164,18885293
17-12-2015,214.9081421,216.7333531,212.3188796,215.5872831,17692297
18-12-2015,212.3188629,214.7807809,212.1066367,214.0167438,14450734
21-12-2015,219.1952667,220.2988887,212.2339928,212.318889,14307700
22-12-2015,220.3413391,223.6946389,217.7096427,217.7520908,21342967
23-12-2015,222.2938843,223.2277138,219.9593104,220.3837771,11533960
24-12-2015,218.983017,223.7795087,218.431206,223.2701459,6097366
28-12-2015,224.1615448,224.9680301,220.7233489,220.765797,12041784
29-12-2015,224.7558136,226.24144,221.9967586,224.1191064,9054719
30-12-2015,222.7183685,224.5011316,222.2090056,223.4824058,10025565
31-12-2015,221.8694153,223.9917487,220.8506895,222.5061082,8546444
01-01-2016,223.2701721,223.779535,219.0254908,221.8269796,5998096
04-01-2016,216.9455719,221.8694081,216.1815347,221.5722714,9435792
05-01-2016,217.921875,218.6010303,213.6771936,217.5398564,8966977
06-01-2016,212.3188629,217.9642879,211.5548258,216.8182322,17416181
07-01-2016,209.4749451,210.2814446,206.376334,209.1778227,18240712
08-01-2016,208.0317688,210.3663429,206.6734724,207.564854,14404391
11-01-2016,203.2777252,207.0554774,202.0892071,205.3576106,14208668
12-01-2016,200.9855957,205.3151733,200.0093322,204.5935842,11895899
13-01-2016,203.3201599,206.2065448,196.189108,201.8769817,18215710
14-01-2016,200.1366577,203.5748537,196.7833579,198.8208095,14600781
15-01-2016,190.5436859,200.603571,188.25156,200.0093262,22333902
18-01-2016,189.3975983,194.151642,184.8982431,190.3314278,30239009
19-01-2016,194.1940765,196.3164097,190.713433,190.713433,16222439
20-01-2016,190.5012512,193.4725326,186.8508288,190.925718,14353478
21-01-2016,192.114212,198.2265526,190.331449,193.9818713,15665863
22-01-2016,197.589859,199.4150701,195.0854926,197.4625147,15148522
25-01-2016,200.3913422,202.4712276,198.8208054,200.306446,17137268
27-01-2016,201.4524994,203.1503804,199.2452697,202.0467585,12155561
28-01-2016,197.9718628,203.3625996,196.3164299,202.5136662,24258166
29-01-2016,195.3826141,198.9057063,185.916988,185.916988,47755494
01-02-2016,184.3889008,193.0056078,183.2852788,192.7084711,40395715
02-02-2016,178.6161194,186.5112225,178.0218746,185.0680443,31821419
03-02-2016,173.2254028,177.2578439,171.9520026,175.7297694,23592288
04-02-2016,173.1404877,175.2203873,170.2116547,175.2203873,30869158
05-02-2016,177.7671814,179.1254776,172.8433594,174.4563299,36189377
08-02-2016,177.0455933,182.9456929,175.0081418,179.1254785,19366081
09-02-2016,177.7671814,179.5499443,170.4238894,173.1829299,20906682
10-02-2016,175.9419708,177.852078,171.4850636,172.4188932,22742128
11-02-2016,169.1505127,175.6873203,168.0893387,172.9707133,31817116
12-02-2016,164.311554,168.4288908,161.7223058,166.9008022,41775526
15-02-2016,172.7584839,175.9844395,164.6086914,164.6086914,34130349
16-02-2016,166.9007874,175.7297335,165.9669579,175.7297335,20895952
17-02-2016,161.9345245,167.3677093,160.3215541,166.8159126,28792115
18-02-2016,166.5187836,168.9382536,164.0144316,164.2691059,32260277
19-02-2016,168.7684631,171.0181551,165.7547482,166.221663,17617480
22-02-2016,168.471344,170.8908141,166.7734772,167.6648587,17567788
23-02-2016,162.9957123,169.2778309,161.5100717,169.2778309,20001984
24-02-2016,158.7510071,162.3165325,157.7747295,160.4488736,20654961
25-02-2016,155.3552856,160.4489004,154.1243336,159.3452927,38340699
26-02-2016,156.8833618,157.8596394,153.4451661,156.4588951,24687792
29-02-2016,161.3402557,166.3065396,154.2516529,156.8833489,43510436
01-03-2016,173.9894257,175.26284,165.7547518,165.7547518,27223692
02-03-2016,186.7659149,187.9544188,179.2103821,179.719745,40766551
03-03-2016,185.0680389,187.0205799,181.8420694,185.5773875,22903720
04-03-2016,187.1903687,190.50122,185.9594168,188.2515424,24493722
08-03-2016,184.0917816,186.7234781,181.9269857,186.7234781,18883002
09-03-2016,183.6673126,184.9831609,178.3190092,180.6535833,17300650
10-03-2016,182.945694,185.7896307,182.1816568,185.0680416,13551255
11-03-2016,181.5449829,185.5349904,180.4838089,181.1205162,14879621
14-03-2016,188.1666718,189.1429495,185.6198572,185.9169939,16726756
15-03-2016,187.911972,190.8832532,187.1903829,189.1429383,13475557
16-03-2016,192.1990967,193.0480301,185.5349597,186.6810155,17144832
17-03-2016,193.3451691,200.5611171,190.968147,195.2552763,32391146
18-03-2016,195.4250336,196.4862073,191.9868523,193.727167,18370981
21-03-2016,199.3726196,200.0093268,196.4862346,196.5711308,14818419
22-03-2016,198.3114319,199.1603652,195.7646318,199.1603652,12269251
23-03-2016,198.8207855,199.4999407,195.9344009,196.4862118,16987529
28-03-2016,191.3926392,198.6510362,190.0767908,198.6510362,20214214
29-03-2016,189.652298,192.6660129,188.8033646,189.5674018,20447782
30-03-2016,201.6222992,202.8956993,192.5386917,193.9818699,23016348
31-03-2016,200.9006958,204.8906883,198.3963296,202.2165439,30614104
01-04-2016,202.3014374,203.277715,197.5473935,200.3488821,15677352
04-04-2016,202.6834564,204.6360117,199.2028126,203.9568564,16716587
05-04-2016,191.5199432,201.6222754,191.0105804,200.6884459,26547328
06-04-2016,188.9307098,193.5574099,186.8508243,192.9631651,19185947
07-04-2016,187.0205688,190.3738682,186.0442913,189.1429163,17724531
08-04-2016,187.8271027,189.9918844,186.3839101,187.2328435,9986871
11-04-2016,190.7559204,191.1803871,186.0018903,188.6335868,19813955
12-04-2016,194.1940765,196.0192873,189.991844,190.4163107,20594261
13-04-2016,204.2964478,207.3101771,197.8445366,197.8869847,26283492
18-04-2016,201.3251495,207.0979045,199.1603539,206.715886,17531597
20-04-2016,202.0892029,203.405051,198.7359032,202.9805843,18650423
21-04-2016,214.8232574,218.8556983,209.0504874,209.0504874,36699098
22-04-2016,213.9318848,218.1765663,212.403796,217.5398591,25884500
25-04-2016,214.7383728,216.7758245,213.210284,214.8657171,18121694
26-04-2016,215.6721954,216.2240064,209.2627323,212.9556028,30185498
27-04-2016,207.6497498,213.0829494,206.5036939,212.9980532,36932788
28-04-2016,203.8295135,210.5361127,202.895684,208.3288831,41386507
29-04-2016,201.1553955,207.4799769,196.3589029,204.3813512,71191415
02-05-2016,192.4962616,195.6797693,191.3501914,192.9631764,36440547
03-05-2016,187.6997375,195.2552701,186.765908,191.6472819,29305611
04-05-2016,182.0543213,187.4450583,181.2053879,185.4500691,36781786
05-05-2016,182.2241058,186.6810131,181.4600544,181.9269692,27512684
06-05-2016,185.5774078,186.9781523,180.9931559,181.6723112,22266141
09-05-2016,191.265274,191.8595331,186.0018813,186.426348,19006901
10-05-2016,191.4350739,193.1329407,188.9731555,191.3501777,22357177
11-05-2016,190.1192322,192.326462,185.6623101,186.7659322,32481385
12-05-2016,196.7833405,197.71717,193.7696257,193.9818519,23932051
13-05-2016,192.2839966,195.6372963,189.6523002,195.6372963,23963285
16-05-2016,189.9494324,193.3027323,184.8133694,193.3027323,21535308
17-05-2016,191.8170776,193.1329258,188.6760185,191.3077148,18859442
18-05-2016,192.2415314,193.0904647,188.2939872,189.3126986,17541869
19-05-2016,191.4775085,193.9818606,190.3314385,192.2415457,16422069
20-05-2016,186.8507996,192.1141919,186.4263329,191.435051,14666521
23-05-2016,187.6997375,190.0767595,187.0630304,188.5486709,14239474
24-05-2016,190.6285706,191.1803673,188.1242043,188.9731377,10907585
25-05-2016,199.4999695,200.0093324,192.368903,192.6660254,20767970
26-05-2016,204.7209167,206.2914536,197.8020907,200.264009,33650773
27-05-2016,206.4187775,210.7059066,202.1316483,202.8956855,26582685
30-05-2016,207.5648499,209.3476271,202.7259236,206.5036902,15860236
31-05-2016,207.6921997,211.3850702,204.8482627,210.9181554,18249239
01-06-2016,203.7870636,208.3713293,202.9805783,207.055467,11862710
02-06-2016,204.8907013,205.7820828,201.7071939,202.980594,15349530
03-06-2016,206.9281311,209.1778087,205.4424907,206.2065278,16566716
06-06-2016,206.7159119,208.8382596,205.4425118,206.6310157,11592082
07-06-2016,215.7146149,216.351322,207.734616,208.4137712,25311345
08-06-2016,218.728363,221.7420925,214.6110258,216.6484775,25139392
09-06-2016,216.0966339,220.0866405,214.9505782,218.1765334,13787240
10-06-2016,214.4412384,218.7283536,213.5074088,214.7808089,13236448
13-06-2016,206.9281311,210.8756753,205.8245092,210.8756753,14297870
14-06-2016,207.9468689,210.0692023,207.3950579,209.6871837,11988708
15-06-2016,210.4936676,211.5548414,205.1029308,208.4137823,15761615
16-06-2016,207.1146851,211.1434861,206.2482803,211.1434861,17042021
17-06-2016,206.5948334,209.843873,203.735689,209.1940621,15150943
20-06-2016,206.2916107,207.4612674,202.4360963,202.4360963,17780316
21-06-2016,206.0749969,208.8041909,204.6887464,208.15438,12191664
22-06-2016,207.0713654,209.9738315,204.2988643,205.4251992,13478056
23-06-2016,208.7175446,209.1940686,204.5154713,207.1146856,7979235
24-06-2016,200.0968018,201.7862897,191.5626896,198.4073138,33755632
27-06-2016,201.6130219,203.0859159,198.6672338,198.6672338,13172968
28-06-2016,202.0028992,202.9126257,199.2737196,199.7935654,11302737
29-06-2016,205.0353088,206.464881,202.9559259,204.385498,7959976
30-06-2016,208.4142914,210.3636947,207.3312782,207.5045505,16851065
01-07-2016,208.2410278,210.2337676,207.5478953,209.4106699,9108853
04-07-2016,214.9989929,215.6921109,209.5839415,210.623633,10389222
05-07-2016,212.3564606,217.5549039,211.8799365,217.2949883,10375132
07-07-2016,212.1398621,214.0459584,211.4034078,212.2698126,8365966
08-07-2016,209.6272583,211.8365918,207.5478754,211.8365918,7658211
11-07-2016,216.4719086,217.2083483,213.6560856,213.6560856,9682385
12-07-2016,226.7388153,227.1720177,217.2516555,217.9880952,28558549
13-07-2016,226.2623138,231.9372816,224.4861825,228.9481718,28248930
14-07-2016,232.7170258,233.5834305,224.9626758,226.1323178,14269365
15-07-2016,230.247757,233.8000192,228.2116957,233.4967819,11510449
18-07-2016,228.2117004,235.0130023,227.4752608,230.2910834,14310274
19-07-2016,233.1935577,234.3631998,228.0817435,229.5979591,14880049
20-07-2016,231.7640076,232.3704822,229.9878616,231.3307906,7892214
21-07-2016,226.9121094,233.0636008,226.3922636,231.2441479,12060367
22-07-2016,228.2550354,229.0781185,224.269556,227.3019872,8537587
25-07-2016,232.7603455,234.7530852,225.9157361,226.912106,11311554
26-07-2016,226.6954803,233.496782,225.3525516,232.5870556,11896758
27-07-2016,234.4498444,237.2223454,227.6918639,227.6918639,26003949
28-07-2016,235.662796,237.39562,234.3198673,234.7097479,9781546
29-07-2016,227.7785187,235.0996669,227.0420644,233.9733319,21115025
01-08-2016,216.1686249,226.392238,215.0423046,221.7136411,42583051
02-08-2016,212.5297394,216.1253236,212.2698092,216.1253236,20758831
03-08-2016,209.7572479,214.2192371,208.414319,212.0099033,17910406
04-08-2016,208.2410278,212.3131362,205.0353243,212.1398639,29931529
05-08-2016,213.0928955,215.4321941,211.4900366,211.4900366,16307350
08-08-2016,212.4864044,214.6091091,211.8799153,213.2228441,11906856
09-08-2016,212.5730438,215.302223,211.8365896,212.6163655,12642014
10-08-2016,207.374588,213.6127218,206.3348966,213.1361978,12527824
11-08-2016,210.2770691,210.840222,205.8150659,207.9377706,9477854
12-08-2016,213.0928955,214.5224677,208.9774512,210.9701908,11727486
16-08-2016,215.3455505,216.1253119,211.2734425,213.136217,13111524
17-08-2016,214.5224762,217.9880952,212.4430931,214.9556786,12875115
18-08-2016,219.1144104,219.8941717,214.6524074,214.7390508,20725328
19-08-2016,219.9808197,221.5403569,217.944773,219.2010584,14519513
22-08-2016,218.5512695,220.8905683,215.4755311,220.2840937,9076842
23-08-2016,216.7751465,218.3346839,215.5188609,216.991755,10995821
24-08-2016,215.2589264,218.0747493,214.7390806,216.7751421,9228359
25-08-2016,213.9593048,216.7751275,213.2228506,214.8257096,14901359
26-08-2016,212.5297394,215.5621706,210.7102864,215.0423249,11490424
29-08-2016,217.0350342,218.8978232,211.9232348,212.2697937,9206563
30-08-2016,222.0169067,222.5800742,218.3346791,218.3346791,15251016
31-08-2016,223.5331268,226.0023907,222.666722,222.7533509,16906022
01-09-2016,226.0890198,228.7315705,224.1829234,224.1829234,18098850
02-09-2016,226.3922577,228.991472,225.4825312,227.4319492,8034006
06-09-2016,236.2693024,237.3089939,227.6052255,227.6052255,23274042
07-09-2016,240.9912262,245.8431251,235.7927829,237.3956419,35379184
08-09-2016,239.4316711,243.2005565,238.7385532,241.3810891,13116475
09-09-2016,237.4822693,239.1284354,234.0166358,237.87215,16649877
12-09-2016,232.3704681,233.4534814,227.6052273,231.3307766,20617372
14-09-2016,235.1862793,237.2223406,230.7676122,231.0708495,16807794
15-09-2016,234.4498444,237.1790237,232.3704613,235.4028925,12135372
16-09-2016,231.6340179,238.7818789,230.7242915,235.4462105,32955498
19-09-2016,235.3162537,236.0093862,232.0239068,232.1971935,15144399
20-09-2016,235.7494812,237.5689343,233.3668605,235.576209,11030397
21-09-2016,233.8433533,236.5292255,231.2874607,236.3559387,12736748
22-09-2016,238.6952667,240.77465,235.9227653,239.1284692,14886284
23-09-2016,235.013031,238.9984961,233.8433743,238.9551745,17977571
26-09-2016,227.4752655,232.8036591,226.8254547,232.6303868,15868805
27-09-2016,225.2659302,228.9914795,224.3995254,228.3416832,17356843
28-09-2016,225.9157562,227.3886503,224.4428622,225.6125043,17881785
29-09-2016,216.9050903,228.2983461,210.7969209,227.8651437,48140661
30-09-2016,218.4646149,219.4609847,213.9593044,214.9123525,15104920
03-10-2016,221.9302368,222.5800476,216.6884724,217.4682483,18062317
04-10-2016,223.7063751,225.2225907,220.8472308,222.5367331,16201324
05-10-2016,221.323761,225.7857644,220.5873213,225.2225969,16039581
06-10-2016,217.6848755,222.7100468,215.9087441,222.6667251,13854468
07-10-2016,217.1217041,219.9808487,215.0423355,217.3816343,10506728
10-10-2016,216.6884918,219.3743641,215.8654087,218.2480291,6611211
13-10-2016,208.9341583,215.2156153,207.1580269,214.6957695,20736801
14-10-2016,209.4539795,210.5369927,207.6778483,208.9774554,10761830
17-10-2016,224.1829224,225.1792923,212.7463439,213.1362391,69082439
18-10-2016,234.2332306,235.142957,224.8327144,224.8760361,41861705
19-10-2016,229.6412659,235.402876,228.0817287,235.0996388,19968759
20-10-2016,240.5146942,241.6410291,231.4607367,231.4607367,36280178
21-10-2016,240.3414154,242.6373923,237.482271,239.3450456,26362877
24-10-2016,246.5362396,248.1824058,241.8576276,241.8576276,22219428
25-10-2016,250.6083679,252.6444148,246.5795521,250.5650317,25090671
26-10-2016,241.20784,246.4496051,239.9948616,246.4496051,30017739
27-10-2016,246.3196259,246.9261004,238.2620242,240.3414071,19868027
28-10-2016,239.8648987,244.76009,238.7385638,244.3269022,18314125
01-11-2016,238.5652771,242.3774697,237.8288374,242.1175541,11675305
02-11-2016,235.5761719,236.7458139,232.8469781,233.9299912,15140657
03-11-2016,233.7134094,239.4750205,232.5437673,235.6628276,12484687
04-11-2016,233.7567139,236.0960126,229.9011995,235.5761813,16361493
07-11-2016,241.4677582,243.6337848,236.0960279,238.9551725,18741014
08-11-2016,245.3665924,249.0488054,241.0778612,247.6192332,35153751
09-11-2016,243.8503723,246.7095314,212.2698169,220.8472506,51055067
10-11-2016,253.510849,258.5360207,248.3990339,249.958586,29137485
11-11-2016,239.4750061,254.9403853,237.8288399,248.8755227,33036653
15-11-2016,233.7134094,243.2872134,230.5943491,239.9948663,37961485
16-11-2016,230.6376648,241.0345516,228.9048552,239.648301,26473183
17-11-2016,231.8939209,234.4931495,228.7315394,232.153851,14654093
18-11-2016,229.2513733,233.0635654,227.2586339,232.5870414,9983933
21-11-2016,226.3056183,231.3307747,220.8039377,230.6376567,21625818
22-11-2016,227.6052094,230.9841994,224.6594217,229.5979489,23906788
23-11-2016,229.554657,230.334433,225.6991424,228.8182172,17154845
24-11-2016,224.6594238,228.5582596,223.5331035,228.5582596,22563160
25-11-2016,225.3525543,227.3452939,222.7100185,227.3452939,16611698
28-11-2016,221.1938019,222.3634439,219.6342647,222.3634439,32939718
29-11-2016,221.323761,224.7460728,220.3274057,221.3670827,32329662
30-11-2016,230.0744781,230.8975612,221.7569752,223.0565823,20731093
01-12-2016,224.5294647,232.197171,223.3164865,230.6809555,15792045
02-12-2016,224.8327332,229.2514152,221.6703512,223.5331259,12275345
05-12-2016,226.0023651,226.4788892,223.3598147,224.9193519,8305074
06-12-2016,226.1323395,227.5619118,224.876054,227.2153528,8335181
07-12-2016,224.1395874,229.0781001,217.4682508,227.6918496,13635680
08-12-2016,227.6485443,228.2117118,223.8796734,225.742448,11336250
09-12-2016,232.5870667,233.7567087,227.8651477,228.6882307,17533272
12-12-2016,229.4680023,232.4571119,228.6015975,231.7639939,7515935
13-12-2016,229.0781097,229.9011928,227.4319436,228.211705,10265621
14-12-2016,225.7424622,229.3380611,225.2659381,229.1647743,14369017
15-12-2016,225.5258636,226.7388275,223.3165154,224.139613,24089601
16-12-2016,221.4537659,225.2659591,220.8039695,225.2659591,24984316
19-12-2016,222.7533264,224.3561853,220.7172797,221.2804471,7417692
20-12-2016,217.9880981,222.4067799,216.8184561,222.4067799,11590031
21-12-2016,219.4176941,221.2371618,217.6415627,219.2011001,7685724
22-12-2016,219.1577606,220.7606197,217.1650209,218.9411521,8951470
23-12-2016,218.2047119,220.7172975,216.7318179,219.1577601,6932571
26-12-2016,214.9989929,218.724542,214.0892665,218.5512552,6767153
27-12-2016,219.6776123,220.3707303,213.7427146,215.7354544,9094498
28-12-2016,218.1180725,220.7606232,217.5115833,220.0674906,9176829
29-12-2016,217.5549011,219.2010819,216.6451746,218.4213205,6379633
30-12-2016,221.1938019,223.0998981,217.7714902,218.3346576,11565801
02-01-2017,218.2913513,222.0602223,214.9556827,222.0602223,10404350
03-01-2017,220.414032,221.2804513,215.9953649,218.4213069,10236706
04-01-2017,217.5549011,221.5837023,216.9484265,220.2840951,6901181
05-01-2017,222.8833008,223.966314,218.5079407,219.37436,13830668
06-01-2017,223.6631012,226.4789242,222.8400035,223.74973,9055143
09-01-2017,224.1395874,225.1359426,221.8002743,223.4464549,7875294
10-01-2017,225.439209,226.9121029,223.7930283,225.2659222,14784040
11-01-2017,229.3380432,232.2838165,226.652171,227.4319469,19565679
12-01-2017,232.5004425,233.4968124,229.9878569,230.9842268,11711279
13-01-2017,232.2404938,233.9299815,229.4246567,233.9299815,7810375
16-01-2017,233.3235168,234.6664457,229.4246807,231.6773507,8863676
17-01-2017,232.5437469,235.2296046,230.0311615,233.4967951,6968061
18-01-2017,232.5870667,235.7494484,231.1141728,231.6773402,10085606
19-01-2017,233.6700897,234.5364945,230.6376584,232.8903138,8605687
20-01-2017,228.2550354,232.1538714,227.475274,231.3307738,12207059
23-01-2017,223.1432343,226.8254618,221.0638512,226.8254618,43793368
24-01-2017,222.7966614,224.0096397,221.4970542,224.0096397,26520047
25-01-2017,225.2225952,225.9590494,221.4537244,224.3995122,41078083
27-01-2017,235.662796,237.39562,225.8723994,227.9084607,89433645
30-01-2017,234.6231384,238.7818901,233.6700903,236.5292348,17037472
31-01-2017,233.0202789,237.3956391,230.8542524,232.8903138,20535165
01-02-2017,243.4604797,245.6264916,227.6918636,230.3344141,44647342
02-02-2017,247.6192322,249.0921406,243.0705999,244.3268999,28910922
03-02-2017,243.9370422,246.882816,241.5544215,246.882816,20058936
06-02-2017,251.5180664,253.2075688,245.669827,245.669827,22521926
07-02-2017,249.611969,253.5974483,247.1860415,249.5253256,12829302
08-02-2017,247.6192322,249.9585454,244.9333745,249.5253285,16662978
09-02-2017,246.9261017,250.1751267,241.3810853,248.3123376,16631183
10-02-2017,243.9803314,247.9224746,242.6807242,247.4459506,16771421
13-02-2017,244.0236359,246.1463552,242.2041975,244.7600901,13144434
14-02-2017,246.622879,247.7058777,243.7203983,245.1933068,12889195
15-02-2017,243.2438965,248.1391173,241.3811217,247.0994257,14420745
16-02-2017,241.5543823,243.8503593,236.3992609,243.7203942,20257845
17-02-2017,245.1932831,247.8791405,238.9984561,242.3341243,28496342
20-02-2017,244.630127,247.9224591,243.5471138,245.2366015,9947581
21-02-2017,246.7528229,247.6192276,243.6337629,245.1933001,11288626
22-02-2017,247.9224701,249.4386857,243.5904463,249.4386857,30787289
23-02-2017,246.4928894,250.1751314,244.3701993,246.6661762,25499159
27-02-2017,241.597702,247.4026342,240.0814864,246.9261101,15037984
28-02-2017,239.4316711,242.6807107,238.8685182,241.6843409,18179839
01-03-2017,241.8143005,243.4171595,240.2114561,240.5146934,19983162
02-03-2017,241.4244232,246.4929014,239.994851,244.3702111,20040929
03-03-2017,239.0850983,241.6410052,238.305337,241.381075,9256168
06-03-2017,239.7782288,242.0308838,238.6952156,239.0850963,12565060
07-03-2017,239.1284637,241.9442868,238.2620589,239.9948686,9116307
08-03-2017,237.7421875,239.6049621,235.7494479,239.3017248,12969749
09-03-2017,236.9624329,239.0851231,236.1826569,237.3956352,11647809
10-03-2017,234.4065552,239.5616773,233.4101852,238.3920351,15749231
14-03-2017,248.8755035,249.6986011,243.5471102,243.5471102,43486006
15-03-2017,247.056076,248.6589351,246.1463641,247.7058869,13414846
16-03-2017,246.4928894,249.0487965,244.7167728,248.2690351,10712223
17-03-2017,243.1139221,248.3989941,242.2908245,247.8791629,25016303
20-03-2017,238.3053589,242.3341454,237.3956324,242.3341454,12153226
21-03-2017,235.706131,239.8215754,234.8830479,239.1284429,16304076
22-03-2017,229.5979614,232.8469866,229.164759,232.1105469,24534011
23-03-2017,231.2874603,232.4137807,229.4246712,230.8975651,13209523
24-03-2017,238.0454254,239.8648928,233.6267583,233.6267583,19227304
27-03-2017,236.6591797,242.5940771,235.8360966,242.5940771,12341637
28-03-2017,239.9948578,240.4713819,238.3486916,239.9948578,13884032
29-03-2017,244.5001526,245.0200129,239.6916048,241.6843444,18910842
30-03-2017,243.7637024,245.409883,242.3774519,243.6770736,16543030
31-03-2017,239.8648987,245.1066636,238.8685288,242.8973154,19741901
03-04-2017,248.3990021,249.0055058,239.8649047,241.5543926,20449617
05-04-2017,246.7961731,248.2257454,245.1066707,248.2257454,10569529
06-04-2017,243.3305206,245.7997844,241.9442701,244.2402616,17014957
07-04-2017,240.2980957,245.1933015,238.9118452,242.680716,18994042
10-04-2017,240.5580292,241.7276859,239.2151003,241.2078401,10395338
11-04-2017,245.7564697,246.2763009,239.7782507,241.1211796,13734771
12-04-2017,243.2872162,247.7492346,240.991239,245.8864453,18252914
13-04-2017,245.0200195,247.6192338,242.0742317,242.8539931,15178825
17-04-2017,244.6734619,247.5326066,243.0272957,245.1933223,8250861
18-04-2017,245.5398407,252.6443944,244.8034156,245.5398407,19072022
19-04-2017,243.0705872,246.9261012,241.5976933,245.5398362,15189575
20-04-2017,236.3126373,239.3450688,235.4895542,238.2187338,31912290
21-04-2017,233.1935577,237.2223442,231.3307686,236.2259744,18165879
24-04-2017,232.7603455,235.0996587,229.7712504,233.7567153,24418208
25-04-2017,236.0960236,236.7891561,233.9300115,235.6628212,13685114
26-04-2017,239.9082184,240.8179594,236.5292425,237.3956473,15205419
27-04-2017,237.5255737,240.0381591,236.8324558,239.9515157,14909618
28-04-2017,241.2944641,242.0742255,236.4425801,236.9624258,9367499
02-05-2017,238.7818909,243.3305233,238.2620451,242.7673558,16780204
03-05-2017,236.3126373,240.0381868,235.0130301,239.0418169,24205196
04-05-2017,258.0161438,259.7056463,245.929754,252.6444279,122120948
05-05-2017,258.6659546,261.4384559,255.1136918,259.9222402,48189321
08-05-2017,262.4781189,266.9834294,259.9222118,259.9222118,30347849
09-05-2017,260.4420776,264.5575076,258.5359813,263.6477666,15194182
10-05-2017,258.752594,262.2182133,257.626259,260.8752844,15054831
11-05-2017,260.09552,262.0882598,259.5323525,261.3951418,10261128
12-05-2017,256.9331055,260.3987243,254.1172683,259.9222003,16605029
15-05-2017,261.48172,262.9545991,258.3626459,259.4889806,17095696
16-05-2017,262.2182007,265.0340381,260.8319646,262.3914875,19569431
17-05-2017,268.3696899,268.7595706,263.8210432,264.7740914,23363685
18-05-2017,266.8101807,271.0555612,263.9943433,263.9943433,27753950
19-05-2017,266.030426,270.665717,263.127974,266.7668804,16728969
22-05-2017,263.2579041,269.9292416,261.8283317,268.196432,14850717
23-05-2017,265.1640015,268.3697197,262.348193,262.6514303,29771017
24-05-2017,265.7271423,268.2830494,262.7813546,265.8137857,20506719
25-05-2017,275.2575989,277.1203878,265.1206439,265.4238811,41775676
26-05-2017,278.5932922,279.8495777,273.3948637,274.6511492,21336089
29-05-2017,272.8317261,277.5969673,271.8786778,276.6005828,11266657
30-05-2017,278.4633789,281.1492369,272.441852,272.7883965,15573191
31-05-2017,282.8387451,283.6618138,276.0807638,279.8496206,128437479
01-06-2017,277.3370056,282.1455534,274.4345541,282.0156029,19883562
02-06-2017,275.6475525,279.8063193,273.4815548,278.9832215,13469524
05-06-2017,277.033783,278.6799492,275.6475178,275.9507552,9831353
06-06-2017,276.3406982,278.1601514,275.2576703,277.7269344,10757211
07-06-2017,281.3225098,282.4055085,277.9001976,278.1601278,15076040
08-06-2017,277.4236755,283.3152516,276.8172009,282.3622034,20130322
09-06-2017,279.1131897,279.9362583,273.8714243,276.3406883,10190305
12-06-2017,273.5681763,277.8568937,272.7884147,277.250419,10376913
13-06-2017,272.7883606,276.1240291,271.9652921,272.9616474,9305516
14-06-2017,276.4272766,279.3297574,273.2648948,276.4706128,22264301
15-06-2017,274.4345703,276.7305474,273.5248293,276.3839738,11206355
16-06-2017,274.217926,276.6005463,273.4815009,275.9074283,23228635
19-06-2017,277.7702026,278.7232507,274.6944355,275.517533,10719809
20-06-2017,280.9094238,283.7429941,276.6350169,279.2764971,16849368
21-06-2017,279.6127319,281.1015547,278.1238798,280.4772106,7142413
22-06-2017,278.1719055,281.7739242,276.8751729,279.9969225,9180870
23-06-2017,280.3330994,281.9659968,273.3691969,278.1238438,14937649
27-06-2017,276.5389709,281.5337818,272.2645931,281.4377221,18053262
28-06-2017,278.892334,281.7259047,277.3554667,277.3554667,17157094
29-06-2017,281.6778259,285.1837845,278.6521365,279.9968841,34774280
30-06-2017,278.7001953,280.4771971,276.1547746,280.4771971,12435467
03-07-2017,278.6041565,280.7173527,277.3554683,279.9008892,6106230
04-07-2017,278.0758362,281.2456008,277.2113576,280.8613914,8335899
05-07-2017,281.2936707,282.1581493,277.1153228,278.5561304,6958589
06-07-2017,282.1581421,283.4548747,280.8133943,282.3982767,9967582
07-07-2017,278.2680054,281.9180398,277.7877361,281.9180398,8477468
10-07-2017,279.9489441,281.6779016,278.5561516,279.5166901,1114874
11-07-2017,278.2199097,281.3897036,277.3074159,281.0054648,10893055
12-07-2017,280.8134155,282.974627,277.2113964,278.2679946,8091465
13-07-2017,286.1443787,287.6812459,283.4068384,283.9351521,13747313
14-07-2017,286.4805298,287.5851429,282.8785114,287.5851429,6196683
17-07-2017,291.5233765,292.53193,287.0088347,288.1614924,12506474
18-07-2017,291.9076233,293.9247599,289.6023369,289.8424715,11772154
19-07-2017,290.3226624,292.8680826,289.506199,291.043066,10780451
20-07-2017,288.7378235,291.859573,287.9213601,290.0825713,8458004
21-07-2017,290.1305847,291.9075865,284.5114591,287.6812238,9705981
24-07-2017,291.091156,294.501085,289.6983929,290.2747218,15604131
25-07-2017,292.1477051,294.6931256,289.8904343,294.6931256,18129742
26-07-2017,298.1030579,298.7274019,292.5319183,294.6931294,26050717
27-07-2017,295.0773926,302.0412956,293.3003908,302.0412956,28535869
28-07-2017,284.4634094,292.0036409,282.2541831,292.0036409,30571846
31-07-2017,290.658905,294.3569835,284.5594808,287.0568863,21526493
01-08-2017,290.658905,293.1563106,289.5062473,291.9075931,10722862
02-08-2017,289.9385071,292.4359127,287.8733555,290.2747014,8348096
03-08-2017,284.031189,289.6022994,282.9265465,289.4582245,14389817
04-08-2017,284.5594788,285.7601517,282.3022078,283.3588059,10099985
07-08-2017,288.305603,291.0431434,284.991763,285.5200475,11870705
08-08-2017,283.8390503,289.6502949,282.2541681,287.969353,10288608
09-08-2017,279.1324463,282.7824802,278.4120425,282.7824802,12959158
10-08-2017,277.3554382,281.8219355,251.2287844,277.5955728,17225844
11-08-2017,275.6264954,278.2199314,269.2388918,272.7448803,17211539
14-08-2017,280.2850952,281.2936781,276.202807,276.202807,8428420
16-08-2017,283.310791,284.1272251,275.9626494,280.1890415,8605873
17-08-2017,281.5818176,286.0963597,279.8048158,286.0963597,8168684
18-08-2017,281.5818176,282.7344754,279.3245466,280.4772044,6700778
21-08-2017,281.9179993,287.9213638,280.7173264,283.5989413,10623264
22-08-2017,282.3502502,285.6160747,280.6212637,285.2798804,7549155
23-08-2017,286.8167114,287.3930402,283.6469178,284.3193063,9142592
24-08-2017,285.9522705,288.3055718,284.9436877,288.1614969,12766567
28-08-2017,289.0259705,290.322703,286.3364749,287.8733421,8827300
29-08-2017,287.6812439,290.8510088,286.336496,288.1615131,12737088
30-08-2017,288.4496765,290.3707534,287.5851978,289.8904841,8552010
31-08-2017,286.2884521,289.0259924,285.2798986,289.0259924,14865124
01-09-2017,286.528595,287.8733722,285.4239817,287.8733722,7472688
04-09-2017,285.375946,288.1615014,282.8785405,288.0654417,6244661
05-09-2017,285.8562012,287.2009489,284.9917226,284.9917226,7683590
06-09-2017,283.6949768,284.3193208,282.6863941,283.2627229,4854030
07-09-2017,281.101532,286.720687,280.5732476,283.8870872,15630577
08-09-2017,280.4771729,283.1666683,278.6041115,283.1666683,8077662
11-09-2017,279.3245239,282.1101084,277.6435819,281.4377199,7639794
12-09-2017,279.7087708,281.8219375,279.0363822,281.1015337,8497603
13-09-2017,280.4771729,281.6778457,279.708754,280.5732325,8297426
14-09-2017,282.1101379,283.935155,280.1890612,280.1890612,12267908
15-09-2017,280.0929871,283.8870959,279.468643,282.8305272,22632513
18-09-2017,281.4377441,282.782492,280.6212807,282.3022228,11181986
19-09-2017,283.022644,283.8391076,278.1719367,280.3811633,7558625
20-09-2017,279.0844116,281.2936675,278.1719178,280.477204,14617079
21-09-2017,273.7054443,278.9403613,272.4567268,278.0278674,14496834
22-09-2017,266.1651306,272.7448229,264.8683982,272.4086287,23451953
25-09-2017,268.4704895,269.6231473,264.676351,267.9422051,13358067
26-09-2017,271.5922546,272.7929277,265.8290238,268.4705046,11325047
27-09-2017,265.4927673,273.5132676,264.5322291,273.5132676,17853590
28-09-2017,265.0605774,266.8375499,258.5288988,265.0605774,32223724
29-09-2017,265.6849365,270.5356439,264.868473,266.5014001,9980756
03-10-2017,267.4138794,269.6231353,264.2921297,268.4704775,6752832
04-10-2017,265.2046509,268.3744158,264.2441125,268.2303409,7417758
05-10-2017,261.0743103,266.4533309,260.401951,265.1085831,10975305
06-10-2017,261.2184143,263.6197602,259.8736372,261.4105044,25447787
09-10-2017,261.0263062,265.3967441,260.546037,262.5631734,20478222
10-10-2017,259.1532593,262.226994,258.5289152,261.1223807,18594444
11-10-2017,257.0401001,261.2664635,255.6953521,260.4019847,12687990
12-10-2017,256.9919739,257.3762126,253.6300903,257.0400184,11831125
13-10-2017,260.5940247,263.8118338,257.0400506,257.0400506,14402254
16-10-2017,263.4276428,265.1085849,259.6815491,263.7638371,12848154
17-10-2017,263.0914307,265.6368513,262.4190715,263.9078941,9183764
18-10-2017,252.7656708,257.8084973,251.9011921,257.8084973,30669948
19-10-2017,247.6748047,250.7004944,246.4741318,249.3557467,3822821
23-10-2017,252.1893463,254.0143927,246.3781007,248.1551026,22939775
24-10-2017,256.0314941,257.5683614,244.9372875,252.8617292,15126641
25-10-2017,293.6365662,298.535288,273.1290679,281.6298376,123615362
26-10-2017,287.4411011,302.2333858,283.3588131,287.9693854,43256025
27-10-2017,289.2660828,293.3964148,274.2336653,280.3811041,36889009
30-10-2017,288.6897888,296.2780652,283.5989473,286.8167566,38047961
31-10-2017,288.2575989,291.2832892,286.5286121,288.4016738,19050731
01-11-2017,301.0327148,306.3637203,290.4667929,291.0431218,38829935
02-11-2017,304.1544495,307.7564681,299.1116233,301.0807445,27736221
03-11-2017,303.434082,306.0755627,301.6570801,305.2590992,14258432
06-11-2017,303.6261597,307.6123877,299.3517525,302.3774423,16349376
07-11-2017,300.1202393,305.4032005,297.1425643,304.586737,12752869
08-11-2017,293.4444885,301.6090651,291.9076212,299.6879883,11942186
09-11-2017,299.015564,302.377448,294.6931416,294.6931416,12716330
10-11-2017,305.9314575,311.4065377,298.7754352,300.1682276,21000915
13-11-2017,301.8491516,309.1012038,300.6484788,304.4906319,13679015
14-11-2017,301.7050781,304.586693,297.574746,300.9366299,12362405
15-11-2017,303.0498657,306.988079,300.3123254,300.6005045,14408468
16-11-2017,306.363739,307.3722926,303.530139,303.6742139,8983382
17-11-2017,312.2710266,319.2349297,311.0223092,311.2144286,20440466
20-11-2017,305.9794922,311.1183784,304.6827888,310.590094,13606336
21-11-2017,307.2762146,309.4854704,305.0189436,306.1716014,13102056
22-11-2017,306.3156738,309.3894083,305.4992104,306.795943,9342622
23-11-2017,306.8439636,307.8525171,302.761676,307.1321134,9998609
24-11-2017,304.6827698,308.3808189,303.4820969,307.2762057,7867381
27-11-2017,304.4906311,306.0274982,301.1287472,302.6175698,9334428
28-11-2017,300.8406067,302.9057582,299.4478144,300.744547,13929413
29-11-2017,302.4255066,303.8182696,299.9761162,300.2642953,12384876
30-11-2017,295.4136047,303.3380474,294.1649164,302.5216131,23832543
01-12-2017,293.2043152,297.7188569,292.3878518,297.4787223,6602231
04-12-2017,292.2438049,295.3655547,290.3707433,295.1254201,8763567
05-12-2017,293.2043152,295.461586,291.7154926,292.7720612,8219441
06-12-2017,287.6812439,292.964205,286.3845112,291.8115472,6751957
07-12-2017,293.732605,294.6451281,288.3536139,289.602302,7414305
08-12-2017,298.4873352,299.5919486,294.8853159,295.1254505,10732806
11-12-2017,299.1596985,299.9281175,296.0859639,298.7274445,6829121
12-12-2017,295.4615784,300.0241352,294.212861,299.7359561,11995276
13-12-2017,290.9950867,296.2300028,288.3536064,295.8457933,14805881
14-12-2017,292.3398438,293.9247261,289.4582288,291.8595746,11140346
15-12-2017,291.1871948,298.439277,290.610866,298.1510979,23227021
18-12-2017,296.7102661,299.9760904,275.6744838,286.2404048,16300443
19-12-2017,301.3208923,302.3774611,296.3260812,296.9984698,13135113
20-12-2017,303.3380127,305.307134,299.2077093,301.705115,14003657
21-12-2017,303.0018311,304.0583998,299.7840218,302.9537865,9705688
22-12-2017,304.1064453,306.6038509,301.4169204,302.5695781,7628532
26-12-2017,305.5953064,306.41177,300.8406586,303.7702892,7632721
27-12-2017,300.4564209,305.3551729,299.7840616,303.4821405,6354635
28-12-2017,302.8577271,306.60385,298.2471547,300.4563812,22689602
29-12-2017,301.6090698,303.2900121,300.1682622,301.5130101,9637881
01-01-2018,298.0550232,301.6090266,296.9023948,301.6090266,7739502
02-01-2018,297.4787292,299.3998059,295.3655332,298.6794021,7046560
03-01-2018,302.5695801,303.8663127,300.1682342,300.1682342,8898342
04-01-2018,302.2814636,303.1939576,299.2077288,302.5215982,6385367
05-01-2018,300.5524597,302.7136711,299.3037715,302.0413118,6366054
08-01-2018,301.7530823,305.6432797,300.2642597,301.1287383,7329648
09-01-2018,300.2643127,303.3380181,298.4873108,302.3774797,9190909
10-01-2018,299.6879883,300.6005115,298.2951958,300.2162727,6736971
11-01-2018,297.2866211,300.1682362,296.3740979,300.1682362,8366713
12-01-2018,305.1630249,306.2195936,297.3826589,297.3826589,11699345
15-01-2018,316.3052368,317.6500138,307.6123773,308.1406616,30242005
16-01-2018,320.915863,327.3034371,313.663781,316.7375154,26707100
17-01-2018,329.7048035,330.6173267,320.8678385,320.8678385,43305353
18-01-2018,332.4903259,339.2621385,329.4646362,336.1884042,31504669
19-01-2018,339.6463318,340.9910795,327.3514246,333.7390274,18812611
22-01-2018,337.6292419,338.9739898,331.193623,338.4937206,15269782
23-01-2018,348.0030212,350.0682021,336.6206656,336.6206656,22485663
24-01-2018,338.8299255,345.02541,337.9174023,343.6326176,12815095
25-01-2018,346.5622559,350.4044096,336.8608411,338.5897986,30183655
29-01-2018,343.5365295,351.2688807,341.5674377,345.7938005,17855095
30-01-2018,339.3101501,342.7200493,336.6686699,342.7200493,13358981
31-01-2018,339.0220032,339.9825415,330.0409642,335.0837903,22638319
01-02-2018,332.5383911,341.8555956,330.2330756,333.8350944,29472295
02-02-2018,321.8764038,330.1370394,320.531656,329.0323969,16957983
05-02-2018,316.6895142,321.059952,314.144064,314.6723777,17339547
06-02-2018,317.6499939,324.6138958,300.6484561,302.809667,18491736
07-02-2018,319.427002,323.1250803,316.8815813,322.1165268,11819190
08-02-2018,320.6757202,325.0461578,316.4973727,319.4270028,10294899
09-02-2018,313.855896,315.6809129,309.917683,312.1749539,9493398
12-02-2018,313.3756104,316.20921,310.4939955,315.8730157,8356351
14-02-2018,306.363739,314.0960615,304.0584234,314.0960615,15189066
15-02-2018,315.6809082,318.706598,309.4374092,309.4374092,23779772
16-02-2018,308.3808289,320.8198123,306.2196175,317.3138532,17585994
19-02-2018,307.1321106,316.5934184,302.7616732,316.4973587,19044107
20-02-2018,304.730835,311.4065892,303.8183117,307.852585,16030558
21-02-2018,306.6038818,308.0446895,303.2419973,306.4117624,9974873
22-02-2018,305.787384,306.6998779,301.5610212,304.4906514,25530698
23-02-2018,310.0137634,311.2624516,305.7874004,306.4597597,7949765
26-02-2018,314.144043,314.8644467,310.3979494,312.1749512,7133735
27-02-2018,309.437439,314.1440713,307.036093,314.0960561,9623651
28-02-2018,300.8886108,304.4906293,298.8234594,302.7136277,17481687
01-03-2018,292.9161987,301.6090596,292.2438101,300.3123269,18986889
05-03-2018,291.3793335,294.4050236,287.4891353,292.4359316,14456193
06-03-2018,283.4068298,295.5576635,282.5903957,295.2694844,18951451
07-03-2018,275.3863525,282.2061513,274.0896199,281.7258821,31472773
08-03-2018,285.2318726,286.2404261,277.8357156,278.7962539,21413552
09-03-2018,281.1495667,287.6812152,279.2284901,287.2009461,12489587
12-03-2018,288.7858276,289.9865005,282.1581194,283.9351211,12163952
13-03-2018,292.3398438,294.8852644,287.7772867,288.2575559,15966647
14-03-2018,293.9727173,295.3174943,286.0482768,291.1871622,12964285
15-03-2018,289.5542603,293.6845629,288.5456775,293.6845629,13282019
16-03-2018,286.3364868,289.9385056,285.6640982,289.3621767,28835112
19-03-2018,282.9265442,288.1614896,279.7567795,286.3364727,13601784
20-03-2018,280.4771729,285.4719835,278.7962309,281.4377111,10880002
21-03-2018,277.7876892,283.4068148,276.0106875,283.3587996,13618228
22-03-2018,272.0724792,278.2199186,269.8152083,278.0758438,24593489
23-03-2018,264.6763306,266.8855864,262.7552539,266.1651826,31922568
26-03-2018,270.5356445,271.9764522,265.060593,265.2046679,24618534
27-03-2018,272.6968384,275.962663,270.2954924,273.2731673,22377328
28-03-2018,267.3658447,272.1204918,266.1651718,271.832342,27172599
02-04-2018,251.5169525,263.0434118,248.5872932,262.2269484,73359584
03-04-2018,259.3933411,260.7861332,251.0846911,251.0846911,40773239
04-04-2018,258.048645,262.5151429,255.0229548,256.7038971,33486876
05-04-2018,267.6539917,268.9507243,257.1361149,257.2321453,26759108
06-04-2018,269.5750732,271.784329,266.0691142,267.413862,31577015
09-04-2018,269.7672119,272.2646176,263.5237124,266.7895371,31712527
10-04-2018,277.4034729,282.8305382,268.0382237,268.4224625,44741783
11-04-2018,273.321167,276.5389762,271.2080003,276.3949013,16811454
12-04-2018,275.4343567,278.4600465,272.3606224,274.0415644,22954325
13-04-2018,276.8751831,279.6127233,274.5218524,276.6350485,17497198
16-04-2018,276.250824,277.5475566,272.8889399,273.7534185,16874313
17-04-2018,280.2370605,281.6778681,275.482384,276.2508323,15406113
18-04-2018,278.6041565,283.2627737,277.5956029,282.1101452,20755245
19-04-2018,278.1719055,279.5166533,275.9626498,279.5166533,17282341
20-04-2018,271.0158997,278.7002067,268.6625982,277.8357281,19745690
23-04-2018,268.3743896,271.6402139,264.3881616,268.9507185,11620499
24-04-2018,272.888916,275.2902616,268.3263594,268.3263594,15412234
25-04-2018,267.8941345,274.3777683,265.9250427,272.8409011,7961352
26-04-2018,267.8460999,269.3349224,264.4842159,268.7585936,14112673
27-04-2018,276.5389709,280.1890341,265.108571,266.4533188,16488361
30-04-2018,272.9850159,279.516665,271.1599695,277.5475731,9737559
02-05-2018,265.973053,272.5527463,264.6763204,272.4566866,14211445
03-05-2018,270.7757874,272.4567297,266.3573046,266.3573046,14724116
04-05-2018,271.6882324,274.3297124,267.3658106,269.3829466,11861951
07-05-2018,278.3639832,281.4377174,271.6882597,272.7928728,19673100
08-05-2018,297.0945435,302.0893553,288.1615472,290.0826242,87176185
09-05-2018,294.6931763,297.5747915,292.243815,292.9642188,20140490
10-05-2018,294.7411499,300.5523942,293.6365368,296.2780169,16239386
11-05-2018,298.6793823,299.5438609,295.4135288,295.7977676,16671145
14-05-2018,297.8629761,298.7274548,293.1082991,297.7669164,10425585
15-05-2018,296.085968,304.9709484,293.0122333,298.4392989,16400700
16-05-2018,285.52005,292.8681632,283.6469884,291.9076248,25515791
17-05-2018,284.3193359,288.1134739,282.4462745,287.2009508,10668400
18-05-2018,274.8099976,283.6469318,273.3691902,282.5423187,17469524
21-05-2018,277.883728,281.4377316,276.3949053,278.0758474,23155638
22-05-2018,278.8442383,282.2541666,275.530399,278.0758194,11284988
23-05-2018,280.5252075,286.6246318,277.4034579,277.4515025,15887229
24-05-2018,285.9522705,287.2009586,279.7087714,282.1101172,11489424
25-05-2018,283.9831543,289.0740251,282.9746008,286.6246347,13541580
28-05-2018,287.4411011,290.3707313,281.7739307,282.1581402,19063427
29-05-2018,278.460083,286.9608539,276.9232157,286.9608539,12969969
30-05-2018,273.6573181,276.7790672,271.5921669,274.6178563,25142319
31-05-2018,274.5218201,277.547539,268.2783214,273.7534012,23698686
01-06-2018,277.883728,288.1134847,275.5304267,283.3588083,29675949
04-06-2018,275.4343567,281.7258708,274.281699,281.7258708,17188567
05-06-2018,272.888916,276.6350092,271.9283778,276.6350092,12376050
06-06-2018,272.6968384,275.5784535,270.0073427,274.425825,16873633
07-06-2018,279.4206238,281.4857755,275.8186047,276.154799,20297969
08-06-2018,276.8751831,279.4206039,274.2337026,278.6521849,11340014
11-06-2018,275.0982056,278.8923442,272.0245001,274.1376671,16876061
12-06-2018,276.0586853,277.7396272,273.9935339,277.1632984,14257648
13-06-2018,279.2765503,281.3417021,275.0982022,277.595608,10927770
14-06-2018,273.5132751,279.3725645,272.8889311,279.3725645,11400592
15-06-2018,271.3520508,277.1152802,268.9507052,275.8665922,47186222
18-06-2018,281.4377441,282.5904019,272.2165699,272.7928988,27792317
19-06-2018,281.2456055,283.8390706,276.9712276,283.8390706,27176748
20-06-2018,281.6298523,282.9746001,279.5166562,281.0535234,20364143
21-06-2018,286.1924133,288.4976995,282.9265595,283.1666941,30192796
22-06-2018,288.7858276,290.7549487,283.9831362,286.4325264,17490606
25-06-2018,278.2680054,288.6418091,277.4034973,287.9694204,15461874
26-06-2018,276.7310791,277.6916174,273.4652549,276.2027655,11614686
27-06-2018,268.038208,276.5389781,263.1875012,276.5389781,25318055
28-06-2018,260.6901245,267.4138935,259.1532572,267.029684,34197884
29-06-2018,264.5322571,265.108586,258.9611463,261.2664325,20930477
02-07-2018,266.4533386,268.8546846,260.3058989,263.187514,69733139
03-07-2018,262.1309204,265.8770143,261.4585611,265.0125356,14020388
04-07-2018,262.4671021,264.0039693,260.3058908,263.3796252,8233522
05-07-2018,260.834198,264.6283365,260.065779,262.2269904,7505990
06-07-2018,259.3933411,261.2183872,256.5117263,260.4019238,26025797
09-07-2018,260.4980164,263.8599006,259.3453586,263.0914524,18374471
10-07-2018,262.6112061,265.0605967,261.1703984,261.2664581,14450561
11-07-2018,258.1446228,264.0519264,256.9439501,263.7157322,12717543
12-07-2018,261.5545654,262.8993425,258.432816,259.7295485,15837704
13-07-2018,257.1841736,262.5151503,255.5512465,262.2270005,19159840
16-07-2018,249.0195618,256.0795243,246.3780814,254.8308069,29794402
17-07-2018,255.9354248,256.9439782,249.7399415,249.980076,15128995
18-07-2018,252.3334503,256.799948,250.7005233,255.5032153,22908592
19-07-2018,250.8926239,253.9183138,249.1636373,253.5341043,15145144
20-07-2018,255.3110504,257.1360965,251.4688975,251.4688975,13794388
23-07-2018,264.6763306,265.3967343,254.878857,254.878857,16917863
24-07-2018,263.5237122,266.9336117,262.5631738,262.8513236,12012225
25-07-2018,263.8118591,265.6849207,261.5065729,262.2269767,17947377
26-07-2018,274.3777771,275.1942406,262.4671073,264.1480494,36630780
27-07-2018,281.6298523,283.5028845,271.0639306,273.6573665,30926969
30-07-2018,295.2214661,296.2780641,282.6384079,288.1615034,56119080
31-07-2018,292.2438049,296.3260931,290.274713,292.2918201,20824059
01-08-2018,287.4891052,293.5885294,285.0877594,290.6588992,15581508
02-08-2018,286.7687378,288.8819341,282.4943593,283.3588381,14089168
03-08-2018,292.9642029,294.645145,285.8081803,288.161511,14478297
06-08-2018,302.6656494,305.4512049,294.6931633,294.8372675,25849864
07-08-2018,300.792572,305.5952637,298.1510916,301.5610203,20751115
08-08-2018,306.1235962,307.3722844,296.0859583,300.6485157,17916047
09-08-2018,319.8592834,332.2022076,307.612419,307.612419,76423347
10-08-2018,315.6328735,326.8711534,312.5111242,320.8677894,36321097
13-08-2018,312.0789185,314.528309,309.293363,311.2144398,15332907
14-08-2018,319.3309937,320.3395472,311.8868213,311.8868213,15314006
16-08-2018,321.1080017,325.8146637,315.7770249,316.5454439,37463597
17-08-2018,326.5830383,328.6962344,322.59681,323.5093039,24090696
20-08-2018,325.0942078,328.9363611,323.4132657,326.5830304,13032778
21-08-2018,325.4784241,328.3600391,320.8678224,324.9501104,16009673
23-08-2018,323.8935852,325.3343929,321.5402542,323.2692117,18867868
24-08-2018,318.5387268,323.7005749,315.7889545,322.6392557,17805968
27-08-2018,327.9458008,330.2613875,319.3105876,319.3588173,28083933
28-08-2018,326.980957,331.419182,324.4723926,329.9719366,16427306
29-08-2018,328.6694336,330.5990942,323.9900008,324.5206751,18868248
30-08-2018,332.2392883,333.3006074,325.8231733,327.2704186,22349447
31-08-2018,330.5508728,334.6031425,326.5950626,330.936799,19809916
03-09-2018,322.3980408,331.9016252,320.8543064,331.5156989,12859450
04-09-2018,316.9467163,324.6171281,315.7406786,323.0251347,15470215
05-09-2018,318.0563049,319.6965282,313.1839237,315.4995105,14548867
06-09-2018,317.0914612,319.6000258,314.0522517,318.3939879,11322771
07-09-2018,323.3146362,324.5689038,311.1095389,315.9336904,16435004
10-09-2018,321.1920166,323.941789,318.7799407,320.1306973,16673909
11-09-2018,315.0653076,324.8583582,313.6663214,321.9638675,13005562
12-09-2018,311.5437012,315.5477411,307.2984537,315.4995113,15263406
14-09-2018,316.8020325,320.3236571,312.7497335,315.6924835,10736693
17-09-2018,314.2452393,315.981922,310.0482216,315.7889442,7227361
18-09-2018,307.6361694,316.5125912,306.5266204,312.8462475,14825218
19-09-2018,309.662323,313.2804369,305.8512312,308.7457224,15942065
21-09-2018,305.9476929,321.9638817,297.5054278,312.0743711,34169460
24-09-2018,297.8913574,305.6582296,294.8038887,305.6582296,24382310
25-09-2018,300.1586914,302.4742781,289.4972997,296.2028816,30472132
26-09-2018,302.0883789,304.2109879,294.3697364,303.9215506,23224979
27-09-2018,295.8652649,304.8864359,294.5627378,304.5487393,24888615
28-09-2018,294.803894,300.6411352,291.1857803,298.2290594,26289107
01-10-2018,302.9566956,303.9697555,289.979717,295.5274909,21104376
03-10-2018,293.0189514,303.4391061,291.8129136,300.1586892,19105555
04-10-2018,305.3688049,309.9517491,284.4319746,288.4842739,56268976
05-10-2018,296.4923401,310.5306387,288.8219569,303.5838487,36131946
08-10-2018,299.917511,303.0049503,288.0983396,296.4923457,20488368
09-10-2018,295.479248,300.9305328,292.3435499,300.4963769,14852835
10-10-2018,308.6009827,311.5919625,293.7908314,296.2993961,23972064
11-10-2018,300.7376099,304.3557234,293.3084049,299.0973866,21691068
12-10-2018,308.1668091,312.8462422,302.5708048,302.8120124,25930022
15-10-2018,302.3295898,306.7195561,298.6632169,305.7547257,23756416
16-10-2018,309.3728333,311.5919606,302.71551,302.71551,18042549
17-10-2018,303.7285767,316.6090675,300.689367,313.6663467,20203287
19-10-2018,304.3557434,310.1929552,299.2903841,301.8471786,18322589
22-10-2018,315.5960083,318.2492917,304.9828746,308.9386849,33593953
23-10-2018,311.4954529,317.0432268,307.1537167,311.6401715,21509920
24-10-2018,310.6753845,318.3940276,305.1276098,317.1879896,33104174
25-10-2018,308.6974487,310.7235687,300.8340587,307.2984331,26920180
26-10-2018,304.5486755,312.0261103,301.9918812,308.5527154,22952163
29-10-2018,337.1116638,340.5368287,316.7537408,317.4291338,80069836
30-10-2018,333.5418091,341.4051693,330.8402669,335.2302619,34460428
31-10-2018,342.5147705,344.0102458,330.2614134,333.3488823,31233009
01-11-2018,341.260498,345.8434421,338.7519333,344.4444263,22157128
02-11-2018,341.9841003,345.2162582,339.3308171,341.5499149,26714413
05-11-2018,337.3528748,339.475513,335.7609108,338.6554014,22873951
06-11-2018,340.6816101,345.6987104,335.4232728,336.4363624,21349153
07-11-2018,343.3830872,344.4444063,342.0805604,344.2031988,2074764
09-11-2018,344.2996826,345.5057204,340.0061762,344.3479124,15130936
12-11-2018,339.9579773,345.6022407,339.1378656,343.4796022,10642857
13-11-2018,348.2072144,349.2203037,335.5679328,335.5679328,17684864
14-11-2018,353.7067871,356.8907153,348.593169,352.1630528,31774158
15-11-2018,356.9872131,361.7148757,349.3650596,353.2243808,21967798
16-11-2018,354.6233521,362.1007866,352.6936915,357.0836869,29972926
19-11-2018,349.65448,357.6625888,348.0625159,355.3469726,16002154
20-11-2018,345.3127747,352.5972614,342.1288463,349.268585,19591217
21-11-2018,344.2032166,347.6283524,340.6333326,343.8172903,29323882
22-11-2018,339.6685181,345.8916857,338.655458,345.071574,12547369
26-11-2018,343.8173218,345.2645674,338.3660359,342.2735872,20673027
27-11-2018,342.177063,343.5760787,339.2343423,343.2383822,17933339
28-11-2018,346.374115,348.8344207,340.8263402,344.3962244,18163000
29-11-2018,349.4615784,353.5138483,347.5319176,350.2334309,38692771
30-11-2018,342.6594849,352.1630695,341.356958,352.1630695,21893877
03-12-2018,342.9971619,346.2775789,339.7167448,346.2775789,23427270
04-12-2018,345.3609924,346.4705413,340.8745083,340.8745083,18651442
05-12-2018,339.0413513,343.8172729,338.1247802,342.8041835,12068267
06-12-2018,335.4232483,337.6423757,331.2744898,335.9539226,17784829
07-12-2018,339.8132629,340.5851154,333.1559099,337.3046981,14979672
10-12-2018,334.1690063,337.1599864,332.1428567,334.313725,14107881
11-12-2018,330.7438049,332.8664433,324.1829709,325.5337274,36885929
12-12-2018,337.642395,339.3308481,327.4634171,330.7438344,24740214
13-12-2018,337.2564392,341.7429239,335.3750377,340.4886268,19129928
14-12-2018,339.5237732,341.5981524,336.8704899,336.9187491,12104234
17-12-2018,345.8434143,347.8213045,339.9096847,339.9096847,18378122
18-12-2018,349.5097656,350.1368994,342.1288199,344.2031991,15405953
19-12-2018,353.6103516,356.2636352,348.3037842,350.2334451,19442031
20-12-2018,349.4132996,352.6454871,348.4484692,350.281641,12109613
21-12-2018,341.7429199,350.7158304,339.6202814,348.3037545,13555416
24-12-2018,340.3439026,344.5409205,339.1378647,340.9710364,9025217
26-12-2018,343.3348389,344.3478988,335.9056344,338.31771,8695108
27-12-2018,343.1419067,348.0625474,342.418284,346.8565095,10122458
28-12-2018,348.062561,350.0404515,345.6987148,345.6987148,13004606
31-12-2018,347.4836121,350.7157993,346.8564783,350.0404064,7314108
01-01-2019,350.9570313,351.9700913,343.8655225,348.786163,7759872
02-01-2019,351.7771301,354.9610583,347.6283422,348.7861503,18243156
03-01-2019,350.4746094,354.3821603,349.3168012,352.1630624,12884409
04-01-2019,352.3560486,355.8294142,345.4574882,349.1238611,22896026
07-01-2019,354.7681274,357.9520558,353.658549,354.5751496,12719847
08-01-2019,366.7802429,368.3722071,353.7068038,354.8645825,21501136
09-01-2019,368.806366,370.0606335,362.3902506,368.2274619,21730142
10-01-2019,366.1531067,368.7099012,362.8244303,367.5521224,14497154
11-01-2019,365.2365112,367.7933352,362.0525829,367.2144311,12537973
14-01-2019,360.2193909,365.3812388,359.5922571,365.3812388,14844029
15-01-2019,359.6405029,362.1972974,357.5661236,360.4123554,12960779
16-01-2019,362.1008301,366.394337,358.9651313,358.9651313,15106484
17-01-2019,361.4254456,364.657633,359.6887333,362.7762021,13171721
18-01-2019,358.9169006,363.1621484,357.3249364,361.4254655,12212121
21-01-2019,358.6274414,362.9209187,357.5661222,359.881709,8908581
22-01-2019,356.0706482,359.3993249,353.2244162,357.5178938,14756076
23-01-2019,354.4786682,360.5571171,353.562097,355.8294248,9726450
24-01-2019,351.9700623,355.5399459,349.0273418,353.7067744,17521254
25-01-2019,344.6373901,351.8253581,342.0805663,349.6062602,22978238
28-01-2019,331.4674377,342.4182675,324.8101146,340.7780737,34362360
29-01-2019,334.6513672,337.7870654,329.344801,330.8885352,20738442
30-01-2019,353.0314331,355.6364869,338.6554662,338.6554662,39400056
31-01-2019,351.6324158,363.4033278,341.6464162,359.5922658,85917249
01-02-2019,342.177063,352.0665736,336.4845701,351.6806474,25605469
04-02-2019,342.0805969,344.3479542,333.831309,338.6554609,17039321
05-02-2019,340.2474365,343.5761132,336.5810928,342.1288676,12197271
06-02-2019,346.6635437,349.1721086,340.7781019,341.1640282,15396216
07-02-2019,346.036377,349.0755865,343.9619977,346.4705624,10247434
08-02-2019,342.6112061,345.7951339,338.4141888,344.3478886,9308651
11-02-2019,337.7388306,342.225315,336.7740003,342.128826,9419635
12-02-2019,332.19104,339.6202447,331.1779801,336.7257539,14924394
14-02-2019,331.8533936,334.6513955,324.3276995,327.8975834,15172596
15-02-2019,330.1166687,335.5197241,328.6211936,331.9498403,20316848
18-02-2019,326.8362732,330.9368021,325.678465,330.1649496,10601490
19-02-2019,331.1779785,338.0765088,327.1739389,327.1739389,14384763
20-02-2019,333.0594482,335.3750352,330.3096759,332.8664704,9474758
21-02-2019,338.9449158,342.4665704,334.0725339,334.6031789,18631331
22-02-2019,339.6685181,341.646438,338.9448953,339.0413842,10997730
25-02-2019,343.0936279,344.8785697,340.6332932,340.6332932,10344411
26-02-2019,335.9539185,340.2956548,334.4101841,337.6906012,18096382
27-02-2019,333.3970947,342.2253154,331.2262266,338.6554316,17325417
28-02-2019,337.8352966,339.3790309,332.8664269,336.1951029,18347113
01-03-2019,341.7911682,342.514791,338.3177729,339.6685296,14190221
05-03-2019,350.4746094,351.3429508,340.3921209,342.5147593,17638277
06-03-2019,358.8686523,359.7369938,352.4042774,352.4042774,31436190
07-03-2019,357.7590637,360.8465325,355.5399658,358.4344567,15355303
08-03-2019,357.5661316,360.2676448,354.7198703,356.7942496,16143455
11-03-2019,362.6314392,365.0917445,356.9871766,358.7238592,11449587
12-03-2019,374.5471191,375.3189716,364.0787049,364.7058387,37108265
13-03-2019,378.1170044,379.4195312,370.7842879,374.257683,19574619
14-03-2019,374.2576599,379.1783002,373.1963407,378.21347,13182462
15-03-2019,381.3974304,384.2436918,374.4506695,375.1742922,31466545
18-03-2019,384.0506897,385.8356316,379.6607236,382.3140069,21220626
19-03-2019,384.3883667,386.8487015,380.0466306,384.3883667,11670392
20-03-2019,379.0818176,384.1471767,378.4064541,383.6165318,14181408
22-03-2019,378.0205078,382.3622443,376.283825,380.5773317,17409249
25-03-2019,370.0124512,374.3059581,369.0476208,374.3059581,12345034
26-03-2019,380.2396545,381.5904112,369.9159578,371.4114625,14063632
27-03-2019,379.3712769,384.4366358,376.4285268,381.4938858,17950017
28-03-2019,386.4627686,387.7652954,378.9371039,378.9371039,23117485
01-04-2019,384.2436523,395.1462225,381.8315767,387.331121,16106604
02-04-2019,383.1823425,385.9321147,379.6124881,385.9321147,13010810
03-04-2019,378.309967,388.6336336,376.9109513,384.9672902,12317200
04-04-2019,375.0777893,381.7833719,373.6787736,380.5290748,14521564
05-04-2019,376.8144531,378.6958839,372.0385609,375.5601855,10853927
08-04-2019,373.4858093,377.682827,371.4596598,377.682827,6305407
09-04-2019,383.1823425,384.3401507,373.5340397,373.7752472,13206348
10-04-2019,380.3361206,384.7743165,378.8888751,381.638618,14000018
11-04-2019,376.3320313,380.6255377,373.9199556,380.6255377,8704774
12-04-2019,380.7220459,381.638617,374.5953675,376.8627247,7035256
15-04-2019,378.9370728,382.9893715,378.0204723,380.3360884,9770752
16-04-2019,392.6859436,394.0367002,383.5200555,383.5200555,24487788
18-04-2019,390.1773376,396.545223,388.440655,396.545223,18660434
22-04-2019,380.6255493,390.3703411,379.8536969,390.0326446,10493872
23-04-2019,382.5552063,385.8838825,379.7572044,382.1692801,10203957
24-04-2019,386.9934387,388.4889139,379.6124928,383.1341175,11397163
25-04-2019,381.493866,388.2476776,380.4325468,386.8004322,16524091
26-04-2019,392.8789063,393.6507587,380.3843422,385.9321164,14286163
30-04-2019,393.168335,395.3874328,389.116036,393.4095425,19375553
02-05-2019,381.6386414,390.7563001,380.5290923,389.5020324,16572948
03-05-2019,387.6687927,390.9492392,380.8185213,383.1823378,24431248
06-05-2019,387.1864014,390.6597965,380.7702855,382.5552275,20751521
07-05-2019,372.9069519,393.0236718,370.7843132,384.0025016,41519416
08-05-2019,368.7581482,376.2838127,366.7319987,372.7139288,22509400
09-05-2019,367.9862671,372.135055,364.2716646,367.5521111,19739885
10-05-2019,371.5561523,375.5119624,368.8063801,370.012418,18361701
13-05-2019,363.0656433,372.1833018,362.0525832,371.459679,13828080
14-05-2019,367.0214539,373.1481324,363.2586214,364.8023559,21481226
15-05-2019,363.7892761,370.9772741,362.5832382,368.9028947,16183425
16-05-2019,369.0476074,371.4596833,364.2716854,365.6707012,13430281
17-05-2019,375.9943542,378.213452,367.3591119,367.7932973,19096980
20-05-2019,393.3612976,399.4397163,387.8617535,390.9974518,33350816
21-05-2019,386.0768433,396.3522802,383.6165377,394.2296712,18286421
22-05-2019,391.0939636,394.0366842,387.4275909,388.8266066,15370847
23-05-2019,396.4005737,412.8991794,393.0718971,399.4397836,43279956
24-05-2019,416.5654907,418.3021735,398.1372257,400.886998,37708344
27-05-2019,420.1836243,423.3675527,414.5393607,417.0479256,23397222
28-05-2019,419.0257874,423.7534794,413.0438572,419.7494101,23389724
29-05-2019,408.4126587,415.311219,407.25488,413.526277,22132254
30-05-2019,411.2106628,412.9473455,404.8427773,406.0488151,18281037
31-05-2019,408.7986145,415.0700115,399.729186,411.9825428,24644955
03-06-2019,408.0267029,411.4036087,404.8427749,411.0176825,17125380
04-06-2019,404.3604431,407.8820683,402.8167085,403.0096864,14514451
06-06-2019,397.0758972,403.1543458,395.9181185,402.7201603,17762399
07-06-2019,401.9483337,404.215691,393.5542978,398.9573537,14107696
10-06-2019,401.4658508,407.8819658,398.4748713,404.1673636,13074522
11-06-2019,406.53125,408.7986071,398.5231409,403.733248,10939138
12-06-2019,403.2991028,407.1584243,400.2116338,407.1584243,11136959
13-06-2019,404.8427734,407.4477974,400.6939858,402.0447716,12164077
14-06-2019,403.0578918,407.158421,401.4659276,405.5181975,8601256
17-06-2019,399.6327515,404.9393185,398.6196619,404.2156957,9539802
18-06-2019,407.3031006,411.0659328,400.5010588,400.8387553,17761348
19-06-2019,405.0357056,411.0176646,402.6718892,408.8467966,17010384
20-06-2019,418.1574707,419.3635086,404.2639195,404.9875422,24315929
21-06-2019,415.6488953,419.8941723,413.7674938,418.9293419,13909654
24-06-2019,414.346405,418.5433935,413.1403671,416.2760657,8545999
25-06-2019,418.3986511,419.5082001,409.6669487,412.8508769,12964387
26-06-2019,423.2228394,424.5253663,417.2891384,417.2891384,12261068
27-06-2019,425.4418945,428.288126,422.2097074,422.5956336,18787957
28-06-2019,421.7273254,425.0077425,418.3504194,424.0429122,13459208
01-07-2019,423.5604553,426.4549459,422.3061878,424.0428704,6871979
02-07-2019,421.3896179,424.5253163,418.3504085,423.560486,7787303
03-07-2019,420.6177979,424.5253489,418.9293448,422.4991993,10415896
04-07-2019,420.8589783,425.876078,418.8328288,422.595661,11810688
05-07-2019,421.0036926,424.4288283,417.9644832,421.1001815,12154330
08-07-2019,410.9212036,420.0388614,407.1583715,418.7363346,12184946
09-07-2019,413.4297791,414.6840467,409.7151765,411.0177033,11679067
10-07-2019,415.7453613,417.4820735,412.175507,414.87702,16494282
11-07-2019,411.5483704,417.6750489,409.8599173,417.4338413,16535185
12-07-2019,412.0307312,417.7714828,409.0880108,412.2719388,8824728
15-07-2019,407.4478149,413.3332855,406.7724514,413.3332855,7825336
16-07-2019,409.6669617,415.4076844,406.7242115,406.7242115,12149205
17-07-2019,409.7634277,412.0307553,407.6407894,409.6669388,10961022
18-07-2019,403.926178,410.5352711,402.8166291,410.052856,10651654
19-07-2019,395.869873,405.5664355,394.1331902,405.1322501,12260757
22-07-2019,397.9976807,399.4001144,390.9855709,396.3051024,17937246
23-07-2019,398.4329224,402.3500201,396.305098,399.2550082,14207080
24-07-2019,395.0960999,398.3361839,388.5192366,398.3361839,16505930
25-07-2019,395.5797424,400.2706084,392.0011364,395.7731918,16852479
26-07-2019,402.1082458,405.6384747,395.1444833,396.788714,17493739
29-07-2019,415.2619934,421.0651189,411.344866,418.7922222,46754670
30-07-2019,411.3932495,424.3052098,408.8785559,418.7922287,23617273
31-07-2019,410.6678467,416.084103,407.3794149,409.9908036,22329888
01-08-2019,403.3655396,412.3604011,397.1755454,409.3621139,18269866
02-08-2019,397.1272278,404.1393378,392.1945652,400.318935,30939803
05-08-2019,389.4380493,393.3067994,382.7644613,390.4052368,25033370
06-08-2019,396.7886963,397.9976807,387.7454867,387.8422114,30665326
07-08-2019,394.9993896,401.3828334,392.9682899,395.8698525,20977349
08-08-2019,400.8025208,402.9303452,390.8888482,397.5140889,19046657
09-08-2019,406.3638611,408.5400332,400.8992571,402.8336323,17664017
13-08-2019,396.7886963,407.8630057,395.7247841,403.3172123,18389104
14-08-2019,403.6073608,408.3466035,397.7558879,398.3845539,13307755
16-08-2019,405.2032471,406.2187822,398.5780063,404.0909577,15154141
19-08-2019,409.5072021,413.8595461,406.315495,406.315495,12304262
20-08-2019,403.2204895,409.3137889,398.9648701,406.9925151,16181488
21-08-2019,398.5296631,404.9614846,397.0788816,402.3500661,12868183
22-08-2019,386.0045471,398.9648541,384.9406349,397.5140728,18182520
23-08-2019,382.4259338,390.2601585,373.1409279,376.2359397,26883695
26-08-2019,398.1427612,400.4156579,379.9596465,393.6453449,26701988
27-08-2019,404.8647461,406.7023967,397.7559111,399.2550402,28793372
28-08-2019,399.4001465,404.5262292,396.2567867,404.2844322,12154347
29-08-2019,391.1306152,397.3206093,386.2463302,396.4501464,30331105
30-08-2019,396.2084045,399.3034167,389.4380912,393.1617694,18314194
03-09-2019,379.2825623,393.0649838,378.2186501,391.7592748,20194305
04-09-2019,384.4570313,386.5364785,377.1064003,378.1703125,18614965
05-09-2019,376.2359314,381.0718688,375.2687439,376.7678727,25022673
06-09-2019,378.5088501,381.5554849,376.4294028,378.1703286,17564286
09-09-2019,382.4743652,387.2619264,376.3327178,380.1047437,18651819
11-09-2019,381.6522217,385.9078411,380.4432372,381.9423661,17463978
12-09-2019,389.4864502,393.8387943,386.5365104,386.5365104,19577114
13-09-2019,399.8353882,401.2861697,387.503745,393.4519435,17775449
16-09-2019,398.6263428,402.0114992,393.4035359,395.0961141,17629622
17-09-2019,387.5036621,398.3845214,385.2307656,392.5330489,20793363
18-09-2019,386.2463684,392.1462186,383.4898779,392.1462186,18477377
19-09-2019,373.9146729,382.7160845,371.7385011,382.7160845,22647508
20-09-2019,403.8008423,410.087562,373.9630975,376.2359944,75217723
23-09-2019,431.6557922,435.234398,414.3915181,421.500323,57490445
24-09-2019,426.4330139,433.9287179,419.1307592,427.0133324,26639931
25-09-2019,419.9528503,426.4813664,415.5037817,424.6920635,19987241
26-09-2019,437.1204529,443.6005922,424.1601153,424.5953615,40909369
27-09-2019,434.4606628,437.023704,428.7542326,434.7508073,19432963
30-09-2019,419.4692383,430.5435177,416.8578202,428.7542148,27524660
01-10-2019,410.6678467,428.6575413,403.0270708,422.612619,30623906
03-10-2019,413.2792358,420.3397228,408.443298,410.0875287,23275379
04-10-2019,400.3189087,415.2135906,398.5296059,414.4398524,17952697
07-10-2019,402.4467163,409.6038978,397.997648,401.4795288,21933703
09-10-2019,422.3708496,424.0150509,403.4139662,406.4606013,34533981
10-10-2019,409.7973938,417.3414452,406.7023817,415.8906638,19074005
11-10-2019,414.4882202,419.0340136,408.2498781,413.9079313,18004922
14-10-2019,414.7783813,422.0806354,412.021891,415.8906411,17211042
15-10-2019,417.6799622,421.1618433,414.1497334,415.8906592,14971985
16-10-2019,421.0167542,425.0789539,417.0029315,420.2430159,17833051
17-10-2019,426.1428528,428.8026186,419.4692644,421.693784,12452421
18-10-2019,423.4346924,429.1411225,420.968376,423.3379972,15988455
22-10-2019,436.3466797,443.6489638,423.1929224,426.0461377,34966169
23-10-2019,440.1670837,443.9391095,433.4934952,437.1687963,25196183
24-10-2019,439.8285828,443.9391303,436.2016291,442.3916241,23542540
25-10-2019,453.7077026,455.2068316,439.4900333,442.6817701,34397573
27-10-2019,454.1429138,457.9633165,449.7422222,455.5453476,8206762
29-10-2019,461.7353516,466.1844204,451.5315343,454.7716186,33686172
30-10-2019,455.6903992,463.2828272,454.5781394,463.2828272,22396012
31-10-2019,447.8562012,461.1066829,446.1636229,459.4141047,21198377
01-11-2019,447.0824585,451.6282519,445.3898802,451.3380779,13522994
04-11-2019,455.0617676,456.8026935,447.8078605,447.8078605,16254715
05-11-2019,452.9823303,458.4469345,451.5798965,456.6092839,14952189
06-11-2019,464.927063,468.0220454,449.5004099,451.8216541,24922680
07-11-2019,462.8475952,467.1515917,460.0427572,467.1515917,18312032
08-11-2019,473.3899841,479.7250511,464.5401939,464.9754402,52207121
11-11-2019,480.4987793,482.6266038,468.6991085,471.9875404,24766065
13-11-2019,469.8113708,481.175825,467.4417495,480.4987819,24272664
14-11-2019,482.2880554,483.4486923,467.8769671,473.6800923,35396276
15-11-2019,483.4487305,492.9755343,479.7250523,481.5143553,42074833
18-11-2019,481.9979248,487.8977748,480.3536942,482.3847939,22910109
19-11-2019,477.3070679,485.5281623,473.7768391,481.6110644,27939336
20-11-2019,478.7578735,481.6594364,476.3399045,478.9513229,22606112
21-11-2019,481.9012146,487.2690939,475.1309015,481.7561424,25745594
22-11-2019,480.4987793,485.2863696,476.0013629,484.6577036,18462401
25-11-2019,481.4659729,483.5937974,475.4210504,475.8562967,25692878
26-11-2019,493.942688,500.567899,484.5609571,485.3346953,286857658
27-11-2019,488.9133301,498.9236981,487.7526932,497.0377295,29866539
28-11-2019,502.115448,502.9375338,491.331283,492.830412,35706498
29-11-2019,495.7803345,499.5523897,493.5558148,499.0687959,13324549
02-12-2019,494.1360779,497.134365,490.6058495,496.6024237,10130049
03-12-2019,492.6369934,494.4746439,488.0912,493.0238625,12795657
04-12-2019,511.8840027,513.9150729,492.5885996,493.2656426,30992538
05-12-2019,510.7717285,519.8633152,508.7890058,515.075725,32354118
06-12-2019,507.5799866,515.9945296,504.5333814,512.6577209,24868376
09-12-2019,509.2242432,511.9323565,505.0653485,506.8546219,12980877
10-12-2019,511.3521118,512.8512408,507.4833613,508.789041,12021443
11-12-2019,516.0429077,517.6387908,509.9012904,513.1896926,13768156
12-12-2019,517.7838745,519.4764529,512.415995,517.3002807,12385216
13-12-2019,519.4281006,524.9894294,518.1224209,520.2502455,17884861
16-12-2019,521.5559692,523.6354464,519.0896524,521.7977662,13070575
17-12-2019,523.3935547,525.182828,521.072281,523.2001054,11516163
18-12-2019,523.635376,525.0861573,518.3641919,524.2640125,12906168
19-12-2019,522.4747314,523.441919,516.1880123,519.5731688,12082790
20-12-2019,528.1810913,531.4695526,521.5558803,523.2001109,27691592
23-12-2019,523.5385742,530.8408279,519.9599687,529.0515547,11521942
24-12-2019,523.3451538,526.1016737,521.604228,524.2156462,6715007
26-12-2019,521.0722046,524.6024622,520.0083221,523.3450713,7831074
27-12-2019,531.3728638,532.4367465,520.6853941,523.2484647,11247684
30-12-2019,526.1017456,534.0810439,524.7960068,531.5663205,13180302
31-12-2019,521.2174072,525.9565909,520.3469148,525.9565909,12491978
01-01-2020,519.1379395,524.6992681,518.1224043,522.184604,7642793
02-01-2020,522.8616333,524.1190245,518.2674918,518.4125936,10264223
03-01-2020,521.1690674,523.0550952,518.654403,520.3469815,9594690
06-01-2020,508.45047,519.6214736,506.6127901,519.6214736,12534334
07-01-2020,505.7424011,518.025636,504.5334167,513.8667412,16101835
08-01-2020,508.6923828,510.0464102,498.1016657,499.0688534,16094310
09-01-2020,528.3745728,529.4385145,512.8995712,513.2864698,18934019
10-01-2020,522.5230713,528.5679934,520.8304931,527.020517,12335407
13-01-2020,520.927124,528.1326822,520.3468352,521.7009212,7901800
14-01-2020,519.960022,521.2657606,516.623272,518.6059948,13939440
15-01-2020,518.0256348,519.3313734,513.2381036,517.542041,12353176
16-01-2020,519.5247803,522.281241,515.7043779,516.381421,11249232
17-01-2020,514.5921021,520.3468795,513.1896684,516.9617233,18312609
20-01-2020,517.3002319,526.1500215,513.5765835,515.5109586,19159996
21-01-2020,513.624939,522.5230763,512.8028532,515.4626189,13477994
22-01-2020,505.6939697,517.3969741,503.6628996,514.0601654,17527408
23-01-2020,510.3848267,512.8511428,500.0842568,504.2915576,17061293
24-01-2020,516.3330688,519.766632,509.7078575,511.8840296,17851868
27-01-2020,519.621521,527.1172246,514.0601925,520.8305055,38149166
28-01-2020,510.8685303,522.8616218,507.2415766,520.4436526,24009224
29-01-2020,509.3210144,517.2519653,508.0636822,514.1086053,16400827
30-01-2020,514.7373047,516.4298832,506.9514555,510.3366125,14319317
31-01-2020,508.4021912,515.2691996,505.2588314,512.6094337,16292578
03-02-2020,498.6335144,502.1154249,485.5281353,487.4625103,22531888
04-02-2020,513.3831787,517.1068865,499.6975093,502.9375642,17781475
05-02-2020,521.4108276,522.6682188,508.4505488,511.6906038,18782476
06-02-2020,523.8287354,529.0515716,518.6543058,522.619751,15296851
07-02-2020,518.8477783,523.9738606,517.5904463,523.2001223,8297149
10-02-2020,516.4297485,524.4573925,513.09294,520.9755413,12536053
11-02-2020,522.0395508,526.9238368,519.8633785,520.0568278,11243552
12-02-2020,531.276123,532.6302093,524.8927087,527.8909665,14026335
13-02-2020,523.2484741,530.9859747,520.3469114,530.9859747,9227235
14-02-2020,527.8909302,530.64745,518.9444457,523.4902388,14458649
17-02-2020,523.8287354,527.4556885,520.105087,525.1828215,7793293
18-02-2020,523.4419556,526.5369678,518.4125681,523.2485062,15918303
19-02-2020,526.9237671,528.5679977,522.7648724,525.6664351,8704234
20-02-2020,529.0515747,531.3244418,524.0221878,527.6007934,13588526
24-02-2020,512.4643555,524.0706073,510.2398357,521.79774,16940750
25-02-2020,513.5282593,521.1206582,508.0636258,514.9790407,14942960
26-02-2020,506.5160828,511.9806565,505.0653016,509.5626878,15743918
27-02-2020,498.4400635,506.129216,495.8287044,505.6456223,26315054
28-02-2020,480.934021,490.2190276,476.0497356,485.1412928,32737933
02-03-2020,489.4936218,503.4694641,482.094643,491.5730691,28642076
03-03-2020,497.8597717,502.4539124,491.8148498,493.1205588,19661945
04-03-2020,491.6697693,500.519529,480.7405329,500.519529,21883404
05-03-2020,487.946167,494.3779589,483.5938226,493.0239021,16671516
06-03-2020,470.3916931,480.4987858,461.6386277,469.085984,31024353
09-03-2020,442.7301025,459.4140878,428.4157386,459.4140878,42027175
11-03-2020,450.3709106,456.270761,434.8475611,435.2344303,31018779
12-03-2020,411.6833801,431.3173054,402.3500261,423.6281524,50757033
13-03-2020,432.5262756,449.500405,382.232524,387.8421999,67104335
16-03-2020,389.6798706,410.2809838,384.408716,410.2809838,34833637
17-03-2020,355.1996155,395.047753,352.056256,393.6453193,47232699
18-03-2020,343.3999634,363.1789626,331.0683208,356.9889676,61202289
19-03-2020,327.4413757,357.4725708,312.4016192,325.0717836,57985870
20-03-2020,334.35672,347.9940397,312.4015526,317.23749,88640642
23-03-2020,274.6812744,303.4067575,270.8125241,300.9404115,56867949
24-03-2020,286.7711487,294.992244,259.4964442,285.6105117,67895418
25-03-2020,306.5017395,323.1857253,272.3600296,274.6812739,66544138
26-03-2020,319.4136658,352.4431124,303.9386661,311.434369,76173940
27-03-2020,328.6987,347.7522773,315.3031463,344.1253239,72889985
30-03-2020,303.1165771,322.9439222,300.8920576,319.2686213,36559880
31-03-2020,313.1269836,323.8627718,305.6312798,314.0458237,46279768
01-04-2020,300.9404297,313.1269999,297.9905192,308.5328586,33141186
03-04-2020,277.2442932,299.3445337,272.2632835,299.3445337,57326314
07-04-2020,315.3998413,318.7849975,287.1096077,298.1838866,57661076
08-04-2020,308.4844666,341.1753924,304.7607888,312.2564919,73931321
09-04-2020,331.4551697,333.6796891,312.0630425,321.4931207,52431174
13-04-2020,319.8005676,334.4534536,318.4465109,329.8593126,30994190
15-04-2020,316.6088867,340.353332,314.3359898,331.4552232,49132329
16-04-2020,330.7781677,336.3878441,308.8713739,314.6261226,56494027
17-04-2020,363.2272644,372.8507921,337.5967949,350.1218852,69006835
20-04-2020,349.4448242,366.4673297,345.2859299,363.662492,55810736
21-04-2020,320.9611816,334.8403283,317.2375038,329.8109415,50118175
22-04-2020,324.9266357,326.9093582,312.449894,315.3031088,49115085
23-04-2020,341.3688354,343.1581087,326.9093707,329.0855426,45953398
24-04-2020,323.8627625,331.9871321,320.6226782,326.8126727,38513206
27-04-2020,336.4845581,341.3204961,326.9094068,328.1667389,38980019
28-04-2020,348.04245,350.9440126,338.7574435,342.1425999,32933194
29-04-2020,358.2946777,364.1461512,340.1115322,341.4172414,39341745
30-04-2020,367.6763611,380.0563801,361.8732355,369.4656641,45734705
04-05-2020,326.9577332,347.2203237,324.9750105,347.2203237,38837299
05-05-2020,319.9940186,336.5812797,318.736657,336.5812797,45069968
06-05-2020,330.1978455,334.2116682,314.5777714,320.622694,49952812
07-05-2020,325.7004089,331.6486065,322.7504987,325.9422058,27656346
08-05-2020,326.6192322,340.9335954,322.7504822,332.7125017,42968091
11-05-2020,309.6450806,332.2772628,307.7590826,329.8109464,83665601
12-05-2020,310.6606445,313.7556269,297.8937574,307.8557771,69072308
13-05-2020,326.9577332,336.96813,321.3964048,332.228917,72816461
14-05-2020,316.657196,323.5242335,314.9646178,319.1718896,33999095
15-05-2020,312.1114502,319.7038492,308.3393949,318.4948647,31828868
18-05-2020,288.7055054,309.9836331,283.6277704,309.5000393,74034133
19-05-2020,290.4464111,301.2789236,287.3514287,296.9749271,61827491
20-05-2020,295.6208496,298.135543,287.7382775,289.1890587,42238419
21-05-2020,294.4118958,302.5362656,292.0906514,295.9594018,43075357
22-05-2020,281.499939,297.6036361,276.1804072,291.1234674,80358245
26-05-2020,283.0957947,288.125152,280.4843766,286.3358492,46681705
27-05-2020,308.3877869,311.3860745,285.1752834,286.3842679,80541990
28-05-2020,316.1252747,318.9301128,310.2254244,311.6762058,66136408
29-05-2020,321.0579224,323.3307895,309.5000192,312.3048572,60487477
01-06-2020,328.1183472,336.5812375,325.1684372,327.8765503,44024770
02-06-2020,336.9681702,338.5156763,321.5898925,325.9422369,47558213
03-06-2020,345.1408691,360.7609415,342.1909295,346.1564042,69689299
04-06-2020,336.4361877,351.0890729,334.1632911,345.2859477,57061575
05-06-2020,345.4794006,348.1875139,335.6140759,338.5156385,37251097
08-06-2020,347.9940796,361.4863581,341.5622881,354.5225958,46827341
09-06-2020,337.1132202,357.2307396,333.921513,348.2358774,47621969
10-06-2020,341.4172058,345.1408838,333.9698499,337.1132094,36292403
11-06-2020,330.0527344,342.5778243,328.9404747,340.8852462,36999490
12-06-2020,332.9059753,334.7919734,313.4654992,313.5622238,47509067
15-06-2020,320.2358398,331.0199763,314.819583,330.0044411,43500660
16-06-2020,331.6970215,336.4845827,315.3515263,331.0199783,57511237
17-06-2020,330.7297668,339.4828016,325.0717142,327.4896829,37107002
18-06-2020,340.4500122,343.0614304,326.1356485,328.8437618,39285919
19-06-2020,351.862854,353.4587372,337.741938,339.4828639,51367236
22-06-2020,355.4897766,362.9371326,353.1685324,354.9578353,40133602
23-06-2020,363.8075867,365.887034,352.2497133,356.8922017,32493320
24-06-2020,336.6780396,367.5313208,333.6797518,367.5313208,57955780
25-06-2020,339.4828186,343.9318871,327.3929746,334.5501564,69902888
26-06-2020,337.6452026,346.7367603,334.7436398,343.9319221,34596104
29-06-2020,331.842041,334.2600098,327.3929726,333.9214883,27384244
30-06-2020,339.9180908,342.8196536,334.9370511,335.6140942,47526095
01-07-2020,352.1046143,353.7488449,340.063147,342.6261881,36922617
02-07-2020,350.9440002,358.729848,349.493219,353.9906351,50964311
03-07-2020,349.1547546,355.102953,347.9941176,352.6849838,28779044
06-07-2020,349.9768372,355.7799627,348.671128,355.7799627,33334074
07-07-2020,363.710907,365.5969347,350.2186569,351.0891199,46030825
08-07-2020,356.8438416,366.5640642,355.4897554,365.500152,46315597
09-07-2020,358.1979065,363.6625101,353.3135918,361.1961937,35144463
10-07-2020,348.5260925,356.1185219,347.2203832,352.9267847,27864858
13-07-2020,341.9974976,354.9578038,340.9335854,352.1529661,32379935
14-07-2020,334.2116394,340.885257,329.4240788,339.966417,34031256
15-07-2020,334.4534607,345.0925243,332.4707379,338.0320666,30442553
16-07-2020,333.3411865,337.1615892,329.8109578,336.5329232,35535437
17-07-2020,342.1909485,344.3187729,334.1149559,334.6468973,27511781
20-07-2020,351.0891113,354.3291958,343.5934072,346.2531732,36312529
21-07-2020,366.3706665,367.4345788,357.9077746,358.8266147,45559912
22-07-2020,368.5951538,376.7195227,362.9854487,374.2048294,45500191
23-07-2020,379.3793335,382.6677654,366.4190256,369.997602,37838027
24-07-2020,369.2721863,375.9458038,359.9388325,375.5589052,52980980
27-07-2020,346.7367554,373.1409651,344.8991048,372.3672268,73275058
28-07-2020,340.5467529,350.8472948,331.9387894,349.2514412,125939354
29-07-2020,339.531189,345.9146329,336.774728,341.6106659,50194622
30-07-2020,333.6313477,342.9647013,329.2306267,341.8040645,40820253
31-07-2020,335.4206543,341.4172293,330.8265131,335.0821622,37345191
03-08-2020,331.9871216,337.8869715,329.3273559,335.4206255,32119883
04-08-2020,339.4828186,341.6106429,332.9059553,335.6140685,30811518
05-08-2020,340.6434937,348.1875453,339.2410598,341.8041011,37057881
06-08-2020,346.9785461,351.8144841,337.1615981,341.8524637,48021824
07-08-2020,346.2047729,347.848974,341.5622553,347.6555542,28510964
10-08-2020,351.6210632,352.9751496,345.6245174,347.703965,22856010
11-08-2020,355.2963562,362.018292,352.1046195,357.8593973,45446107
12-08-2020,354.8127441,356.6503945,351.814457,353.748832,25706005
13-08-2020,355.9733887,360.1323131,354.2324628,356.8438811,26257336
14-08-2020,349.541626,359.6003721,342.5778923,359.6003721,28893259
17-08-2020,348.3809814,354.3291792,342.7229281,353.9906577,24232497
18-08-2020,357.4241333,357.8593795,349.7350103,350.0251547,26517363
19-08-2020,362.1633911,363.5174478,358.2462638,361.7281449,35790233
20-08-2020,355.6832275,357.520878,350.7022175,354.9578369,68444775
21-08-2020,358.9716492,360.760952,355.0061744,357.8593894,34109928
24-08-2020,367.8697815,368.6918968,361.5830626,362.5502501,32907235
25-08-2020,373.6729126,377.0096919,368.8853225,369.9492347,53072303
26-08-2020,376.5745239,378.7990438,371.5935133,375.462264,37163882
27-08-2020,379.3309937,384.4087286,374.8819247,377.1548215,36910405
28-08-2020,396.2567444,398.3845392,380.0079761,380.9751636,83472297
31-08-2020,381.6522217,408.1531552,374.785184,401.23777,72744175
01-09-2020,378.1219788,386.5364926,372.6573456,381.748932,34872793
02-09-2020,379.5244141,381.0719201,368.5952058,374.5434038,31295799
03-09-2020,370.1910706,379.6694977,368.5468398,379.5244254,26135555
04-09-2020,360.3257141,367.4829257,356.2635441,362.6953354,33118984
07-09-2020,361.1478271,364.484636,356.8922078,361.8248702,22323904
08-09-2020,363.3723755,368.7886022,357.0372793,360.1806389,32052920
09-09-2020,355.538147,360.1806354,350.0251662,358.6331294,25285238
10-09-2020,358.5364685,362.6953635,353.4587334,359.5036561,24852274
11-09-2020,358.3429871,361.3896219,353.1201802,360.7609559,22678353
14-09-2020,351.7660828,361.5830293,347.5588115,361.2445078,27140598
15-09-2020,359.3585205,360.0355636,351.7661219,352.1046139,24967618
16-09-2020,362.4052124,364.3395876,353.0234807,359.165128,22068622
17-09-2020,356.8921814,359.551947,355.3446755,357.8593689,24084936
18-09-2020,357.4241333,362.3567955,352.5881957,357.8593795,78166508
21-09-2020,339.192688,355.3447025,337.0648636,354.6193118,28932482
22-09-2020,342.7712708,344.463849,338.0320575,342.3844016,28593292
23-09-2020,340.3049927,345.382728,331.2134343,344.8991342,22740143
24-09-2020,324.684906,335.5657671,322.7988783,333.6313918,25840472
25-09-2020,337.2099304,338.9992333,325.5553324,327.9249241,23231600
28-09-2020,351.0891113,352.0079514,337.6452091,339.9664535,18495592
29-09-2020,345.3342896,351.8144577,342.6261763,351.8144577,17080848
30-09-2020,343.1098022,345.7695682,337.8869951,345.2376268,19565058
01-10-2020,357.0856323,359.0200073,346.4949175,346.4949175,23237122
05-10-2020,360.8576965,370.0943262,358.5847998,358.5847998,26530105
06-10-2020,368.1116028,369.2722102,362.792071,364.7264462,18093629
07-10-2020,370.0942993,371.7385299,361.8248578,366.8542152,21845743
08-10-2020,374.7851563,376.9129806,370.094291,372.3671875,21085500
09-10-2020,388.3258362,390.2602115,374.2048908,377.8802215,41641237
12-10-2020,390.7921448,396.5469229,387.5520899,390.2118558,25742564
13-10-2020,383.2480774,387.8422184,380.5883116,387.8422184,19922778
14-10-2020,393.4519043,395.8215257,376.2359768,381.4104364,23368177
15-10-2020,378.1703491,396.4501887,376.3810462,393.548626,34234586
16-10-2020,383.1029968,388.1323544,377.6867406,381.0718971,25339096
19-10-2020,403.4139404,405.009794,387.9872869,388.8577498,41072871
20-10-2020,400.9960022,403.220522,397.5141208,399.9320899,26158669
21-10-2020,406.5089417,414.4398919,396.8370655,402.3500467,43124966
22-10-2020,399.3517151,405.8802307,394.2739807,402.7368714,33088074
23-10-2020,403.2688599,406.7023639,398.2394728,403.3172074,22151463
26-10-2020,391.1790466,405.396687,388.2774838,404.3327747,21712057
27-10-2020,396.4985657,398.8681576,380.3465211,393.0166844,33571163
28-10-2020,383.0546265,396.4501803,381.845642,396.4501803,28145103
29-10-2020,386.7782898,389.6798524,376.8646175,379.379311,32615425
30-10-2020,379.7178345,389.4864345,375.3171135,386.2946979,27225165
02-11-2020,403.7524414,408.926871,393.64532,403.3171952,72698777
03-11-2020,429.2862244,432.2361348,410.2809938,411.0547321,61813071
04-11-2020,422.7093201,427.4969104,411.344866,422.951117,43426662
05-11-2020,424.1117554,431.6074591,421.3069173,430.3984747,30129938
06-11-2020,428.2706604,430.3017603,421.8872458,425.4174747,27831424
09-11-2020,447.5177002,449.3553507,434.2672187,435.2344063,40995422
10-11-2020,467.9736938,471.0686762,457.4797032,469.8596918,57535138
11-11-2020,470.585083,474.4538331,456.6092408,468.8441573,45609279
12-11-2020,461.0583496,467.6835612,455.8838899,465.797563,31071572
13-11-2020,469.6179504,471.117109,452.2085728,457.1896128,34815091
14-11-2020,470.923645,473.7768603,468.7474729,473.7768603,3636073
17-11-2020,470.440033,476.8234769,462.4607354,474.4055079,36127378
18-11-2020,481.3208923,482.6266015,470.2949598,471.9875381,29156543
19-11-2020,463.0410461,477.1619905,460.187831,473.9219062,31896908
20-11-2020,464.4434814,467.586841,452.740506,463.7664383,30089190
23-11-2020,452.8855591,467.4900966,451.1929809,465.9909383,29513544
24-11-2020,462.5091248,464.2500506,455.7388115,458.446925,23135994
25-11-2020,457.1896057,473.8735924,455.6420996,469.0860018,34168305
26-11-2020,459.7042236,461.5419036,450.515942,459.5108038,28707911
27-11-2020,457.8182373,463.8147825,455.8354851,460.7681476,48390771
01-12-2020,469.1826782,472.4711099,458.7370352,463.9598714,20120049
02-12-2020,464.6853027,471.0203698,456.7060049,470.3917038,21244707
03-12-2020,466.0393372,469.0859721,463.1377744,466.2811341,22701738
04-12-2020,485.5765076,487.4625351,467.1515962,467.8286393,39547014
07-12-2020,493.7009277,498.6819085,487.6076281,488.4297434,37778332
08-12-2020,491.7181396,495.2000207,488.816577,494.7164269,19339943
09-12-2020,494.7164612,498.1016178,489.4452769,493.2656798,21272782
10-12-2020,490.3157349,497.5212938,482.3847852,491.4279946,20419020
11-12-2020,498.5368652,499.9392991,489.4936552,492.5402902,25335765
14-12-2020,508.5472717,510.4816471,501.0999148,501.0999148,26369591
15-12-2020,501.0514526,507.0480267,496.2638629,506.8062298,26969145
16-12-2020,495.6352844,504.5817695,494.3295753,502.9858864,24263586
17-12-2020,493.6525269,499.5523769,492.3951948,497.134408,23883288
18-12-2020,500.1810913,501.2449741,492.443561,497.1344268,21735833
21-12-2020,478.2742615,497.8114625,472.1809915,497.7147083,29157759
22-12-2020,483.8839417,485.334723,473.0514583,480.9823789,32328041
23-12-2020,487.0756836,488.9133341,480.2569933,482.6266147,19205951
24-12-2020,496.6991272,499.0204008,488.5264106,490.122264,17576807
28-12-2020,503.0342102,504.0981519,496.7474913,498.9720698,14470472
29-12-2020,511.4487,513.3830748,500.8579858,505.4037785,19092649
30-12-2020,511.4004211,515.5109683,507.3382216,514.2052887,21365141
31-12-2020,517.4936523,520.830461,509.2242111,512.7060625,27817770
01-01-2021,510.1914368,519.3797186,508.8373506,517.9772848,13592625
04-01-2021,514.2536621,517.4453694,507.0964502,514.8339511,16549750
05-01-2021,519.621521,522.2329392,505.8390981,509.3693564,23311516
06-01-2021,528.7614746,532.5334708,518.2674537,521.0723214,28178838
07-01-2021,523.3451538,536.2087953,522.0394742,534.0326233,21138034
08-01-2021,524.2640381,529.1483238,518.7510568,529.0516286,21937965
11-01-2021,526.8270264,528.0843583,517.4452961,527.2622725,19394393
12-01-2021,530.0187988,532.5818696,519.4764305,523.2484857,16388310
13-01-2021,538.2398682,542.5922121,530.2605709,533.4039304,21920297
14-01-2021,535.1448364,540.1258757,532.5334183,535.8702271,13330898
15-01-2021,525.1828613,532.920362,523.7320799,531.9531745,15708956
18-01-2021,515.6560669,530.4056771,511.5455198,526.633622,21580313
19-01-2021,528.5195923,529.7769242,516.3814016,521.314034,20575358
20-01-2021,532.9202881,536.4021393,528.0843508,528.519597,16097138
21-01-2021,534.5645752,542.5922201,531.6630125,536.7890948,18189277
22-01-2021,516.284729,535.3383365,513.1897169,534.9514379,24515997
25-01-2021,520.3953247,524.5058724,513.7701126,518.9445432,23415249
27-01-2021,505.2103882,521.5075337,502.0670287,520.1534475,28049286
28-01-2021,510.9168701,512.4643467,495.200071,497.7147352,29836591
29-01-2021,519.3796997,527.0688523,512.0774457,515.8494416,33172808
01-02-2021,583.987793,589.4524259,532.9203055,533.8874929,69354326
02-02-2021,597.0932007,603.5250214,579.0551886,592.8859585,42362384
03-02-2021,601.9291382,606.9101776,593.8531459,602.9447323,27155908
04-02-2021,607.68396,610.9240739,589.017251,598.4956777,29982222
05-02-2021,593.998291,614.4542734,590.9516264,607.6839602,32015570
08-02-2021,608.9412842,613.1485856,601.9291741,601.9291741,18230551
09-02-2021,612.5682373,622.0950705,607.9740962,610.6338621,27155615
10-02-2021,611.4076538,617.2591269,605.8463252,612.5682317,23967387
11-02-2021,609.9568481,612.8100042,603.6217225,606.1847931,16072702
12-02-2021,626.350708,628.5752869,608.7479397,609.2315336,19049709
15-02-2021,651.8360596,654.5925205,630.6062811,633.5078437,27155194
16-02-2021,636.7479248,657.1072708,628.2366858,651.3041452,24966739
17-02-2021,635.7807007,643.1313613,628.0432004,633.3143843,21684753
18-02-2021,623.4974365,630.9931395,616.6787175,628.671866,27845347
19-02-2021,603.5734253,614.6477354,598.6891396,614.6477354,24055811
22-02-2021,589.8392334,608.6510408,587.3729172,601.5905843,27092321
23-02-2021,596.0776978,602.606214,589.0655878,594.5785688,23534585
24-02-2021,620.0639038,623.8359588,594.9170279,594.9170279,17762047
25-02-2021,607.3937378,627.124386,605.7495073,621.6114056,38571809
26-02-2021,578.1364136,594.8204004,571.5112018,594.8204004,57349273
01-03-2021,588.3884888,591.773645,580.5059461,587.6147506,21527318
02-03-2021,590.4680176,596.2711431,579.3453604,589.9844238,24051433
03-03-2021,611.3592529,612.9551361,593.7080794,597.7219315,21036174
04-03-2021,600.3817139,610.1986918,595.5941234,598.4473386,25057198
05-03-2021,589.4524536,594.5301882,581.7633009,593.0794069,26645968
08-03-2021,588.0984497,595.7876035,581.4248902,591.5319541,19632433
09-03-2021,604.5889893,607.7323492,592.2089989,594.6753156,23056249
10-03-2021,605.0725098,609.8117524,601.3972089,608.1191742,15838994
12-03-2021,592.7409668,617.0657614,588.3886221,610.7306937,21757862
15-03-2021,583.6976318,592.740811,571.22089,591.8220301,24347946
16-03-2021,575.4282837,587.0828827,574.1709516,586.9377809,17925629
17-03-2021,570.1571045,583.842833,567.7391354,577.9429531,20214082
18-03-2021,559.6146851,581.6666081,556.6164273,575.2347874,22776537
19-03-2021,567.4006348,569.5768069,551.2969375,556.3263248,29162618
22-03-2021,554.633728,567.5940061,550.8133253,567.5940061,21755401
23-03-2021,567.1588745,569.9153358,555.4558683,557.1000991,29486417
24-03-2021,548.8789673,561.5007538,546.4609983,560.9688124,24434219
25-03-2021,552.7959595,560.0015176,538.8200894,549.4591511,27170186
26-03-2021,559.5664063,565.3211846,555.4558587,565.3211846,20724410
30-03-2021,572.0430908,573.6389149,562.9031566,562.9031566,28011943
31-03-2021,562.9998779,570.3021915,560.00162,566.7719332,20119972
01-04-2021,574.8963623,576.5405341,561.1622859,568.2710915,15631940
05-04-2021,552.5058594,572.575,545.0101563,572.575,23260127
06-04-2021,547.3314209,559.5179596,545.8806397,555.842659,23284697
07-04-2021,558.6959839,560.9688513,541.0448088,547.9601653,23984399
08-04-2021,557.7770996,566.6268307,554.4886382,562.9031821,19262565
09-04-2021,547.6216431,560.0016328,546.4610061,555.1173471,23239564
12-04-2021,520.8788452,533.839182,513.7216927,533.3072407,26601702
13-04-2021,542.2053833,545.3003956,520.2018638,523.2485286,25445897
15-04-2021,556.3262939,557.8254229,535.9670077,547.3798091,37614884
16-04-2021,548.3469849,558.7925984,545.590465,555.7459341,24045008
19-04-2021,541.3832397,543.8495562,516.8650586,531.953161,28526176
20-04-2021,540.7545776,553.8600172,534.4678581,546.6544576,24425842
22-04-2021,560.1950684,561.5490956,528.9549208,533.8875539,34942633
23-04-2021,551.2485352,561.4523516,548.4436678,551.2001876,33749097
26-04-2021,571.7045898,585.6321155,568.7063318,582.2469587,62584522
27-04-2021,579.1035767,582.1985888,571.7045679,573.7840448,24239685
28-04-2021,600.9619751,602.3644089,578.3781689,578.3781689,33292864
29-04-2021,601.0587158,607.8290287,589.017219,602.1225985,34537860
30-04-2021,580.7962036,596.1261048,578.4749296,590.0811818,23653258
03-05-2021,577.1691895,579.2002598,568.2227043,573.1069898,18010557
04-05-2021,572.1397705,588.0500172,569.6734541,577.0724623,15115127
05-05-2021,583.0206299,584.9550049,565.5145592,575.7667234,17253943
06-05-2021,588.2434692,590.8064808,579.587129,583.0206329,16949763
07-05-2021,587.1795654,594.6269217,583.891163,591.9188083,10941083
10-05-2021,593.1278076,596.7547612,590.9516355,590.9516355,12060808
11-05-2021,589.8392334,592.7892023,583.4558199,586.502484,13818480
12-05-2021,575.2348633,586.7444201,573.7357342,583.4076109,14785569
14-05-2021,577.7011108,582.1985566,571.7045362,572.5750286,12675754
17-05-2021,603.1381836,604.0086761,581.4732161,583.4559389,20453101
18-05-2021,612.4231567,614.6476763,605.4593947,607.3937698,19242627
19-05-2021,604.9274902,613.1969323,602.8963609,606.5233143,13911576
20-05-2021,598.3022461,612.1330765,596.4162774,607.442181,13900762
21-05-2021,621.3696899,622.8204714,601.880836,601.880836,23975898
24-05-2021,626.1088257,632.0087051,617.0656459,622.1433804,20323003
25-05-2021,628.9620361,630.6062667,621.4179852,628.7685868,14884778
26-05-2021,631.0899048,635.1037569,622.1917671,628.0432403,14487031
27-05-2021,630.8480835,634.9586306,626.8342315,629.7357942,23349546
28-05-2021,621.9499512,638.3437922,618.2746502,636.4577646,14191446
31-05-2021,641.00354,643.179712,622.6269768,622.6269768,21786138
01-06-2021,628.7686157,643.083039,627.0760375,642.7444879,14123196
02-06-2021,627.0760498,628.0432374,620.0639398,627.2211516,16025108
03-06-2021,628.9137573,632.2022189,623.5942254,632.0087696,11805702
04-06-2021,621.6114502,633.4111501,618.4197431,631.5734702,15111572
07-06-2021,626.9309692,628.671895,623.1105667,624.0294066,7556341
08-06-2021,621.3212891,626.7375156,616.4853514,626.7375156,11912935
09-06-2021,615.2280273,624.4163098,608.1675695,623.2557319,15823094
10-06-2021,619.3869629,621.3213381,610.2953758,614.5993725,10712418
11-06-2021,614.8411865,623.4007734,610.7789867,622.868832,9015059
14-06-2021,614.3092041,615.2279851,602.8963436,614.8411455,10170497
15-06-2021,624.1260986,624.996591,615.1312664,615.4697585,11039987
16-06-2021,619.0968018,627.8982449,616.6788326,623.7393498,8601339
17-06-2021,612.2297363,616.630428,606.1364664,612.2780839,9720060
18-06-2021,609.7150269,615.7115422,600.3332962,611.8427921,13820690
21-06-2021,610.5371704,612.3264439,596.0293565,602.412771,13407446
22-06-2021,610.1502686,622.9655041,608.8929365,614.1641207,15270093
23-06-2021,604.2021484,614.1641696,602.9931639,612.955185,10950633
24-06-2021,613.2451782,615.4213499,603.9602025,606.4265186,12815724
25-06-2021,627.7047119,628.6718995,615.2279691,615.2279691,14785922
28-06-2021,628.9620361,631.5734543,624.9482433,629.6390792,12093491
29-06-2021,619.0968018,627.4629987,615.5666022,625.0933771,12225470
30-06-2021,610.1986694,619.7737911,609.1347277,617.3558221,14276494
01-07-2021,610.1502686,616.4853945,609.3765303,613.1485855,10517081
02-07-2021,619.2418213,620.305704,611.504321,611.504321,10999396
05-07-2021,626.5924072,627.2211027,620.1606457,621.6597745,7358568
06-07-2021,628.9620361,633.5078293,624.0294034,624.0294034,9209891
07-07-2021,632.5406494,633.2660401,624.706454,629.5423917,7741559
08-07-2021,620.8377686,632.5407154,617.1624083,629.1555586,10782941
09-07-2021,617.5976563,620.1123795,613.003515,618.5164963,7069698
12-07-2021,625.0449219,628.9136719,621.3212736,624.803125,6992783
13-07-2021,643.1314087,644.4854359,631.573505,633.652982,19825411
14-07-2021,642.5510864,646.0813449,636.6029178,640.2782191,11648541
15-07-2021,645.5493774,647.6287954,639.4077007,643.2764512,8244429
16-07-2021,638.6339722,645.8395317,636.119308,645.5493872,9212875
19-07-2021,634.3783569,635.3455445,624.3679301,624.4646842,9121737
20-07-2021,620.8377686,629.8809494,618.1295959,627.3662851,13169127
22-07-2021,634.4267578,638.6340005,627.0277486,631.0899486,13123569
23-07-2021,654.4475098,655.6080877,629.3973274,634.4267147,19298083
26-07-2021,654.5440674,665.1831287,641.8255296,657.6874264,31054759
27-07-2021,655.2212524,663.103796,651.2074003,657.8326708,12598869
28-07-2021,662.5718384,664.457866,648.0640247,655.6564826,18367497
29-07-2021,666.8884277,671.7385254,662.6203181,671.7385254,11043138
30-07-2021,662.0383301,667.0339543,657.6732422,666.403418,14536250
02-08-2021,660.9713135,667.4219077,657.3822295,663.5418296,9348206
03-08-2021,669.7015381,671.1565674,656.3637689,662.5233696,10162609
04-08-2021,693.2244873,695.892041,672.4175563,673.1935601,28730606
05-08-2021,681.3903198,695.0190842,678.0922293,694.0490645,17774554
06-08-2021,676.7341309,684.83377,674.842581,683.9122397,14701949
09-08-2021,681.7781982,685.1247774,673.5330323,676.4916392,8602980
10-08-2021,679.8867188,687.0648278,676.3946129,682.9907339,10843554
11-08-2021,672.757019,685.9493199,669.3134616,685.0762787,9748084
12-08-2021,680.3231201,681.8751868,672.5144754,672.7084911,8840339
13-08-2021,683.6697388,688.6168738,679.9836765,685.8522827,12787590
16-08-2021,681.5842285,686.1918212,677.7041505,681.3417236,7920846
17-08-2021,680.1777344,681.8267795,670.7685327,678.8196833,8669653
18-08-2021,667.6644287,679.8381619,663.1053251,679.8381619,11069373
20-08-2021,660.2922974,663.8813814,655.1026574,663.3478233,13121808
23-08-2021,662.2323608,669.2650026,653.6476523,669.2650026,10917371
24-08-2021,673.630127,676.34617,660.0013633,662.7658955,9821388
25-08-2021,670.3320313,679.4502392,666.5489903,678.9652294,9535359
26-08-2021,677.8496094,680.517163,669.3134497,671.3019778,10756731
27-08-2021,678.7711792,679.4502047,668.3919582,675.2305842,9135827
30-08-2021,692.2544556,693.5639582,679.8867067,683.3787533,10797869
31-08-2021,697.4925537,698.3171059,688.0833521,692.5939668,19760246
01-09-2021,698.3171387,712.7703953,695.6980739,705.7862423,13729351
02-09-2021,703.409668,706.222689,695.9889951,700.6450769,8627956
03-09-2021,702.585144,709.8602906,699.4810697,703.0216647,8993813
06-09-2021,699.529541,706.1741505,698.413995,703.6521236,5329995
07-09-2021,695.4070435,700.7906402,690.3144408,699.2871217,6242711
08-09-2021,699.3355713,701.0815946,693.5639434,695.0189727,7118011
09-09-2021,698.6565552,702.1971501,696.0859798,699.1900541,6243422
13-09-2021,686.1918945,696.3771004,684.0578396,696.3771004,6967906
14-09-2021,686.2402954,692.5939112,685.3187651,691.8663966,5241865
15-09-2021,692.9334106,694.5339665,685.1247655,685.9007692,5936741
16-09-2021,705.3981934,707.5322481,691.478378,698.4140411,13557169
17-09-2021,698.5595703,712.3823483,692.5939267,710.927319,17075003
20-09-2021,688.7139282,698.8021559,685.3188596,688.7139282,7943459
21-09-2021,690.5083618,693.0789372,673.5815688,689.8293955,10009615
22-09-2021,682.2631836,693.5639343,681.1961858,693.5639343,9740470
23-09-2021,695.5040283,698.414087,685.9493593,689.6839109,10412491
24-09-2021,701.2756348,702.8761315,695.0674861,700.9360924,11780868
27-09-2021,708.1142578,709.811792,700.6450956,702.7791504,7712240
28-09-2021,695.6495361,713.3523927,685.4157826,712.09132,13491800
29-09-2021,688.2288818,690.6054416,680.2747096,686.1433161,11453404
30-09-2021,679.8381958,692.4969986,677.8496675,688.3258671,18487517
01-10-2021,671.5930176,674.0180665,667.2764779,672.223554,10935810
04-10-2021,679.2077026,682.2632287,673.2420587,676.1521174,8976533
05-10-2021,676.2005615,678.0436222,671.1079592,672.2235053,7497208
06-10-2021,668.8284912,683.8637945,667.712945,675.7156065,13200810
07-10-2021,681.1477051,683.8152587,672.6600344,676.6370907,10041549
08-10-2021,682.3118286,688.7139345,677.364693,684.833856,9383924
11-10-2021,691.914917,697.8320716,679.3046631,680.9537082,9337637
12-10-2021,687.355835,691.6239447,683.2818002,685.3188176,7376091
13-10-2021,688.6654663,694.4370951,686.725427,692.4485074,6357766
14-10-2021,705.4951782,707.920227,687.7923222,688.9563574,8950350
18-10-2021,723.1010132,726.4475921,710.1027288,716.8443759,15345601
19-10-2021,725.0411377,732.3647736,716.6019556,732.3647736,11349799
20-10-2021,723.4890747,734.7413373,719.6575448,724.362116,12762996
21-10-2021,732.8497314,737.0692926,715.2924022,726.4476264,12166996
22-10-2021,736.5357666,742.8893822,730.764139,735.7597629,13248928
25-10-2021,816.4654541,841.0069365,774.4636201,776.0156277,96124084
26-10-2021,804.5343018,816.4655313,797.695616,803.8552762,16925115
27-10-2021,809.9663086,823.546582,799.4901095,803.9036865,22898400
28-10-2021,774.7545776,807.0077256,772.378018,805.2131541,18750423
29-10-2021,778.0041504,784.5032931,760.3983315,774.0755831,15701200
01-11-2021,779.7987671,785.4248688,769.2255299,783.4848297,11406421
02-11-2021,776.9371338,785.7157985,774.0755644,784.745779,9452457
03-11-2021,762.3869019,781.8357826,757.0517942,781.8357826,11839149
04-11-2021,758.6522827,765.3454414,755.6452457,764.8604317,3149310
08-11-2021,756.7608032,769.2255312,749.9706661,769.2255312,13967995
09-11-2021,762.96875,764.9572779,755.8391311,760.4952124,10084357
10-11-2021,757.4882202,760.7862509,749.9220211,759.0887168,9507347
11-11-2021,748.3215332,753.7051294,743.1318935,753.4141354,9221059
12-11-2021,753.3171387,756.5182505,748.0790688,749.5340981,15380106
15-11-2021,750.1160889,761.0288086,748.4185547,753.705173,10934583
16-11-2021,741.1434326,752.4926733,739.1549044,750.1161135,12785837
17-11-2021,738.4758911,748.8066233,733.6257932,738.0879188,11657214
18-11-2021,740.0279541,744.4900204,733.7228269,741.9679932,20644385
22-11-2021,729.4547119,747.3515847,718.056982,745.266019,20403786
23-11-2021,729.3092041,735.2263591,709.2783351,718.7360261,24913042
24-11-2021,737.4088745,749.0975983,724.3136106,727.7571681,23186419
25-11-2021,728.5332031,732.3163032,722.9555905,732.2678141,17749726
26-11-2021,700.5481567,719.8030218,697.0560507,716.8444739,18987552
29-11-2021,696.8621216,705.9317814,689.1989429,704.9617618,15878074
30-11-2021,692.9334106,710.3452726,689.7808472,695.2614811,23965914
01-12-2021,705.8831787,710.7817652,693.5639196,694.9219706,15214913
02-12-2021,700.7421265,705.3011709,693.7579741,702.876122,21924640
03-12-2021,694.8249512,707.6292203,693.6609159,698.8990449,20130259
06-12-2021,688.2773438,705.0101806,686.2888156,697.4440401,20129080
07-12-2021,712.6248779,718.7359892,690.6539117,695.5040094,30513303
08-12-2021,730.8128052,736.0508756,721.7915753,725.4776973,33432411
09-12-2021,732.3647461,740.1249023,725.9626409,736.2933134,16007459
10-12-2021,735.2747803,737.0208035,728.5331329,733.819751,7627774
13-12-2021,731.3947144,746.6240326,729.9396851,740.12489,16855546
14-12-2021,735.9053345,741.4343984,723.9255578,728.5331506,17488089
15-12-2021,729.6972046,736.7298463,728.3877019,734.8867855,7358740
16-12-2021,718.9299927,735.1778197,716.7959379,735.1778197,14123215
17-12-2021,706.465271,719.7545515,704.2827269,719.7545515,13227787
20-12-2021,688.6654663,698.6081678,677.2677354,696.571091,16900016
21-12-2021,698.75354,707.0957435,694.6795054,698.4140569,14563335
22-12-2021,710.8303223,712.915888,698.4625729,704.476706,9843359
23-12-2021,709.3753052,717.3294776,706.1257633,716.8929569,9994049
24-12-2021,705.3012085,711.897389,698.0260617,711.897389,8800690
27-12-2021,713.9343262,716.6018797,694.6309151,702.2940926,7955163
28-12-2021,713.7404175,720.1910716,710.5393646,718.2025432,17833655
29-12-2021,713.6433716,722.6160521,709.9573093,715.8744046,7143073
30-12-2021,713.6433716,718.2994534,707.144229,711.3153011,14326182
31-12-2021,717.9599609,723.8770562,714.4678552,714.4678552,6973055
03-01-2022,741.7739258,743.0349393,720.7244907,720.7729799,9653095
04-01-2022,749.6795044,754.6751282,740.7068245,744.9264446,12114437
05-01-2022,764.4238892,771.9900298,748.0790835,749.8251069,19741360
06-01-2022,761.5137939,768.740451,750.7950903,751.813599,13018067
07-01-2022,769.4680176,778.2466828,762.6778806,768.4495089,12250210
10-01-2022,786.4433594,788.4318876,775.0456295,776.258154,10905080
11-01-2022,786.3463745,790.2749419,777.8587034,785.4733332,9982061
12-01-2022,799.0536499,800.7026951,787.7044087,794.0580253,13034848
13-01-2022,799.9751587,803.1762115,792.8940276,796.3860744,9372244
14-01-2022,795.4160156,797.3560547,787.2678279,796.3860352,7552844
17-01-2022,794.7369995,804.0492226,790.1294067,795.416025,6722700
18-01-2022,798.4230347,810.93631,793.6699746,796.3860174,10835146
19-01-2022,784.3577271,796.3859923,779.1681465,791.5358949,16416144
20-01-2022,785.958313,788.5773775,771.5535469,778.9256715,13567654
21-01-2022,780.3806763,787.0252861,771.6505009,778.925647,12078277
24-01-2022,774.512146,792.2150033,759.8163257,788.6259191,29612316
25-01-2022,777.616272,780.1867885,762.48393,765.3454998,19513184
27-01-2022,770.8260498,777.47066,757.6337486,763.3083984,23984679
28-01-2022,757.730835,781.6902717,755.1602593,779.6532543,14072314
31-01-2022,765.1513672,774.7545839,760.4952854,765.2968938,14824509
01-02-2022,786.0068359,788.480374,765.6364252,778.0041746,20031583
02-02-2022,789.3533936,794.1550021,784.6002742,790.565918,11214375
03-02-2022,784.6972656,793.8639615,781.8356963,789.6443413,9755335
04-02-2022,780.9142456,787.6558935,771.9415646,785.5218386,10314067
07-02-2022,762.8234253,780.8657659,758.0218165,774.1241179,14659368
08-02-2022,768.7405396,771.8446141,751.0861708,766.3154905,14642455
09-02-2022,778.7316895,780.1382297,770.3895449,773.3480927,8855292
10-02-2022,781.350769,784.5518218,772.4265771,781.7872897,13159771
11-02-2022,767.0913696,773.4935335,764.2783487,772.9599755,13138408
14-02-2022,731.1038208,750.7467187,728.6302825,748.8551685,16170656
15-02-2022,752.7836304,754.6751803,720.9185131,730.3762033,18880659
16-02-2022,741.1434326,754.2386967,737.6028967,752.4441842,10549784
17-02-2022,727.854126,744.2474796,723.9255587,743.519965,16683808
18-02-2022,726.4476318,734.1107504,723.198031,724.4590445,8945567
21-02-2022,731.8312378,740.0279146,717.8144439,723.8770659,10967164
22-02-2022,728.7756348,736.9723113,715.6318824,716.2624188,13156371
23-02-2022,722.2765503,733.7228286,720.4335486,731.976746,11624282
24-02-2022,686.1918945,705.3012334,681.244759,691.5270024,28023104
25-02-2022,708.1627197,717.1354,698.6565405,703.215644,16935750
28-02-2022,720.4335327,722.422061,693.9520108,701.2756466,20547432
02-03-2022,693.418457,703.2156901,686.5313419,695.5040228,25252492
03-03-2022,677.364624,700.3056095,672.660053,696.0859891,23190595
04-03-2022,667.421936,685.3672976,664.4633883,670.2835055,18697223
07-03-2022,634.1502686,647.0030273,622.8980657,643.607959,27799873
08-03-2022,645.0629883,649.379587,623.7225586,624.0135526,26716975
09-03-2022,647.4395142,654.2781397,638.2728182,644.7719606,33728639
10-03-2022,656.3151855,679.9836856,653.4536753,673.1450598,35959638
11-03-2022,657.5762329,664.1723536,650.4950433,654.4236696,20546724
14-03-2022,675.2790527,677.5100856,656.9456617,657.7701546,24648981
15-03-2022,676.4431152,686.8708255,667.373456,680.4687201,27714580
16-03-2022,686.7738037,690.0718937,680.2261721,685.7068059,14621688
17-03-2022,698.5110474,703.2641668,694.7280067,696.2800143,18329844
21-03-2022,689.4414063,701.2271677,684.3488035,699.3841068,12866839
22-03-2022,696.6680298,699.3840726,678.528653,687.4043552,11761758
23-03-2022,696.7650146,705.0101806,692.8364474,703.2641573,7140403
24-03-2022,683.0877686,691.3329346,677.0736356,681.3902344,17727969
25-03-2022,678.2861938,684.9308043,675.7641666,683.8638065,15263007
28-03-2022,689.0533447,692.0119516,674.7941051,680.9537054,13806166
29-03-2022,693.8549805,695.4555364,684.6882838,692.8849609,11489374
30-03-2022,708.9873047,709.8117976,697.5410268,699.4325767,20154520
31-03-2022,708.4052734,717.7174967,705.9802245,717.7174967,16046383
01-04-2022,714.1768799,716.1654081,701.4210994,703.2641602,12658848
04-04-2022,724.2164917,727.3205658,703.2640954,719.7544259,17192197
05-04-2022,719.5604248,732.8012141,715.8743627,724.4105221,12290391
06-04-2022,719.3665161,722.5676282,710.1513299,710.3453456,13518142
07-04-2022,726.1080933,735.0807737,715.001358,715.001358,15087175
08-04-2022,731.68573,733.334775,721.306509,727.3691312,15480705
11-04-2022,736.8267822,742.5014318,729.1151746,729.7456518,13216391
12-04-2022,740.9494019,745.8480479,727.7571598,734.3047917,14020000
13-04-2022,739.3973999,749.3885894,737.8938814,746.5270199,16119956
18-04-2022,735.0807495,740.0278844,726.7386057,728.4846289,17651530
19-04-2022,743.3259277,754.5781894,734.3047583,738.96084,31088359
20-04-2022,732.8982544,746.9150486,731.2007202,743.8109743,15984202
21-04-2022,739.4943848,741.2889565,728.6787022,736.2933321,8953098
22-04-2022,725.2351685,736.0993405,723.5376342,734.3048279,14411607
25-04-2022,729.6486816,739.3488767,721.6945099,725.2351047,35417460
26-04-2022,731.1522827,745.5085611,729.1152652,744.9750622,18727514
27-04-2022,714.6133423,727.5145892,710.5877379,726.5445697,21441480
28-04-2022,724.7501831,729.3577763,712.6249378,716.9414778,18649559
29-04-2022,721.0155029,737.1663517,717.9114286,727.6116239,19560317
02-05-2022,718.7844849,721.5005278,709.1812677,710.0543089,10903446
04-05-2022,702.5366211,724.6045647,699.5295843,723.8285609,12212165
05-05-2022,706.9501953,720.724484,704.7191623,708.8902343,9121547
06-05-2022,697.6865234,701.3240966,689.0048371,694.7764649,12455025
09-05-2022,689.0533447,698.4140568,683.3302651,684.154758,13055889
10-05-2022,689.9748535,698.4140349,683.8637426,683.8637426,12797419
11-05-2022,692.7880249,698.2201111,685.9493984,696.4740876,13516852
12-05-2022,674.9395142,689.3928275,672.5144656,686.3372426,16685166
13-05-2022,657.0427246,681.3417619,654.7632023,681.3417619,15717043
16-05-2022,662.5233154,670.2349823,655.4906741,656.4122044,9025623
17-05-2022,688.7139282,690.6539675,664.6089644,665.5304357,12765052
18-05-2022,686.1433105,695.504023,684.9307861,690.9934083,11835013
19-05-2022,669.6044922,677.7526802,665.0453884,672.3205351,16661023
20-05-2022,688.2773438,690.5569252,672.9025579,673.9695557,11695528
23-05-2022,689.7323608,704.1856752,686.2403143,688.2773316,17438451
24-05-2022,686.9193726,695.8435051,684.882296,689.7323937,13779981
25-05-2022,691.9634399,699.2385868,690.2659057,690.7024263,10457589
26-05-2022,706.6591797,711.0242673,694.0004375,701.3240726,14028733
27-05-2022,717.6204224,718.9784734,709.3267674,711.5578004,8110620
30-05-2022,726.0596313,729.4062106,721.9855374,726.3021362,7628515
31-05-2022,730.2791748,734.0137855,718.2994574,718.7844671,20272212
01-06-2022,730.0852051,732.9467153,721.8885284,725.5745907,10102092
02-06-2022,727.2721558,729.2121949,720.9185396,728.5331693,10949759
03-06-2022,721.9855347,734.3047947,718.9784978,733.4803018,8563791
06-06-2022,724.3620605,728.4361543,717.4263975,718.0084447,9107831
07-06-2022,713.2067871,720.6759486,710.3937071,718.7843988,9938912
08-06-2022,707.6292725,718.7844975,704.6707246,714.5163877,9369224
09-06-2022,710.7818604,712.0913631,700.4996763,703.2642085,7444368
10-06-2022,698.4140015,706.465151,696.4739626,703.0215938,7990818
13-06-2022,667.3734741,681.2447423,661.6503349,681.1962532,16622521
14-06-2022,664.9484253,673.8241282,660.243854,661.9413883,13348598
15-06-2022,666.6459351,675.4730893,665.5303889,666.8884399,9199591
16-06-2022,658.1582642,679.0621736,656.0242093,679.0136845,13237239
17-06-2022,666.2578735,671.884034,649.8645794,651.1255929,16335613
20-06-2022,665.3849487,667.1794613,657.2852496,665.4334379,10981042
21-06-2022,675.2305298,686.7737852,667.9553838,669.8469336,13319648
22-06-2022,666.0153809,677.9466684,664.5603516,673.4360539,6838249
23-06-2022,678.189209,684.8338194,666.4034475,669.507522,14960412
24-06-2022,692.0604248,693.8064481,685.3672666,689.5868869,10856736
27-06-2022,695.8434448,706.9986688,694.6309205,706.9986688,8285225
28-06-2022,689.0048828,695.7950197,685.8038301,689.7323975,8339931
29-06-2022,681.6812744,685.5128637,679.935251,683.8153294,9570557
30-06-2022,685.9978027,690.5569062,680.1776857,681.6812041,11970404
01-07-2022,682.796814,685.5613461,673.2905746,682.3602933,9884899
04-07-2022,698.5110474,699.4810669,683.7182494,683.7182494,8303732
05-07-2022,697.8806152,710.199876,696.5710532,701.3726621,11460367
06-07-2022,704.18573,709.9573584,700.3541408,701.3241604,12163533
07-07-2022,719.7545776,721.6946169,711.0244008,713.8859706,10374018
08-07-2022,733.0437622,734.7897855,722.2280209,728.7756526,9797700
11-07-2022,746.4299927,748.4185208,732.3647102,732.3647102,12440573
12-07-2022,737.1178589,744.4414944,734.9838041,742.4044179,10219829
13-07-2022,730.6187134,741.822427,727.4176608,741.822427,8674121
14-07-2022,729.8427124,736.7298273,726.3506066,727.5146419,7044542
15-07-2022,728.6786499,736.2447901,721.8885135,730.667178,6358018
18-07-2022,748.8551025,749.9706487,735.129302,736.4873531,8045363
19-07-2022,757.2457886,758.5552913,744.1505246,744.7810018,12825591
20-07-2022,759.6222534,765.8788911,756.9062106,765.830402,8152179
21-07-2022,762.4353638,765.2969333,756.7122248,761.368366,8312338
22-07-2022,776.0641479,779.7987588,765.4424218,765.4424218,12267898
25-07-2022,776.8886719,793.2819665,773.2025503,778.9256892,21034148
26-07-2022,772.4265137,778.7316404,767.9159585,777.5676052,7374145
27-07-2022,776.5006714,779.7017241,770.8260805,771.1655637,9536564
28-07-2022,790.1779175,791.0509588,781.1567473,782.7573033,11124518
29-07-2022,794.0579834,798.7141246,783.7757998,796.0465708,11095993
01-08-2022,798.7140503,800.2660578,792.796896,796.0949859,7974903
02-08-2022,793.2334595,797.3560424,787.849863,795.4160034,11106772
03-08-2022,800.0721436,803.1762181,787.219384,793.2335173,11073975
04-08-2022,795.6585693,805.0677712,784.1153125,799.2961428,11113742
05-08-2022,813.0704346,815.6894993,798.4231032,798.4231032,16056522
08-08-2022,816.7297974,821.9505207,811.0699338,816.3882174,12142951
10-08-2022,828.2446899,832.3920124,821.804166,821.804166,23658553
11-08-2022,838.9301758,845.5658799,837.3687951,839.2716962,22787391
12-08-2022,853.2750854,856.0562075,837.7591953,843.0775388,10792853
16-08-2022,858.0078735,863.1310368,855.2267516,860.1547348,13804836
17-08-2022,861.9111938,864.1068352,857.1783909,860.4962131,9058040
18-08-2022,863.7164917,866.2049329,853.9093056,859.2764289,13137856
19-08-2022,849.3717041,865.4730744,843.4190406,863.6189534,10787199
22-08-2022,831.6600952,846.4441031,829.074094,844.6387624,13848023
23-08-2022,843.0286865,847.029609,822.4384149,824.9267964,13254855
24-08-2022,852.2015991,854.2020605,836.3441891,836.3441891,10494109
25-08-2022,851.2745361,860.1547215,845.7610724,852.2015966,9827829
26-08-2022,849.81073,856.3000935,846.3465079,853.0310515,5976725
29-08-2022,835.1731567,840.1987597,826.5369912,829.5132931,7755134
30-08-2022,865.8633423,869.2300042,838.3446258,839.7108264,12544701
01-09-2022,853.2261963,864.3020227,842.1504294,842.1504294,15877583
02-09-2022,851.3233643,860.0083099,846.0538012,852.9822456,8401284
05-09-2022,861.1305542,864.4972162,850.4938678,850.4938678,8744999
06-09-2022,862.3015747,868.4493586,856.8856117,861.1793342,9879326
07-09-2022,855.0315552,861.325739,851.420933,857.3247568,8814960
08-09-2022,877.0855103,879.0371914,864.1068423,864.1068423,12163106
09-09-2022,879.4763184,889.9178244,876.0120962,888.1613233,9936230
12-09-2022,885.2825317,886.9414725,880.9888096,883.1844508,6016978
13-09-2022,888.0149536,891.8695359,883.4284908,891.8695359,10400475
14-09-2022,895.9192505,899.9690129,876.3536579,876.548838,14712947
15-09-2022,895.4312744,914.0210847,893.6259932,897.7733156,16253099
16-09-2022,887.1366577,895.4313027,883.3309151,892.7965808,11966860
19-09-2022,877.4758301,890.4544974,873.7188082,883.0869132,11235656
20-09-2022,894.6018677,900.2129511,885.4289422,887.2342831,12090663
21-09-2022,893.1380615,894.8457825,883.7700161,889.9665797,8917640
22-09-2022,881.5744019,889.6738667,873.6700574,884.1115635,11125669
23-09-2022,860.9353638,883.038177,857.5199217,879.9154752,15927517
26-09-2022,840.2474976,856.6904466,838.4422164,848.9812824,14208640
27-09-2022,831.9528198,853.7140514,828.0982379,844.053266,12493809
28-09-2022,828.9765625,842.3943703,823.6094394,823.6094394,11411458
29-09-2022,823.5119019,840.7842327,820.7795005,837.2712304,13803629
30-09-2022,841.1746216,846.1026048,817.2665262,823.51193,13175031
03-10-2022,827.8543701,840.1499977,825.2684282,838.9301969,8232026
04-10-2022,846.6881104,851.5673133,839.3204663,844.102109,8975095
06-10-2022,864.0581055,870.1571095,851.9576577,851.9576577,12116698
07-10-2022,861.2280273,863.1309282,851.7135824,856.0073045,9705750
10-10-2022,860.4473877,868.3028921,849.6643617,850.9329425,7357588
11-10-2022,849.5668335,861.9112414,844.54129,861.9112414,11130051
12-10-2022,847.3711548,850.6402565,840.6866705,846.9808543,14557532
13-10-2022,832.9775391,844.5412863,829.9524569,841.5161446,11563124
14-10-2022,849.2252808,862.447909,847.5663398,862.447909,8199540
17-10-2022,863.8140869,866.0585083,847.5663176,850.9329794,8936947
18-10-2022,875.2314453,878.9396276,869.6203619,874.4019451,8097552
19-10-2022,870.5473633,878.8908479,864.1556194,878.3053079,5529462
20-10-2022,867.1807861,871.7184093,858.8373012,868.2054069,8107159
21-10-2022,885.2338257,888.0149476,864.3020329,866.5464543,17022807
24-10-2022,903.9210815,910.9471454,895.4312569,902.6525008,4390050
25-10-2022,902.701355,920.4616662,900.6521135,919.2906455,15838120
27-10-2022,902.0671387,911.142445,898.0173761,903.67724,16080842
28-10-2022,885.9168091,905.0920995,879.2323252,895.8216144,9854094
31-10-2022,886.7463379,894.8945828,882.7453558,890.5520804,9000840
01-11-2022,886.6487427,898.7491899,877.8173972,898.7491899,9823761
02-11-2022,882.8430176,898.5052476,880.5497564,898.3588476,7690974
03-11-2022,886.6975708,891.7718942,875.3777843,879.2811466,9022366
04-11-2022,883.4284668,891.3328112,878.4517037,884.4043074,7099336
07-11-2022,895.3338013,897.8709631,881.623252,888.2589565,11100219
09-11-2022,888.5028687,899.6274753,883.8676258,897.7733544,11590409
10-11-2022,888.6980591,890.8937005,882.1111349,885.6241373,10009741
11-11-2022,884.6483154,905.580109,881.6720134,903.5308674,17921457
14-11-2022,873.3285522,884.6482793,869.7179301,883.1357383,12641308
15-11-2022,889.6738281,891.5767291,877.0854614,878.7931823,15176911
16-11-2022,891.5279541,895.9192368,886.1608308,890.5033334,13008311
17-11-2022,897.578186,900.0177876,888.3564803,890.9424818,12584194
18-11-2022,898.1148071,899.7249678,888.5515819,897.5781068,10874061
21-11-2022,899.1395874,902.4574098,891.967123,891.967123,9245704
22-11-2022,901.3839722,904.1163139,898.1637101,901.4327523,11256509
23-11-2022,905.043396,909.337059,901.3839937,904.6042558,10959704
24-11-2022,916.1679077,917.9244684,905.140921,905.140921,10844395
25-11-2022,907.8244629,920.1200897,905.0921212,917.5828685,9815055
28-11-2022,914.7530518,920.9983962,901.6279831,901.6767632,9381474
29-11-2022,923.8770752,926.9509969,910.9959675,910.9959675,13096845
30-11-2022,929.87854,935.0504834,918.266013,925.1456773,20858573
01-12-2022,917.4852905,933.8793997,913.6307085,932.9035592,15920653
02-12-2022,908.1172485,911.9230507,903.7259658,905.8240469,14228874
05-12-2022,911.0447998,914.3626818,905.9704761,914.3626818,10984608
06-12-2022,900.359314,907.2877581,897.9684927,902.6525155,18220912
07-12-2022,899.87146,910.654487,898.407699,899.72506,15675663
08-12-2022,909.3858032,910.9959043,901.4814593,902.6524798,10136870
09-12-2022,907.4342041,912.2157873,902.7013414,909.4834456,9575331
12-12-2022,907.8244629,911.3375247,902.7012999,902.7012999,8493863
13-12-2022,910.4105225,913.2892642,905.3849194,907.0438604,10415140
14-12-2022,899.4810181,913.4355259,897.7732971,913.3867458,12319827
15-12-2022,886.8438721,897.6757378,883.1356899,893.8699359,8929748
16-12-2022,880.208252,891.6255993,877.9150503,883.6236942,9157260
19-12-2022,884.5507202,888.600423,879.378777,886.0632612,7015083
20-12-2022,887.722229,890.4057907,874.0604602,884.1116068,6384331
21-12-2022,870.6937866,893.7236013,865.5706234,888.2589176,11341147
22-12-2022,869.1324463,882.0134944,864.9362841,878.7444523,9788367
23-12-2022,857.6663818,868.156669,854.1533197,861.7160848,11059215
26-12-2022,871.6208496,875.329032,854.1044987,859.8131424,6943159
27-12-2022,878.8908081,880.9400494,866.7415814,876.0120666,4994381
28-12-2022,877.2319336,882.1111367,874.1580118,874.3531919,8980300
29-12-2022,886.1120605,901.0424101,867.8638291,876.207314,11994220
30-12-2022,869.3275146,886.5511239,867.0830933,886.5511239,9688527
02-01-2023,880.6473389,885.0874016,872.4014741,872.4014741,4315403
03-01-2023,879.5739136,884.0628161,875.0850706,876.7927916,5846855
04-01-2023,877.3782959,885.9657412,873.1821931,877.2807357,12454582
05-01-2023,857.9102783,881.1840526,850.9329943,879.1348111,16547196
06-01-2023,849.0788574,857.7150822,839.7108118,857.7150822,14804613
09-01-2023,852.2503052,857.5198679,841.4672792,853.1285855,16811853
10-01-2023,840.5402832,857.1784132,835.9050403,854.2508914,13470142
11-01-2023,845.3706665,849.8107291,834.1972802,842.0528443,15558460
12-01-2023,839.8572388,848.3470044,834.2949354,844.5900419,16659001
13-01-2023,852.3480225,853.7630033,837.5640129,843.8094168,11223103
16-01-2023,844.3461304,856.2513983,840.2475877,856.0562183,8319812
17-01-2023,844.2485352,846.980877,837.3688111,846.0050364,12624859
18-01-2023,848.4933472,850.9329485,837.9055012,843.5653644,11313898
19-01-2023,845.2243652,849.5180282,841.1746029,847.0296465,6694679
20-01-2023,849.3228149,855.3242583,844.6387921,852.3967366,8127162
23-01-2023,850.6402588,861.9599859,843.7117548,860.691405,16882379
24-01-2023,849.7131958,860.3986622,847.0296342,857.7638807,11504090
25-01-2023,834.6364136,855.6169855,827.5127894,852.2015435,14918485
27-01-2023,797.4569092,822.6335835,793.4559272,818.8766212,39718683
30-01-2023,803.6047363,806.288298,776.7691198,780.6724822,36301441
31-01-2023,811.8018188,818.047163,794.4318085,806.0443355,27291226
01-02-2023,827.4640503,854.0557067,803.2632153,823.0727676,39237711
02-02-2023,837.173645,839.8083669,806.1418674,808.3863483,16798190
03-02-2023,842.9310913,851.5673163,831.5137445,843.7605915,14914366
06-02-2023,833.0751343,846.8344629,829.1229917,840.6866791,8463833
07-02-2023,832.1481323,835.3196145,826.7322285,834.3437738,9337066
08-02-2023,838.3446045,839.9059851,831.3186001,831.9040806,8082983
09-02-2023,840.0036011,844.0045834,831.0258554,837.7591795,6299265
10-02-2023,833.2214355,841.0769997,831.4161543,834.8803764,8656405
13-02-2023,830.0988159,838.5398012,828.8301755,832.7823775,9394365
14-02-2023,844.3948364,846.3465176,831.5137289,833.2702896,13402934
15-02-2023,849.7619629,852.1527842,839.8083771,845.4683001,12070288
16-02-2023,848.4446411,856.5928865,843.9557385,854.7876052,10715685
17-02-2023,841.8088989,846.590482,834.4900946,846.590482,9990618
20-02-2023,831.5137329,845.6146412,829.7084517,841.8088987,9013430
21-02-2023,833.5631104,838.6862739,826.3906457,833.7582904,11704445
22-02-2023,818.9741821,833.4653905,814.5828997,830.6842687,13880984
23-02-2023,819.4620972,824.0485596,813.4118739,816.3393955,11743574
24-02-2023,819.4133911,825.1708151,815.3636287,823.5607138,8246139
27-02-2023,835.7098389,837.5639001,813.4118474,813.4118474,14422574
28-02-2023,834.1973267,837.2712484,829.4645235,834.2461663,19600146
01-03-2023,835.6123047,843.1262893,831.269802,843.1262893,11015843
02-03-2023,833.3678589,841.0281836,830.5378974,832.3920183,12327141
03-03-2023,847.5663452,851.9088478,829.318114,836.051438,12823098
06-03-2023,846.7856445,855.6657698,844.4436034,850.6890068,13904231
08-03-2023,851.0305786,852.5431792,840.6866919,845.7122949,16144568
09-03-2023,835.270752,848.7861201,833.5142508,846.2489584,10624440
10-03-2023,822.2921753,824.9268975,816.0467711,824.2926368,17273189
13-03-2023,808.3864136,834.6364912,804.0439108,821.1211221,16413159
14-03-2023,810.2892456,814.2902279,798.4815978,807.0202033,15456802
15-03-2023,805.9467773,823.5606883,802.3361552,816.2418838,12914488
16-03-2023,803.9951172,811.2163021,790.7236489,809.6549809,14987868
17-03-2023,816.0466919,818.144773,798.8719214,811.7041894,11104490
20-03-2023,816.2418823,817.5592433,805.0684955,816.7785827,14838651
21-03-2023,831.8065186,833.8557599,818.7790113,822.6335935,18755854
22-03-2023,839.4180908,841.7112924,830.4403454,836.9297092,17431520
23-03-2023,834.7828369,846.4929239,832.1968356,836.2953779,17920621
24-03-2023,831.8065186,839.222883,828.6350367,831.9040788,17295696
27-03-2023,828.1958618,835.7098457,823.6581796,834.2948651,17047675
28-03-2023,834.0997314,838.1494937,827.7079876,834.880392,24469018
29-03-2023,830.4403687,841.2721757,827.5128468,836.3441925,34881515
31-03-2023,856.0560913,859.7154932,837.7590817,841.1257433,25739021
03-04-2023,862.447876,865.6681379,847.8590477,858.9348738,26416933
05-04-2023,863.2285767,866.3024984,852.8846901,865.1802579,21068934
06-04-2023,853.8605347,868.5957041,851.6161132,860.6914189,26042745
10-04-2023,847.46875,861.4720383,843.5166076,858.7884767,30906205
11-04-2023,860.5938721,864.2044347,844.1021417,852.591967,39504022
12-04-2023,868.6445313,870.4498125,859.0324656,862.1063873,22686032
13-04-2023,877.2807007,879.8667021,865.0826932,869.5715361,34439635
17-04-2023,879.5250854,895.1385344,871.5720206,895.1385344,29957514
18-04-2023,875.1826172,886.0144836,872.4990555,886.0144836,26699379
19-04-2023,870.3522339,875.2314368,865.8145514,874.2555962,24377956
20-04-2023,872.7918701,877.5734534,867.717487,870.693789,16999919
21-04-2023,864.2532349,878.9396237,861.081753,872.9381803,29578071
24-04-2023,882.8917847,884.5995057,873.3773388,883.1357448,30881665
25-04-2023,891.3815308,893.8699122,881.2815457,884.4042473,41383839
26-04-2023,892.8453369,894.797018,883.8675918,889.4298949,30371555
27-04-2023,896.163208,897.6758086,886.5999819,887.5270424,25835108
28-04-2023,895.4801025,898.2124442,888.2588587,892.9916615,20381002
02-05-2023,899.8225708,903.4331928,896.5047486,901.6766917,17515017
03-05-2023,900.5545044,901.530345,889.5275172,897.3342422,18715142
04-05-2023,899.432312,901.5791733,889.771466,897.773371,20485002
05-05-2023,904.5554199,919.6809486,901.139978,902.6525189,19002035
08-05-2023,915.2409058,918.9490881,904.6042196,904.6042196,18623913
09-05-2023,911.8255005,922.1693873,909.2882791,918.2660248,21507610
10-05-2023,913.4355469,918.2659696,905.8240024,912.0205661,25910923
11-05-2023,916.5095215,924.1210664,911.2887384,917.3389622,20027372
12-05-2023,921.0959473,925.0968698,912.5085025,917.046185,13873480
15-05-2023,922.9012451,926.0727271,915.5336605,920.9495639,10453762
16-05-2023,923.4867554,929.1954588,920.2177131,927.0485975,19612293
17-05-2023,916.6558228,925.4872276,913.1916006,924.4137673,19273344
18-05-2023,923.6330566,929.2441397,919.3393345,925.0480373,21550141
19-05-2023,931.2446899,932.9036309,918.8515022,928.463568,15427412
22-05-2023,927.3900146,931.1958165,923.2915321,928.0731149,15509525
23-05-2023,930.3664551,935.6847387,922.1693702,929.0002544,16579935
24-05-2023,917.9244995,930.805548,915.8264184,923.8283233,18049620
25-05-2023,917.1437988,918.8515199,910.4105342,914.3626768,19328582
26-05-2023,927.7316895,929.4394105,912.9476802,917.0950029,10957182
29-05-2023,925.2433472,934.4649938,923.9259265,930.8055913,12108079
30-05-2023,926.9998169,929.2930185,921.8278735,922.5109143,18483624
31-05-2023,926.2191162,929.0002381,917.7780713,926.5606366,27254425
01-06-2023,913.484375,931.195906,910.2641129,931.195906,21650700
02-06-2023,915.4848633,921.827827,912.4597217,920.2176663,12494376
05-06-2023,923.8770752,928.8050582,920.217673,920.217673,10751684
06-06-2023,919.3394165,924.9017199,915.4360541,923.633139,11894330
07-06-2023,917.4852905,922.9987539,911.2398872,921.534993,16486469
08-06-2023,915.2409058,927.5364733,912.6061243,913.9722654,17608140
09-06-2023,915.3872681,921.1935316,913.5819868,918.6563698,12253128
12-06-2023,913.3380737,920.7056588,910.7520722,915.3385352,10520125
13-06-2023,920.7543945,923.3891761,911.5326889,913.2892496,13528776
14-06-2023,917.0950317,924.0723162,913.6308093,923.1940358,13489262
15-06-2023,904.2138672,920.1688966,902.0182259,917.9732552,19366819
16-06-2023,911.6303101,915.0945323,904.6042458,906.8486672,11249387
19-06-2023,900.84729,911.3863568,896.5047874,910.9472166,19351375
20-06-2023,903.18927,906.1167919,892.6989834,898.700427,15212286
21-06-2023,902.3598022,905.9704243,897.7733396,905.5800643,9210553
22-06-2023,903.3843994,912.947625,898.4564165,902.0670385,27291569
23-06-2023,901.1888428,909.3859281,896.7975598,903.6772245,8767733
26-06-2023,905.043396,909.2882789,900.8960734,904.701816,11749040
27-06-2023,913.484375,917.2413971,899.9202262,907.5317711,13422726
28-06-2023,914.8018188,921.1935631,911.727897,921.1935631,25708001
30-06-2023,912.0205688,919.4369929,908.1660463,917.778052,13843218
03-07-2023,919.7785034,922.9012051,913.87468,914.3626002,12350359
04-07-2023,921.8765869,928.3171108,919.2418055,924.3649684,14041699
05-07-2023,934.8552246,941.4421482,918.2659357,919.2905563,13817767
06-07-2023,936.2214966,940.6127793,930.9519335,931.6350338,16334427
07-07-2023,923.5355835,931.9765691,920.9983622,929.9761077,8593807
10-07-2023,925.4872437,929.8785263,918.6075198,923.1452024,12069184
11-07-2023,922.1205444,929.6833087,919.1442427,925.4872063,16977595
12-07-2023,921.5838623,928.1707862,918.5099407,925.4872246,21511161
13-07-2023,932.6108398,936.0750619,919.4369922,924.8041153,23222286
14-07-2023,936.8557739,941.6861969,928.3659486,936.5630337,12871569
17-07-2023,945.2967529,950.2735159,929.8296445,939.6368897,16290763
18-07-2023,951.883728,964.0817356,947.6876253,954.3721097,29709508
19-07-2023,949.9320068,956.3237506,944.1745237,956.3237506,15994261
20-07-2023,971.546875,974.0353162,948.614621,952.4692032,26487838
21-07-2023,972.9130859,977.2555886,964.911181,971.254145,16903003
24-07-2023,968.0338745,984.3304244,966.1797535,980.6710222,21687719
25-07-2023,970.6686401,974.8647427,964.3744565,974.8647427,29325327
26-07-2023,972.3763428,973.6449236,966.0821592,969.1072411,12780537
27-07-2023,966.3261108,982.1835199,963.3498091,978.3289378,25932395
28-07-2023,972.1324463,974.5720479,953.4450744,964.1305412,12584130
31-07-2023,974.1817017,975.2551621,964.7160355,971.9372801,14303116
01-08-2023,970.5222168,979.4511817,966.5212943,977.4507205,15508569
02-08-2023,963.105896,970.0831206,953.8841904,961.4469551,15787996
03-08-2023,941.6861572,959.2512876,936.8557345,952.957104,30994707
04-08-2023,947.0532837,952.4204069,938.0267583,945.2480024,20582882
07-08-2023,952.0788574,957.7875008,944.8088334,947.4923949,16686062
08-08-2023,956.2262573,962.7643419,948.8098328,952.1764949,23784778
09-08-2023,957.0133057,959.5713515,948.0600251,959.22702,19317331
10-08-2023,948.552002,957.9480378,943.9770282,955.8818683,24858441
11-08-2023,937.4833984,947.9616703,934.6793843,947.863307,17162177
14-08-2023,944.0753784,947.3713892,930.7439105,933.6955297,19026691
16-08-2023,941.0745239,944.3212928,931.3341572,939.0575963,17930805
17-08-2023,936.3027954,942.3535785,931.1866436,941.5173105,27077611
18-08-2023,935.3189087,939.5987323,930.7438751,932.6132579,13257508
21-08-2023,939.7955322,943.8293876,933.1052076,935.3681036,13358017
22-08-2023,936.6471558,941.5173394,933.9906865,940.9762213,16872719
23-08-2023,951.2576294,952.4382891,934.5317876,938.6148848,14707331
24-08-2023,953.3237915,966.5568959,951.1592588,956.8165288,28389740
25-08-2023,954.7504272,956.9148999,944.7149102,947.420561,10275758
28-08-2023,954.8980103,959.2762575,949.4867083,954.3077104,10481574
29-08-2023,952.1431274,961.4899213,950.0770181,957.6036108,13209913
30-08-2023,943.4359131,960.1617553,939.9923573,954.7996351,13936165
31-08-2023,943.288269,950.6181351,938.6640538,944.5181103,36675400
01-09-2023,953.0778198,957.3576435,937.4342146,941.46813,16268147
04-09-2023,951.7495728,953.422169,945.059248,953.0778374,9512956
05-09-2023,952.7826538,954.3568266,946.7318107,948.5519518,16623486
06-09-2023,942.0584717,953.8649486,935.4665101,947.0270187,30802100
07-09-2023,950.0770264,953.8649136,939.3036046,941.9600738,13462347
08-09-2023,954.8980103,959.2762575,945.7480026,951.8972094,13086915
11-09-2023,962.4738159,966.1633399,953.7173217,959.2270468,7894110
12-09-2023,974.5262451,979.1012788,966.8028658,974.1326719,20959591
13-09-2023,973.8375244,978.8060713,964.7366988,973.8375244,21997553
14-09-2023,971.7714233,976.8875752,966.4093032,976.2972153,11464188
15-09-2023,976.4448242,981.4133711,972.6568769,974.3786548,13307980
18-09-2023,974.2311401,980.1835603,971.3778842,974.1327168,16713222
20-09-2023,971.2302856,979.9375379,964.8351109,965.7205606,25741856
21-09-2023,943.8294067,966.6552736,942.0092656,964.1464093,19742813
22-09-2023,934.9744873,945.403577,932.1212917,941.0745118,12701888
25-09-2023,940.9269409,945.6987611,926.3164506,934.9745211,8997098
26-09-2023,933.4003296,943.4850279,931.8260968,943.4850279,10521409
27-09-2023,927.890625,931.2358173,919.3309777,931.0390307,15152973
28-09-2023,927.3986816,931.9737152,919.6753025,930.2519374,25991282
29-09-2023,936.5487671,940.5826225,928.4809962,931.4326153,10447334
03-10-2023,925.1358032,936.2535565,923.8567803,936.2535565,11131636
04-10-2023,915.0510864,920.4132064,910.0825397,919.9212699,17334739
05-10-2023,925.6769409,928.7269834,919.4785527,920.1180942,10478856
06-10-2023,929.9568481,931.2850528,922.87295,930.7439346,6355755
09-10-2023,923.4632568,926.857631,921.2003607,925.0866715,6725306
10-10-2023,935.8600464,942.0584345,925.1849879,925.2342296,11452715
11-10-2023,937.7293701,946.5350458,935.4172925,939.5003896,12233117
12-10-2023,938.8608398,944.6164731,933.1052066,937.4833936,7836818
13-10-2023,935.9584351,941.9600968,929.3172919,934.6302304,6650442
16-10-2023,936.0568848,939.4511989,930.891551,933.2036288,5763024
17-10-2023,938.5165405,945.4528336,936.1552212,939.9923501,7747527
18-10-2023,928.5301514,935.3188991,923.9551179,933.8922713,12000153
19-10-2023,920.6591797,929.7600051,918.9374019,920.9051479,8612676
20-10-2023,917.7075806,924.8406601,915.0019297,916.9696758,6586576
23-10-2023,914.9527588,929.5632496,910.4761484,926.8084171,11856890
25-10-2023,901.3260498,918.7406143,896.7018947,911.1155984,12593434
26-10-2023,893.9962769,901.8180196,884.5018778,899.5551236,21693345
27-10-2023,898.0301514,903.34309,896.6035234,901.2277389,8645505
30-10-2023,909.9841919,911.3615781,893.5535002,894.4389499,7687791
31-10-2023,900.5881958,915.9858335,899.3583545,914.3132372,17211107
01-11-2023,899.3091431,902.8018804,894.6357461,899.0631748,12927203
02-11-2023,905.1140137,909.8857739,898.0792974,905.212377,9747311
03-11-2023,918.7406616,919.4293848,911.8535501,913.575328,7146961
06-11-2023,930.2028198,932.4657159,922.2826535,925.8245726,10338367
07-11-2023,932.8099976,935.1221352,915.4446746,928.3825689,15704942
08-11-2023,920.6591797,933.1543791,919.0357652,933.1543791,17606074
09-11-2023,922.2333374,927.1527024,917.9535139,918.9373869,9406117
10-11-2023,923.4632568,926.2673312,917.3632917,919.8229744,9560455
13-11-2023,919.380188,925.7261812,916.969687,925.7261812,11470096
15-11-2023,925.9229126,929.1697417,923.6108349,929.1697417,19492138
16-11-2023,920.9051514,930.9406682,918.9374053,923.8567704,19706373
17-11-2023,906.9833374,923.2664842,905.3108013,911.6075527,10956653
20-11-2023,906.5898438,911.804359,902.7035332,907.1309619,10562301
21-11-2023,911.1647949,913.0833594,907.1309395,909.4922588,8989572
22-11-2023,907.8688354,910.2793364,899.9978512,908.360772,12197979
23-11-2023,908.1148071,910.4268847,903.6873785,908.1148071,5534614
24-11-2023,914.4116211,915.3954941,905.3599772,906.6390001,7452002
28-11-2023,910.5745239,916.0350074,906.8358183,913.9197164,14231987
29-11-2023,924.4470825,925.9228921,911.0664332,915.8874351,11680078
30-11-2023,919.8721313,925.6769464,913.2309882,923.8076236,23950292
01-12-2023,931.4326172,936.6471323,917.9535446,920.855982,16986046
04-12-2023,975.2149658,978.8060664,945.8955613,948.1584573,33131257
05-12-2023,997.1061401,999.3690361,979.0028523,986.3327184,31378461
06-12-2023,987.0706177,999.8609671,984.1189986,997.6472528,18786590
07-12-2023,982.8891602,986.0375659,972.2141618,980.2818726,11841945
08-12-2023,994.5480347,996.5157807,977.2318933,978.4617345,16116363
11-12-2023,1000.697266,1003.550522,988.4480941,990.858535,11714606
12-12-2023,999.3198853,1004.5344,992.3343505,1000.697272,12380856
13-12-2023,997.5488892,1004.239214,992.9246739,998.4343389,15887040
14-12-2023,1016.980408,1023.227978,1004.780358,1005.764231,16317672
15-12-2023,1020.669983,1026.868311,1009.158596,1026.81919,14306067
18-12-2023,1004.977173,1013.340034,1001.582799,1013.340034,8592711
19-12-2023,999.0739136,1008.961826,996.2698393,1008.961826,10094256
20-12-2023,990.4157715,1005.518198,985.8407381,1005.518198,16490281
21-12-2023,988.2020874,994.597262,973.2472055,980.4786481,18064916
22-12-2023,978.2649536,993.2690175,975.6084844,986.7754794,20881976
26-12-2023,979.052002,981.4133212,973.9359104,978.8552754,14339699
27-12-2023,986.086792,988.6940797,976.0020929,981.8561498,12996468
28-12-2023,989.6779175,995.3843691,982.9875328,991.7440268,24915990
29-12-2023,980.5278931,992.2851884,977.6746971,987.8577596,12280140
01-01-2024,983.2827148,988.6447747,975.0181575,975.5592756,7683792
02-01-2024,966.4092407,981.5609087,964.4414948,980.9213673,16263825
03-01-2024,968.1802979,972.0666085,959.3746217,968.8198394,16826752
04-01-2024,971.2302856,973.1980317,966.0649522,970.4923809,22789140
05-01-2024,977.6746216,982.2004134,967.9342548,972.0665334,14875499
08-01-2024,966.163269,982.1020234,964.490673,977.9697448,8393164
09-01-2024,963.949585,978.9536484,959.6697614,970.3447595,14660414
10-01-2024,977.0350952,978.904478,958.587476,958.587476,9409181
11-01-2024,975.1657715,982.3972142,970.9350694,979.2488085,6451345
12-01-2024,987.3165894,992.4327411,975.7560812,978.756882,12255743
15-01-2024,993.5641479,995.3351674,983.1351179,987.3165783,12388044
16-01-2024,992.7770996,999.4182428,988.3988525,989.8746621,11505126
17-01-2024,965.9173584,991.5472391,960.9979932,971.9682016,41914771
18-01-2024,970.4431152,978.2649176,954.5044206,958.243126,17902484
19-01-2024,983.0859375,994.5972639,971.6237928,975.3133166,23271148
23-01-2024,1012.45459,1042.315112,1004.731151,1042.019902,50797448
24-01-2024,983.0859375,1019.243211,980.5770733,1012.848036,34578943
25-01-2024,993.6625977,998.7295078,972.2141772,982.298876,28315035
29-01-2024,1000.008606,1015.357002,993.7117943,1003.550525,14078922
30-01-2024,1000.500549,1007.338419,991.744055,998.5819848,16085742
31-01-2024,1011.569092,1022.24409,987.070629,1000.402097,25627447
01-02-2024,1008.617432,1017.275442,1000.992416,1017.275442,13058880
02-02-2024,1007.485962,1033.06666,1005.173884,1020.374674,14774650
05-02-2024,1006.99408,1009.896457,995.7779027,1006.010207,12948430
06-02-2024,1009.84729,1018.210211,1000.30371,1007.043216,12886927
07-02-2024,1005.665894,1014.914325,996.6634308,1011.421527,16410895
08-02-2024,973.3456421,1011.667511,969.3609681,1007.584414,20565502
09-02-2024,994.4005127,997.4013135,969.6068996,972.9028503,12799837
12-02-2024,980.0359497,995.8763423,969.3609508,994.1053828,8050066
13-02-2024,1003.353699,1010.486838,984.1681747,989.776263,18706292
14-02-2024,1006.20697,1018.99726,991.3012696,993.2690157,17878720
15-02-2024,1000.254578,1010.093308,990.3666053,1006.354543,10069878
16-02-2024,1006.748108,1009.650485,1000.500538,1006.698926,7159395
19-02-2024,1026.91748,1029.131195,1006.846447,1006.846447,9388255
20-02-2024,1031.836914,1035.674043,1016.586881,1024.261139,11293528
21-02-2024,1034.985229,1046.840948,1031.098979,1039.75711,15946325
22-02-2024,1045.56189,1048.808719,1023.523228,1038.969988,13432573
23-02-2024,1044.184448,1052.744095,1040.593288,1052.744095,13142759
26-02-2024,1037.198975,1045.168443,1033.558692,1036.116738,7875941
27-02-2024,1043.102051,1049.005288,1029.623039,1033.804499,10580973
28-02-2024,1029.327881,1047.677136,1025.343267,1045.856995,7730332
29-02-2024,1035.231201,1043.594122,1021.752188,1026.228859,20944844
01-03-2024,1069.371582,1072.372323,1037.002136,1037.986009,14909562
04-03-2024,1074.733643,1077.34093,1062.681198,1063.566708,11424581
05-03-2024,1070.503052,1081.768349,1059.139271,1068.682791,9222544
06-03-2024,1079.407104,1095.591888,1062.878109,1062.878109,21796484
07-03-2024,1070.404663,1077.341016,1065.239329,1077.291775,9963926
11-03-2024,1061.303833,1070.404659,1059.385329,1070.404659,13310362
12-03-2024,1059.483643,1077.144235,1038.625582,1059.680489,21785435
13-03-2024,1066.469116,1072.077265,1055.84336,1059.778852,24855870
14-03-2024,1066.124756,1079.407041,1057.712714,1062.582837,14231421
15-03-2024,1062.927124,1068.731998,1052.744063,1054.711809,66192734
18-03-2024,1063.763428,1067.305467,1042.95461,1057.712705,8769440
19-03-2024,1066.469116,1071.191755,1057.909469,1061.057815,16708715
20-03-2024,1067.010254,1072.421555,1050.284413,1062.582825,18725251
21-03-2024,1064.353882,1082.260323,1061.746594,1074.389339,19992607
22-03-2024,1072.716797,1076.061869,1061.303774,1063.714335,17214415
26-03-2024,1066.223145,1071.585325,1059.582002,1063.566735,13367635
27-03-2024,1066.272461,1074.88135,1062.140242,1066.223219,26907245
28-03-2024,1075.668457,1087.228965,1067.502263,1067.502263,22070566
01-04-2024,1081.916016,1085.162725,1076.799804,1078.374097,10848191
02-04-2024,1063.763428,1076.799745,1061.844923,1076.799745,14380396
03-04-2024,1059.828003,1066.174056,1054.957879,1057.66353,15477184
04-04-2024,1061.451416,1068.289406,1046.299747,1067.256291,21419689
05-04-2024,1065.928101,1068.486147,1050.235253,1052.744178,15340637
08-04-2024,1069.617554,1074.143345,1058.942556,1060.959423,8023461
09-04-2024,1089.196777,1097.264489,1070.749156,1074.340197,12298463
10-04-2024,1091.508789,1098.543505,1087.327329,1093.03372,10598000
12-04-2024,1086.589478,1093.919284,1078.128193,1085.703968,12216657
15-04-2024,1060.959473,1088.311191,1059.237695,1082.457075,10526597
16-04-2024,1049.841675,1057.269843,1045.561731,1053.28523,11278092
18-04-2024,1038.428711,1060.664337,1033.509346,1056.679603,16564216
19-04-2024,1050.038452,1054.711849,1031.19726,1035.96902,11284433
22-04-2024,1069.12561,1071.142478,1053.088433,1061.402231,10346714
23-04-2024,1072.667603,1082.260365,1065.239313,1082.260365,9848215
24-04-2024,1079.062744,1080.686159,1071.437728,1074.635316,5461309
25-04-2024,1095.788574,1107.496687,1072.372348,1072.42159,19905338
26-04-2024,1090.032959,1101.937799,1084.965989,1094.214419,14190059
29-04-2024,1141.440308,1144.687017,1090.032942,1090.131306,28578063
30-04-2024,1131.847534,1150.688726,1128.256374,1141.243449,29568491
02-05-2024,1121.074097,1136.865307,1114.974132,1124.566894,25118334
03-05-2024,1123.632202,1138.734629,1117.138544,1122.894297,19933604
06-05-2024,1127.813721,1139.767682,1119.74589,1123.140324,14970524
07-05-2024,1113.645874,1134.159602,1108.136209,1129.436964,15097728
08-05-2024,1104.889404,1113.744261,1098.051535,1108.382202,19913090
09-05-2024,1097.707153,1110.645108,1092.099125,1102.479034,12229853
10-05-2024,1099.0354,1110.694272,1094.116035,1099.970032,8573656
13-05-2024,1109.808838,1112.416126,1088.852293,1094.460442,9707983
14-05-2024,1102.479004,1109.710447,1100.511258,1107.742701,8944262
15-05-2024,1106.217651,1109.612085,1095.542653,1104.003937,10743423
16-05-2024,1112.80957,1118.220872,1094.853889,1114.728075,14265565
17-05-2024,1112.268433,1125.550718,1102.528066,1112.809611,8641784
21-05-2024,1102.872437,1115.515301,1098.248281,1104.102278,10452900
22-05-2024,1093.181274,1107.742643,1080.390925,1106.857133,17527411
23-05-2024,1116.203979,1118.663662,1093.476536,1097.559633,13787687
24-05-2024,1113.694946,1116.695807,1106.020809,1111.776442,6312670
27-05-2024,1111.579834,1129.289549,1103.462881,1113.645943,11599857
28-05-2024,1108.775635,1116.892587,1106.85713,1114.236178,9311718
29-05-2024,1084.228149,1105.430663,1080.784594,1097.067741,19268547
30-05-2024,1095.73938,1102.921701,1079.210385,1079.308748,15255387
31-05-2024,1102.970947,1112.366863,1093.328943,1099.970086,26197718
03-06-2024,1141.292725,1154.083074,1117.974982,1151.131455,25699977
04-06-2024,1054.170776,1140.702487,1036.559544,1139.226677,43476837
05-06-2024,1090.770874,1105.135396,1034.099811,1067.502253,42172104
06-06-2024,1092.492554,1099.969964,1078.915059,1099.969964,18574162
07-06-2024,1103.610352,1110.10401,1085.802273,1092.492658,17197635
10-06-2024,1105.676514,1114.924824,1097.116747,1098.002256,10851455
11-06-2024,1100.166748,1110.841866,1093.08291,1101.691799,12250002
12-06-2024,1101.495117,1115.121735,1094.066828,1102.921685,16096514
13-06-2024,1089.491821,1105.086185,1087.179744,1104.102312,12494254
14-06-2024,1087.819214,1096.034529,1081.719129,1096.034529,11377979
18-06-2024,1104.741821,1116.745144,1083.440946,1095.985327,18306176
19-06-2024,1125.993408,1146.753225,1107.988604,1109.759504,34309514
20-06-2024,1138.144409,1141.292755,1117.187865,1135.438758,15475933
21-06-2024,1139.9646,1151.033172,1132.093615,1144.785602,69259425
24-06-2024,1151.229858,1156.690402,1134.061321,1136.029067,12210295
25-06-2024,1178.630737,1186.550964,1148.819454,1151.3775,27309845
26-06-2024,1198.357422,1203.129182,1174.596863,1182.615452,25403461
27-06-2024,1200.226807,1215.083266,1189.600929,1208.540486,20516632
28-06-2024,1180.254028,1207.212173,1177.056441,1207.212173,12507092
01-07-2024,1192.306519,1195.750074,1172.825904,1180.254074,8636894
02-07-2024,1171.399292,1197.373566,1166.430805,1197.373566,16153925
03-07-2024,1182.221802,1196.241992,1160.42899,1177.548405,22330897
04-07-2024,1213.115479,1215.033983,1194.7171,1209.179986,15275791
05-07-2024,1213.509033,1222.560617,1201.161378,1205.244476,9535575
08-07-2024,1215.132446,1219.510633,1197.275127,1209.081603,6617190
09-07-2024,1228.119507,1230.038011,1209.475161,1215.033948,13366874
10-07-2024,1223.151001,1232.547037,1216.411494,1232.547037,18226503
11-07-2024,1218.477539,1237.515579,1205.293736,1226.25016,11307116
12-07-2024,1213.01709,1232.694551,1210.262197,1215.968709,12208290
15-07-2024,1210.114624,1218.477545,1204.309869,1213.213848,15612671
16-07-2024,1219.904175,1224.921903,1209.179935,1210.163808,12320605
18-07-2024,1230.136475,1236.187198,1211.836341,1214.984806,10999632
19-07-2024,1228.513184,1230.333325,1220.248625,1223.93815,7958817
22-07-2024,1221.134033,1225.21713,1213.017081,1220.002555,9958965
23-07-2024,1206.966309,1228.513153,1192.946117,1221.134105,19369832
24-07-2024,1203.276733,1213.755005,1182.664641,1205.244479,20122521
25-07-2024,1178.581543,1198.603335,1171.399222,1186.058954,14154461
26-07-2024,1187.731445,1200.325068,1166.824144,1170.808878,19309265
29-07-2024,1193.1427,1222.708131,1184.730658,1195.553261,28458261
30-07-2024,1189.94519,1211.000097,1184.976704,1193.437988,23972277
31-07-2024,1195.307495,1204.900258,1191.470366,1199.341351,22297629
01-08-2024,1190.584717,1202.932371,1187.436371,1192.946036,8725046
02-08-2024,1177.253418,1182.271147,1170.907364,1177.696113,10735395
05-08-2024,1153.689453,1169.726631,1148.179788,1162.937883,14306771
06-08-2024,1148.032227,1168.545955,1142.76853,1156.050816,13575619
07-08-2024,1153.541992,1160.773556,1142.866993,1159.937167,15753644
08-08-2024,1145.818604,1155.460608,1140.210575,1148.130681,10806438
09-08-2024,1152.705566,1161.904755,1150.147521,1157.57581,8687307
12-08-2024,1163.819946,1169.228167,1147.148535,1162.03368,10860455
13-08-2024,1159.403931,1180.143924,1154.690301,1174.1402,13117927
14-08-2024,1152.755249,1161.090954,1144.171458,1158.06426,13431801
16-08-2024,1178.15918,1183.865152,1156.724596,1161.041264,10961370
19-08-2024,1166.896118,1186.594102,1164.316051,1181.880473,6686394
20-08-2024,1170.418945,1180.689793,1161.041352,1165.209144,10427061
21-08-2024,1165.854126,1169.625078,1156.178782,1167.987688,17234142
22-08-2024,1181.979736,1183.468251,1167.590763,1172.949439,8564142
23-08-2024,1194.28479,1195.773305,1179.449311,1183.865189,7518309
26-08-2024,1204.009766,1205.647035,1191.853564,1196.319108,10920226
27-08-2024,1216.959839,1223.062773,1199.643502,1204.009835,16295325
28-08-2024,1214.479004,1217.009527,1207.97923,1213.288241,12291305
29-08-2024,1212.543945,1225.543614,1207.68144,1209.616461,10806748
30-08-2024,1219.787964,1226.089439,1209.566904,1220.581887,21211148
02-09-2024,1220.532227,1229.711399,1213.13932,1229.512979,12516759
03-09-2024,1238.146362,1241.371477,1211.05547,1217.80333,19114907
04-09-2024,1226.883301,1234.176998,1223.360556,1230.356501,13505843
05-09-2024,1226.486328,1235.318205,1221.87203,1228.52068,9142811
06-09-2024,1198.89917,1224.452001,1195.773265,1216.562802,10170479
09-09-2024,1225.543579,1228.818359,1191.258081,1193.689394,13863250
10-09-2024,1227.82605,1231.844966,1217.604868,1227.478633,15545130
11-09-2024,1226.883301,1229.810785,1217.009536,1222.070461,11993242
12-09-2024,1242.562378,1247.375218,1216.959879,1228.5207,15376442
13-09-2024,1240.776001,1246.333097,1232.539627,1242.413391,9877288
16-09-2024,1253.180298,1255.909241,1235.169249,1241.421058,8973335
17-09-2024,1258.390137,1262.508384,1248.764458,1250.302517,11513121
18-09-2024,1278.485107,1285.431509,1252.336893,1252.336893,12466597
19-09-2024,1282.107178,1290.045922,1275.508072,1278.485101,13172268
20-09-2024,1328.201416,1351.918438,1281.660627,1285.084162,73257767
23-09-2024,1311.778198,1321.602418,1298.480778,1320.808495,11380409
24-09-2024,1308.503418,1321.205456,1305.377513,1310.885065,13886037
25-09-2024,1313.713257,1317.583419,1300.068541,1300.713588,8728019
26-09-2024,1318.873535,1323.140537,1306.816543,1309.892782,11100869
27-09-2024,1296.595337,1322.793216,1293.866394,1322.793216,17117379
30-09-2024,1263.252686,1286.870498,1261.168789,1282.206413,12622212
01-10-2024,1264.641968,1270.44715,1257.893987,1260.077214,10972413
03-10-2024,1246.730103,1256.058151,1238.592938,1244.001159,17648551
04-10-2024,1230.257202,1254.718481,1226.734336,1237.550899,13488887
07-10-2024,1224.452026,1253.279517,1215.62015,1232.043474,20667247
08-10-2024,1227.131348,1238.245662,1220.333822,1231.497681,12219259
09-10-2024,1234.623535,1255.413072,1223.211591,1233.531982,14765997
10-10-2024,1233.978516,1245.092709,1228.520629,1237.20363,9118195
11-10-2024,1213.635498,1231.299252,1212.643155,1227.5283,8472512
14-10-2024,1222.318481,1228.421415,1208.078384,1211.650794,11833929
15-10-2024,1245.886597,1248.665205,1225.940527,1229.463272,11657338
16-10-2024,1233.631226,1245.3408,1232.093045,1238.940236,7869727
17-10-2024,1221.822388,1247.325556,1215.024862,1239.882983,8459497
18-10-2024,1254.817749,1259.184083,1215.868285,1218.547563,11018126
21-10-2024,1249.409546,1262.607636,1240.97463,1254.817767,7742775
22-10-2024,1257.7948,1275.061593,1250.104141,1256.901667,20090801
23-10-2024,1242.016479,1258.241263,1233.532019,1251.344528,14055447
24-10-2024,1243.157715,1250.798708,1231.54735,1240.676857,12223031
25-10-2024,1245.837036,1259.184123,1224.749746,1237.699872,13546055
28-10-2024,1282.950684,1297.786285,1270.794481,1275.656986,24096412
29-10-2024,1321.651978,1325.125178,1289.301621,1291.385517,20656117
30-10-2024,1302.102905,1320.709337,1295.60301,1313.862146,15055031
31-10-2024,1282.355225,1308.850734,1278.683604,1297.240369,23497314
01-11-2024,1281.908691,1286.274904,1276.401139,1280.07276,1007022
04-11-2024,1267.42041,1281.908715,1260.325255,1280.221659,14309121
05-11-2024,1286.771118,1291.335993,1253.428418,1263.252638,16431920
06-11-2024,1292.37793,1304.931093,1282.801795,1290.294034,12037405
07-11-2024,1268.908936,1292.824499,1265.485401,1287.217736,9909035
08-11-2024,1249.210938,1265.237301,1243.108004,1260.275586,11195808
11-11-2024,1259.581055,1266.130494,1237.104461,1252.336902,8387780
12-11-2024,1260.870972,1285.084165,1254.817704,1266.378524,13486168
13-11-2024,1244.100342,1266.477724,1240.428721,1260.870962,12260404
14-11-2024,1247.325439,1257.993126,1233.531969,1244.14999,9506892
18-11-2024,1243.852295,1252.932258,1239.833378,1250.35219,6195554
19-11-2024,1239.535645,1251.344551,1231.348815,1247.424844,11537317
21-11-2024,1240.974609,1247.275963,1223.112435,1238.989923,9593870
22-11-2024,1268.264038,1271.588363,1246.382826,1248.367512,11604338
25-11-2024,1290.988647,1301.160164,1280.122539,1286.076598,22717581
26-11-2024,1294.958008,1304.186847,1292.47715,1300.56477,7646955
27-11-2024,1290.740479,1300.812784,1287.912325,1288.557372,21938082
28-11-2024,1276.500366,1300.465473,1272.48145,1291.087881,22803745
29-11-2024,1290.145142,1293.271046,1273.27531,1273.27531,11397228
02-12-2024,1294.660278,1300.515126,1279.278962,1289.946649,9626400
03-12-2024,1298.381592,1302.747925,1286.175725,1293.965593,11509276
04-12-2024,1305.973022,1309.892729,1291.732804,1292.625937,11570281
05-12-2024,1326.266479,1332.617499,1298.580084,1306.171533,19210697
06-12-2024,1318.575806,1336.785276,1316.541454,1332.220522,8942672
09-12-2024,1312.175171,1318.873486,1310.140819,1311.97663,8000764
10-12-2024,1320.262695,1321.800875,1305.17913,1308.900416,8218214
11-12-2024,1317.335327,1321.056613,1305.923383,1314.556718,8138066
12-12-2024,1319.071899,1328.499158,1311.430907,1311.430907,9076896
13-12-2024,1334.602173,1336.834945,1303.442577,1315.201818,13536684
16-12-2024,1335.792847,1340.109514,1329.789244,1334.602084,9071006
17-12-2024,1323.537476,1337.777573,1315.896483,1331.724305,9879257
18-12-2024,1304.087646,1324.728309,1297.438875,1315.10263,8510595
19-12-2024,1277.046265,1293.022963,1274.614952,1276.153132,11517304
20-12-2024,1278.53479,1287.813173,1262.657301,1274.118791,58491181
23-12-2024,1286.870483,1296.992334,1277.195139,1284.736922,6827512
24-12-2024,1287.317017,1294.511504,1280.370615,1286.870511,7138516
26-12-2024,1287.416138,1302.698244,1279.328518,1296.992272,7338444
27-12-2024,1297.538208,1305.873793,1288.607121,1288.607121,4756066
30-12-2024,1284.736938,1316.34304,1279.576682,1294.957999,14207425
31-12-2024,1271.836426,1280.0728,1270.298246,1277.046227,8449607
01-01-2025,1273.821167,1283.09955,1257.397841,1271.836481,4705399
02-01-2025,1280.717896,1283.496504,1268.611359,1275.260009,7433222
03-01-2025,1255.363525,1278.137748,1252.584917,1276.351482,11194997
06-01-2025,1254.420776,1267.966283,1247.375165,1258.340604,7504047
07-01-2025,1269.454834,1279.080513,1256.80246,1256.80246,7539758
08-01-2025,1254.073486,1275.160775,1242.760752,1270.744897,7566309
09-01-2025,1252.733887,1255.065869,1238.543333,1248.367553,8684920
10-01-2025,1240.279907,1255.264263,1233.581592,1249.35987,7854524
13-01-2025,1220.333862,1234.425085,1215.521023,1225.444453,9669336
14-01-2025,1230.803101,1235.318189,1218.051396,1223.906244,10342698
15-01-2025,1228.768677,1234.87161,1220.581847,1224.551219,5355382
16-01-2025,1239.535645,1245.886664,1230.158051,1235.566272,11895924
17-01-2025,1216.06665,1239.436376,1208.673744,1233.829614,9790533
20-01-2025,1223.509277,1232.241944,1205.944854,1214.528646,7676418
21-01-2025,1186.991089,1229.463296,1183.567433,1227.47861,20520898
22-01-2025,1191.258057,1198.254123,1182.674387,1191.803894,10377123
23-01-2025,1192.548218,1198.651152,1176.918815,1188.082674,8770650
24-01-2025,1199.941162,1208.673829,1192.796341,1193.887894,9216792
27-01-2025,1218.547607,1225.196379,1183.964476,1185.849952,16164687
28-01-2025,1237.352539,1254.321581,1226.535976,1237.799045,18066499
29-01-2025,1242.066162,1246.18441,1233.532036,1242.413458,7666777
30-01-2025,1245.98584,1250.203298,1230.009142,1240.428743,11921041
31-01-2025,1243.207397,1246.382847,1229.612225,1244.894332,10195417
01-02-2025,1245.936279,1251.691796,1224.352819,1241.569946,3011914
03-02-2025,1243.405762,1250.352163,1228.322197,1237.302828,6176831
04-02-2025,1258.48938,1270.695248,1250.352216,1253.130824,14839077
05-02-2025,1257.993164,1267.96626,1255.462762,1260.474022,6840709
06-02-2025,1262.657227,1269.206666,1253.527599,1265.237294,8396554
07-02-2025,1247.276001,1265.237386,1239.982304,1262.260357,7382039
10-02-2025,1252.932251,1255.313898,1239.783706,1247.573575,5740361
11-02-2025,1243.157715,1252.188012,1238.841047,1246.233954,6586627
12-02-2025,1242.214966,1260.027473,1235.119689,1247.573521,8809352
13-02-2025,1239.337158,1256.306199,1236.360129,1242.959234,7263785
14-02-2025,1250.451416,1253.825407,1234.921224,1242.512672,10368438
17-02-2025,1241.569946,1248.516347,1223.806983,1241.569946,8386151
18-02-2025,1233.531982,1247.9705,1227.577925,1243.306536,8135042
19-02-2025,1251.989624,1254.768112,1220.830028,1225.394782,10683412
20-02-2025,1240.37915,1254.321619,1237.203701,1245.737827,8398849
21-02-2025,1223.509277,1235.169308,1215.173693,1231.596897,7786428
24-02-2025,1209.021118,1222.467415,1200.983164,1217.307158,11522480
25-02-2025,1214.776733,1222.219306,1211.650829,1217.207925,11059417
27-02-2025,1213.089722,1225.3948,1209.120349,1215.769121,12008162
28-02-2025,1194.880249,1215.620243,1190.910877,1206.689156,20215075
03-03-2025,1196.964111,1207.681464,1194.929881,1201.231235,8158881
04-03-2025,1201.131958,1207.334102,1197.01371,1197.906843,9574490
05-03-2025,1206.391357,1216.562873,1202.025145,1207.681452,9052846
06-03-2025,1208.723511,1218.54761,1199.742758,1218.54761,11949475
07-03-2025,1205.250244,1208.524903,1197.063414,1201.826588,6620284
10-03-2025,1205.547852,1216.41408,1198.750326,1198.750326,7363437
11-03-2025,1235.864014,1238.444081,1207.879868,1207.879868,10927950
12-03-2025,1234.425049,1242.363793,1225.841379,1237.402078,11548372
13-03-2025,1240.478394,1245.985824,1235.764764,1241.470737,8132940
17-03-2025,1259.283325,1264.195375,1245.142437,1247.424874,11164812
18-03-2025,1259.283325,1259.283325,1259.283325,1259.283325,0
19-03-2025,1303.045532,1308.205788,1292.179425,1295.60296,11278014
20-03-2025,1311.579712,1314.110235,1301.011356,1309.892777,10886735
21-03-2025,1332.815918,1338.670766,1301.557112,1305.923446,60494318
24-03-2025,1347.750732,1362.487002,1334.751063,1345.567505,9352280
25-03-2025,1333.411255,1353.357446,1319.86587,1348.594151,16419207
26-03-2025,1325.671021,1347.601776,1321.304687,1333.75864,10859639
27-03-2025,1326.415283,1341.151552,1322.942083,1322.942083,15109614
28-03-2025,1338.025635,1347.552103,1317.037556,1325.770223,8266544
01-04-2025,1308.354614,1341.995067,1305.328041,1329.739655,14288024
02-04-2025,1321.056641,1327.70529,1312.026343,1312.026343,8042214
03-04-2025,1319.369751,1322.793286,1311.133255,1311.827847,4591008
04-04-2025,1325.075684,1328.300798,1311.976683,1319.369711,8648542
07-04-2025,1277.691284,1314.854481,1255.313901,1285.332277,19185012
08-04-2025,1289.946655,1300.018961,1277.492703,1289.89699,13085762
09-04-2025,1290.839844,1295.106846,1274.664604,1294.95797,13005622
11-04-2025,1301.606689,1314.854444,1295.106795,1295.106795,13064247
15-04-2025,1339.86145,1343.930153,1325.968648,1340.655373,15202603
16-04-2025,1346.014038,1349.288697,1332.617408,1346.60942,14039073
17-04-2025,1395.928833,1398.11206,1349.685674,1351.57115,17490424
21-04-2025,1399.005249,1425.004588,1393.944203,1425.004588,16882426
22-04-2025,1405.653931,1407.936368,1388.188717,1401.98231,16135274
23-04-2025,1413.493408,1418.951295,1400.493739,1418.058162,13990764
24-04-2025,1391.959473,1410.317818,1388.089432,1405.455434,15678099
25-04-2025,1394.043457,1403.966887,1377.769008,1399.203592,11705093
28-04-2025,1417.859741,1424.012219,1393.051166,1394.837311,10948561
29-04-2025,1418.852051,1427.286966,1411.707109,1417.859708,10786910
30-04-2025,1416.073486,1422.722136,1389.280225,1422.027544,14192027
02-05-2025,1419.149658,1435.523317,1413.691772,1415.974209,8842434
05-05-2025,1418.455078,1435.72187,1415.081088,1428.973889,4565705
06-05-2025,1420.638184,1422.72208,1409.523991,1418.058116,6301690
07-05-2025,1424.40918,1430.958619,1410.119416,1414.088788,10480453
08-05-2025,1424.508423,1437.805844,1415.180374,1427.584662,15306490
09-05-2025,1378.265259,1409.027893,1376.379783,1404.363808,13491197
12-05-2025,1437.408813,1441.874357,1393.249551,1398.608227,9925445
13-05-2025,1419.645874,1436.813456,1416.470425,1429.073133,12475424
14-05-2025,1415.279541,1429.668515,1406.447785,1418.951283,8026837
15-05-2025,1439.691284,1445.347591,1404.661528,1414.981919,18209264
16-05-2025,1442.866699,1447.530663,1435.920298,1442.172108,6439208
19-05-2025,1437.905029,1448.523051,1432.744894,1435.424172,6005334
20-05-2025,1427.187622,1447.828404,1424.508344,1439.095738,11352383
21-05-2025,1433.637939,1440.1875,1427.485461,1431.851795,5510460
22-05-2025,1431.057861,1434.233432,1416.867429,1430.065518,7245933
23-05-2025,1438.698975,1440.683661,1423.416868,1431.157071,5203706
26-05-2025,1449.416138,1460.331911,1443.859041,1446.83607,5608725
27-05-2025,1435.324951,1451.797821,1424.706808,1441.378219,14842959
28-05-2025,1442.668335,1446.836127,1431.45481,1436.515736,8618343
29-05-2025,1445.347534,1451.698553,1433.93559,1445.446744,15545514
30-05-2025,1434.729614,1449.71397,1433.2411,1448.721627,11803975
02-06-2025,1439.393555,1448.820813,1421.829132,1430.958639,9458990
03-06-2025,1426.890015,1443.859056,1421.035167,1443.759846,11167345
04-06-2025,1420.042847,1429.073144,1415.478093,1426.393866,8025388
05-06-2025,1443.660645,1447.828437,1416.371212,1419.943623,11385668
06-06-2025,1448.523071,1450.210127,1431.057858,1437.508088,11580994
09-06-2025,1423.813843,1455.56882,1422.424538,1453.782554,11022031
10-06-2025,1412.004883,1430.660859,1405.653863,1427.981581,12905272
11-06-2025,1420.042847,1423.516047,1407.737769,1410.913339,7136877
12-06-2025,1414.287231,1425.500756,1409.127096,1419.546698,7953247
13-06-2025,1405.256958,1410.615635,1392.85267,1392.85267,7573103
16-06-2025,1415.974243,1418.058139,1403.371414,1405.753062,5451137
17-06-2025,1412.30249,1418.852051,1406.943935,1415.974232,6970098
18-06-2025,1401.783691,1421.03517,1399.402044,1406.150025,6751745
19-06-2025,1400.493774,1403.867644,1393.944213,1397.218994,8849883
20-06-2025,1416.172729,1422.325329,1399.402108,1400.493782,12408178
23-06-2025,1409.226318,1412.302558,1401.089154,1406.150079,5514384
24-06-2025,1413.195679,1424.905375,1405.653896,1416.768089,11188438
25-06-2025,1414.88269,1417.958929,1404.463089,1411.111739,7527388
26-06-2025,1428.080811,1436.416516,1410.814018,1413.890378,13617435
27-06-2025,1451.003906,1454.774858,1426.096121,1427.882387,22532899
30-06-2025,1434.729614,1450.706313,1431.256414,1450.607103,6325073
01-07-2025,1421.035156,1436.515683,1418.653509,1434.630207,7761449
02-07-2025,1416.867432,1439.889742,1411.707175,1421.233644,13372280
03-07-2025,1414.981934,1435.027214,1412.798706,1421.134412,10177738
04-07-2025,1431.752563,1433.340288,1410.218647,1416.073495,5066503
07-07-2025,1424.706787,1429.867043,1418.653519,1425.996881,5177477
08-07-2025,1430.958618,1433.935647,1419.050502,1421.035188,5315847
09-07-2025,1420.936035,1427.683895,1415.676569,1425.203038,8827347
10-07-2025,1413.195679,1427.981614,1411.210993,1425.798508,7795964
11-07-2025,1411.012573,1417.065841,1403.768421,1411.111783,7158015
14-07-2025,1412.104126,1413.989602,1405.256935,1413.989602,5846154
15-07-2025,1419.844482,1422.821512,1408.134786,1410.218682,6041457
16-07-2025,1415.478149,1418.256637,1408.233997,1415.081188,5649093
17-07-2025,1407.837036,1412.30258,1398.707529,1410.119474,12927394
18-07-2025,1414.88269,1418.05814,1397.715108,1404.95926,11297246
21-07-2025,1454.576416,1456.461771,1425.996889,1436.912662,13867136
22-07-2025,1462.31665,1470.652356,1458.446488,1462.812822,8930165
23-07-2025,1477.201782,1478.591087,1461.324294,1471.545476,11974174
24-07-2025,1472.041626,1477.300971,1466.78216,1476.308628,6700578
25-07-2025,1465.789795,1488.514473,1462.316594,1488.514473,8696077
28-07-2025,1477.003418,1482.362095,1465.789893,1465.789893,7507479
29-07-2025,1474.82019,1478.392722,1464.102958,1468.568502,9776027
30-07-2025,1471.049316,1477.102585,1465.988391,1476.308662,7238625
31-07-2025,1470.057007,1483.056676,1452.790214,1458.645062,12406146
01-08-2025,1460.331909,1473.728539,1458.545764,1469.064576,4416771
04-08-2025,1451.996216,1467.476863,1450.110861,1465.492177,6140054
05-08-2025,1433.34021,1450.309251,1429.96622,1441.874335,14799343
06-08-2025,1432.546387,1442.866779,1430.561701,1431.256413,7805252
07-08-2025,1429.271729,1436.813511,1418.157414,1430.06553,7432535
08-08-2025,1424.905396,1436.515761,1421.035233,1434.828826,5415511
11-08-2025,1425.599976,1427.386241,1409.524067,1416.96664,8492484
12-08-2025,1422,1433.800049,1420.099976,1431,5913947
13-08-2025,1420.800049,1427.699951,1415.199951,1424.599976,9009465
14-08-2025,1427.300049,1431.099976,1412,1412,7577793
18-08-2025,1434.599976,1452.400024,1431,1450,6908844
19-08-2025,1436.300049,1438.5,1426.300049,1431.099976,6709554
20-08-2025,1430.599976,1435.900024,1423,1432.599976,5817858
21-08-2025,1446,1447.800049,1436.400024,1440.099976,6238645
22-08-2025,1436.400024,1446,1429.400024,1444.300049,6657207
25-08-2025,1433.199951,1435.900024,1424,1435.900024,6738427
26-08-2025,1416.599976,1427.900024,1413.099976,1427.900024,8720155
28-08-2025,1399.099976,1411.800049,1396.300049,1408,12990789
29-08-2025,1397.800049,1405,1392.099976,1392.099976,8519507
01-09-2025,1411,1412.400024,1398.099976,1398.099976,4927348
02-09-2025,1394.199951,1413.900024,1390,1413.900024,7163073
03-09-2025,1397,1400,1384.199951,1389,9813382
04-09-2025,1405.5,1415.099976,1401.900024,1409.900024,10564859
05-09-2025,1402.800049,1411.5,1387.699951,1411,6621077
08-09-2025,1402.699951,1410.599976,1397.599976,1402.199951,5880943
09-09-2025,1403.699951,1407.5,1395.199951,1399,6470679
10-09-2025,1403.900024,1413.699951,1402.099976,1410,7452347
11-09-2025,1401.599976,1408,1396,1398,10192026
12-09-2025,1417.699951,1419.699951,1400.099976,1405.099976,7770038
15-09-2025,1419.400024,1426.800049,1416.300049,1422,5845637
16-09-2025,1421.599976,1424.900024,1413.699951,1414,8213151
17-09-2025,1419.199951,1426.099976,1416.400024,1420.099976,7484283
18-09-2025,1421.699951,1432.800049,1415.300049,1431.099976,8130537
19-09-2025,1402.199951,1418,1400.199951,1416.099976,13457344
22-09-2025,1401.5,1409.900024,1397.199951,1403.900024,8847948
23-09-2025,1394.300049,1403.300049,1391,1391,12827524
24-09-2025,1382.699951,1390.900024,1376.5,1386.400024,9735678
25-09-2025,1375.800049,1391.5,1371.800049,1377,21613389
26-09-2025,1359.599976,1372.699951,1357,1368,18342280
29-09-2025,1348.099976,1366.5,1346.199951,1359.599976,20563163
30-09-2025,1348,1356.599976,1342.599976,1353.699951,20166871
01-10-2025,1372,1379.400024,1347.099976,1348,20952632
03-10-2025,1365.199951,1371.900024,1361.300049,1371.900024,12163695
06-10-2025,1363.400024,1372.599976,1359.099976,1371,14314283
07-10-2025,1375.900024,1383.099976,1363.599976,1363.599976,16126464
08-10-2025,1370.300049,1381.599976,1364.300049,1372.300049,8100832
09-10-2025,1376.199951,1378.699951,1365.099976,1369.800049,7909575
10-10-2025,1380.300049,1385,1370.300049,1370.300049,7673816
13-10-2025,1379.400024,1386.400024,1373.099976,1373.099976,8923018
14-10-2025,1384.099976,1389,1375.099976,1389,10610855
15-10-2025,1398.400024,1400.400024,1385.5,1386.5,8988550
16-10-2025,1417.300049,1418.900024,1399.400024,1401,12185032
17-10-2025,1436.599976,1439.599976,1410.900024,1412,17037215
20-10-2025,1390.300049,1445,1389.199951,1442,23330227
21-10-2025,1382,1387.599976,1375.900024,1384.5,3415560
23-10-2025,1363.699951,1389.800049,1360.099976,1385,21124942
24-10-2025,1377.699951,1381.599976,1368.099976,1368.099976,10570263
27-10-2025,1377.599976,1386.800049,1374,1382.099976,11499836
28-10-2025,1363.099976,1375.800049,1356.199951,1373,26477914
29-10-2025,1370.400024,1371.699951,1358.400024,1364.599976,16129382
30-10-2025,1362.400024,1370.199951,1361.300049,1362.400024,9324401
31-10-2025,1345.300049,1362,1343.300049,1357,15926798
03-11-2025,1346.400024,1351.599976,1337.900024,1340.5,11071450
04-11-2025,1336.900024,1349.800049,1333.199951,1342.599976,15211183
05-11-2025,1336.900024,1336.900024,1336.900024,1336.900024,0
06-11-2025,1320.400024,1342.199951,1317.400024,1330,24221853
07-11-2025,1343,1344.300049,1318.599976,1320.400024,7719245
10-11-2025,1348,1349.599976,1341,1342.900024,8542340
11-11-2025,1358.300049,1360.400024,1346.199951,1349,8305184
12-11-2025,1358.900024,1370,1355.400024,1370,9736761
13-11-2025,1385.900024,1390.400024,1358.5,1358.900024,18296626
14-11-2025,1373,1381.199951,1363.199951,1374,9694498
17-11-2025,1379,1382.5,1373.599976,1375.099976,7660717
18-11-2025,1373.400024,1382.800049,1369.099976,1380.199951,9529560
19-11-2025,1383.099976,1384,1371.599976,1373.5,10393918
20-11-2025,1383,1388.300049,1375.400024,1380.099976,10131863
21-11-2025,1369.5,1376,1364.599976,1373,11483595
24-11-2025,1368.400024,1377,1361.5,1373.300049,15896003
25-11-2025,1357.800049,1376.900024,1354.300049,1365,12235000
26-11-2025,1375,1377,1359.900024,1360,9659004
27-11-2025,1392.199951,1394,1375.699951,1379,15158741
28-11-2025,1388.800049,1398.5,1385.599976,1392,7683986
01-12-2025,1390.099976,1400,1385.400024,1394,8867593
02-12-2025,1373,1381.800049,1370.599976,1381.800049,12126396
03-12-2025,1391.5,1394.199951,1367,1367,7955933
04-12-2025,1386.699951,1391.599976,1379.900024,1387,7373909
05-12-2025,1392.5,1395.300049,1381,1381,4942638
08-12-2025,1389.599976,1394.900024,1383.300049,1387,7826227
09-12-2025,1375.199951,1384.300049,1373.400024,1379.900024,10492030
10-12-2025,1363.599976,1379.400024,1357.900024,1377.900024,8725381
11-12-2025,1360,1366.599976,1352.800049,1363.699951,6734750
12-12-2025,1366,1370.699951,1363.300049,1368,3890885
15-12-2025,1365.199951,1370,1356.099976,1356.099976,5342530
16-12-2025,1366,1368.699951,1355.5,1364,12359741
17-12-2025,1352.400024,1365,1343.099976,1365,9440391
18-12-2025,1356.800049,1369.5,1345.5,1346.300049,7314573
19-12-2025,1354.099976,1360.400024,1350.800049,1354,14318512
22-12-2025,1368.5,1371.300049,1354.800049,1358,9375294
23-12-2025,1363,1365,1357,1361.099976,9105467
24-12-2025,1359.800049,1368.199951,1357.599976,1363.800049,8955140
25-12-2025,1359.800049,1359.800049,1359.800049,1359.800049,0
26-12-2025,1350.400024,1362,1348.5,1356.5,2812144
29-12-2025,1343.300049,1355.699951,1341.5,1352.099976,6057201
30-12-2025,1342.5,1347.099976,1338.099976,1343.300049,18621277
