Date,Close,High,Low,Open,Volume
01-01-2015,367.770813,369.1864578,364.511094,366.7556297,2002764
02-01-2015,374.9980469,376.0877425,367.3237465,367.3237465,6778320
05-01-2015,371.7755737,378.1273638,368.3482079,374.3833487,9937024
06-01-2015,364.0082092,369.7453246,360.2641931,368.8139762,9667316
07-01-2015,365.7498169,367.8360281,363.2258538,366.0198988,7249916
08-01-2015,367.5938721,371.9805319,363.2258574,369.8570531,13564920
09-01-2015,386.407074,392.8426996,356.3431701,368.8325367,44863328
12-01-2015,394.1372986,394.742675,386.5095647,389.6761491,12758888
13-01-2015,389.0986328,392.6191563,386.509503,392.6191563,8801236
14-01-2015,396.5028076,397.3130987,389.7878242,390.8867968,9921260
15-01-2015,397.5460205,401.0013318,393.448088,397.7229676,8342452
16-01-2015,394.5749512,402.3423853,393.4014435,400.1071499,6690960
19-01-2015,391.631897,397.1920636,390.1603851,394.8916155,4087744
20-01-2015,395.6739807,397.3131627,391.4363462,392.4701518,6804504
21-01-2015,404.1864929,405.3134334,394.5191163,397.0337566,8494908
22-01-2015,409.131958,410.3520333,402.5845981,405.0992383,9958396
23-01-2015,412.5965576,414.4499314,403.2923986,409.7931906,9486328
27-01-2015,397.9651184,413.7049043,396.7730108,413.7049043,13739968
28-01-2015,399.4645996,401.3738636,396.810257,400.4797601,13134356
29-01-2015,399.641571,400.4611394,396.3073622,399.5484362,15369424
30-01-2015,398.9709473,402.8174428,396.1862251,402.6218506,10833744
02-02-2015,398.0303345,400.8523016,396.0186131,398.8964702,8702540
03-02-2015,395.0592957,398.6077417,391.5388173,398.0303331,5265956
04-02-2015,399.1479797,400.4797897,396.0838073,398.5984478,5160016
05-02-2015,408.6383972,413.5186533,400.1072375,400.6288017,11875936
06-02-2015,415.4744873,418.6969616,407.6511614,410.7246109,7453728
09-02-2015,418.9017944,419.8517878,409.7932268,409.7932268,6536868
10-02-2015,424.3781128,428.0476155,417.4302464,417.8027857,8516920
11-02-2015,425.5982971,427.1536217,420.2709661,424.7880058,5796972
12-02-2015,430.5063782,432.5087768,423.3908871,425.2535835,6287536
13-02-2015,427.6937866,433.393611,425.8124449,428.3457304,5657516
16-02-2015,424.4619446,429.7054168,421.9473044,424.7506716,6244276
18-02-2015,427.768219,429.3421883,420.6247603,426.6599238,8613764
19-02-2015,433.0209961,434.7533127,426.9393109,427.3025276,9673624
20-02-2015,425.2722473,435.1258934,424.1173391,433.7288711,6971628
23-02-2015,422.0125122,430.1338412,418.7527935,428.4201696,5090488
24-02-2015,423.3537598,427.6658849,420.5224696,424.5086227,6437676
25-02-2015,431.6984558,434.9022839,424.6947005,426.3524818,6044972
26-02-2015,420.6155701,430.0966783,418.2499088,429.8172738,6445776
27-02-2015,422.0405273,424.8159274,419.3861844,423.7448767,7801076
02-03-2015,426.8742065,430.0035462,424.3316437,428.979063,7040992
03-03-2015,428.0197144,428.9696622,424.3781338,426.5574795,4905552
04-03-2015,423.6983032,431.0093881,419.4606681,428.4202577,4375228
05-03-2015,418.6596375,428.1873108,416.0052952,422.2825726,5684916
09-03-2015,407.9399414,420.7832274,405.8816522,420.7832274,7984720
10-03-2015,409.4207764,411.087881,402.379773,409.4394215,6329916
11-03-2015,406.4776001,417.2439944,404.0374951,408.6942361,6780912
12-03-2015,413.2020264,414.720106,405.5090797,405.8816191,5688564
13-03-2015,413.5930786,415.3812853,408.3775288,414.4499371,6179684
16-03-2015,422.2081604,425.0674182,411.7584584,411.7584584,6818632
17-03-2015,417.3370972,424.6016126,413.0063284,422.2080297,5539312
18-03-2015,415.2881775,421.5002884,413.9936125,419.9449187,4905564
19-03-2015,415.4651794,418.9204909,414.0309121,416.2382259,6891740
20-03-2015,420.4944763,422.627255,415.9308692,417.4303492,6430896
23-03-2015,416.0239868,423.7635007,414.543152,419.665568,5078700
24-03-2015,411.9260254,419.7400284,410.9108649,416.2940398,6736532
25-03-2015,413.3509521,415.2229255,409.9328863,414.0587404,6170968
26-03-2015,399.7998352,412.5685819,397.1268478,411.2833396,15740840
27-03-2015,410.1937256,414.3941156,402.9012864,403.087556,10074220
30-03-2015,415.0088196,417.2440556,408.8432754,410.8363972,4623088
31-03-2015,413.2112732,423.5119479,410.6034982,418.1753409,8016412
01-04-2015,404.940918,409.7001169,401.914036,409.5883369,6738488
06-04-2015,405.7325439,406.9432967,402.4169351,405.8815688,7741752
07-04-2015,402.2493286,406.5894208,398.2445309,405.1365083,8542268
08-04-2015,409.8957214,410.7059672,404.7733056,406.5335449,10185576
09-04-2015,412.5873108,413.3137443,406.8874408,411.9167218,10581548
10-04-2015,416.1170654,416.8714666,411.6931613,411.6931613,7123776
13-04-2015,417.0204163,417.9890091,412.7921052,416.8713915,4872336
15-04-2015,412.3451843,418.1754344,408.871273,416.5921422,6237784
16-04-2015,408.7967224,415.5676433,402.4356312,413.8912162,9007812
17-04-2015,405.9281006,408.8525247,401.1223349,406.0771254,6450316
20-04-2015,397.1547852,406.0678054,393.9882014,405.3227269,12825384
21-04-2015,399.1013794,401.4297501,394.9103122,400.1072173,8881648
22-04-2015,398.1887207,401.4111955,390.7845003,400.6754393,12350984
23-04-2015,395.2642517,400.4798026,393.401555,400.237643,11891800
24-04-2015,371.6452026,400.5169989,368.813913,397.8533337,43565452
27-04-2015,369.6800537,372.9118275,362.8718891,372.5392882,19822640
28-04-2015,365.2561646,369.1864497,363.5983601,369.1864497,10393500
29-04-2015,365.3027039,367.3237249,360.9812346,365.2561364,8289056
30-04-2015,361.7822571,366.019892,359.928883,365.0885436,13134260
04-05-2015,371.2540894,372.5393547,363.2072484,364.9954327,13361592
05-05-2015,365.600708,373.2284401,363.6076321,372.5392516,9408516
06-05-2015,358.0195923,367.8825612,356.7622721,367.8825612,10508408
07-05-2015,362.1082458,366.4110708,355.7750769,358.010313,6779984
08-05-2015,364.7066956,366.4949026,362.3410798,364.7160181,5777676
11-05-2015,371.3564758,372.5392835,363.6355855,366.019846,4785512
12-05-2015,362.6856689,371.5334782,361.7356982,371.3565312,8284892
13-05-2015,364.4738159,366.0012407,359.2210209,363.5517902,7099084
14-05-2015,360.3945618,365.2375731,355.4025256,365.0885483,6233844
15-05-2015,365.4145508,366.3179542,359.9289177,360.4318368,5189344
18-05-2015,371.2447205,372.3343933,365.3865266,366.9511961,6469976
19-05-2015,376.7024231,379.1891184,369.9315258,370.1736855,10272076
20-05-2015,381.349884,382.2253423,378.797976,379.9901064,5882188
21-05-2015,381.5640564,384.0693741,379.4778454,381.6478686,10059312
22-05-2015,381.1914673,382.1414606,378.1459634,380.7351158,6888824
25-05-2015,375.6686401,383.0728587,373.852511,381.9459183,4675808
26-05-2015,373.8990479,378.3974414,372.9397547,376.2646631,3965040
27-05-2015,366.6718445,374.2157661,364.1572039,373.8432268,8454708
28-05-2015,375.6313477,378.4999046,367.9197801,367.9197801,10980540
29-05-2015,376.8515015,383.0542681,372.7256236,373.4427573,18993044
01-06-2015,381.4430237,384.4605831,376.8700944,378.6489787,5724892
02-06-2015,374.1505432,382.8027822,373.4706544,381.4988947,4673140
03-06-2015,376.432312,379.8876001,374.0294292,375.9293704,5495796
04-06-2015,377.7641602,382.784118,374.8862805,378.1273769,7489464
05-06-2015,374.7093506,380.7351693,374.0574068,378.1273942,6125788
08-06-2015,372.548645,377.1308741,370.1178168,376.2647157,6141048
09-06-2015,371.0677795,373.9642818,369.3727302,373.2378256,7561740
10-06-2015,377.4754333,379.8689937,369.7452431,370.6765913,6385840
11-06-2015,372.1015625,380.8748583,371.617266,379.2356763,9229464
12-06-2015,367.8918762,377.2984934,364.2502955,373.4706431,9852924
15-06-2015,374.5763855,377.7342467,366.0860586,369.4708465,5236426
16-06-2015,377.9422302,379.3226259,372.5152408,376.0512899,5223444
17-06-2015,376.5618286,386.1299812,375.2381705,382.3481009,6412068
18-06-2015,378.9255981,381.1947269,376.5997319,380.305971,3474426
19-06-2015,376.4294739,382.1212226,375.5785507,382.08339,6670458
22-06-2015,387.2077637,389.0608941,377.0534254,380.0411197,5710868
23-06-2015,378.339386,388.5504647,377.4884628,387.6428041,6952116
24-06-2015,376.3348694,383.8608198,374.85995,383.8608198,7073694
25-06-2015,374.5763855,379.5117353,373.5174635,377.8855312,7117466
26-06-2015,380.1735535,382.5750385,377.4694996,377.8098781,5320284
29-06-2015,374.4629211,377.9989703,371.5697732,373.2716195,5690668
30-06-2015,372.2694092,375.7109344,370.6243003,374.406181,6212530
01-07-2015,377.2047729,380.0789929,372.8934199,374.0279841,6880852
02-07-2015,373.6497803,378.7175092,372.5341209,377.8098487,4007568
03-07-2015,374.5196228,375.5407352,371.3806666,373.6497949,2695306
06-07-2015,371.8722534,373.6497416,368.7332977,372.5151776,4305602
07-07-2015,370.8134155,374.4062023,370.2461334,372.5152619,3497418
08-07-2015,362.1150513,370.2460942,361.0939389,370.2460942,7024178
09-07-2015,354.740387,365.3296522,353.2465396,362.1150539,8587772
10-07-2015,354.5512695,360.0728054,352.7170669,358.5600533,7411522
13-07-2015,359.3353882,361.169591,353.2465467,355.8749583,6531768
14-07-2015,367.3151855,368.1661088,357.5768421,361.169629,5367074
15-07-2015,372.1370544,372.8745258,366.0860454,366.8424216,4129566
16-07-2015,374.046875,374.9734403,370.4351838,373.5363304,3472938
17-07-2015,378.8876648,379.8898723,374.0657675,374.7843339,3447978
20-07-2015,378.6608276,382.2725193,373.4229318,378.7175651,4377180
21-07-2015,420.7910461,434.5381759,391.4247276,391.4247276,38310112
22-07-2015,417.1981812,420.5451364,407.1761972,417.8978199,12665660
23-07-2015,415.2504578,422.4360303,412.2249535,417.5006581,7710748
24-07-2015,411.3173523,418.4461885,409.6155059,414.3239753,4480302
27-07-2015,402.8837585,411.4496812,401.0495095,411.0526114,6752244
28-07-2015,401.9571228,406.9303044,398.7047151,404.0938943,8476602
29-07-2015,410.4852905,412.9813223,402.7702456,406.1739378,7071334
30-07-2015,404.6611938,412.2249545,400.1229375,412.2249545,11956598
31-07-2015,407.3275146,408.9536958,400.879389,407.8947968,7931012
03-08-2015,408.0460205,412.9813935,404.2641396,407.6867603,7961012
04-08-2015,399.8392639,408.0459251,397.4755889,407.6866649,9099054
05-08-2015,410.844574,412.2249696,401.6167764,401.6357043,4753476
06-08-2015,411.0715332,418.0869409,407.3085801,413.7377778,7238252
07-08-2015,414.3428955,416.3851206,407.8758879,408.254076,4988058
10-08-2015,410.7122498,418.4083679,403.5266763,415.2505067,3992754
11-08-2015,419.4672546,422.3982118,414.380598,415.5530178,7574406
12-08-2015,432.7983398,434.5379953,420.1668519,421.6796038,10168440
13-08-2015,437.9416809,441.2886353,399.1963408,433.7816131,9787960
14-08-2015,434.6325684,441.9883067,432.3067029,440.5890295,5109066
17-08-2015,431.9474792,436.2209764,424.516075,434.9162461,3107436
18-08-2015,440.3432617,445.3920631,434.9162723,434.9162723,4150446
19-08-2015,444.57901,448.6066761,439.7571121,442.4800477,6869518
20-08-2015,429.0732422,441.9127072,426.5960922,438.3199209,8369114
21-08-2015,434.878418,439.0573679,422.6251168,431.4747258,10822142
24-08-2015,413.0002441,424.7051448,407.9135876,419.7697727,14122684
25-08-2015,410.579834,423.1923952,395.0173877,416.0068228,13735078
26-08-2015,402.618927,414.8722272,400.5010835,412.1492921,11498212
27-08-2015,409.5020752,416.0447013,407.7056818,411.4686348,15343392
28-08-2015,420.1858521,425.4237473,416.6119473,416.6119473,7208820
31-08-2015,413.8890381,429.1867272,409.3885908,429.1867272,9917064
01-09-2015,411.8467712,421.5283757,409.199455,412.2249593,9071550
02-09-2015,415.7988281,421.6796707,412.2249696,415.2504739,11171830
03-09-2015,415.7609863,420.545074,413.1704077,419.8454354,8590536
04-09-2015,406.1550293,420.1669147,403.5266409,417.1414104,7318888
07-09-2015,400.4066162,410.334053,398.988411,410.3151251,5180988
08-09-2015,400.4255676,406.1740081,397.967345,401.635751,5459496
09-09-2015,411.7333679,415.8556275,405.4176451,411.1282762,9148664
10-09-2015,408.6132507,412.7922471,401.2575118,410.2962152,8363004
11-09-2015,412.5085754,418.4272271,410.5230884,412.8111443,9883810
14-09-2015,415.9122925,417.5195916,409.4452863,415.6286515,6557076
15-09-2015,415.7041931,417.216945,411.5252438,415.7798584,5291886
16-09-2015,416.6309509,419.6942655,415.36403,419.0324363,7478240
18-09-2015,417.6897278,422.7763842,415.6475495,420.4694466,11576876
21-09-2015,417.7654724,419.3538439,413.170478,416.0068886,4351234
22-09-2015,418.8244629,429.6028255,416.4229773,421.679802,9626986
23-09-2015,422.1523743,425.972064,415.0424211,418.8243012,4758254
24-09-2015,431.3423767,435.9373243,419.7887139,421.112372,13399262
28-09-2015,418.1058044,432.2121906,416.3850304,431.115436,9788464
29-09-2015,424.2703247,428.6384159,415.0614534,416.7632999,8699370
30-09-2015,439.4355774,442.0828937,425.8208079,429.0165245,9495692
01-10-2015,443.6334534,452.9746785,438.6980815,442.4421519,10864394
05-10-2015,446.9237671,449.7979873,439.4545525,443.6146214,6881760
06-10-2015,436.6557922,451.0080525,434.1975706,448.9280188,8711880
07-10-2015,428.5627441,442.0073498,426.7663506,437.1854514,9182488
08-10-2015,428.1656799,434.765044,425.8587417,429.7729794,9080874
09-10-2015,441.4967041,443.5767382,429.621591,429.621591,11782138
12-10-2015,424.6673584,461.3137886,419.4105354,453.4474589,30404970
13-10-2015,415.7799072,420.1668789,410.4096098,418.824293,15326862
14-10-2015,415.0991516,421.8876541,411.1659871,412.7732861,8865510
15-10-2015,415.0046997,417.6520164,411.8846479,415.9690978,8255666
16-10-2015,417.8862305,420.3670602,416.0160572,419.4510522,6418992
19-10-2015,424.3937073,425.939474,420.023648,420.5961473,7347494
20-10-2015,429.7368774,431.2826436,423.8783128,424.7943206,8788310
21-10-2015,434.4887695,437.71383,429.3744336,429.3744336,7278098
23-10-2015,438.8778076,440.0609631,429.4124708,435.7863219,6033362
26-10-2015,439.7366638,442.1602346,436.3016685,440.4427369,3195942
27-10-2015,438.6869507,440.8242712,436.6641021,438.915941,5263748
28-10-2015,440.1374207,441.969437,434.7177795,436.8169435,5255472
29-10-2015,437.0268555,441.167924,433.59186,440.0992401,5887324
30-10-2015,433.362793,437.0077232,431.2827312,437.0077232,4044676
02-11-2015,431.7407532,433.4964548,425.214271,431.2827724,3544988
03-11-2015,437.1985474,439.0877761,432.5803966,432.5803966,3614682
04-11-2015,433.8780518,441.8166789,432.1605543,438.9541831,3205572
05-11-2015,428.5729675,437.0077809,427.2371359,436.2253466,2345306
06-11-2015,434.45047,436.5877905,428.5728037,428.6109609,3026172
09-11-2015,433.0382996,435.0993056,425.6339687,427.4659844,6125676
10-11-2015,421.3020935,430.3285056,419.8708457,430.3285056,4680052
13-11-2015,420.1381226,422.1227679,416.0161094,419.8136691,3520868
16-11-2015,412.2757263,417.5427374,407.3140667,413.5925024,6808334
17-11-2015,405.1385193,413.3061822,401.5126917,412.1993413,7184106
18-11-2015,389.299408,398.8983193,385.9598297,397.3143958,10125252
19-11-2015,399.9097595,401.5127385,390.7497498,393.2115008,8539622
20-11-2015,401.6654663,405.7874328,397.715231,399.9861259,6082978
23-11-2015,402.1615601,405.4820832,396.1694208,400.7494141,5616350
24-11-2015,397.3717041,401.0547916,395.7877803,400.7494401,4325802
26-11-2015,401.6654663,404.3752867,396.9518987,397.2953609,9853968
27-11-2015,406.9896851,408.3827758,398.8411222,403.8027821,5142478
30-11-2015,415.2145996,419.1839368,403.1157551,408.3827664,18105534
01-12-2015,411.817688,417.9243451,409.5085896,415.2526826,5898550
02-12-2015,404.833252,412.1803251,404.1844382,412.1803251,6397616
03-12-2015,403.7072754,406.3980398,400.3867993,404.9476901,5504726
04-12-2015,400.3869019,406.4363011,396.9709618,400.3677999,8375530
07-12-2015,399.3181763,404.1844193,396.932763,402.7722733,4513870
08-12-2015,398.6120911,405.6156548,396.6656032,398.8601834,5724372
09-12-2015,392.4291077,399.5853478,390.2727079,398.0777852,6818254
10-12-2015,399.7380066,401.3600876,393.2306271,395.6350957,5587746
11-12-2015,401.8180847,405.2912369,399.1845793,402.2760654,5390198
14-12-2015,408.1919556,409.5850464,400.0052351,400.5586324,4816672
15-12-2015,411.2643738,411.8559284,404.1081336,409.6231907,5431808
16-12-2015,418.2487793,419.0693707,413.4970551,413.4970551,5495852
17-12-2015,422.542511,423.5730374,415.2526981,419.8326911,4958782
18-12-2015,413.4017029,421.1304425,411.9895102,421.1304425,7219820
21-12-2015,421.1494141,422.657023,406.8369362,411.054365,4331012
22-12-2015,413.6306458,418.8594528,412.2375551,418.8594528,4109254
23-12-2015,420.157135,420.7868934,414.8901706,417.9434995,2870928
24-12-2015,418.4396667,421.5311532,416.0542534,420.6151917,1230054
28-12-2015,421.6456299,423.6493769,416.0160548,416.0160548,5526952
29-12-2015,421.6265564,423.6494055,418.8022643,420.3098269,3345062
30-12-2015,414.6038818,422.3516753,413.3443651,420.2525119,5153970
31-12-2015,421.8937073,423.63026,414.8710419,416.0732994,7943938
01-01-2016,421.8364868,423.2486329,417.2373914,419.8327396,1806550
04-01-2016,411.779541,420.7677492,410.691802,419.813584,3975362
05-01-2016,409.9284363,414.2984939,405.4247583,414.2984939,4949786
06-01-2016,408.1346436,410.1574926,404.1462514,410.1574926,5588328
07-01-2016,401.0548096,407.5812914,399.9479684,404.5852215,5294088
08-01-2016,405.825531,407.3903525,402.8485172,405.1385135,3156716
11-01-2016,402.9248962,408.3636383,401.5509076,403.1539332,5360622
12-01-2016,400.7303162,405.6919756,393.4405027,405.3294115,6565212
13-01-2016,413.4970703,416.3977234,400.0242381,403.4210758,8751294
14-01-2016,432.4277039,440.8243583,402.4096549,406.8560744,30227006
15-01-2016,435.0612183,444.2593624,434.1643122,438.1527045,13036614
18-01-2016,432.0078735,443.5341713,430.6529402,435.0612024,10066612
19-01-2016,434.9658203,442.3319488,430.7293355,433.1910635,7500436
20-01-2016,427.9431152,442.7326766,426.3210343,432.809358,7507998
21-01-2016,433.9734497,436.0535113,428.2293564,433.1910156,6743000
22-01-2016,433.6681213,439.8701957,431.6643742,438.1908555,6436018
25-01-2016,434.2025757,437.7138862,429.2027576,435.1948985,4579262
27-01-2016,434.5269165,438.7634015,433.191085,437.5611438,6971962
28-01-2016,431.130127,436.0917875,429.8324526,433.5727999,7788598
29-01-2016,444.6028442,446.549332,431.8933446,434.3360169,10232108
01-02-2016,447.8279114,450.327843,443.3433347,446.5493393,4251126
02-02-2016,448.6676331,454.1826899,444.2593707,449.1637711,7632702
03-02-2016,441.8548279,448.8011789,439.9655993,445.7096928,5245966
04-02-2016,450.2705994,456.0719057,442.7517955,442.7517955,5549346
05-02-2016,448.3431396,452.9040774,447.2554006,448.6484912,3984224
08-02-2016,439.2213745,447.3889919,436.5497118,444.163932,4221044
09-02-2016,422.7523499,430.633762,417.3517667,430.633762,7579572
10-02-2016,423.0960388,430.3285939,421.7411053,422.8861038,5866054
11-02-2016,411.6841431,424.7943641,408.8216474,424.0310319,5214378
12-02-2016,413.9741516,421.5120572,407.2377355,417.809868,7408096
15-02-2016,416.684021,419.9090813,414.718431,418.4015187,5093478
16-02-2016,411.8749695,417.065619,409.7948613,414.871039,5125448
17-02-2016,419.0121155,420.9777052,411.0543867,412.8673006,4164598
18-02-2016,428.7636719,430.1376604,419.8326765,419.8326765,4189072
19-02-2016,430.2331238,432.8856846,425.1187886,427.1606929,3974018
22-02-2016,430.0041504,432.7902852,425.1951665,431.6643887,3857010
23-02-2016,428.9545593,432.2368786,425.9584896,431.3781299,2501960
24-02-2016,429.5079651,436.5306311,426.8363022,427.2752276,4950714
25-02-2016,423.763916,431.5117104,420.2525597,429.5270652,4484528
26-02-2016,427.9050598,432.0461287,425.9394696,427.5233936,4235636
29-02-2016,413.7451477,431.4353618,407.7339067,431.091853,8166076
01-03-2016,429.5461121,431.39723,417.8480829,417.8480829,6386154
02-03-2016,441.2060852,444.0685814,429.3744341,433.97353,7214898
03-03-2016,446.282196,455.2704049,440.442686,445.7860115,5814304
04-03-2016,446.7973938,452.2742926,442.3891321,448.6866222,4281680
08-03-2016,444.049469,454.3735571,437.9237552,443.8777379,7617746
09-03-2016,449.7935791,451.7973265,436.2253282,437.0077625,6305782
10-03-2016,436.0534973,443.8394947,434.8512398,443.8394947,24381016
11-03-2016,436.2443237,441.1868808,434.4123079,437.4656365,4058548
14-03-2016,435.5573425,440.5381039,434.5268627,437.3893585,4174262
15-03-2016,432.9620056,440.6334844,430.8818975,436.6259906,6720258
16-03-2016,439.8510742,440.8243414,431.8742901,435.8245249,5588850
17-03-2016,443.4006653,446.4539946,440.4618545,441.5495937,6474622
18-03-2016,455.4803772,457.6176982,443.4960512,443.8014027,8477422
21-03-2016,456.0527039,457.6175251,450.3849732,453.4191992,5138392
22-03-2016,454.1635437,455.70931,447.312656,454.6597283,7097950
23-03-2016,460.9762878,462.0830821,451.1674421,454.1826133,6333176
28-03-2016,459.8695984,472.1210737,456.3773435,470.3654185,10787510
29-03-2016,456.9497681,465.212849,454.7742898,457.6176838,6995356
30-03-2016,460.2702942,461.8160608,456.3010033,457.083391,5756818
31-03-2016,464.9837952,469.4111123,458.1138059,461.9113646,17996320
01-04-2016,460.0793457,466.4722524,456.1291112,464.1059414,5511428
04-04-2016,474.6781616,476.3193447,463.1709647,463.1709647,4577054
05-04-2016,465.556427,474.1439161,463.3427445,474.0293976,4790716
06-04-2016,458.266449,468.6859517,456.472637,468.6859517,4931354
07-04-2016,450.9385376,461.2053659,448.4577077,461.2053659,5657890
08-04-2016,444.9272766,449.4118535,443.5151306,448.7820951,4195578
11-04-2016,451.8544617,452.9422006,439.3357962,444.9463152,5768678
12-04-2016,451.2056885,456.0528764,449.8316997,450.5568747,5842138
13-04-2016,447.5798645,456.0719361,445.1562938,456.0719361,12511386
18-04-2016,472.7697754,483.9144534,470.7851303,477.0826209,25015990
20-04-2016,474.6398926,475.7276315,467.8462648,474.7925683,8072848
21-04-2016,468.0372009,477.4643358,464.9075107,477.4643358,5441100
22-04-2016,462.2930908,468.8768314,460.6710098,468.0371846,5143938
25-04-2016,464.0487366,467.4646763,458.4191614,462.5984333,5364134
26-04-2016,470.27005,473.0943894,461.2817918,463.8961961,5846744
27-04-2016,473.3232422,474.162889,468.8959246,469.1439703,4486208
28-04-2016,461.4915771,473.1132913,460.6709857,469.8309722,12165168
29-04-2016,461.0908508,466.9876206,459.9076951,462.3694231,5036410
02-05-2016,458.4000854,462.2549037,456.5299123,461.8159784,3615250
03-05-2016,449.5263367,462.6556128,447.2363401,459.0488869,6824810
04-05-2016,453.7437439,455.3276676,446.7974394,450.7476743,5812842
05-05-2016,455.1176453,457.6175764,450.7857451,456.1481715,6302668
06-05-2016,450.9385376,454.1063851,449.2401419,454.1063851,2596720
09-05-2016,457.6367798,458.5909451,450.5950119,451.1293538,5123678
10-05-2016,462.8847046,464.3541099,456.7016853,458.9535248,3395704
11-05-2016,458.7054138,463.6098141,455.1368449,457.4268416,3709888
12-05-2016,461.8159485,462.9609467,456.777975,459.4877948,3406932
13-05-2016,460.7663879,461.8159697,455.0032393,460.2893053,5652064
16-05-2016,463.7243347,467.025756,459.9076735,461.8923187,4533878
17-05-2016,463.4380493,467.8272093,461.1098955,465.6326293,3796294
18-05-2016,461.7587585,463.3426823,457.1978669,457.6176903,4256596
19-05-2016,460.1939697,464.1633071,458.3810555,462.1786151,3954400
20-05-2016,458.6100464,465.4418799,457.9993899,459.9077206,3994548
23-05-2016,453.4193115,459.9648942,452.2743133,459.2969786,4585946
24-05-2016,453.3238525,454.8505167,449.4499328,454.5833691,3485060
25-05-2016,461.3007202,462.9991156,455.7474601,455.7474601,3857396
26-05-2016,471.0332336,473.1896565,461.8541452,461.8541452,6136436
27-05-2016,476.12854,480.708534,470.0600387,470.0600387,6180764
30-05-2016,483.8000183,485.4793587,473.8385408,473.8385408,5285700
31-05-2016,476.5672913,483.475437,472.8842048,482.8075214,13782038
01-06-2016,480.2122803,484.1434598,475.5559724,475.5750743,4840534
02-06-2016,481.4908752,486.5861082,478.6092776,478.9909437,5053552
03-06-2016,483.5328064,488.2654755,480.9184028,480.9184028,3998380
06-06-2016,483.4754944,487.3875716,481.3190718,482.7694215,4225768
07-06-2016,479.9069214,485.6700697,479.0290708,483.5709063,5692420
08-06-2016,472.5408325,482.4068928,471.4912506,482.4068928,8741370
09-06-2016,457.7334595,473.4674438,455.6291786,473.4674438,12740804
10-06-2016,455.8415222,459.4709662,451.7873666,453.8337688,6383956
13-06-2016,455.9573975,457.5018378,450.2043479,454.3743556,5286722
14-06-2016,453.6794434,456.536668,450.6870896,456.536668,2940728
15-06-2016,459.4516907,460.4942162,455.2431283,457.0385026,6711572
16-06-2016,457.9265137,459.2778988,451.7873545,459.2778988,5302564
17-06-2016,455.4169006,460.5328599,453.7180066,459.0849469,8515082
20-06-2016,466.7106018,467.8882565,455.4940841,455.9960461,6229566
21-06-2016,465.6872864,469.0464718,461.6524555,467.6564381,4761724
22-06-2016,463.1390076,467.9460589,458.7566679,464.8765028,3031258
23-06-2016,467.8109131,469.0657707,460.7644049,462.2895678,3828626
24-06-2016,461.2278442,462.9460154,447.8877213,458.6988042,7808348
27-06-2016,450.2814941,456.8453646,447.8876308,452.5402755,5583778
28-06-2016,447.5595093,452.7140694,445.9957446,448.9688205,7655974
29-06-2016,454.3937378,455.5713926,447.9649941,451.3627824,5459150
30-06-2016,452.0577087,457.3473981,450.9572573,455.8029577,9346224
01-07-2016,452.6754456,455.6098726,451.7873736,455.6098726,3991912
04-07-2016,457.1350708,461.2471531,454.1427173,454.1427173,5381322
05-07-2016,453.8531189,458.5057647,452.1542721,457.5404894,3596416
07-07-2016,446.8258667,452.13488,445.9571191,451.246808,5954876
08-07-2016,447.1926575,450.5904449,445.377959,449.0460046,5551648
11-07-2016,453.6987305,455.1079947,447.8877541,450.7449785,6668882
12-07-2016,454.2778015,455.7449914,450.9765417,455.6098623,6197368
13-07-2016,460.9382935,461.7105137,453.7566073,455.6099548,5275420
14-07-2016,454.1620483,461.8070479,449.4321992,461.4016134,7413328
15-07-2016,414.1223755,459.4323829,406.1877947,459.2779294,61484126
18-07-2016,417.7518005,418.8908536,407.4040782,415.9371019,14332824
19-07-2016,419.682373,420.8600278,414.7208675,420.3194642,10404644
20-07-2016,418.1958313,420.8213988,413.1377985,413.1377985,9822896
21-07-2016,416.9602661,419.7788413,415.299974,416.6127576,8668002
22-07-2016,414.0837402,416.9602886,411.8636073,413.1377894,9386538
25-07-2016,417.3270264,418.2536999,410.4349716,410.4349716,8469552
26-07-2016,420.3580322,420.8213926,413.2729216,413.2729216,7189610
27-07-2016,419.0645752,423.3697121,416.4390549,418.8135942,7431820
28-07-2016,416.0336304,419.6823519,414.7015694,419.0839096,11258562
29-07-2016,414.6242981,415.7440267,411.7863984,414.1416605,8156784
01-08-2016,419.0259094,420.0297861,412.5006405,413.7168965,9096662
02-08-2016,418.466156,418.9294693,415.0683682,416.9603172,6822502
03-08-2016,418.8908081,419.5085748,413.2536107,419.1803906,7213460
04-08-2016,413.8328247,419.6630778,413.157132,419.4700227,4237278
05-08-2016,412.3656006,414.4698818,409.2767197,413.910041,5609968
08-08-2016,416.4969788,417.3850509,410.2613379,412.7517293,4643064
09-08-2016,418.311676,418.7363877,413.7169566,415.8405621,7192664
10-08-2016,417.90625,420.0491799,415.1455534,415.4544603,5576454
11-08-2016,415.9757385,422.7905917,415.1649167,417.6553082,5038552
12-08-2016,410.2613525,416.5356424,409.2767528,415.0877293,7449928
16-08-2016,406.1106262,408.5238144,396.9211869,402.3267283,16429408
17-08-2016,398.9675598,406.4387803,397.8864328,405.3962549,6599316
18-08-2016,395.1451111,401.2070212,394.4114924,400.2031443,8434000
19-08-2016,394.334198,401.1683507,393.2337938,397.6933602,5686016
22-08-2016,392.0755005,397.6933977,389.6236872,393.0600765,10253518
23-08-2016,401.4193726,402.3267219,393.8709013,393.8709013,7406138
24-08-2016,408.2728271,410.0682485,404.2572727,404.2572727,6129966
25-08-2016,400.0679626,408.3500049,398.504198,407.3461281,4796562
26-08-2016,393.928772,403.8711056,392.6932151,400.0100052,6881054
29-08-2016,394.9133911,397.6933884,390.3572968,392.905614,5220282
30-08-2016,401.7089233,403.4850202,395.7628189,398.63932,4375438
31-08-2016,399.9520874,403.7745863,396.8439298,400.434725,11139814
01-09-2016,400.6086121,401.7282938,398.4656818,400.7823428,2877826
02-09-2016,398.4077454,401.5545525,396.2262136,401.1877667,3332592
06-09-2016,403.4850464,404.9908852,399.8556021,400.8788033,8215044
07-09-2016,407.0951843,408.8906058,403.0989541,404.6433946,7425470
08-09-2016,400.6471558,403.4850556,395.3767435,403.4850556,9092774
09-09-2016,399.816925,401.9405302,396.3612592,400.3960901,5053438
12-09-2016,406.9600525,408.5044929,395.8593869,395.8593869,6203096
14-09-2016,403.7166748,408.4272459,401.8054488,406.9406844,5152418
15-09-2016,402.4039001,404.1800442,399.7590556,403.7166838,4701722
16-09-2016,409.3345337,411.0141028,400.8207892,405.0293977,9949384
19-09-2016,409.7399597,412.7130353,402.0756848,403.8711059,5809154
20-09-2016,405.4735718,408.1763427,403.7746777,406.6898281,4214004
21-09-2016,407.6357422,409.7593478,405.8210436,406.9600495,4231532
22-09-2016,408.813385,409.6628084,406.1878175,408.8905882,3629514
23-09-2016,402.5391235,408.813413,401.5545239,408.1183959,5205294
26-09-2016,399.9714355,403.0989177,398.0794868,402.6162801,6371798
27-09-2016,401.4579468,405.3769734,398.9868329,399.6432483,6525660
28-09-2016,401.1490784,402.4425849,398.9482696,401.5545128,5434708
29-09-2016,397.3844604,403.465694,395.376707,403.465694,8902638
30-09-2016,400.0293884,403.0603433,398.1181152,398.1181152,6502354
03-10-2016,400.8208618,401.5544804,396.1875409,399.816985,3656160
04-10-2016,405.1066895,405.9561599,400.8981272,401.5544955,5066586
05-10-2016,402.133667,405.3576769,400.3961716,405.1066959,2307574
06-10-2016,396.6895142,403.4850423,396.1296263,403.4850423,3721882
07-10-2016,390.955719,399.160581,390.0097447,397.6740196,6288558
10-10-2016,397.6740417,398.3690587,389.9711648,392.6739353,5413170
13-10-2016,406.3228455,408.5043764,394.3727599,394.3727599,9778690
14-10-2016,396.5929565,418.041342,384.6621463,406.5352906,33461690
17-10-2016,394.7590027,402.2495486,392.8091277,399.6046565,8014858
18-10-2016,401.1877136,401.7475544,396.65092,397.6933984,6388134
19-10-2016,402.2494812,403.7552727,400.010024,402.3266844,3509836
20-10-2016,400.2609863,405.6858042,399.1605821,403.3884683,3535490
21-10-2016,405.1976929,406.2513517,399.0317071,403.9098453,3863620
24-10-2016,400.8269348,406.914843,400.2025425,404.8855562,2902974
25-10-2016,396.9634399,405.4318939,396.1829377,404.4952817,5636014
26-10-2016,395.7927246,397.9976293,393.8804844,396.8854231,2775216
27-10-2016,391.6169434,397.256076,390.6803313,397.2365682,7227790
28-10-2016,389.2754211,394.1535593,387.5778386,392.280359,5840706
01-11-2016,386.1339111,392.9047574,384.9436502,392.9047574,6332798
02-11-2016,382.8557434,385.3728672,382.4459846,384.3191847,5377194
03-11-2016,377.3143005,383.2266148,376.6313611,382.8558714,5225108
04-11-2016,378.9338074,382.1338711,375.0312965,377.372803,6005548
07-11-2016,381.6460571,384.7875736,380.4948117,384.3973225,4537672
08-11-2016,383.4607239,385.4705266,378.7777106,385.1388227,5261108
09-11-2016,373.9776306,380.3387189,351.616247,362.9335291,12764158
10-11-2016,366.6018982,375.6166892,364.8847838,375.6166892,7287330
11-11-2016,359.6358643,368.7872565,358.5236582,366.8360012,7096782
15-11-2016,360.4163818,366.8165091,354.5626156,360.5919996,9235850
16-11-2016,367.1871948,373.4116795,362.3675804,362.9334492,12222616
17-11-2016,362.8554993,370.3483258,361.5286597,364.5921216,5706730
18-11-2016,359.0309448,364.2017709,358.0553173,362.9334551,6040228
21-11-2016,355.5577698,361.7237562,353.938242,361.7237562,7940568
22-11-2016,356.7675781,362.4067116,355.7724425,357.8212609,5483126
23-11-2016,359.1285095,360.1626843,356.0845563,359.8504644,8251786
24-11-2016,363.0505371,366.7969614,360.3187798,362.2310195,16780644
25-11-2016,381.4704895,384.3973731,363.1091781,363.1091781,12631380
28-11-2016,382.3484497,383.7923833,378.7776432,382.172832,7365712
29-11-2016,379.558136,384.2801877,377.4117554,381.9776971,6125506
30-11-2016,380.7094116,381.2752804,375.0507713,379.7142762,8500918
01-12-2016,380.7289734,383.8314745,377.3728234,380.8850834,4611590
02-12-2016,376.3971252,378.387396,375.0702622,376.5141958,4453228
05-12-2016,375.2850037,377.9972299,373.8605775,376.9435709,3659576
06-12-2016,377.1776733,382.2509374,375.2849651,375.3434885,3562110
07-12-2016,377.1387024,379.7143503,374.7191406,377.7630947,3385980
08-12-2016,384.2606812,384.8265261,378.5630019,378.5630019,5941662
09-12-2016,386.0949097,393.4316493,383.0314481,384.3973269,8648384
12-12-2016,381.4118652,383.5387383,376.6703291,383.5387383,5345020
13-12-2016,386.4266663,387.4608174,378.9728555,382.6412256,4854282
14-12-2016,390.1535339,392.1828444,384.0460947,386.7388368,5382614
15-12-2016,387.2656555,397.6463487,385.9583239,389.2364426,7966416
16-12-2016,392.2609253,394.0365631,389.3730575,391.734072,6436742
19-12-2016,392.0657654,393.4706598,387.9485973,392.6316104,4124134
20-12-2016,394.9926453,397.6658557,390.7584067,391.0315872,7636498
21-12-2016,390.8559875,398.8366274,389.5681637,396.4951208,7343976
22-12-2016,384.2802429,392.9828372,378.3484217,391.2267074,7060054
23-12-2016,385.7436829,392.8267256,379.9484401,384.3582963,7306036
26-12-2016,383.5192871,387.9096122,380.5338565,385.5681055,3213828
27-12-2016,389.8413696,390.9926152,382.446106,383.5192966,4912816
28-12-2016,389.665741,394.0755738,388.2998621,391.4023632,5476816
29-12-2016,387.2656555,393.3730945,385.62662,391.7145274,6240124
30-12-2016,394.3877258,394.9340869,387.4217537,389.4705718,7267768
02-01-2017,390.6802979,395.3047869,389.9973585,394.5828082,2335222
03-01-2017,387.8510132,392.1633065,383.2265476,391.8510866,6778482
04-01-2017,389.3730164,391.8901406,387.2266354,388.3193337,7073586
05-01-2017,388.7485962,393.9584382,385.8607289,390.8754454,8207074
06-01-2017,379.4215698,389.8022379,377.7825107,388.2607653,14393448
09-01-2017,378.6801453,381.2558168,376.5923114,379.4216319,10545692
10-01-2017,378.7582092,382.8363381,377.7435659,381.2753336,11939854
11-01-2017,378.1923523,381.8412146,376.1825733,380.1826473,12241574
12-01-2017,390.2705994,391.9682059,381.4899498,381.4899498,11855740
13-01-2017,380.8069763,405.8610989,375.694697,401.9585884,31276246
16-01-2017,372.9434204,376.7678759,371.6946123,376.5922582,12351372
17-01-2017,372.8458557,376.2020052,371.6751026,373.1775596,5560094
18-01-2017,371.0507813,375.0313477,370.6605301,373.8996098,5952962
19-01-2017,373.8996582,374.485035,369.9971463,371.1288843,8876480
20-01-2017,370.2312317,371.9678539,369.1775489,370.7385534,9124742
23-01-2017,371.7922363,373.8605624,366.8360425,368.787298,7948580
24-01-2017,369.0018921,370.7385141,366.875019,370.7385141,6826010
25-01-2017,365.5091248,369.4896902,364.8066776,369.2165097,9978090
27-01-2017,367.6750793,369.782421,351.6747844,364.4359762,10635138
30-01-2017,370.4848328,371.3238821,362.4846861,365.8603672,11369208
31-01-2017,362.387146,367.4213945,352.9235572,367.4213945,24068534
01-02-2017,357.7626648,360.2797889,353.235762,359.4602474,11531782
02-02-2017,365.2360229,368.7872985,355.1675253,357.8602675,11828268
03-02-2017,365.3140259,367.1872501,359.4407519,364.4164532,8423958
06-02-2017,364.9822998,368.2994338,363.1481151,365.7628019,6727934
07-02-2017,367.7140808,370.6604717,362.3676362,364.1042583,9268002
08-02-2017,365.4701233,368.4360219,363.8896112,365.2749978,6319962
09-02-2017,369.1775513,370.7385557,365.4896735,365.6652913,11907266
10-02-2017,377.8800964,379.3240301,368.1238199,369.2750653,12252452
13-02-2017,384.1436462,384.8265856,375.7532479,379.6557588,13724268
14-02-2017,385.4509583,385.9582798,379.4605905,382.4460205,9338818
15-02-2017,383.1485596,389.7828289,378.0752948,386.0364275,7259486
16-02-2017,394.973114,395.675585,386.3680823,386.7388256,12815858
17-02-2017,390.2900391,395.6169751,387.4021958,395.6169751,4851208
20-02-2017,394.2511902,402.3489008,387.714484,388.8852373,4650662
21-02-2017,395.5585327,399.8122795,390.2706347,398.8756673,7613996
22-02-2017,386.407074,396.1048027,384.9436326,396.1048027,6607838
23-02-2017,393.704834,398.0561435,387.6559416,389.8218544,9542656
27-02-2017,395.0901794,399.2268311,392.9633064,393.0998848,5328696
28-02-2017,395.0901794,399.1097606,393.8608791,394.8755223,5940132
01-03-2017,400.065918,400.787873,394.19262,394.9341066,4282448
02-03-2017,399.3439331,401.178118,396.6902305,399.7732236,2948498
03-03-2017,402.4268494,403.6366657,390.407146,394.2511092,5401612
06-03-2017,403.4806519,404.2806381,397.9390811,398.0756594,5286386
07-03-2017,397.9781189,400.3196496,395.9878476,398.8366762,4644496
08-03-2017,393.2950439,396.8463432,391.9877123,396.8463432,6179176
09-03-2017,394.7583923,395.324261,389.8607471,393.2949511,3480630
10-03-2017,398.7780457,401.0415209,395.4804432,396.1048354,4550324
14-03-2017,403.8318481,406.6026214,399.1488112,399.1488112,7878396
15-03-2017,394.9145813,403.8708483,393.1779592,403.8708483,6373978
16-03-2017,401.5098572,402.6220633,395.441457,395.441457,6702956
17-03-2017,405.978241,406.9928843,397.7634362,404.066001,9507846
20-03-2017,398.641449,400.6122358,396.1438327,400.6122358,4427388
21-03-2017,403.0707703,403.8902879,397.587748,398.4072895,4869584
22-03-2017,401.0610046,405.8415802,398.2122004,399.0122103,3990852
23-03-2017,406.0367432,407.0319025,400.6317749,401.2756987,4501662
24-03-2017,402.5050049,407.4221593,401.0610472,405.0806527,4883896
27-03-2017,401.5098572,406.5831218,399.8122743,400.8659333,7684824
28-03-2017,403.9684143,405.4708714,401.9781433,402.5439883,4796796
29-03-2017,402.6806335,406.4465666,400.3391267,403.6367774,6981186
30-03-2017,400.2024536,404.2610741,398.1536356,403.5195876,12157180
31-03-2017,398.9342041,401.6854935,393.3731257,399.3244552,14153854
03-04-2017,393.6852722,402.9146957,392.6315896,402.7976489,4315600
05-04-2017,388.6705627,392.3584402,386.7388152,392.2023302,7398338
06-04-2017,390.0949707,392.5145322,387.129072,389.5291257,5379008
07-04-2017,383.0509644,390.6023375,382.0558288,390.6023375,6404508
10-04-2017,372.0653381,386.1533907,370.7774907,384.3582455,9528472
11-04-2017,377.431366,379.2070037,373.0995644,373.0995644,8655466
12-04-2017,378.0947571,381.2362974,374.7776228,378.5435554,6696752
13-04-2017,363.4798584,386.3485617,361.6261658,378.5435403,30973188
17-04-2017,360.9432373,363.7530261,360.3968763,362.9335083,7213434
18-04-2017,360.0651855,364.494526,358.6797751,360.8847033,4647518
19-04-2017,358.71875,362.9334563,356.1626105,360.2016991,10071702
20-04-2017,361.8798523,362.8164645,358.4651551,359.6164006,4549000
21-04-2017,360.474884,364.806661,359.4602171,364.806661,3577466
24-04-2017,361.5870972,362.3480915,356.2992003,358.05533,5556666
25-04-2017,362.6798401,364.1042661,359.2456353,361.3334929,4737060
26-04-2017,356.7870178,365.0993603,355.2065059,362.913964,9084496
27-04-2017,361.0798645,362.5433063,357.4700415,357.4700415,7797208
28-04-2017,358.6211853,361.9188112,357.3138301,361.7041541,5029702
02-05-2017,360.0455933,361.5285662,357.1187105,360.5919542,3231126
03-05-2017,364.6116028,366.4848033,358.1139362,361.5676489,4659448
04-05-2017,365.9189453,366.6994475,362.5042483,365.6652726,5279806
05-05-2017,363.5189209,365.8018804,359.031033,365.275051,4432788
08-05-2017,368.9823608,370.1726218,363.7139718,366.055478,4707098
09-05-2017,369.4312134,371.4995394,367.6555518,370.9726862,5649372
10-05-2017,368.260376,370.7384604,365.7237444,369.6262545,3364302
11-05-2017,368.4360046,370.6799482,365.879865,369.509195,3229482
12-05-2017,376.2995911,376.9825304,371.3043822,371.9092666,10979996
15-05-2017,371.3434753,376.0069813,370.3873553,376.0069813,7297164
16-05-2017,372.6897583,374.6995608,369.5482421,371.9482718,6130168
17-05-2017,371.8311462,374.0360739,368.338395,371.3628403,2915508
18-05-2017,375.3239746,380.0655347,367.9482197,368.0067669,8057848
19-05-2017,373.8410339,375.6947266,369.8994837,375.2264205,4257396
22-05-2017,375.2068787,377.3337517,373.294639,374.0166177,5503052
23-05-2017,373.5874023,377.3728431,372.338594,376.4557624,4039982
24-05-2017,372.6116943,376.7873853,370.5823841,374.6410045,5636286
25-05-2017,383.7338867,385.0217105,375.0312923,375.0312923,10438514
26-05-2017,388.572998,390.2510729,382.6801926,385.1778089,4988004
29-05-2017,384.4558716,388.9632669,380.767994,386.6998154,6308434
30-05-2017,388.7681885,390.251138,381.9192858,383.2266176,3716910
31-05-2017,381.2947998,387.7339424,380.4362427,387.7339424,7763900
01-06-2017,384.9004517,388.1891782,379.808847,384.0683485,5508606
02-06-2017,384.1279297,386.5053267,382.0477073,385.6930542,3917966
05-06-2017,379.8881531,385.1382371,379.2145526,384.3457716,5462698
06-06-2017,388.0506287,391.279936,382.126967,382.364697,7008686
07-06-2017,380.8985901,391.83463,374.4400002,390.2893124,12455046
08-06-2017,378.9768982,381.5524116,375.6881705,381.5524116,6195352
09-06-2017,375.8664551,376.7976167,365.7229042,371.8843199,14757662
12-06-2017,381.9089661,382.4438948,372.4984373,373.7861938,8591676
13-06-2017,379.5118103,381.5524191,377.0551619,377.8080139,4937794
14-06-2017,379.8286743,381.1362616,376.8965667,380.3834098,7438110
15-06-2017,377.2532654,383.5335702,376.2626833,380.2448426,5528062
16-06-2017,372.5578918,377.9466483,370.8739024,376.0645425,10948450
19-06-2017,368.4370728,372.5579037,367.7040517,372.4390387,6855860
20-06-2017,373.8654785,375.192873,370.1012667,370.4776927,5184396
21-06-2017,373.7861633,376.0248881,370.893669,374.4399571,3735864
22-06-2017,372.5183105,383.8307532,370.5173154,375.5098636,9465242
23-06-2017,373.746582,376.0843652,371.6663599,374.4399894,6403018
27-06-2017,367.3276062,375.6286881,366.0200428,374.4399897,6904660
28-06-2017,366.3964539,369.6851811,364.9303877,369.6059297,5905224
29-06-2017,368.5757141,375.6088455,367.1492617,368.5757141,15914040
30-06-2017,370.6956787,371.6664541,368.1003581,368.8135725,4216700
03-07-2017,377.1740417,378.4023539,370.3191944,372.8947078,5088924
04-07-2017,381.2353821,384.3457998,376.1834141,377.9466306,5167726
05-07-2017,376.7778015,379.9872777,374.598521,379.9872777,4226228
06-07-2017,375.2324219,379.1947495,374.122975,374.4399564,3829720
07-07-2017,370.6361084,374.6182425,369.704947,373.9842556,5776886
10-07-2017,379.2146301,380.3042704,372.4588651,373.726815,1464376
11-07-2017,386.4656982,392.0724027,379.0561633,379.0561633,11539708
12-07-2017,385.276947,388.9024868,383.8505186,386.3071668,6275976
13-07-2017,387.1392212,389.6751206,382.008002,387.2184726,5170392
14-07-2017,385.1581421,398.9470406,382.780745,396.014932,22478180
17-07-2017,389.9128723,393.0629278,385.9307376,386.3269704,7698250
18-07-2017,390.5270691,398.1347443,388.7440213,390.7053787,8260180
19-07-2017,388.2486877,391.7355556,383.9891853,388.8826747,5890278
20-07-2017,384.1279297,388.2487367,383.1373476,388.0308135,6809740
21-07-2017,388.3477478,389.318523,384.9005419,385.5345047,5980754
24-07-2017,392.4884338,393.855442,389.3383779,389.6949972,6129176
25-07-2017,393.79599,395.8365987,390.7648233,392.2705033,7145614
26-07-2017,393.8751526,395.8365095,392.4289176,395.4798904,6870024
27-07-2017,384.7619019,397.817779,383.0779123,394.6479162,12676852
28-07-2017,395.1827698,397.4214947,381.2948151,386.7232092,11098428
31-07-2017,400.6706238,404.8310683,390.9827267,393.0233354,19158248
01-08-2017,398.4318848,402.9687551,395.5790038,400.5913583,7689398
02-08-2017,393.5978699,401.2847964,391.1610525,398.6102248,4257584
03-08-2017,389.8931274,395.737562,388.4072542,392.6667574,4640348
04-08-2017,389.7940369,391.8742592,386.7430393,391.4780264,5349018
07-08-2017,383.6523743,389.7939821,382.6419856,389.6949239,6073744
08-08-2017,381.9089661,384.4448656,378.4221223,383.7514582,6004648
09-08-2017,384.0882568,385.8911354,382.1863442,383.4146804,3922410
10-08-2017,388.8034058,391.2798606,384.0882261,384.3061735,9140684
11-08-2017,391.3591309,395.044091,384.1873029,386.7232024,6544156
14-08-2017,388.8827209,391.9535254,387.1789246,391.4780412,3816470
16-08-2017,386.40625,390.7251732,383.9496017,389.1006283,6178080
17-08-2017,404.4942627,407.822628,395.4601593,398.2139822,25784260
18-08-2017,365.8218994,403.3253402,350.3490148,403.3253402,164404960
21-08-2017,346.0697327,366.1191024,344.7225315,366.1191024,90407176
22-08-2017,346.8621826,355.4406077,340.7601882,354.7075868,49242598
23-08-2017,353.7566223,358.0755693,346.2678373,348.6848476,61284190
24-08-2017,361.4237671,363.8407776,357.5406662,360.5718569,42380524
28-08-2017,372.855072,377.9862917,371.6663736,374.0239636,40712108
29-08-2017,367.4861145,373.2512969,366.7332625,373.0333737,13369392
30-08-2017,367.1691895,372.0626556,366.1587763,371.3494413,16149664
31-08-2017,362.5332031,368.0804623,361.7209307,368.0210177,15022452
01-09-2017,364.5143738,366.8719638,360.5718525,362.9294426,8433922
04-09-2017,356.6888123,364.9700642,354.0340474,364.9304506,10177108
05-09-2017,357.3624268,358.590739,355.5199343,357.4020404,9783392
06-09-2017,354.8661499,356.7284492,352.6472555,356.6095842,7735910
07-09-2017,354.9255676,356.8076736,353.5783663,356.6095572,6241192
08-09-2017,350.3886414,356.213268,349.5169244,356.213268,8604542
11-09-2017,348.1697083,353.3603474,346.1687378,352.8056361,13787642
12-09-2017,350.2895508,351.7556168,348.2093289,349.6952017,17241354
13-09-2017,350.1707153,351.6962018,349.0810752,350.8641227,11478228
14-09-2017,353.5982361,355.2623949,349.3189016,350.4679866,13698006
15-09-2017,359.878479,361.8596432,353.5189467,353.5585603,13459460
18-09-2017,360.2151794,363.6426024,359.1057326,360.5717986,8475860
19-09-2017,361.4633179,362.9491906,357.9962814,359.7793287,6033330
20-09-2017,361.6416931,363.3454894,359.5614708,363.3454894,5767830
21-09-2017,360.3934937,362.6520252,359.8387823,362.552967,8204152
22-09-2017,355.9359131,360.6708998,351.8547202,359.8388206,17604088
25-09-2017,354.7670288,357.3821798,352.2905738,357.0057538,9088700
26-09-2017,358.9472656,359.9378475,354.3509511,355.4207844,7366478
27-09-2017,356.530365,359.739866,354.6680655,359.0266275,6000138
28-09-2017,355.0246277,358.1548768,354.351027,355.0642413,17537266
29-09-2017,356.5699158,357.5604978,354.6283653,355.8170638,5705832
03-10-2017,358.0161438,361.3643158,357.243485,360.6114638,4947522
04-10-2017,356.4510498,358.7492196,355.4802987,357.7982511,4991492
05-10-2017,357.8180542,358.5709063,356.2133161,356.6095489,8611300
06-10-2017,364.5936279,365.326649,358.1746516,358.1944584,8574308
09-10-2017,366.0794983,368.1002759,362.1567838,364.5341807,3504832
10-10-2017,370.6559448,372.4389923,368.3181618,372.4389923,7143220
11-10-2017,368.7738647,371.6663593,367.7040314,370.6559705,5982504
12-10-2017,367.4266968,370.2201334,364.3558924,368.4965303,10280972
13-10-2017,368.5361328,369.8833341,367.525744,369.6059663,7180728
16-10-2017,372.0625916,373.2512899,369.6851948,370.8540864,5758750
17-10-2017,368.6946411,371.1909031,368.2984083,371.1909031,5625102
18-10-2017,366.2577515,368.4964763,365.7030401,368.0606299,7231852
19-10-2017,367.2879639,369.2889345,366.5945565,368.496469,1091434
23-10-2017,372.2607422,373.2513243,367.7436783,368.4965303,9154096
24-10-2017,367.1096802,375.0937806,365.1681298,374.8362196,14529328
25-10-2017,370.5965881,374.3211867,362.6521241,364.1379974,13984134
26-10-2017,375.3711243,377.134365,372.4984365,373.2512885,33659258
27-10-2017,374.9748535,379.4721097,374.0437162,378.4022765,8524956
30-10-2017,374.083374,378.2636494,372.8748688,378.2636494,12968326
31-10-2017,370.3670654,373.6414601,369.62381,371.632635,9954988
01-11-2017,372.4562683,373.4004308,370.9496494,371.6326549,5633134
02-11-2017,370.7889709,372.0344328,369.6238425,370.849221,4686138
03-11-2017,372.2955627,373.601299,368.3984372,368.4185205,3699086
06-11-2017,373.1191711,375.6502858,370.6884977,370.8893802,5066534
07-11-2017,383.8864746,385.6944172,371.974132,372.1348478,13442820
08-11-2017,382.6007996,386.4376504,380.6723325,385.7948362,5369994
09-11-2017,383.4846191,386.899621,380.9735884,382.8819718,4723232
10-11-2017,386.5180054,387.4420599,381.6767421,385.2122691,6589428
13-11-2017,382.4602051,389.4710094,381.4156013,386.5180219,5021216
14-11-2017,381.3151855,383.6253345,378.9648699,382.4602306,5733710
15-11-2017,382.3999634,383.0829689,379.4670835,379.7282406,7023516
16-11-2017,397.1045532,400.1177909,381.0741192,382.3999389,15687502
17-11-2017,390.0937195,395.9393951,387.7634875,395.9393951,8057670
20-11-2017,385.9154053,390.1138549,384.5895855,389.3103248,5661190
21-11-2017,388.2054443,390.3147107,385.7144963,386.2167026,5364656
22-11-2017,388.2254333,390.1338167,387.0201386,388.3459579,6084920
23-11-2017,398.2496033,399.5352563,389.310331,390.3147436,11894618
24-11-2017,405.6018677,409.5190766,397.8277244,398.1089648,18619912
27-11-2017,401.2628479,404.456885,399.0732235,404.456885,6017730
28-11-2017,395.617981,401.7248136,394.2519702,399.5151062,4616868
29-11-2017,394.8144836,398.53081,393.8502378,396.8032254,3838070
30-11-2017,392.1628418,397.5264197,389.0491628,397.5264197,17266944
01-12-2017,385.2122803,395.0153562,384.5091915,393.4886541,4085000
04-12-2017,395.8791809,400.4793956,389.129533,393.7297477,17811606
05-12-2017,395.4773865,402.9703139,393.3279534,395.8791515,9976738
06-12-2017,397.8678284,399.3945303,395.3367141,395.738479,7490094
07-12-2017,401.6846924,402.9301788,395.9796238,397.3456347,7549544
08-12-2017,402.5083313,404.5774312,399.7562503,402.1668408,5983244
11-12-2017,403.8943787,404.5372174,399.3343554,399.7361204,5139098
12-12-2017,405.9835205,407.389698,402.5685181,402.5685181,9320434
13-12-2017,403.2716064,409.3985225,400.8208498,406.1442359,5362398
14-12-2017,407.0281677,407.7915311,401.4838149,403.8743218,6023572
15-12-2017,410.9653625,412.3715398,406.5258404,406.9878799,10384134
18-12-2017,408.4343262,414.0992034,404.0952687,406.5460501,4035448
19-12-2017,403.3520203,408.9767309,401.5842443,408.7758484,7118898
20-12-2017,408.1330261,409.23788,402.1668248,403.8140517,4186326
21-12-2017,410.6238708,413.3960343,401.1221443,407.7110749,11059162
22-12-2017,417.5744324,419.764081,408.1932297,408.1932297,12906940
26-12-2017,416.0678406,418.438264,411.0056112,413.8179663,10808906
27-12-2017,415.5254822,417.4740328,412.7734015,413.0144507,6970172
28-12-2017,415.1237183,417.8356322,411.3270338,413.8179819,8433472
29-12-2017,418.6592407,421.3711545,413.8179528,413.8581195,6601768
01-01-2018,415.2442322,419.6435393,413.8179468,416.9115177,5431340
02-01-2018,413.6974182,418.6391475,411.0056122,416.7307637,6112248
03-01-2018,410.3225708,414.4607452,409.2378004,413.2152836,6846552
04-01-2018,407.9521484,410.2020224,405.6218921,410.2020224,8947614
05-01-2018,406.5862427,412.3716694,404.1756523,407.9120625,11025976
08-01-2018,416.2486877,417.433875,409.8204226,411.7689978,5594690
09-01-2018,418.3779907,419.8042762,413.3760359,417.8356178,9948236
10-01-2018,422.7572327,424.2638515,415.0433641,420.567633,9468634
11-01-2018,432.21875,435.2721538,423.9624607,423.9624607,16775298
12-01-2018,433.2833557,436.2765338,430.1094521,436.2363671,18016528
15-01-2018,434.3682251,439.1090225,427.9198774,433.9061856,10649250
16-01-2018,451.1218872,455.9230091,434.4084705,434.4084705,22646966
17-01-2018,462.8734436,466.7705935,451.182092,451.9253474,26154088
18-01-2018,463.114502,468.0160644,454.8381527,460.020931,13204970
19-01-2018,459.3981323,461.1860159,456.4050029,460.0208876,5988278
22-01-2018,462.0297852,464.8220325,454.7980146,454.8582892,9650214
23-01-2018,472.9176025,477.2968511,464.0386053,464.0386053,15403796
24-01-2018,476.4129944,490.5752118,469.0606747,471.993579,20604718
25-01-2018,472.2345886,475.4487086,466.9513691,474.8862278,13548914
29-01-2018,475.2478638,480.6114171,468.1365933,468.6790153,10823002
30-01-2018,470.3261719,475.3281261,467.1321109,473.6407329,8628312
31-01-2018,462.1302185,468.6990668,458.8759316,465.705937,9213698
01-02-2018,459.860199,465.203693,449.3942504,458.8959532,13005454
02-02-2018,459.3178711,467.2125638,454.0346511,456.1037508,10244486
05-02-2018,457.2889099,463.9783071,456.344772,458.0121065,9860220
06-02-2018,445.0551758,453.3315249,439.9929466,441.9213892,10552078
07-02-2018,445.5774841,451.9052828,443.3677767,448.3697312,8342056
08-02-2018,455.7020264,460.5834817,448.5908043,451.101836,8807244
09-02-2018,445.6176147,450.0973039,444.3520453,449.1732248,4382690
12-02-2018,443.0664673,450.217855,441.0576423,447.8876473,6291972
14-02-2018,441.0375977,448.8921243,438.0042518,444.3521594,8345712
15-02-2018,447.7469788,453.8738949,443.1467892,443.1467892,7986736
16-02-2018,453.2110596,458.6750541,449.2134681,451.9856566,9889222
19-02-2018,454.6975098,456.4050109,450.0973204,453.3516069,6461840
20-02-2018,456.7866516,461.8288215,443.4480746,443.4480746,7188594
21-02-2018,460.9851685,462.7931109,458.0120977,461.0253351,13771358
22-02-2018,466.3487854,467.6545218,458.1929352,460.2419762,17859974
23-02-2018,464.2997742,468.4580325,460.7240555,467.4536199,9459828
26-02-2018,457.4495239,464.0585862,455.742023,462.4314187,5083608
27-02-2018,462.1100769,463.4961956,452.2467757,460.0008107,6616026
28-02-2018,471.1095886,477.8994263,459.0365808,461.0654645,17268416
01-03-2018,466.3487854,469.9043963,464.4605093,469.9043963,6579852
05-03-2018,464.4001465,470.3864544,459.3178097,466.3486968,8101456
06-03-2018,462.572113,468.2169308,459.4584344,467.0719104,6689734
07-03-2018,459.6593323,466.0474057,457.2286834,464.0385806,6370416
08-03-2018,464.7014771,468.3776365,461.6279651,461.6279651,6093014
09-03-2018,467.4134216,468.4580008,464.2595761,466.9915488,4220964
12-03-2018,476.3927917,478.8435481,470.7680824,472.4755835,7676970
13-03-2018,475.609436,480.9127145,472.1341589,474.1630428,8581052
14-03-2018,474.4041443,478.341412,469.7034642,474.0827127,4429710
15-03-2018,475.0871582,477.4575817,470.8686253,474.0827456,6101500
16-03-2018,470.8285217,475.0470552,469.7638344,474.8863394,17954826
19-03-2018,460.7240295,474.2835988,459.0768028,467.654476,7526620
20-03-2018,467.8753662,470.0649654,461.4671862,461.4671862,8553766
21-03-2018,469.0606995,472.2748199,466.9313251,470.0651121,7692994
22-03-2018,466.5696716,473.0581366,464.1590819,467.8552999,6813168
23-03-2018,469.1008606,471.5918333,458.9562931,460.8245104,12008084
26-03-2018,464.1390076,468.8195795,459.6191514,468.8195795,8930722
27-03-2018,463.6368103,466.5697144,462.069917,466.0474003,3802088
28-03-2018,454.7176514,462.3310786,452.487836,462.3310786,12558322
02-04-2018,456.8670959,461.8489919,450.4991303,458.4138814,8072702
03-04-2018,458.1929016,459.4384124,453.2311134,455.8827527,4077168
04-04-2018,451.6642151,459.8401725,449.9768216,459.6191821,4813302
05-04-2018,461.0454712,462.55209,453.6328771,457.831351,7763544
06-04-2018,452.7892151,460.4227511,450.8205565,459.2174559,5937742
09-04-2018,446.4613342,452.3070343,444.5730584,451.9856027,7202882
10-04-2018,447.3251953,451.7847773,444.1110751,446.7627145,8926058
11-04-2018,451.6842957,454.5970919,448.5706169,449.1732644,9025574
12-04-2018,467.092041,471.1699661,451.9856848,453.7735197,17044366
13-04-2018,470.6475525,476.4530857,462.1301548,471.6720728,21227038
16-04-2018,455.2801208,458.0121427,442.7450713,442.7450713,24745084
17-04-2018,452.0659485,452.9498609,447.9679652,452.7891451,10397940
18-04-2018,452.3672485,455.9027999,447.5059022,451.1217869,10430380
19-04-2018,455.1394348,457.9317308,451.2222264,451.5838247,8525542
20-04-2018,473.4599915,479.5869083,456.7867423,457.6103803,24272692
23-04-2018,477.176239,487.9033932,464.1389853,469.2614887,21830638
24-04-2018,463.8377991,480.6717662,462.0700229,476.0916344,8526216
25-04-2018,466.1880493,470.4668568,460.1012992,462.8333211,11594178
26-04-2018,472.6563721,474.7455793,466.047358,471.6720675,11302084
27-04-2018,476.1719055,478.7432116,471.7524901,474.0827469,7663370
30-04-2018,481.9170837,485.3119781,474.3438238,474.7656476,5511678
02-05-2018,480.9327698,482.7607709,474.4844225,481.6760252,10295042
03-05-2018,475.1071777,484.0062325,472.5157643,481.0131031,5332230
04-05-2018,471.3105774,476.4933564,464.0386397,476.0915914,6023368
07-05-2018,475.2879333,478.100288,472.2746962,474.5848447,4638960
08-05-2018,468.2771301,473.2389172,466.469188,473.2389172,5718556
09-05-2018,470.3463745,472.8373475,467.2528029,469.0607458,3783504
10-05-2018,469.2615051,475.2879799,467.1924056,472.475625,3182862
11-05-2018,474.3840637,475.3683684,468.4781373,470.9891688,3311706
14-05-2018,477.8191833,478.7030468,470.0650984,475.830417,4432094
15-05-2018,479.9283752,485.3320946,477.3369617,477.3369617,5611974
16-05-2018,478.0803223,481.3145507,475.8907223,476.9955762,6205004
17-05-2018,475.2478638,481.0935155,471.4913705,480.5109759,9519598
18-05-2018,475.3683777,476.7143298,471.2703939,475.2880443,7139660
21-05-2018,473.8818665,477.4575851,470.0650986,473.9019743,8475320
22-05-2018,479.6471558,481.3144904,471.6319633,472.073895,5636804
23-05-2018,476.0513306,485.1914838,474.6853198,480.109147,9538442
24-05-2018,490.5549927,493.1865727,481.314399,481.314399,9740570
25-05-2018,493.4879456,501.6638531,490.4747082,494.2110931,8901438
28-05-2018,487.9033508,495.2154531,484.5285155,494.572639,5739794
29-05-2018,488.8274536,492.7848781,484.6089211,487.7628156,3388934
30-05-2018,486.8186646,493.6687779,484.3679077,488.9480388,6323066
31-05-2018,494.894104,498.992087,486.2360494,486.818589,19720340
01-06-2018,490.4746704,500.6995688,489.0282774,494.3316041,4998356
04-06-2018,497.9475403,499.3938844,486.9391697,490.5952213,4270156
05-06-2018,490.4948425,498.992183,488.9480569,498.992183,4710862
06-06-2018,497.1641541,498.81143,490.1734812,492.2425321,4038184
07-06-2018,503.1905212,505.4203365,497.385037,497.385037,6676226
08-06-2018,506.2440796,507.0275018,500.6193688,501.402791,6459878
11-06-2018,507.1881714,510.2415757,504.2352083,508.453741,5171290
12-06-2018,505.6213074,510.7438117,502.3870792,508.5341039,7839820
13-06-2018,512.170166,515.8663853,508.9560452,508.9560452,5766928
14-06-2018,510.2765503,515.7510226,507.9715278,515.7510226,7598848
15-06-2018,527.3791504,531.5981836,508.3420494,509.1652753,19957760
18-06-2018,521.6783447,531.4953051,519.5996789,528.5111107,8214846
19-06-2018,511.0585938,520.0317755,509.597398,519.8671203,7545700
20-06-2018,511.6967163,515.4835358,509.5768993,513.8988358,5371802
21-06-2018,513.0961914,517.1917205,508.7536543,512.8491834,5798790
22-06-2018,513.6312866,516.7801362,510.89405,511.6349736,4343118
25-06-2018,523.757019,526.3708022,516.1627782,517.4593694,7731178
26-06-2018,525.9796143,528.4698928,521.2049139,522.3368496,4483504
27-06-2018,522.7484741,532.4007782,520.937367,528.490455,6952142
28-06-2018,530.8161011,534.2736602,525.3210777,525.3416785,10996818
29-06-2018,538.0605469,541.2711487,528.2024346,534.2943277,9966600
02-07-2018,549.3798218,551.5613907,540.8594532,540.8594532,4830144
03-07-2018,557.2210083,558.929212,548.1655238,548.2272758,8127452
04-07-2018,553.7017212,556.7682678,551.087989,556.5213101,5025722
05-07-2018,528.5109863,554.5455034,521.9663309,554.4837514,17019902
06-07-2018,528.6140137,535.8583927,522.3369152,531.0836918,11215356
09-07-2018,534.6235962,536.3318004,526.473688,533.8621221,6644998
10-07-2018,535.6731567,541.4562891,532.7507146,538.5955989,5974488
11-07-2018,543.5143433,552.4257744,531.5364155,542.3207058,11899832
12-07-2018,532.7711792,546.2515025,528.6962012,545.8398896,13272240
13-07-2018,542.2589722,548.1038566,534.4177245,541.2710909,19496158
16-07-2018,548.6183472,569.8370163,530.0340112,542.2589468,35344680
17-07-2018,546.5808716,555.4717017,540.3243243,547.3217448,11161690
18-07-2018,544.3787842,552.960905,540.859473,551.4791083,6919016
19-07-2018,541.9709473,548.2274965,538.8426978,544.5641299,5118864
20-07-2018,554.8953857,562.7366322,543.8641893,545.79875,11705738
23-07-2018,558.1265259,563.0864817,550.0177713,556.5624269,7675702
24-07-2018,566.8529053,569.0138737,558.1472795,565.7209694,6172246
25-07-2018,569.5693359,573.7060656,562.0368,567.6141747,6936922
26-07-2018,565.2474976,572.3066699,563.580445,567.4290663,7362218
27-07-2018,565.3297729,571.7303743,563.2100065,565.2268697,6493232
30-07-2018,556.0890503,565.1445345,554.8542115,563.9096957,6409970
31-07-2018,561.8928833,563.909797,549.7297496,555.0807185,7943996
01-08-2018,557.3444824,563.2716681,556.0890429,561.3577083,4675706
02-08-2018,557.1798706,562.5719901,555.7392253,559.6289475,5940742
03-08-2018,561.4812622,562.3456394,558.1472071,562.3456394,3970390
06-08-2018,560.0610962,565.9677312,554.6483766,562.2838159,6178930
07-08-2018,563.0657959,568.0051503,560.0610521,565.5560738,7351528
08-08-2018,560.9255981,564.9388248,557.0358755,564.6507158,3992358
09-08-2018,568.005249,571.9155719,565.4121177,565.4121177,6409524
10-08-2018,570.269165,571.7304112,565.1652044,570.4132698,4779520
13-08-2018,579.8597412,580.3125054,567.490752,572.1419984,9979746
14-08-2018,579.6744995,586.3632095,577.9045438,582.0000723,6151320
16-08-2018,588.4212646,590.6233837,580.8887282,582.4116759,6626774
17-08-2018,588.7505493,591.7553438,585.7252043,588.9769565,6390408
20-08-2018,569.7752075,579.530414,565.3503685,571.318756,16101876
21-08-2018,569.6517944,574.6117512,565.4533619,572.1420732,8361482
23-08-2018,575.1879883,576.8755915,570.2280318,573.3768811,7717182
24-08-2018,567.3261108,577.0401658,566.4205323,574.8174459,7053000
27-08-2018,582.5969849,584.4697937,568.6021444,569.2607151,7012950
28-08-2018,586.4249268,592.0640541,580.9916561,583.3378298,6496890
29-08-2018,580.4154663,590.0883716,578.3780021,590.0883716,5646496
30-08-2018,582.9262695,585.1284391,574.6734596,581.5268256,11507962
31-08-2018,593.175415,598.6087362,584.943156,586.5896078,10875864
03-09-2018,590.355957,604.2067448,588.6066017,596.4272489,10976328
04-09-2018,606.8410034,616.1845975,589.4297552,594.3691107,15370124
05-09-2018,600.8726807,612.5212985,597.1681636,610.792544,8658978
06-09-2018,598.6087646,605.4826812,596.0978853,603.0541546,5598659
07-09-2018,603.2600098,605.194621,595.8509757,604.536,6510605
10-09-2018,601.6547241,614.9498446,600.4610866,607.3350038,5629871
11-09-2018,604.494812,613.0975333,602.6014024,605.8120037,6963561
12-09-2018,611.574646,614.5382396,606.1001727,612.8094851,4636617
14-09-2018,604.0009155,613.3033591,600.1728946,610.7513787,7896514
17-09-2018,597.6209717,609.1872878,596.5095863,605.0711575,5427054
18-09-2018,591.9816895,600.9548713,590.2529353,600.9548713,7729732
19-09-2018,592.5170288,598.4854185,587.1249075,598.4854185,4849498
21-09-2018,580.6212769,590.5823414,569.6723813,587.659849,14350769
24-09-2018,591.2819214,600.9136731,581.6090184,581.6090184,8637881
25-09-2018,597.8266602,605.8942639,590.2529718,591.2820042,9602273
26-09-2018,590.9526367,602.4777982,586.1367858,601.9427316,6599606
27-09-2018,596.6741333,601.6134888,590.6234429,594.3691108,14592616
28-09-2018,600.9960327,604.7005491,588.7711487,593.5458487,7490031
01-10-2018,614.6617432,621.453358,603.4246876,607.1292048,8252398
03-10-2018,599.7202148,619.024877,597.9091074,612.3155641,7792464
04-10-2018,582.1854248,600.7491607,578.3162526,599.7201282,6173037
05-10-2018,596.5095215,602.1898008,583.9141741,586.9601203,8543578
08-10-2018,588.1536865,599.8846542,583.8729023,596.87986,7259306
09-10-2018,590.8703613,594.6983817,578.4396709,590.3352444,6777212
10-10-2018,576.62854,592.6402924,572.4712597,592.6402924,8866251
11-10-2018,554.3192139,570.4133226,546.0458025,563.909817,10985897
12-10-2018,558.8057251,563.127661,544.5639272,556.8300131,8909221
15-10-2018,575.2703247,580.374336,561.0285248,566.8734094,6222176
16-10-2018,572.3479004,587.701086,567.5320482,584.4904844,11588963
17-10-2018,580.6624146,594.2044917,577.3695107,584.4904354,20360697
19-10-2018,562.7161865,566.1325949,558.1472918,565.5563266,10421001
22-10-2018,559.7525635,572.1832567,554.6897032,566.9557914,6672840
23-10-2018,541.3533325,561.4400646,537.8134712,556.459558,9041701
24-10-2018,534.932312,548.680198,532.750793,545.7989066,7058164
25-10-2018,539.883728,546.2083572,529.4813441,535.0986314,8270469
26-10-2018,527.2758789,539.8419859,524.1968147,537.0125179,5464141
29-10-2018,536.5550537,541.3817505,525.5285249,527.3593549,7137446
30-10-2018,548.9130249,552.4082364,530.4800294,533.5174953,8793411
31-10-2018,571.2158813,576.6667218,551.7841924,552.4915852,11947995
01-11-2018,554.8215942,573.9619819,548.9130093,573.9619819,5860244
02-11-2018,551.1182861,562.3944599,549.3290558,554.1974019,6654067
05-11-2018,554.2390747,556.4027505,546.7493575,552.1585977,5799426
06-11-2018,554.6135254,561.728746,549.7868293,555.8202121,6975525
07-11-2018,562.1448975,563.8092791,559.2322296,560.0644204,758956
09-11-2018,548.829834,565.0575546,545.5010708,565.0575546,9694143
12-11-2018,552.7410889,562.8938259,551.1599062,554.239022,7118080
13-11-2018,553.9893799,555.6953607,546.1667667,552.1585501,4137808
14-11-2018,543.5869751,553.9893588,533.0181431,553.9893588,7323026
15-11-2018,546.249939,554.2389485,538.1776799,544.2526612,5513390
16-11-2018,541.6312866,551.3263284,536.097249,549.1626529,8583785
19-11-2018,542.3386841,550.9102381,540.2998067,548.413666,6018930
20-11-2018,533.7670898,545.9170527,532.6852014,542.3386432,5384830
21-11-2018,515.2092896,532.6436965,509.3839541,532.6020971,14359086
22-11-2018,516.5823975,522.7406292,513.2536345,517.8306836,6632975
26-11-2018,517.164917,522.6157559,499.1895675,516.790421,15075209
27-11-2018,531.6866455,533.4342256,520.3688218,520.5352701,12285851
28-11-2018,554.5718384,556.4858666,532.6019861,533.3925774,17719890
29-11-2018,550.119751,561.6456247,548.2473216,558.4000601,13399070
30-11-2018,555.4457397,559.2321976,550.0364997,550.0780991,10445773
03-12-2018,557.8590698,565.0575404,554.1974609,560.1892446,8260890
04-12-2018,570.258667,572.755239,558.6495968,559.6898351,7827923
05-12-2018,567.0548706,568.9273,559.6483517,568.3863557,5177288
06-12-2018,556.319519,570.4251625,553.0323554,562.6441485,8039771
07-12-2018,568.2198486,570.6748216,553.9061572,559.2321985,5553948
10-12-2018,556.9020386,569.0520027,553.5732757,557.4845822,5121196
11-12-2018,561.3127441,567.4709769,549.7452707,556.9021427,7120933
12-12-2018,564.6414185,566.4306489,558.0670913,563.4763311,6926183
13-12-2018,580.6610718,582.5335009,565.8896866,567.554068,7521474
14-12-2018,587.5682373,593.9345165,577.8732461,580.4114176,9560576
17-12-2018,577.87323,592.3949167,576.500095,592.3949167,4778465
18-12-2018,563.0603027,571.2990124,561.3543217,571.2990124,8021298
19-12-2018,553.2819824,558.8576704,550.1612672,558.8576704,8295459
20-12-2018,555.112793,558.8576511,546.2499925,549.2458587,11705260
21-12-2018,537.7617798,548.8299088,535.4732548,548.8299088,12802132
24-12-2018,540.0917969,548.2472561,538.9267095,546.7493229,8379825
26-12-2018,535.972229,538.4272009,530.396543,538.4272009,6178552
27-12-2018,546.5828857,551.9505263,540.0918079,543.2125233,15333902
28-12-2018,546.7076416,552.15848,543.6701255,552.0336311,4736598
31-12-2018,548.3721924,550.9103644,545.7507708,549.2459827,3373319
01-01-2019,553.4484253,554.4886637,544.377577,550.0364637,2943390
02-01-2019,556.7771606,560.8965146,550.9518259,554.2389892,7416655
03-01-2019,556.8604736,563.3931509,551.8256788,559.232197,6827249
04-01-2019,550.119751,560.8134339,541.7562431,559.0242032,7889310
07-01-2019,558.9824829,560.5636147,550.4941279,553.4067953,8046340
08-01-2019,557.609436,563.7676683,556.3611498,561.6871913,8621545
09-01-2019,562.644104,574.0451266,552.574617,571.0492604,18130292
10-01-2019,565.6401367,567.5541655,559.6899518,567.2212689,9572493
11-01-2019,568.8024292,570.4668109,559.6483301,566.0562096,12281903
14-01-2019,584.1147461,591.0219196,579.1632006,588.3588989,19312937
15-01-2019,604.6697998,607.4992688,588.5253292,588.5253292,19671304
16-01-2019,613.1581421,613.9903329,606.2509689,607.4160563,9658944
17-01-2019,610.2871094,614.9890078,606.7502984,612.325987,6903771
18-01-2019,608.2897949,612.658796,604.4200879,607.4992036,5902151
21-01-2019,619.9820557,624.9751997,610.8279582,614.3231692,8129422
22-01-2019,620.2733765,623.3108931,610.8280314,616.8614146,6723375
23-01-2019,608.8724365,617.9848854,606.8335588,617.7768377,7212099
24-01-2019,612.5122681,615.9429858,603.3078487,609.2488626,7429783
25-01-2019,611.1315918,617.4492114,606.0273433,609.1652135,5543112
28-01-2019,609.123291,613.0142189,601.6342316,611.6754149,7944693
29-01-2019,609.081665,613.2236137,599.5425173,607.0734073,6760819
30-01-2019,607.40802,614.8552014,603.3915053,609.0815508,5763026
31-01-2019,627.1974487,628.6617881,607.4916352,607.4916352,13825233
01-02-2019,633.4732666,638.0336485,622.9718705,628.7036934,6276585
04-02-2019,632.5109863,638.0336175,626.9046479,633.4314078,3945391
05-02-2019,631.6323242,635.8998583,625.0637364,625.0637364,4694366
06-02-2019,638.703125,641.7573396,631.2140632,632.2181921,5880482
07-02-2019,639.2886963,643.8490774,636.7784004,638.493759,3961797
08-02-2019,636.6947632,646.1920293,631.6741712,635.941654,5915169
11-02-2019,638.284668,643.2634326,635.1049695,641.7154369,5500216
12-02-2019,627.9505615,636.2345078,620.0431188,636.2345078,7310690
14-02-2019,619.24823,630.0843522,616.9052971,628.4108214,4610535
15-02-2019,620.8381348,624.6454073,613.0143472,621.1309822,5586389
18-02-2019,620.085022,625.6077045,615.8593667,621.1728068,5346825
19-02-2019,606.0690918,619.6665278,603.5587959,618.4532079,9401334
20-02-2019,619.7922363,621.7167868,607.5336009,608.3285384,5210675
21-02-2019,613.7255859,617.5328583,608.4120951,617.5328583,7202786
22-02-2019,614.9807739,617.7002616,609.1652439,612.9306884,3750833
25-02-2019,631.6741943,634.2681465,615.4827539,615.4827539,6547552
26-02-2019,621.2983398,629.7496504,619.3319615,626.4025886,8319610
27-02-2019,615.2316284,624.5615811,613.1397154,623.3900893,5936354
28-02-2019,614.4368286,621.2146591,612.7632978,618.1186168,8559921
01-03-2019,620.7962646,622.0514127,615.4409457,615.4409457,3998826
05-03-2019,612.9306641,621.2983182,611.0479419,619.6247874,4826505
06-03-2019,612.9306641,615.9429991,608.3284543,615.9429991,6076668
07-03-2019,604.9395752,614.6042057,602.9313177,614.1858229,5951551
08-03-2019,596.0698242,604.9395683,594.6473639,604.9395683,7193994
11-03-2019,595.1494141,601.2159635,593.6014184,596.864773,9932198
12-03-2019,591.5512695,598.2453923,590.4216057,593.2666283,11997387
13-03-2019,592.8065186,601.2996576,591.0074523,594.1034948,11348867
14-03-2019,592.7228394,598.2036944,590.9238241,597.450585,6415187
15-03-2019,601.2578125,605.6090031,593.7687514,595.7770089,14638664
18-03-2019,594.270874,605.5672084,590.2125307,603.7681421,8065544
19-03-2019,604.3537598,607.9100124,591.927815,596.4463172,8917337
20-03-2019,618.3278809,621.1310249,608.4540581,608.5377142,13471173
22-03-2019,621.800415,624.5199029,612.763358,623.3902899,8883260
25-03-2019,615.2316284,621.2145202,611.2988217,621.2145202,7644966
26-03-2019,608.9559937,615.2317339,601.7179528,615.2317339,9406261
27-03-2019,610.5877686,612.7633383,608.4540268,610.838788,7387487
28-03-2019,617.3654785,623.3901994,610.8387189,610.8387189,9277241
01-04-2019,631.8415527,635.9417238,620.8799461,620.8799461,6584982
02-04-2019,635.4395752,640.7948424,631.423061,635.1048487,7283600
03-04-2019,630.3354492,634.6866401,624.8964734,632.5947263,6897127
04-04-2019,625.8168945,630.75378,623.4739104,628.7455736,7688525
05-04-2019,635.355896,636.7365792,625.9004581,628.327098,6276040
08-04-2019,642.0082397,644.3093445,632.0925904,638.4938149,4919911
09-04-2019,636.4436035,646.8195126,634.4353976,644.309217,6730692
10-04-2019,629.8334351,641.5481527,628.6619429,639.2888755,7031088
11-04-2019,621.4656982,629.0384152,619.2482494,629.0384152,8200995
12-04-2019,625.6914063,628.871105,619.7085125,621.8004262,7043212
15-04-2019,608.7468872,611.9684139,596.2790611,606.4039541,31574803
16-04-2019,605.9017944,609.0815438,597.5341406,609.0815438,12524411
18-04-2019,600.0026245,604.5630062,596.4045435,604.5630062,13801105
22-04-2019,603.3496704,607.2824779,598.28725,600.0026089,6455426
23-04-2019,609.3327026,610.8388705,601.1324102,605.7346209,5516668
24-04-2019,616.2360229,617.4493433,605.8182812,609.3327069,8285120
25-04-2019,609.6254883,617.2400849,608.37034,616.2359561,8005235
26-04-2019,617.5328979,619.0390655,610.0020089,611.6755398,6895168
30-04-2019,628.7037354,630.753821,617.5329364,617.5329364,9920046
02-05-2019,611.5081787,626.2352812,610.4203938,625.0637892,6351352
03-05-2019,605.4835205,611.6756059,600.9650173,604.8978255,6348116
06-05-2019,601.1322021,603.9771735,594.6472712,598.2871797,8858265
07-05-2019,606.2783203,609.0815149,601.3832635,602.8057748,5747536
08-05-2019,601.9271851,607.4916955,599.542424,603.3078684,6247642
09-05-2019,603.3496704,611.0897502,598.9566521,601.7598468,7396525
10-05-2019,599.8352661,607.4916901,598.2872705,603.1404997,8352335
13-05-2019,602.2200317,607.8681978,595.8605844,599.5842005,6808993
14-05-2019,597.3250122,600.588418,588.7481661,599.5424611,10513001
15-05-2019,599.2076416,606.8222369,596.2789629,598.203564,6668929
16-05-2019,613.4326782,616.6960836,601.7179629,602.4710722,6468556
17-05-2019,605.7344971,615.6919747,602.5547477,613.4745771,8155948
20-05-2019,604.4794922,607.8265546,590.7565159,602.2202148,11213708
21-05-2019,593.5176392,604.688487,592.1788351,604.688487,8645535
22-05-2019,593.8943481,601.0068553,591.5932429,594.1035395,5795713
23-05-2019,586.6143799,599.709779,583.6020448,598.2872676,7233736
24-05-2019,593.43396,595.5677013,586.1122636,588.9154069,7016424
27-05-2019,592.5136719,597.2832458,590.3381019,591.9279768,10247544
28-05-2019,609.2489014,613.7256272,593.9361039,595.7769981,23860490
29-05-2019,608.9979248,613.8930337,605.5253786,607.0733744,10293077
30-05-2019,613.8092651,616.9053074,604.6048455,608.3284618,15089296
31-05-2019,617.3236694,621.6748597,613.5163971,616.2777127,8290306
03-06-2019,623.0974121,628.3271962,610.0020124,610.6714145,7744761
04-06-2019,615.2736816,618.746279,613.4746664,616.9053846,11733702
06-06-2019,615.5245972,623.0973648,613.8929455,616.2777064,7563925
07-06-2019,618.4533691,622.5117125,615.7338812,615.7338812,3218358
10-06-2019,630.5026855,631.0047243,619.2900095,619.2900095,4435148
11-06-2019,631.6741943,635.1049119,627.9924063,631.7578504,5733127
12-06-2019,630.7536621,633.3894932,623.3901378,633.3894932,8738342
13-06-2019,630.2022095,634.0632642,627.9534366,627.9534366,4808577
14-06-2019,628.3353271,632.6206748,626.4684281,631.2204876,5556353
17-06-2019,628.420105,631.7720287,626.0864944,630.4991502,3085588
18-06-2019,636.5665894,638.5183261,628.1231512,628.1231512,6202838
19-06-2019,638.0516357,641.0216858,635.2512614,638.5607665,4596253
20-06-2019,640.5974731,642.2946448,624.4743421,626.0866242,7148684
21-06-2019,636.6090698,640.6822713,634.0208935,640.6822713,13200318
24-06-2019,632.6206055,638.0515744,630.2021571,638.0515744,4758178
25-06-2019,634.8269043,637.2029856,625.6621896,631.3477238,3677911
26-06-2019,627.2746582,637.6698347,626.2563448,630.499274,5447130
27-06-2019,619.9342651,631.9417734,617.8976906,629.6505816,11122346
28-06-2019,621.164917,627.5293116,618.1948662,624.1349678,5919494
01-07-2019,620.5706787,625.8319201,619.3402192,623.710456,3224968
02-07-2019,627.9535522,629.3537397,619.5525313,622.862037,4837606
03-07-2019,620.5706787,630.6688687,619.4675277,628.8019699,5958379
04-07-2019,622.6922607,624.8986149,618.2796041,618.6190592,3274064
05-07-2019,609.2846069,624.8986064,605.4659708,623.7105656,4926289
08-07-2019,608.9451294,615.1822659,604.4476352,607.9692868,7177092
09-07-2019,607.163147,610.8544745,601.6897581,609.2846115,5022638
10-07-2019,608.6481323,613.272935,599.5258355,601.6472999,7573816
11-07-2019,612.2545166,613.9516878,602.1563271,610.5149265,6252688
12-07-2019,616.7097168,619.9767513,610.6423077,613.1032272,7874441
15-07-2019,661.3452759,663.2970645,640.0033756,647.4709197,31064152
16-07-2019,666.0125122,668.5158506,658.502549,659.3511347,9924322
17-07-2019,673.9042969,674.6255739,659.1388862,665.2062942,6754348
18-07-2019,672.6739502,677.5957373,667.1581427,669.5765914,6534471
19-07-2019,666.4793701,674.2014809,662.957718,669.2796932,6812754
22-07-2019,665.6307373,672.0799688,663.6365296,666.946035,7107151
23-07-2019,670.4252319,682.2630147,666.6065957,667.8370555,10782564
24-07-2019,667.243042,673.5650169,664.9518498,668.6856483,5745146
25-07-2019,674.201416,679.0383654,668.388624,668.8977548,9773568
26-07-2019,667.8369751,674.625661,663.7637739,672.3344691,4941763
29-07-2019,671.6132202,676.280442,667.1581449,669.9584676,6244316
30-07-2019,672.6739502,677.0017169,669.1522985,671.9950919,8673253
31-07-2019,673.4801636,678.6989353,663.2546629,671.1040818,7350584
01-08-2019,652.4351196,669.0250121,648.6589546,667.3702596,10066407
02-08-2019,658.1629639,661.8119233,646.8343669,649.2103962,10838336
05-08-2019,659.0966187,666.9036186,652.2655131,655.6173857,9976238
06-08-2019,657.1873169,665.0367359,653.241372,660.8786446,9331718
07-08-2019,658.5873413,664.8244773,655.4051449,660.9634227,5130457
08-08-2019,669.3219604,672.7163032,662.9575678,664.1880274,8009009
09-08-2019,670.2553711,676.1106329,665.9700238,672.079851,4362520
13-08-2019,648.9560547,666.9885047,645.0525803,665.4186416,7517099
14-08-2019,657.4841919,660.4118229,651.7138195,657.7387572,5940968
16-08-2019,657.2720337,661.939255,647.0465865,661.896836,5128088
19-08-2019,659.902771,664.4426843,656.2538106,658.1631287,3881451
20-08-2019,672.7164307,677.1715064,665.1639959,666.3096179,8435344
21-08-2019,678.4019165,682.050825,672.9285278,672.9285278,5926896
22-08-2019,675.2196655,679.9717248,672.3768723,678.7837359,5222488
23-08-2019,680.7355347,687.3120746,675.3045649,675.8561663,6895015
26-08-2019,681.0324707,684.6389601,667.752135,675.3894066,5412074
27-08-2019,665.8427734,674.5831956,662.8302528,671.2312718,16061642
28-08-2019,680.9899902,683.1114544,667.2428922,668.1763675,5881134
29-08-2019,684.7663574,687.0999685,675.0500391,675.0500391,7830413
30-08-2019,691.5125122,693.5915058,680.5657359,687.3544215,8174186
03-09-2019,690.9609375,697.876932,689.0940385,691.5973768,5647088
04-09-2019,696.9433594,697.9192536,687.5664986,687.9907914,6199015
05-09-2019,707.7628784,710.6905094,701.4833754,704.4109546,7926895
06-09-2019,712.9393921,718.7521842,708.6115734,715.6124063,6106841
09-09-2019,703.5623169,713.0664862,702.2470195,710.0964365,4377870
11-09-2019,695.9251099,703.0956694,690.8760664,697.7920088,7981036
12-09-2019,692.7854614,695.713041,688.0757688,692.7854614,4400017
13-09-2019,703.7321167,705.2171417,693.7188157,694.2279464,4832021
16-09-2019,702.3743896,711.072393,696.3069812,706.0657167,4846496
17-09-2019,705.3868408,708.5690371,696.3069638,705.5989872,5540901
18-09-2019,704.1989136,706.8295607,699.2347073,704.2413843,3199389
19-09-2019,696.4342651,701.7803445,691.767044,699.9558646,6601607
20-09-2019,683.1115112,708.5690831,680.565754,698.3012165,22462366
23-09-2019,648.6164551,684.7238178,629.5657477,684.7238178,17279260
24-09-2019,673.8195801,677.723106,649.1681716,649.1681716,13717998
25-09-2019,672.6314697,679.7171395,663.2970271,668.4309602,9313576
26-09-2019,664.0606689,676.3227416,660.2844526,668.4733245,18442824
27-09-2019,663.7637939,673.989242,661.9817328,667.8794142,5087642
30-09-2019,683.663208,685.657364,665.4186123,666.2247274,8178091
01-10-2019,673.3950806,685.2752788,671.6979094,684.808567,5881438
03-10-2019,666.6488647,677.0440389,665.418457,672.5465454,5497672
04-10-2019,673.3103638,676.8319635,667.8793943,670.3827326,8201713
07-10-2019,670.0008545,680.5657572,667.0732234,674.4983485,3679845
09-10-2019,664.9941406,675.3893145,660.8784693,675.0074406,6335025
10-10-2019,664.4850464,674.3710909,659.0116581,666.4792539,10402917
11-10-2019,691.4276733,699.0649453,659.0116866,663.1697776,20636344
14-10-2019,667.0733032,676.3229095,661.8969504,667.6249047,15150858
15-10-2019,651.9685669,658.46027,649.1682437,656.041769,13762133
16-10-2019,654.6414185,658.4600539,646.2403997,649.380177,10767032
17-10-2019,652.9868164,653.8778212,649.2530179,650.8653518,9860495
18-10-2019,651.5866089,656.6357049,644.9252308,648.1498466,10037200
22-10-2019,546.1072998,586.4575382,541.6946439,586.4575382,90152532
23-10-2019,559.0392456,564.2378544,528.5352586,541.3383614,60516887
24-10-2019,545.9354248,561.2733766,543.0569005,558.523711,25666433
25-10-2019,547.7399292,560.6718911,546.4939812,555.9459211,16549337
27-10-2019,557.5356445,560.6719916,554.7000725,559.4689962,2945281
29-10-2019,559.0822754,561.745983,555.9459288,559.382998,16709764
30-10-2019,567.631958,576.9120868,563.8512134,567.4601465,22879467
31-10-2019,589.1137085,597.5775239,572.3579942,574.3343512,27405901
01-11-2019,591.0900269,596.3315367,586.535868,592.8944673,9713519
04-11-2019,609.2205811,629.4133648,582.712203,585.8484975,29381982
05-11-2019,598.1359253,609.0056772,594.1833168,609.0056772,12897805
06-11-2019,612.0560303,619.9612992,594.6129162,597.8781211,21372589
07-11-2019,618.7583618,622.4102478,611.8842234,616.0946542,13733737
08-11-2019,608.4901733,622.3243562,606.213094,620.3910047,8585630
11-11-2019,605.2678833,607.6738212,599.7685518,600.5419133,6951494
13-11-2019,594.0544434,601.4871267,590.961102,598.4796911,9973690
14-11-2019,606.0412598,609.9079629,598.3508064,598.3508064,10539902
15-11-2019,604.8383789,612.6147388,603.4635195,609.2635748,7362623
18-11-2019,605.9552002,610.079672,600.8855031,605.7833363,7490916
19-11-2019,612.5286865,613.5168649,605.7834591,609.9938899,6495885
20-11-2019,612.6575317,614.3760662,605.7833939,612.4856678,6142171
21-11-2019,612.8723755,619.9183775,610.5093905,614.8057268,9692973
22-11-2019,595.644165,611.7983815,588.6840677,611.5835646,14415826
25-11-2019,599.8544922,605.9123687,595.6441138,595.7729724,7334511
26-11-2019,593.4099731,607.7167946,589.4573646,605.7834432,27253106
27-11-2019,597.8352051,599.4678339,592.980324,596.5463042,3861635
28-11-2019,603.0767822,604.3656833,596.3745072,600.713797,4837683
29-11-2019,598.3508301,603.4634816,594.2263571,602.2605387,4262379
02-12-2019,595.2144775,604.9241877,593.152215,604.1508261,9383736
03-12-2019,600.0692749,601.2293172,591.6484662,595.2144463,5239013
04-12-2019,609.0917358,610.5095482,595.7730898,598.9094371,7427886
05-12-2019,614.2472534,615.1495261,604.7523595,607.029439,4814422
06-12-2019,614.4620361,618.672467,609.7360659,615.1924448,5226096
09-12-2019,616.3093872,620.6916289,613.7315857,615.2353032,6435865
10-12-2019,613.9893799,617.3834959,610.0797245,612.6575262,4457939
11-12-2019,619.574707,620.9925191,612.6576154,615.7509569,6043554
12-12-2019,603.291626,619.2740312,601.1005046,617.3836324,11112042
13-12-2019,611.1968384,612.5716976,601.7878507,601.7878507,10302412
16-12-2019,613.5167847,618.8442518,610.2515798,612.0560199,5616324
17-12-2019,627.0073853,628.3392391,614.3761449,618.4147119,10525565
18-12-2019,629.3703613,633.5377869,621.0354578,628.1244132,12215295
19-12-2019,627.9954834,632.3777781,622.6250628,630.2725627,7199210
20-12-2019,628.5969238,631.5614062,625.7613525,628.1243373,7794167
23-12-2019,632.4208374,633.5378746,628.683045,629.1126787,4975608
24-12-2019,630.1867676,633.2371565,625.8044721,633.2371565,2890759
26-12-2019,626.3629761,631.1748525,624.3007134,628.9837311,3821806
27-12-2019,633.2371216,633.7097082,626.2770242,627.0503858,3399094
30-12-2019,629.757019,634.0963084,624.9021379,632.5066324,5368416
31-12-2019,628.2533569,633.9245006,623.3555224,627.0074088,6927885
01-01-2020,633.151123,635.8578362,629.4562839,631.5614994,2112415
02-01-2020,631.3036499,636.5451591,628.0384449,634.9125828,5658200
03-01-2020,641.0134277,642.7319624,630.616314,630.616314,7882938
06-01-2020,634.8696289,647.7156856,632.8503717,641.0993169,6519403
07-01-2020,625.4607544,638.0919431,623.0547637,634.1393341,7899363
08-01-2020,617.1257935,626.4058699,608.6190261,622.9258478,8639443
09-01-2020,625.1599731,628.5540898,613.7746803,620.1332799,13521186
10-01-2020,634.2682495,638.3497696,627.694833,636.244554,9341405
13-01-2020,664.6861572,668.0802733,648.7467606,653.0430967,36952038
14-01-2020,666.4906616,667.6076986,659.2298429,661.5928278,11414418
15-01-2020,659.5307617,664.9441365,654.8907487,664.9441365,6047430
16-01-2020,659.0581055,663.7840762,653.2580504,662.2374054,5740586
17-01-2020,659.7883301,664.1276716,654.9764545,662.2372732,3762957
20-01-2020,660.303894,665.4165444,655.5779244,663.0105543,3887680
21-01-2020,655.1913452,662.0654839,653.6876274,660.3039964,4448374
22-01-2020,661.8076782,668.5099526,658.1987451,660.3039605,9733935
23-01-2020,673.9662476,674.9544259,667.3928846,667.73656,12528017
24-01-2020,672.5914917,675.8137441,664.7291748,666.5766205,7540490
27-01-2020,668.5958862,674.3529878,665.4166391,669.4122007,3741610
28-01-2020,668.5100098,671.7752153,663.3544056,671.0878119,5121009
29-01-2020,678.5633545,681.227062,673.8803375,675.8995946,6832757
30-01-2020,670.8300171,678.5634231,668.5099848,678.5634231,3859680
31-01-2020,666.7484131,674.4818181,663.0105692,670.7010213,6092028
03-02-2020,659.4017334,679.6374674,656.9098373,671.9470147,6416745
04-02-2020,676.9737549,678.7352949,661.7217596,661.7217596,5771311
05-02-2020,674.1382446,675.3841929,665.4167118,671.0878558,6310409
06-02-2020,662.7958374,676.0715282,661.6358475,673.9663127,7341622
07-02-2020,667.9083862,669.2402399,662.4950133,666.7483965,2853344
10-02-2020,664.385376,668.5098478,661.4208938,665.0727792,3827682
11-02-2020,664.6861572,669.4550799,660.9483657,669.3691741,4312817
12-02-2020,671.1307373,673.0211359,666.0180862,666.6195838,2948825
13-02-2020,680.7545776,682.2582955,672.118951,674.5248892,4387430
14-02-2020,675.770752,686.7264096,674.181076,682.687843,5321680
17-02-2020,678.3485718,681.7856409,673.064057,679.078928,2929629
18-02-2020,685.3946533,686.5975962,673.3649099,674.5248999,5083346
19-02-2020,687.8004761,691.5812205,684.1056374,687.4137953,3985192
20-02-2020,684.8359985,692.6553095,682.1292857,690.2064188,4564569
24-02-2020,683.8479004,697.3813612,680.6686531,687.4997866,6627536
25-02-2020,686.0390625,692.5694733,683.4612605,686.5546019,6996695
26-02-2020,672.5914917,688.659801,670.6581402,682.2152961,8760569
27-02-2020,668.3811035,670.8729999,663.5262743,668.5100146,5223386
28-02-2020,628.7258911,650.2934793,620.4339407,644.4504721,14123957
02-03-2020,636.7600098,658.1128332,630.4873691,633.2799878,9821523
03-03-2020,641.8726807,652.1838884,636.9318936,648.7468191,7826587
04-03-2020,651.9691772,654.3321627,640.6268364,647.8017511,11013444
05-03-2020,648.4030151,664.6861392,645.9541246,656.2653311,7755293
06-03-2020,634.9555664,639.2948557,626.4917522,636.7170538,9216022
09-03-2020,605.3108521,623.6991406,598.9093003,622.5391507,10308654
11-03-2020,589.4573975,598.007118,574.8928055,593.4530116,16165009
12-03-2020,542.3696289,575.7091957,539.1903288,573.9906608,13965574
13-03-2020,551.9503784,573.1313402,489.7824047,508.686287,16903113
16-03-2020,501.0818176,534.5932471,498.3751043,534.464336,19140152
17-03-2020,476.8503418,508.686181,472.5969587,505.3350179,16059887
18-03-2020,459.1064758,496.6564647,453.6931027,488.0637923,15390183
19-03-2020,468.7732544,479.4711425,437.5818626,437.5818626,16583991
20-03-2020,502.8432922,530.5546658,470.8785345,472.1674356,21354894
23-03-2020,452.3612976,482.0060206,443.2960377,464.0043595,17146150
24-03-2020,506.795929,516.5486459,448.5376066,448.5376066,20027097
25-03-2020,520.8878784,545.6347676,486.0875507,512.9826083,18339548
26-03-2020,552.5088501,559.2540771,525.9574707,528.4493667,14843813
27-03-2020,560.8438721,579.9196198,551.8645168,571.455804,13495283
30-03-2020,538.5028687,570.1238972,533.6909399,537.1280094,14624804
31-03-2020,551.2199707,568.8349503,544.5176963,558.5237427,15175521
01-04-2020,517.9663696,547.7829584,510.4048271,545.0762452,13083824
03-04-2020,503.2729187,520.7160362,500.22253,518.5678677,10221655
07-04-2020,549.0718384,553.582992,526.6449815,528.4494219,15145605
08-04-2020,542.7133179,563.3787427,538.2021636,541.3385109,11806896
09-04-2020,546.7088623,560.9297267,543.1428818,555.7741225,11931114
13-04-2020,547.6970825,559.9845963,537.9443657,540.4792151,8330276
15-04-2020,549.1148071,561.3593673,546.1503242,559.7267907,11963447
16-04-2020,536.0539551,545.548902,518.5678842,532.7028436,17783287
17-04-2020,540.2643433,555.086705,537.9013581,553.3681703,8878320
20-04-2020,561.359314,567.9756826,549.0718021,549.9310694,13322913
21-04-2020,544.0880127,555.5162562,539.4479487,539.4479487,11660575
22-04-2020,551.520752,554.2274652,539.6628725,544.0881205,8266728
23-04-2020,583.7002563,587.4381005,548.2984337,555.9888864,14451289
24-04-2020,565.3978882,580.0054324,562.6482223,574.4631478,7319940
27-04-2020,571.0690308,585.1610356,568.0186423,568.0186423,7183306
28-04-2020,567.7179565,581.7240041,561.1445402,578.2869346,7296571
29-04-2020,581.3372803,586.0202975,565.3978824,572.2720208,8639056
30-04-2020,614.8057861,618.6724892,599.8545133,601.4871423,16253821
04-05-2020,578.8883057,602.518153,576.0097292,592.7224862,9122740
05-05-2020,578.8883057,589.1135536,575.7090066,585.8053959,6393053
06-05-2020,572.1860352,585.5476293,570.5963594,581.6379741,7934250
07-05-2020,571.369873,579.4469552,569.2217045,571.8854125,4779548
08-05-2020,579.3180542,585.0751559,574.4202198,577.6424724,8400321
11-05-2020,586.7936401,600.2411415,582.5832095,586.4499123,7370186
12-05-2020,590.8753052,593.7538303,580.4351843,583.0129867,7356039
13-05-2020,596.4603882,601.4011749,587.5239877,597.0188804,8287101
14-05-2020,565.5268555,577.212871,560.7578795,566.2572118,16888262
15-05-2020,560.500061,571.2409025,555.688185,571.2409025,9255353
18-05-2020,570.4675293,576.1816249,561.1014956,566.9874551,10435442
19-05-2020,574.5062256,579.8336945,562.8202086,570.5536161,5902208
20-05-2020,575.3224487,578.2869316,566.8157334,574.4202285,5794636
21-05-2020,577.5994263,583.8291135,571.7564198,572.7015927,7213225
22-05-2020,594.9136963,597.9211318,578.7165286,580.0054296,11867731
26-05-2020,584.7744141,601.0145888,583.4425601,595.4723036,7099606
27-05-2020,606.170105,609.3923572,580.0054062,589.500299,8774636
28-05-2020,607.8457642,610.0798384,592.8944908,607.5020362,9440091
29-05-2020,601.8360596,610.3714952,587.8570995,603.1425054,28290128
01-06-2020,609.2828369,615.466713,602.2715876,608.5860764,12276438
02-06-2020,616.7294922,619.8214564,607.540834,610.1101881,7059304
03-06-2020,611.0247803,620.0392895,606.1909407,618.9941221,11378568
04-06-2020,616.4246826,617.9053318,607.4973029,611.4166403,10782424
05-06-2020,612.7666626,619.8650399,610.1973084,615.7714988,7718679
08-06-2020,627.8343506,632.1456328,613.1586291,616.3376688,10719105
09-06-2020,625.0036011,635.4551667,622.782654,627.0939355,10078029
10-06-2020,623.4795532,626.6150555,617.6876746,622.7392551,7263049
11-06-2020,613.1149902,621.3456089,609.8924135,620.1262383,8825715
12-06-2020,602.7506104,605.4506306,588.3361671,588.5974457,9795316
15-06-2020,598.8311768,613.5069493,596.8279706,603.5779403,7857344
16-06-2020,610.7199097,620.1263093,608.9344443,611.4166702,10131760
17-06-2020,612.8536987,618.6455761,607.932732,609.5875845,7291916
18-06-2020,621.78125,624.1328104,614.9006128,616.8167443,6670195
19-06-2020,614.508667,620.0393205,610.5457912,617.5135036,22438862
22-06-2020,612.8972778,617.2520971,609.6747009,615.8585231,7804096
23-06-2020,627.6600952,631.0132846,602.7940357,605.9295374,12157390
24-06-2020,621.9988403,633.0165009,617.8617621,624.3939909,10220838
25-06-2020,610.1102295,614.5521242,604.013482,613.8989013,14945284
26-06-2020,651.6552124,654.6164578,618.3843802,618.5585836,26030458
29-06-2020,637.3278198,648.6068127,635.8907082,640.5068593,8954428
30-06-2020,640.9859009,643.5987926,630.7956125,638.2423433,10411290
01-07-2020,637.4584961,646.5164887,635.5859025,642.1181317,5477468
02-07-2020,658.9712524,666.6793147,640.5068607,642.2051977,17263756
03-07-2020,664.2841187,665.416361,655.400277,657.5776866,7796572
06-07-2020,665.4163208,674.9969223,663.2389114,666.461488,8810958
07-07-2020,691.6760254,694.1147138,666.7664251,670.1196682,19362533
08-07-2020,674.7357178,683.6195598,672.5583081,683.6195598,8476642
09-07-2020,680.8325195,688.0615096,674.9970505,679.3518702,6854166
10-07-2020,680.9631348,687.974437,673.6906071,673.6906071,5206452
13-07-2020,694.2017212,701.4307105,684.6211189,686.319509,10804688
14-07-2020,682.1825562,702.3453941,680.5277033,690.6309176,8961822
15-07-2020,723.7275391,738.9694089,692.2421695,695.9002289,30060599
16-07-2020,793.4480591,832.20595,778.8594147,783.954532,90432109
17-07-2020,786.6110229,801.1996674,777.0304206,793.4480679,31682878
20-07-2020,813.7415161,823.06084,789.7464726,791.2706594,18421053
21-07-2020,815.8754272,827.1544203,809.2996605,823.0608794,12877784
22-07-2020,799.4577637,817.8350802,792.5771278,817.7915426,14354201
23-07-2020,790.791687,797.6287324,784.4336611,797.4981197,13051307
24-07-2020,803.7689819,806.2947984,786.6981114,786.6981114,18209580
27-07-2020,826.0657349,829.8544066,800.1110209,802.6367843,16827870
28-07-2020,838.6075439,842.7010848,819.751208,823.9318239,15818463
29-07-2020,831.0301514,836.1252685,821.8414405,830.2462627,11152710
30-07-2020,837.3881836,847.1429891,835.0365706,837.8672031,12492320
31-07-2020,841.3511353,859.1623578,830.289883,844.181768,12704346
03-08-2020,833.425354,840.8285469,825.1947347,836.1253208,8479792
04-08-2020,827.2850952,845.4447257,819.185141,836.5173451,11133170
05-08-2020,822.7996216,836.9527852,817.2254313,829.1576475,9614176
06-08-2020,845.5751953,848.6671594,820.8833925,830.4639944,10976491
07-08-2020,828.1995239,844.3558923,826.5446714,844.3558923,8010948
10-08-2020,828.5915527,833.338317,823.3222313,826.4577335,5716319
11-08-2020,826.0657349,837.8672853,824.0189378,827.3286432,6802442
12-08-2020,831.7268677,835.0800569,820.6220795,825.6736588,6908726
13-08-2020,828.4608765,843.5285414,825.8915223,831.5963253,5097703
14-08-2020,830.5512695,838.7383526,829.2012859,832.5109386,4663873
17-08-2020,833.947876,846.968796,830.9865777,830.9865777,9008210
18-08-2020,842.7011108,844.1382225,834.9931016,839.5221245,6141761
19-08-2020,835.515686,846.1849942,833.904424,845.6188995,6622744
20-08-2020,831.9011841,840.9156391,828.5479412,835.1672987,5656501
21-08-2020,826.3705444,839.1301869,824.4108756,838.7817801,6513773
24-08-2020,825.1511841,829.1575966,818.0092698,824.8027773,5798574
25-08-2020,817.0512695,826.2399818,813.1319317,825.238352,6233918
26-08-2020,828.1124268,831.1172627,817.3125068,819.7947325,5153601
27-08-2020,824.8463745,836.9527943,823.2351125,836.125368,6154280
28-08-2020,814.5689697,829.5930967,812.6528386,828.6785952,7593610
31-08-2020,808.7771606,827.8512938,796.5836645,814.5690926,12808355
01-09-2020,796.1916504,814.351226,794.4061319,806.7302921,6907773
02-09-2020,804.7706909,806.8610257,795.6255694,796.9320154,5678118
03-09-2020,814.8303833,826.8932669,804.7707594,806.9481695,8827948
04-09-2020,800.5465088,809.5609641,796.4529677,796.9319873,8650342
07-09-2020,805.6851807,807.8625905,795.2336134,800.3287843,6700385
08-09-2020,818.0964355,829.1576885,806.1206811,809.9529438,12891964
09-09-2020,808.0367432,823.931834,806.5125564,814.3512313,5528947
10-09-2020,818.7495728,820.4479629,805.4673738,814.6124944,5171884
11-09-2020,823.6705933,831.030249,810.867413,814.2641935,6671903
14-09-2020,852.151123,863.1687848,825.9350771,833.5124738,21871587
15-09-2020,855.6785278,865.7381506,846.272128,853.1091736,11608203
16-09-2020,872.4880371,875.8848174,855.2865011,858.7703565,10059251
17-09-2020,880.5444336,889.2540719,866.6090123,866.6090123,15628241
18-09-2020,872.8364868,887.3380037,870.1800044,880.544496,12897633
21-09-2020,879.5864868,897.9638043,871.3994047,871.8348866,14140637
22-09-2020,877.4960938,890.5605517,863.2993934,878.8025395,12625762
23-09-2020,888.1654663,903.1895941,878.0187153,888.5138731,13486204
24-09-2020,849.538208,878.8025737,844.8349817,873.5767903,14427432
25-09-2020,880.9364624,883.9412985,849.1898171,849.8865776,13311078
28-09-2020,880.0220337,885.0300766,869.657541,883.8542433,8554526
29-09-2020,878.8025513,895.3508649,874.534807,886.6412262,8708463
30-09-2020,878.1494141,891.8235589,875.3187812,878.802637,8048817
01-10-2020,886.3364868,894.0444965,881.1977782,888.9057879,5563358
05-10-2020,913.3796997,918.7797391,886.684691,886.684691,14212509
06-10-2020,919.5201416,923.2217382,898.2686011,918.8669187,9090819
07-10-2020,928.9265137,933.673224,901.8830443,910.0701255,9284008
08-10-2020,952.5731201,978.9633673,947.9570755,949.3505964,21482613
09-10-2020,963.9829102,969.6441756,948.0006372,953.7925685,10567867
12-10-2020,986.0181885,992.8988244,968.5989109,978.0924384,14633537
13-10-2020,1008.402039,1015.587491,989.0230919,989.0230919,17523825
14-10-2020,990.2860107,1014.585926,985.1473022,1012.060109,16649573
15-10-2020,965.2457275,1032.96317,951.5280463,1027.737386,44288251
16-10-2020,982.0119629,989.3715666,955.3604843,970.1232824,18365685
19-10-2020,980.6182251,992.0278303,971.3860295,988.5439749,12902123
20-10-2020,990.7214355,996.9923331,966.7699283,974.5215283,10448776
21-10-2020,1000.171387,1005.39717,988.5440398,993.9004891,19811433
22-10-2020,983.3618774,1008.576241,978.7893168,994.6408179,11271335
23-10-2020,988.1594238,999.1634263,986.0906929,997.4027859,9069862
26-10-2020,979.3123779,994.4098942,971.1254628,987.9395608,6309368
27-10-2020,960.2973022,976.8913171,948.2369581,973.3700362,10172479
28-10-2020,947.7089844,972.5339771,941.9869017,964.3910132,7608392
29-10-2020,946.2123413,952.5066535,933.2276157,941.9428089,6935616
30-10-2020,933.6676636,953.9150299,926.4050213,943.7033362,8800386
02-11-2020,943.9675903,950.7019553,925.3047337,937.5412085,7183119
03-11-2020,935.3844604,950.2178373,930.9387996,943.703445,7204782
04-11-2020,963.0263672,982.4374731,939.1257566,940.182098,15702690
05-11-2020,971.8735962,988.5996816,967.4719948,977.0675074,9568890
06-11-2020,979.5764771,986.9271305,961.0456906,975.3949554,8807127
09-11-2020,1000.528259,1008.847245,986.9713027,994.145936,10160320
10-11-2020,960.4735107,980.5447492,948.9852878,980.5447492,15622869
11-11-2020,988.1594238,991.5486351,956.9080567,964.8309385,12514800
12-11-2020,983.9781494,1005.32592,980.4568677,993.0894443,9180976
13-11-2020,989.6560059,997.4028672,983.3177429,985.9587037,6363212
14-11-2020,997.7988892,1003.256939,995.7301582,1000.924069,1136144
17-11-2020,989.2159424,1007.966809,979.4884669,1007.746729,12813968
18-11-2020,977.6397705,997.1387796,969.6287697,993.4414772,9839468
19-11-2020,965.491333,981.2930401,962.894431,968.3523741,10092343
20-11-2020,971.3013306,976.2751615,960.5174075,973.6342007,8063554
23-11-2020,1003.433167,1007.790817,970.0690025,972.7540227,10546363
24-11-2020,1003.609131,1016.681865,997.7109208,1007.966673,8515426
25-11-2020,982.1292725,1006.646169,978.255842,1000.924088,8958701
26-11-2020,979.9724731,985.9146349,966.8557872,985.9146349,10962256
27-11-2020,968.3525391,986.8392694,960.4296547,984.1983079,25306145
01-12-2020,1001.672485,1003.785276,972.7980424,972.7980424,8933802
02-12-2020,1004.357422,1010.123455,986.8390269,998.2831905,6741637
03-12-2020,991.6367798,1009.727405,988.3355786,1009.727405,16212632
04-12-2020,998.8555908,1000.924322,981.557273,990.3604772,10564055
07-12-2020,1006.646362,1015.009406,1000.043959,1009.991623,7792141
08-12-2020,1015.317505,1027.3339,1007.966851,1007.966851,12308330
09-12-2020,1034.55249,1038.337911,1018.530702,1028.258285,10039346
10-12-2020,1027.993896,1031.427167,1012.368213,1018.882604,9488782
11-12-2020,1023.988586,1031.691389,1016.990083,1020.907465,10574009
14-12-2020,1025.17688,1032.263393,1010.783559,1029.446411,6728187
15-12-2020,1016.417786,1024.428679,1014.128974,1017.650256,6905926
16-12-2020,1026.189331,1029.00642,1015.537477,1021.171548,7788404
17-12-2020,1020.467224,1029.006395,1017.826263,1026.365434,6658153
18-12-2020,1047.405029,1051.982651,1034.904418,1041.286739,15995676
21-12-2020,1036.401245,1064.967599,1014.173155,1045.82063,10858352
22-12-2020,1074.431152,1077.380204,1035.344901,1040.538814,10901851
23-12-2020,1103.085327,1108.19112,1083.278122,1089.836464,15878346
24-12-2020,1088.119995,1100.31241,1079.272733,1100.31241,7313885
28-12-2020,1091.861206,1098.639629,1088.075786,1090.232528,4607051
29-12-2020,1100.664429,1104.317672,1087.195486,1087.195486,6878105
30-12-2020,1097.583496,1103.305579,1089.968703,1103.041439,5194690
31-12-2020,1105.506104,1107.794914,1090.716682,1094.237962,7430470
01-01-2021,1109.599487,1114.045147,1105.506085,1107.354735,4253550
04-01-2021,1134.072632,1135.613192,1110.215973,1117.126466,7208454
05-01-2021,1138.958496,1143.536119,1122.45249,1128.570673,8145280
06-01-2021,1128.658691,1146.177088,1116.290255,1144.416447,7161715
07-01-2021,1111.096313,1142.347685,1105.242162,1140.895135,10954918
08-01-2021,1155.068115,1159.205685,1125.269298,1125.269298,13186251
11-01-2021,1211.496582,1217.790893,1179.629035,1181.477686,20528626
12-01-2021,1207.579346,1213.081347,1197.235582,1213.081347,8309868
13-01-2021,1221.136353,1226.110184,1197.235634,1209.428049,14442997
14-01-2021,1206.479004,1218.363328,1160.658288,1197.235641,27521697
15-01-2021,1183.986694,1201.152939,1179.629152,1197.235557,15018441
18-01-2021,1155.02417,1179.629077,1149.69819,1177.868436,8861765
19-01-2021,1159.073975,1171.706552,1154.980463,1162.023027,5585744
20-01-2021,1179.144775,1187.023705,1162.506811,1162.506811,8225838
21-01-2021,1179.364868,1198.159789,1175.227406,1188.432209,6142421
22-01-2021,1180.377441,1193.714315,1167.788926,1168.185027,9646591
25-01-2021,1166.512329,1186.583674,1155.860476,1184.030723,6542611
27-01-2021,1145.296753,1168.669301,1131.299638,1161.67069,8133665
28-01-2021,1123.464722,1141.291208,1120.251639,1137.197804,4660690
29-01-2021,1090.760864,1136.625528,1083.674243,1132.311938,12183519
01-02-2021,1109.99585,1125.005246,1092.477455,1100.884556,8880279
02-02-2021,1119.107056,1139.48649,1112.372585,1126.809857,6892490
03-02-2021,1130.903564,1147.937742,1120.647811,1124.741322,8182968
04-02-2021,1126.237549,1138.60609,1119.811276,1131.211379,5032240
05-02-2021,1119.855469,1134.512824,1110.964255,1132.444092,5477481
08-02-2021,1147.541382,1153.219404,1122.848358,1131.65156,6921922
09-02-2021,1149.302368,1172.5868,1142.523836,1150.490779,7965949
10-02-2021,1141.335327,1148.24582,1129.979173,1140.719146,5951207
11-02-2021,1137.946167,1140.895219,1129.495113,1134.732976,4673317
12-02-2021,1153.043701,1165.324128,1145.781058,1148.81812,5797875
15-02-2021,1152.911499,1169.417505,1150.666639,1162.022793,4363513
16-02-2021,1135.965454,1161.802836,1132.092023,1156.740994,6896421
17-02-2021,1127.954346,1139.57453,1122.408285,1135.965238,4575741
18-02-2021,1137.769775,1149.698157,1122.408231,1123.288551,6437551
19-02-2021,1136.757568,1143.976151,1123.992925,1140.983041,5389696
22-02-2021,1113.78125,1151.943223,1109.203627,1140.014839,7371303
23-02-2021,1114.793701,1136.49362,1107.046946,1119.019282,6612942
24-02-2021,1121.792114,1123.816786,1102.16093,1109.247551,4537258
25-02-2021,1122.012451,1144.196483,1119.767591,1134.248819,8788221
26-02-2021,1103.305298,1121.792021,1095.778518,1117.126281,15132388
01-03-2021,1115.365967,1130.771574,1108.323403,1112.108824,5756286
02-03-2021,1148.377808,1153.219569,1126.105662,1128.790681,10461434
03-03-2021,1182.754517,1185.791579,1151.459083,1161.318629,9056399
04-03-2021,1171.134277,1200.625012,1167.216894,1175.227789,12041941
05-03-2021,1159.117676,1179.629181,1148.86203,1169.505498,6486176
08-03-2021,1175.887695,1184.998988,1159.557713,1166.248232,5119392
09-03-2021,1184.515137,1188.828621,1160.922507,1170.385952,6518173
10-03-2021,1204.4104,1209.560253,1192.834165,1194.506796,7925984
12-03-2021,1210.30835,1225.141725,1206.082877,1208.679779,9462061
15-03-2021,1209.207886,1214.753946,1195.915071,1206.038754,6658635
16-03-2021,1218.363281,1237.730328,1215.28216,1220.167981,9352771
17-03-2021,1221.00415,1232.448313,1216.602549,1225.625832,7626744
18-03-2021,1177.076416,1226.946589,1156.300876,1226.946589,10961755
19-03-2021,1183.546509,1193.009951,1160.262081,1170.825924,12767112
22-03-2021,1206.743042,1211.320664,1176.195865,1188.520348,4862758
23-03-2021,1207.40332,1217.703025,1196.883429,1208.195523,7165335
24-03-2021,1191.733643,1206.434949,1185.13124,1195.342934,6134303
25-03-2021,1174.171265,1190.633211,1168.713214,1185.57137,8749994
26-03-2021,1176.283813,1194.330378,1172.586512,1183.766535,4922071
30-03-2021,1219.507813,1232.448479,1176.240046,1185.70349,10546381
31-03-2021,1204.322388,1221.884737,1200.140866,1216.602815,8220987
01-04-2021,1219.419678,1225.053749,1206.919172,1214.842055,5675155
05-04-2021,1241.163452,1254.456265,1221.004098,1224.525379,9479572
06-04-2021,1242.176025,1255.336771,1238.126466,1252.69581,5793571
07-04-2021,1259.033936,1263.215457,1238.2584,1241.47159,5879234
08-04-2021,1267.529175,1277.960949,1250.935158,1258.858041,5654434
09-04-2021,1268.585449,1280.865873,1258.901927,1280.865873,6052712
12-04-2021,1255.116699,1300.717335,1245.653256,1297.592155,20384532
13-04-2021,1229.939575,1263.479758,1210.440458,1261.499038,14855206
15-04-2021,1197.895996,1202.869828,1162.022939,1172.850923,25342491
16-04-2021,1191.733643,1206.787099,1185.439331,1201.637246,10879878
19-04-2021,1199.480469,1214.577876,1172.894731,1179.629203,12508028
20-04-2021,1189.620728,1213.961604,1181.741904,1213.961604,8560766
22-04-2021,1189.400879,1201.461333,1184.163015,1193.318369,6622446
23-04-2021,1174.171265,1187.02392,1171.706325,1182.270168,7316262
26-04-2021,1182.754517,1189.577,1162.903249,1172.806853,7088606
27-04-2021,1187.111938,1191.07338,1179.761285,1184.911138,3636115
28-04-2021,1193.714478,1196.795599,1183.678803,1195.475118,4879234
29-04-2021,1194.022217,1205.158288,1189.664675,1204.277968,5412357
30-04-2021,1192.261719,1209.472023,1184.823056,1185.175205,8354677
03-05-2021,1190.237183,1198.116007,1177.868639,1180.333579,4560337
04-05-2021,1170.297852,1192.789971,1165.632111,1191.95371,4887060
05-05-2021,1180.949585,1183.062375,1168.889241,1180.597435,3939788
06-05-2021,1198.644043,1201.373014,1177.340336,1184.030748,4810090
07-05-2021,1190.677246,1208.723812,1187.111906,1201.90133,4991435
10-05-2021,1179.233032,1190.985286,1175.271591,1188.300266,7195348
11-05-2021,1171.398193,1180.509487,1166.512373,1176.900195,6420988
12-05-2021,1168.185181,1170.826142,1157.181176,1170.826142,5241898
14-05-2021,1158.853638,1168.052942,1154.364026,1168.052942,4824609
17-05-2021,1170.297852,1175.183565,1162.286958,1162.286958,5017129
18-05-2021,1179.62915,1183.678602,1170.385788,1177.86851,5620150
19-05-2021,1176.988525,1194.991037,1173.687323,1181.390128,4435878
20-05-2021,1179.012939,1187.640013,1175.227519,1187.023832,4490092
21-05-2021,1192.394043,1195.035004,1185.21941,1186.2318,4969733
24-05-2021,1186.715942,1199.876689,1184.118933,1194.286676,4225371
25-05-2021,1198.644043,1204.278114,1192.349732,1195.474912,4099340
26-05-2021,1230.027466,1232.448347,1199.040236,1204.190088,6850024
27-05-2021,1234.429199,1246.753684,1225.141777,1236.145781,15365391
28-05-2021,1236.894165,1244.772989,1229.015233,1241.031628,4261312
31-05-2021,1240.186279,1247.082382,1230.620717,1247.082382,4429904
01-06-2021,1234.358032,1246.637589,1226.750138,1245.74777,4791325
02-06-2021,1226.75,1238.584537,1214.603939,1228.6186,9272276
03-06-2021,1236.538208,1244.858002,1225.326499,1235.158944,5115645
04-06-2021,1232.97876,1242.989232,1225.860202,1240.364199,4194328
07-06-2021,1236.538208,1238.629263,1225.548954,1237.739443,5154576
08-06-2021,1257.270752,1265.101209,1241.787975,1242.188351,7360630
09-06-2021,1259.361816,1267.993024,1249.840681,1257.671137,5394317
10-06-2021,1267.370361,1271.552471,1262.654273,1267.103372,3496575
11-06-2021,1287.480469,1291.662579,1271.953046,1272.531451,6140828
14-06-2021,1300.738647,1314.263865,1293.308565,1308.924946,7132294
15-06-2021,1311.505493,1313.374093,1301.806435,1302.696255,5403104
16-06-2021,1317.467163,1325.342047,1305.810546,1310.437565,7661710
17-06-2021,1330.547607,1337.087761,1312.573182,1312.573182,7677951
18-06-2021,1337.66626,1348.789008,1323.518102,1342.73819,13533974
21-06-2021,1334.996582,1339.890591,1320.670398,1328.500855,5454052
22-06-2021,1345.274048,1353.816296,1336.598305,1343.360914,6427862
23-06-2021,1337.532715,1356.975257,1333.528526,1356.975257,5529809
24-06-2021,1387.407227,1395.905051,1344.695869,1349.856868,10785137
25-06-2021,1400.754517,1404.135876,1372.992178,1398.796956,9780240
28-06-2021,1398.618774,1406.048748,1388.652728,1399.597554,5019178
29-06-2021,1390.832764,1400.264831,1387.406871,1389.00859,5913567
30-06-2021,1406.627075,1415.703193,1398.841153,1398.841153,6058722
01-07-2021,1388.474731,1403.112223,1387.273497,1403.112223,4814317
02-07-2021,1395.05957,1396.527686,1372.636045,1387.184578,5166064
05-07-2021,1404.980957,1410.36441,1389.053269,1396.260788,4058338
06-07-2021,1390.076538,1411.921659,1385.538479,1400.309466,4089574
07-07-2021,1392.21228,1397.506774,1374.460416,1393.502584,4797120
08-07-2021,1388.786133,1402.355884,1378.330751,1395.237326,3326813
09-07-2021,1390.699341,1396.928079,1380.110464,1384.559563,3436594
12-07-2021,1377.307495,1404.135583,1364.761058,1397.506469,4588982
13-07-2021,1374.727173,1384.915676,1367.030318,1384.915676,4456160
14-07-2021,1403.156982,1408.406941,1368.631928,1382.780086,5657716
15-07-2021,1406.627075,1420.908617,1384.559502,1386.250182,10021355
16-07-2021,1384.069946,1401.154549,1378.864523,1400.35369,6265593
19-07-2021,1371.835205,1381.801252,1368.14254,1374.504665,5669162
20-07-2021,1379.265259,1386.072294,1368.542886,1368.809876,5069939
22-07-2021,1414.991333,1417.349377,1389.364589,1389.364589,7854575
23-07-2021,1415.213989,1422.377083,1410.409049,1413.523418,4179719
26-07-2021,1427.182129,1434.078233,1418.461851,1418.461851,4586710
27-07-2021,1425.980713,1431.986996,1421.843029,1428.160728,5892859
28-07-2021,1428.69458,1430.47422,1410.809225,1428.24967,4686788
29-07-2021,1438.838379,1441.507838,1423.800405,1423.800405,4660873
30-07-2021,1433.054932,1444.53363,1429.184237,1432.610022,6234257
02-08-2021,1451.785522,1454.632902,1440.796161,1448.137174,5553389
03-08-2021,1472.829712,1475.899655,1455.389265,1465.533233,5513668
04-08-2021,1467.535278,1494.808276,1458.45916,1485.198179,6740391
05-08-2021,1471.361816,1482.440031,1465.577987,1467.758002,5420536
06-08-2021,1468.380493,1477.679175,1462.863654,1474.431311,3754855
09-08-2021,1480.037476,1483.730141,1464.999498,1477.990846,5018477
10-08-2021,1492.450317,1494.897322,1478.03528,1484.219484,6846517
11-08-2021,1492.717407,1498.456702,1484.219584,1490.270403,4899639
12-08-2021,1503.439575,1509.579354,1489.558407,1494.141001,5659579
13-08-2021,1523.549683,1532.714872,1504.952532,1510.024463,5612790
16-08-2021,1516.609009,1530.445643,1503.884541,1519.545349,4564109
17-08-2021,1549.754639,1556.205832,1500.725591,1516.163942,9510390
18-08-2021,1542.45813,1562.0787,1536.718835,1538.498475,6686090
20-08-2021,1542.013062,1552.735433,1527.019621,1527.019621,6206972
23-08-2021,1547.174072,1559.987498,1541.167789,1544.504613,6189051
24-08-2021,1531.246338,1563.413344,1523.994285,1557.184606,7602939
25-08-2021,1544.32666,1554.426092,1528.710281,1528.710281,6153253
26-08-2021,1537.341675,1553.625421,1530.490106,1542.947583,5302248
27-08-2021,1520.52417,1537.341678,1517.320732,1534.939208,6698514
30-08-2021,1510.95874,1529.289009,1504.151596,1515.40784,6559667
31-08-2021,1518.432861,1526.040864,1500.102596,1512.827062,12255438
01-09-2021,1492.895264,1521.147044,1488.802114,1521.147044,7801974
02-09-2021,1502.994751,1507.62188,1479.459058,1492.539367,6830050
03-09-2021,1513.272095,1517.988075,1498.812523,1509.178945,5339139
06-09-2021,1539.744141,1541.167831,1512.115194,1517.276192,4876026
07-09-2021,1518.610962,1543.748371,1516.252918,1539.388232,3520341
08-09-2021,1506.687134,1513.449741,1497.521948,1513.449741,4584896
09-09-2021,1505.219238,1508.155687,1496.810484,1500.147309,3331674
13-09-2021,1505.486206,1514.028455,1490.62615,1497.566788,4662374
14-09-2021,1500.369751,1509.08992,1493.651568,1509.08992,4945167
15-09-2021,1522.88208,1526.129944,1503.973409,1506.687403,4062344
16-09-2021,1514.695801,1529.822738,1505.085703,1526.218924,3246568
17-09-2021,1504.952148,1528.710292,1498.856796,1510.024077,7454864
20-09-2021,1501.882446,1519.545349,1493.073208,1499.346481,5660743
21-09-2021,1529.11084,1536.496388,1499.034995,1512.693707,4672222
22-09-2021,1527.731567,1547.307602,1524.305783,1527.820528,4553892
23-09-2021,1550.555664,1552.735679,1531.468963,1541.168021,3826090
24-09-2021,1569.508789,1590.997961,1559.364821,1564.303364,8280446
27-09-2021,1531.513306,1574.09116,1528.799312,1573.868705,5045337
28-09-2021,1501.215088,1521.591985,1490.448289,1521.591985,6557197
29-09-2021,1505.797607,1513.939481,1472.651819,1476.433553,7792548
30-09-2021,1490.626099,1515.363133,1486.088039,1515.363133,6914031
01-10-2021,1481.68335,1493.962797,1478.213031,1481.638815,5733906
04-10-2021,1493.784912,1502.015745,1481.90584,1488.223539,2947154
05-10-2021,1506.287109,1515.318694,1479.770434,1486.888993,4373310
06-10-2021,1489.157959,1520.702027,1485.999055,1514.562249,4271698
07-10-2021,1504.685303,1516.430881,1491.91641,1501.126023,5476108
08-10-2021,1533.915894,1540.723037,1511.270022,1517.365266,4738376
11-10-2021,1504.640869,1539.388379,1480.393278,1496.677025,8840633
12-10-2021,1499.47998,1502.905765,1478.880629,1492.227927,7439300
13-10-2021,1520.879883,1524.839646,1494.941724,1509.089771,7104171
14-10-2021,1526.708374,1587.082628,1511.091993,1560.743983,19655776
18-10-2021,1594.69043,1600.785673,1548.28631,1548.28631,13438109
19-10-2021,1621.385254,1632.374507,1585.925955,1614.1332,10324260
20-10-2021,1603.766724,1644.38702,1596.381284,1627.836393,5876115
21-10-2021,1560.432495,1614.133098,1554.381677,1614.133098,8779629
22-10-2021,1530.312256,1568.930351,1518.922518,1557.095812,7369809
25-10-2021,1519.411987,1539.165945,1501.304066,1532.314376,5905209
26-10-2021,1529.421143,1549.978625,1522.419104,1535.121661,5871709
27-10-2021,1552.088135,1556.75627,1527.131984,1534.2687,5090259
28-10-2021,1529.600952,1548.318096,1518.96316,1543.470463,5329972
29-10-2021,1497.149048,1537.411136,1491.134462,1525.202358,5875091
01-11-2021,1526.144897,1532.563407,1504.555028,1505.901586,3636806
02-11-2021,1524.2146,1531.889918,1513.846054,1521.611231,3471772
03-11-2021,1528.344116,1541.764774,1525.202146,1534.179204,3530713
04-11-2021,1533.90979,1541.360792,1530.588323,1539.56538,483407
08-11-2021,1559.763672,1562.905642,1528.792825,1553.030879,5245903
09-11-2021,1564.252075,1570.984867,1549.439932,1557.294856,4016134
10-11-2021,1562.142578,1571.837734,1545.804269,1549.440021,4780368
11-11-2021,1555.993408,1561.783566,1534.179115,1555.679124,4731349
12-11-2021,1598.095703,1600.474645,1560.257494,1564.701094,5069009
15-11-2021,1604.334839,1615.870336,1593.876545,1599.801381,4354074
16-11-2021,1608.958008,1623.90472,1595.223066,1606.893241,6034233
17-11-2021,1604.604126,1617.665789,1598.544612,1609.182513,4732492
18-11-2021,1597.377808,1606.399686,1579.064586,1599.352717,4326924
22-11-2021,1579.423584,1602.763934,1572.017511,1601.507124,6621839
23-11-2021,1559.22522,1568.516453,1535.076912,1557.609305,8436160
24-11-2021,1522.508789,1562.456691,1515.327144,1562.007838,7333061
25-11-2021,1546.208496,1549.619712,1523.361818,1526.099864,4476260
26-11-2021,1518.604004,1542.572704,1511.736533,1528.389019,4494181
29-11-2021,1522.822998,1536.872114,1498.405448,1518.020295,3942776
30-11-2021,1537.455688,1552.941112,1526.144619,1530.184294,14808963
01-12-2021,1539.475586,1563.713641,1537.769923,1539.565335,5193264
02-12-2021,1569.414185,1571.434023,1536.288818,1539.565466,5559574
03-12-2021,1558.013184,1603.885923,1555.320066,1589.926556,6754012
06-12-2021,1521.880615,1556.576855,1518.46929,1553.030961,3991449
07-12-2021,1536.557983,1548.452584,1520.713456,1527.087144,4202122
08-12-2021,1573.99231,1579.782577,1555.364916,1555.72402,3029169
09-12-2021,1583.059326,1588.400742,1563.80358,1579.064579,2082171
10-12-2021,1579.28894,1583.328617,1567.394338,1579.96222,1823469
13-12-2021,1566.182495,1590.151197,1560.930938,1586.291128,4040584
14-12-2021,1572.915161,1582.655247,1535.391017,1553.838914,4768144
15-12-2021,1556.80127,1569.144724,1545.131095,1566.496535,3053149
16-12-2021,1590.375488,1595.761723,1578.166712,1582.341066,4481031
17-12-2021,1634.587402,1653.5739,1621.929774,1633.824374,18887243
20-12-2021,1614.882935,1642.487387,1604.46957,1617.396445,5773891
21-12-2021,1626.283691,1649.983145,1616.768033,1616.768033,5353584
22-12-2021,1638.043823,1642.03868,1626.957178,1638.313179,4156428
23-12-2021,1667.578247,1671.16907,1640.108472,1643.923722,4112933
24-12-2021,1672.874634,1683.871529,1664.346429,1681.357909,3780347
27-12-2021,1675.25354,1682.749361,1656.311971,1669.732628,2647733
28-12-2021,1694.86853,1701.960428,1686.250577,1688.315234,3340933
29-12-2021,1692.669189,1700.075262,1684.45516,1690.828849,3236635
30-12-2021,1699.222168,1714.438345,1682.614613,1691.726347,4584738
31-12-2021,1694.644043,1704.159702,1680.191002,1696.663881,4619420
03-01-2022,1704.24939,1718.253687,1694.643982,1694.643982,3329616
04-01-2022,1704.878052,1711.610845,1685.891552,1704.249592,3921999
05-01-2022,1655.952881,1708.244239,1651.778527,1705.640871,6995719
06-01-2022,1631.849609,1641.006164,1615.870403,1641.006164,6449205
07-01-2022,1628.707642,1648.187813,1621.974848,1629.739916,4834389
10-01-2022,1661.428711,1678.619796,1627.540323,1629.335734,7857560
11-01-2022,1665.782715,1678.709699,1660.890262,1665.244113,5142287
12-01-2022,1685.397583,1695.766128,1669.732662,1677.722265,5362535
13-01-2022,1702.768311,1716.862247,1675.433105,1710.129454,14277630
14-01-2022,1731.988647,1735.265296,1688.584594,1689.4823,7688506
17-01-2022,1741.100342,1754.027327,1733.02099,1740.247565,5262464
18-01-2022,1724.268311,1746.037675,1715.919603,1725.480191,3690315
19-01-2022,1676.061523,1720.004175,1672.291094,1720.004175,5747770
20-01-2022,1637.145874,1658.960167,1629.784731,1655.369344,5533463
21-01-2022,1603.033203,1623.052086,1594.325501,1611.381911,8252758
24-01-2022,1559.135376,1587.727282,1551.235522,1584.450634,7116712
25-01-2022,1545.984009,1562.008035,1526.548657,1549.978756,9137653
27-01-2022,1506.888794,1534.80742,1494.680018,1527.89513,11231734
28-01-2022,1513.711426,1550.831647,1507.696841,1509.0434,10998502
31-01-2022,1558.596802,1570.536333,1539.879657,1542.2586,8788872
01-02-2022,1590.779419,1597.916135,1557.250024,1585.438004,5119935
02-02-2022,1604.289917,1609.406905,1590.734582,1605.99558,4253717
03-02-2022,1560.706421,1597.018576,1556.621816,1597.018576,3832922
04-02-2022,1562.995483,1574.530981,1535.211534,1554.826383,4700077
07-02-2022,1539.565308,1554.826305,1521.970297,1546.028745,4310209
08-02-2022,1541.630249,1548.54254,1522.509071,1535.076953,6053401
09-02-2022,1559.584106,1564.700985,1548.542283,1557.51934,3867244
10-02-2022,1588.579956,1592.440134,1569.862814,1576.057006,4334630
11-02-2022,1545.265625,1567.349162,1537.769805,1562.007858,7551371
14-02-2022,1510.120605,1542.752298,1506.574712,1517.122754,7459637
15-02-2022,1560.437012,1568.067511,1517.526633,1525.202061,4669915
16-02-2022,1555.993408,1575.877503,1550.20314,1560.437008,5350642
17-02-2022,1548.363037,1570.087474,1544.323361,1565.598945,3937950
18-02-2022,1532.338745,1546.298113,1529.241704,1535.076791,5602215
21-02-2022,1553.65918,1559.584125,1518.469161,1526.997365,5120890
22-02-2022,1556.935913,1571.882735,1518.065321,1526.009994,8878515
23-02-2022,1564.566284,1578.390973,1556.08301,1570.984902,5478811
24-02-2022,1506.484985,1539.520492,1499.617514,1517.212526,13592379
25-02-2022,1521.252197,1551.37027,1505.452597,1539.565417,9737281
28-02-2022,1540.104004,1551.280507,1494.680114,1510.120609,15076542
02-03-2022,1528.613403,1539.026768,1518.020432,1535.076841,6771489
03-03-2022,1544.816772,1556.531875,1531.081942,1544.233242,7344147
04-03-2022,1547.016357,1558.417177,1509.04336,1521.835667,9074499
07-03-2022,1561.873169,1571.882609,1522.508798,1523.406503,9742588
08-03-2022,1596.300293,1615.870322,1542.662375,1542.662375,10984500
09-03-2022,1627.854614,1644.237743,1607.790914,1607.790914,10193515
10-03-2022,1639.12085,1656.04258,1625.026804,1656.04258,6547182
11-03-2022,1635.619873,1644.058329,1625.74511,1628.438227,4758657
14-03-2022,1697.292114,1701.152293,1644.19291,1644.19291,10289724
15-03-2022,1651.150024,1695.18242,1642.801318,1695.18242,7140443
16-03-2022,1696.125244,1700.20974,1659.85791,1674.221202,5233979
17-03-2022,1664.88501,1726.557459,1645.539517,1726.557459,17731459
21-03-2022,1663.493652,1693.880969,1652.766003,1670.630369,8362085
22-03-2022,1694.329834,1696.663847,1650.880854,1660.755617,5709382
23-03-2022,1680.864258,1705.640914,1667.039567,1702.947797,6192824
24-03-2022,1693.701416,1700.793313,1666.276571,1666.276571,3784303
25-03-2022,1684.589844,1700.254766,1667.937358,1698.459354,3438588
28-03-2022,1682.210938,1688.494878,1663.134689,1675.11904,4008555
29-03-2022,1693.072998,1696.125219,1670.226431,1682.210781,3917785
30-03-2022,1709.186646,1722.69716,1701.152224,1714.617809,7795839
31-03-2022,1711.790161,1717.311073,1700.434162,1705.640899,5399145
01-04-2022,1708.827881,1714.887395,1686.16081,1693.836129,6171518
04-04-2022,1690.335083,1699.35707,1681.402954,1696.439526,7364074
05-04-2022,1670.720215,1696.30483,1667.174321,1691.098202,5472024
06-04-2022,1641.769165,1667.488457,1635.75458,1665.244193,5407453
07-04-2022,1625.744995,1641.14067,1622.647954,1634.766981,5797544
08-04-2022,1628.976929,1649.983266,1623.052092,1636.517679,5131446
11-04-2022,1585.842163,1628.438258,1582.25134,1628.438258,8248407
12-04-2022,1564.207397,1577.717913,1551.011166,1577.717913,6456184
13-04-2022,1569.683472,1577.717895,1554.826397,1575.428701,6257693
18-04-2022,1455.540161,1481.214524,1427.352178,1441.266617,30523965
19-04-2022,1402.216431,1469.230189,1391.443961,1469.230189,17044923
20-04-2022,1425.287354,1433.007711,1403.114066,1413.886534,10678747
21-04-2022,1453.206177,1460.746818,1426.678927,1431.840735,7766514
22-04-2022,1423.267456,1445.934525,1420.529519,1440.234116,8134245
25-04-2022,1401.408325,1411.911547,1395.124385,1411.911547,7000570
26-04-2022,1419.272827,1429.147591,1406.301023,1415.861501,5345435
27-04-2022,1393.957397,1411.866582,1391.757953,1411.866582,8819356
28-04-2022,1420.709106,1437.945123,1398.131785,1409.398036,9245177
29-04-2022,1407.198853,1433.905602,1401.139338,1427.352305,9831395
02-05-2022,1383.364502,1393.912544,1374.387445,1392.25181,7072627
04-05-2022,1378.47229,1409.398213,1373.624656,1388.975405,6220959
05-05-2022,1422.998291,1426.81354,1398.131776,1400.465899,6144870
06-05-2022,1385.025269,1402.081677,1378.02323,1391.443886,6171472
09-05-2022,1409.71228,1424.479606,1366.442905,1382.466931,6832202
10-05-2022,1394.136963,1408.634932,1387.897952,1398.625491,6212545
11-05-2022,1370.572144,1391.398871,1356.971881,1391.398871,7846080
12-05-2022,1354.458496,1371.24555,1350.41882,1359.126522,7034979
13-05-2022,1350.508667,1372.816635,1344.853076,1363.884506,6723761
16-05-2022,1336.77356,1357.196365,1327.392579,1355.535631,6145331
17-05-2022,1363.121216,1369.001232,1329.412432,1341.980312,6516378
18-05-2022,1354.817505,1391.174589,1351.31654,1366.308183,6594126
19-05-2022,1281.160889,1332.823793,1272.632683,1329.502325,16561140
20-05-2022,1306.296631,1316.709996,1298.710951,1304.366541,10488908
23-05-2022,1318.190918,1335.785926,1301.718042,1306.25139,5887569
24-05-2022,1293.593994,1319.223537,1288.432186,1318.370651,5693167
25-05-2022,1266.168945,1294.940456,1256.114685,1288.207664,9630092
26-05-2022,1278.287964,1283.719127,1263.116825,1272.946659,13040065
27-05-2022,1311.862305,1316.934364,1290.362295,1296.242202,8284860
30-05-2022,1370.617065,1373.48968,1333.092924,1334.888336,10904213
31-05-2022,1364.085327,1377.149215,1350.068932,1370.526517,16033857
01-06-2022,1341.359497,1374.200555,1335.507908,1372.612933,8738508
02-06-2022,1368.076904,1373.384077,1338.683187,1346.303797,7205840
03-06-2022,1380.505859,1410.716094,1377.149216,1383.409007,9395707
06-06-2022,1388.081055,1394.023232,1354.468775,1375.33467,6624883
07-06-2022,1366.897461,1378.827331,1363.177911,1378.827331,4904592
08-06-2022,1360.819336,1379.144992,1353.561633,1379.144992,4697608
09-06-2022,1374.427368,1376.196389,1344.03574,1347.210985,4361061
10-06-2022,1339.771973,1355.330584,1336.868825,1348.208986,6516436
13-06-2022,1292.324585,1309.652327,1280.712217,1309.652327,6987685
14-06-2022,1306.885498,1314.460703,1272.955716,1279.170102,6090247
15-06-2022,1290.237915,1312.19253,1287.198775,1306.567744,4651958
16-06-2022,1267.557739,1309.788541,1262.840277,1304.572068,6641772
17-06-2022,1258.576538,1267.331054,1240.296175,1261.978587,9692047
20-06-2022,1282.935059,1290.37416,1253.768144,1261.071251,4595194
21-06-2022,1315.36792,1320.901896,1290.737069,1291.871085,6270787
22-06-2022,1303.891724,1324.16791,1301.850495,1302.803112,6253366
23-06-2022,1317.681396,1322.716473,1300.036149,1306.205241,6254281
24-06-2022,1307.384399,1331.33484,1296.316447,1322.716319,6114340
27-06-2022,1337.775879,1346.303701,1329.202763,1331.833702,4511097
28-06-2022,1342.811279,1350.159682,1318.180425,1332.695833,4412178
29-06-2022,1327.479126,1339.953302,1321.809046,1328.79454,5060038
30-06-2022,1326.254517,1344.489473,1319.994726,1329.112259,9165177
01-07-2022,1342.130615,1347.210985,1308.518337,1319.087388,4651635
04-07-2022,1349.932861,1353.788516,1326.345325,1342.901961,4800224
05-07-2022,1339.000488,1369.845719,1335.417043,1359.730386,7379669
06-07-2022,1353.244019,1360.819223,1333.602839,1344.670791,5209162
07-07-2022,1359.639893,1373.474889,1356.918254,1363.586357,3323472
08-07-2022,1373.928467,1376.196499,1360.77388,1374.427478,3652582
11-07-2022,1336.460693,1360.728638,1330.337006,1356.283273,4702638
12-07-2022,1305.116333,1332.332717,1302.757602,1326.163737,4710356
13-07-2022,1310.423706,1324.530912,1305.116532,1315.458782,5264025
14-07-2022,1296.271118,1318.134927,1282.799029,1316.365906,6157606
15-07-2022,1297.631958,1311.829862,1279.759908,1311.829862,5620018
18-07-2022,1351.656372,1355.013015,1313.689539,1315.458559,5835171
19-07-2022,1346.439941,1348.889372,1333.693557,1335.009082,3418540
20-07-2022,1374.699585,1384.225319,1360.819185,1361.953201,5079392
21-07-2022,1390.666626,1392.979952,1363.631638,1376.241919,5008061
22-07-2022,1366.534668,1397.107695,1353.697585,1391.664418,7020642
25-07-2022,1364.085327,1376.378107,1342.765823,1342.765823,7859626
26-07-2022,1316.501953,1357.780138,1310.922572,1357.780138,7268273
27-07-2022,1334.555298,1336.324318,1310.922363,1316.365639,4517285
28-07-2022,1376.604858,1383.000643,1351.611099,1357.553388,6636841
29-07-2022,1405.907715,1411.350992,1386.22124,1390.575906,7009465
01-08-2022,1407.132568,1418.880931,1395.202697,1418.880931,2983249
02-08-2022,1400.373901,1403.458448,1386.538904,1403.050246,4374635
03-08-2022,1420.785889,1424.324041,1397.016959,1405.272573,6011955
04-08-2022,1451.449707,1455.033153,1428.814682,1440.200247,7402209
05-08-2022,1466.64563,1474.855839,1453.627148,1459.161124,5361971
08-08-2022,1469.140381,1471.499112,1447.91158,1466.963048,3763409
10-08-2022,1453.763062,1470.773301,1440.74458,1470.773301,4423829
11-08-2022,1469.639526,1479.981776,1466.05608,1478.757061,3462090
12-08-2022,1446.18811,1464.24167,1442.604664,1463.606665,3562286
16-08-2022,1448.319702,1459.705266,1443.466136,1459.705266,3004430
17-08-2022,1457.210693,1462.427167,1437.93242,1448.319963,4067324
18-08-2022,1436.07251,1449.907505,1427.952999,1446.187955,4635706
19-08-2022,1448.909668,1455.985973,1438.023113,1438.204622,4739884
22-08-2022,1429.450073,1450.633473,1427.95315,1438.839705,3950555
23-08-2022,1399.285156,1410.26241,1390.757333,1404.365526,5551574
24-08-2022,1394.8396,1402.550908,1388.942717,1392.571568,2888426
25-08-2022,1377.285156,1405.000441,1373.293398,1404.365437,4331088
26-08-2022,1380.369629,1401.598319,1376.649968,1392.7077,3079136
29-08-2022,1326.118408,1332.2875,1315.458657,1332.2875,8079050
30-08-2022,1354.42334,1357.281082,1329.973999,1336.415187,6725875
01-09-2022,1328.341187,1331.879339,1316.411425,1324.576341,8140604
02-09-2022,1318.180176,1340.860495,1313.644112,1340.860495,5175653
05-09-2022,1325.710205,1330.881274,1312.147306,1316.365868,3669352
06-09-2022,1320.085449,1333.602943,1311.330823,1325.710236,3428442
07-09-2022,1322.398926,1329.747328,1304.617575,1306.386596,3600574
08-09-2022,1338.955444,1343.672907,1327.796682,1338.138931,4061475
09-09-2022,1371.38855,1378.963756,1342.675236,1349.93294,4816910
12-09-2022,1393.6604,1402.460432,1380.006913,1384.225475,5494819
13-09-2022,1401.598511,1408.901619,1398.287272,1407.903707,4947158
14-09-2022,1338.501831,1359.866627,1335.417285,1358.097606,14332197
15-09-2022,1299.854736,1338.320476,1296.452688,1338.139078,12784100
16-09-2022,1249.277588,1292.778403,1241.384769,1292.778403,20464045
19-09-2022,1261.298096,1275.541293,1252.498064,1262.840313,6595241
20-09-2022,1259.710571,1282.390895,1256.58062,1277.310414,7219797
21-09-2022,1249.45874,1259.937092,1241.42993,1251.862876,7917054
22-09-2022,1241.021729,1255.537134,1233.809431,1239.57021,9168498
23-09-2022,1238.753662,1265.380446,1235.623822,1240.613493,10426200
26-09-2022,1252.180542,1269.598984,1229.273417,1233.809482,9414587
27-09-2022,1264.24646,1275.994822,1250.139256,1264.15565,8561254
28-09-2022,1265.289795,1275.405241,1249.232171,1251.046597,7022098
29-09-2022,1268.873413,1279.034154,1263.747638,1274.543494,6119965
30-09-2022,1282.299927,1287.60721,1248.324851,1260.073212,8120130
03-10-2022,1264.427979,1280.984614,1257.397079,1280.984614,4943169
04-10-2022,1296.77002,1299.355554,1282.79892,1287.969989,6631341
06-10-2022,1320.130859,1324.349421,1310.106113,1310.922626,6180672
07-10-2022,1316.547241,1322.580229,1306.522606,1312.147281,3994466
10-10-2022,1326.934937,1329.066865,1294.003065,1294.003065,5274677
11-10-2022,1291.689819,1342.35764,1288.333065,1326.93502,12824774
12-10-2022,1296.13501,1307.384472,1282.390823,1303.664921,5481467
13-10-2022,1288.151489,1304.526614,1283.706124,1298.221529,4821514
14-10-2022,1337.458496,1355.375949,1331.108006,1347.211034,14990688
17-10-2022,1351.701904,1356.283374,1338.592721,1339.862842,4286396
18-10-2022,1364.175903,1370.753196,1358.324425,1369.891389,4692004
19-10-2022,1347.619263,1365.309913,1343.854418,1364.448105,3553171
20-10-2022,1361.635864,1364.448202,1337.413213,1338.139028,4583939
21-10-2022,1361.272827,1366.262498,1352.971808,1361.091429,3594485
24-10-2022,1377.013062,1380.596619,1370.798675,1377.602772,982837
25-10-2022,1384.678955,1390.666537,1379.916088,1386.311872,3914341
27-10-2022,1397.65625,1407.698862,1387.155186,1403.938662,6760137
28-10-2022,1387.843018,1401.324745,1382.110971,1399.536392,3053981
31-10-2022,1410.220947,1418.245812,1403.434182,1403.434182,4542336
01-11-2022,1442.641357,1444.475612,1418.887736,1424.344711,4542692
02-11-2022,1424.574097,1442.412181,1416.961894,1441.724335,2938906
03-11-2022,1403.892944,1415.953194,1395.547106,1411.229964,3174027
04-11-2022,1388.530762,1394.446188,1376.745698,1394.446188,4509682
07-11-2022,1382.523682,1401.279005,1367.528671,1395.317676,4898592
09-11-2022,1385.962646,1402.287556,1376.699684,1402.287556,3334755
10-11-2022,1377.47937,1386.696545,1361.934106,1361.934106,3435763
11-11-2022,1439.981689,1443.099945,1418.475097,1418.475097,7214098
14-11-2022,1453.922119,1459.516574,1438.468433,1444.613254,4908813
15-11-2022,1461.901123,1465.432041,1442.412165,1447.089493,3497614
16-11-2022,1469.971924,1475.658069,1461.442594,1464.790131,4497697
17-11-2022,1455.848145,1469.97193,1451.76686,1464.835926,3469515
18-11-2022,1461.35083,1465.569594,1444.934227,1459.791646,3126064
21-11-2022,1438.239136,1456.260711,1434.433147,1450.987229,3071764
22-11-2022,1453.692749,1456.39823,1432.552919,1438.97281,3399329
23-11-2022,1451.950317,1460.066873,1448.419399,1457.2238,3245067
24-11-2022,1494.734131,1500.420275,1453.417501,1457.315292,5282215
25-11-2022,1500.099487,1507.757479,1480.060276,1496.201696,4563255
28-11-2022,1488.864868,1516.470385,1485.746612,1493.083632,3825766
29-11-2022,1494.046387,1502.942477,1481.206604,1486.846847,3131710
30-11-2022,1499.457397,1509.362418,1479.464087,1485.700486,11868134
01-12-2022,1519.771851,1533.987326,1515.369706,1518.946414,5407928
02-12-2022,1502.163086,1524.082455,1498.540365,1518.763071,4283343
05-12-2022,1503.859619,1508.536946,1488.772919,1502.254646,3824966
06-12-2022,1479.234863,1491.24921,1474.328254,1490.332083,4822398
07-12-2022,1472.447998,1489.231474,1464.377232,1474.740816,4898087
08-12-2022,1485.883911,1489.323139,1466.028081,1472.447973,4206837
09-12-2022,1439.248047,1493.083379,1431.727535,1493.083379,8880658
12-12-2022,1418.97937,1436.175508,1403.250726,1421.547371,8037679
13-12-2022,1441.861694,1446.768303,1413.430748,1418.979301,6135067
14-12-2022,1448.510986,1456.856823,1442.641349,1450.895495,4976020
15-12-2022,1412.834595,1439.88985,1408.019676,1439.247906,6443866
16-12-2022,1396.05127,1421.088892,1386.742516,1398.619271,9630453
19-12-2022,1382.431885,1391.190496,1371.151286,1382.982139,6222740
20-12-2022,1382.38623,1390.365194,1359.595524,1376.608283,7396259
21-12-2022,1384.449585,1394.950648,1377.846201,1389.447884,6236361
22-12-2022,1395.913818,1403.159035,1386.467361,1395.409354,6302640
23-12-2022,1373.03125,1384.770524,1369.27105,1383.669904,6283822
26-12-2022,1377.892212,1384.770667,1372.343546,1376.149647,4115459
27-12-2022,1389.310425,1395.363443,1373.398287,1384.816478,4860076
28-12-2022,1385,1398.573419,1374.315443,1380.368462,5029860
29-12-2022,1391.786743,1395.225971,1376.60824,1379.359622,4624745
30-12-2022,1383.211304,1403.571596,1379.405315,1401.370468,5060544
02-01-2023,1397.702148,1399.994967,1379.405502,1388.530874,3801140
03-01-2023,1396.372314,1405.635278,1389.539648,1393.896003,4551130
04-01-2023,1370.922119,1394.950813,1367.52868,1394.950813,7059590
05-01-2023,1352.946167,1381.102043,1347.489304,1381.102043,9868404
06-01-2023,1328.458984,1352.762859,1326.62473,1348.177223,6443714
09-01-2023,1361.42981,1365.923757,1328.183939,1328.183939,11498717
10-01-2023,1347.947998,1360.925373,1333.549143,1359.182809,7158624
11-01-2023,1349.323608,1370.188256,1342.674435,1348.177199,6173092
12-01-2023,1357.898682,1361.934064,1334.420245,1359.136781,6591385
13-01-2023,1379.038574,1393.48333,1346.342962,1360.558436,11610426
16-01-2023,1399.077759,1401.370577,1377.800449,1384.862285,6073063
17-01-2023,1411.917603,1414.393802,1397.702128,1400.45351,5922644
18-01-2023,1417.328735,1423.244162,1412.009352,1416.73258,5843098
19-01-2023,1411.36731,1421.134738,1399.673936,1412.284437,6165284
20-01-2023,1399.123657,1416.961739,1397.702065,1410.541848,6496429
23-01-2023,1419.713135,1424.573954,1401.462278,1407.790479,4855020
24-01-2023,1423.290039,1438.789515,1421.318193,1430.718749,5200802
25-01-2023,1415.127563,1427.05022,1411.229772,1418.796073,4158617
27-01-2023,1393.25415,1422.418735,1382.477903,1417.878999,6209955
30-01-2023,1411.275757,1416.044775,1394.033716,1402.104482,6964719
31-01-2023,1406.644165,1420.538668,1387.613771,1420.538668,9448126
01-02-2023,1422.556396,1426.179117,1401.416675,1414.39394,6194199
02-02-2023,1452.500488,1455.435251,1423.381694,1423.381694,6916834
03-02-2023,1466.853638,1471.668557,1442.641451,1465.111073,7040194
06-02-2023,1439.752441,1465.5696,1432.18614,1465.5696,4570612
07-02-2023,1432.919922,1445.438734,1426.224847,1438.972941,4336238
08-02-2023,1458.691162,1470.155255,1435.762977,1435.762977,7983338
09-02-2023,1482.994995,1485.517095,1454.609947,1463.918701,6904911
10-02-2023,1475.245361,1482.353099,1464.14803,1479.280632,4786762
13-02-2023,1437.55127,1464.652428,1436.22148,1464.652428,4001199
14-02-2023,1461.213379,1463.73548,1447.364776,1453.371894,5043736
15-02-2023,1464.698364,1466.486718,1445.392788,1452.729807,3465747
16-02-2023,1469.05481,1480.656382,1465.432089,1467.403935,4290289
17-02-2023,1452.546387,1462.818169,1444.934185,1461.901041,2857734
20-02-2023,1460.479492,1470.155231,1451.354119,1453.601037,2417716
21-02-2023,1448.602783,1468.917178,1445.392837,1466.211585,2723288
22-02-2023,1432.369507,1444.475543,1426.408179,1433.470015,3656244
23-02-2023,1422.189453,1439.752466,1419.850845,1439.752466,4766854
24-02-2023,1422.143555,1438.972819,1416.961763,1430.718673,2790986
27-02-2023,1384.220337,1412.376101,1377.525263,1412.376101,4920268
28-02-2023,1364.272827,1397.702074,1358.540781,1389.998182,9679811
01-03-2023,1372.068604,1376.470748,1358.724354,1368.721066,5125043
02-03-2023,1350.14917,1365.235871,1345.701124,1361.934235,4644499
03-03-2023,1356.706543,1366.33638,1350.928596,1363.539097,4615015
06-03-2023,1382.523682,1394.400549,1369.408827,1370.692828,6561742
08-03-2023,1368.996094,1372.022659,1358.357438,1367.024359,4137080
09-03-2023,1357.715454,1374.177846,1352.39607,1371.105492,5104656
10-03-2023,1349.598877,1352.120977,1336.850784,1339.006011,3699580
13-03-2023,1316.169556,1355.789528,1309.657973,1342.857942,8798403
14-03-2023,1302.320923,1328.321463,1294.066776,1321.580598,7402784
15-03-2023,1301.999878,1323.277188,1299.431877,1318.829143,7556182
16-03-2023,1287.738647,1300.303361,1282.786137,1300.303361,7323117
17-03-2023,1302.962891,1323.323187,1294.433673,1311.49222,9090018
20-03-2023,1287.325806,1302.045632,1270.083767,1302.045632,8221829
21-03-2023,1275.448975,1288.563941,1274.80703,1283.061176,8536755
22-03-2023,1274.119263,1290.627556,1267.60768,1286.729765,8356487
23-03-2023,1260.637451,1269.258359,1256.464477,1269.258359,7607718
24-03-2023,1266.231934,1283.015297,1263.34296,1272.972797,7559127
27-03-2023,1273.843994,1280.080505,1260.224675,1271.367795,4170193
28-03-2023,1263.434692,1282.144114,1261.829719,1276.73304,6633366
29-03-2023,1268.891602,1274.715338,1251.466182,1264.718627,8813966
31-03-2023,1309.612061,1311.446315,1278.383939,1287.646904,8711975
03-04-2023,1293.929199,1316.077849,1288.701618,1316.077849,5242764
05-04-2023,1305.576782,1309.199391,1283.978387,1283.978387,7506334
06-04-2023,1304.063477,1310.024805,1293.47061,1298.652402,6948465
10-04-2023,1309.291016,1315.160653,1297.735233,1305.943478,4993788
11-04-2023,1289.618774,1314.564596,1273.890016,1310.483424,6942255
12-04-2023,1309.933105,1312.867868,1283.978355,1295.946913,5831169
13-04-2023,1274.073242,1294.112564,1268.387098,1292.920254,11267238
17-04-2023,1154.02124,1156.63503,1087.070952,1146.684222,53171705
18-04-2023,1154.984497,1164.706026,1149.25245,1164.706026,12430884
19-04-2023,1130.084229,1150.398621,1127.516339,1150.398621,11307230
20-04-2023,1122.013672,1135.266118,1120.179417,1128.708635,8621249
21-04-2023,1125.636353,1131.047427,1118.895488,1126.324198,8691352
24-04-2023,1124.673462,1128.066789,1117.061259,1126.232534,8313774
25-04-2023,1123.38916,1133.110686,1114.309578,1124.352077,6808576
26-04-2023,1125.819824,1130.818124,1119.399932,1126.232487,5680192
27-04-2023,1142.970093,1144.391685,1123.848008,1128.066772,8020704
28-04-2023,1148.931274,1154.66332,1141.777636,1151.636755,10118277
02-05-2023,1171.584351,1173.693788,1150.582223,1150.582223,8886401
03-05-2023,1163.972168,1167.044522,1157.506376,1161.083195,5549783
04-05-2023,1168.00769,1170.071227,1157.873387,1163.788815,4505401
05-05-2023,1154.755127,1173.005985,1150.307081,1173.005985,5373791
08-05-2023,1160.716431,1165.026997,1151.178283,1157.827457,5260842
09-05-2023,1165.393799,1166.586109,1156.222524,1161.083345,4969897
10-05-2023,1158.561157,1170.621405,1154.800957,1170.621405,6515734
11-05-2023,1152.003662,1170.162829,1149.206491,1164.981037,6888461
12-05-2023,1142.006958,1151.911978,1136.366714,1149.481568,8292212
15-05-2023,1154.067139,1163.742877,1142.419667,1146.317458,5534710
16-05-2023,1159.52417,1168.374359,1158.102578,1160.166114,5236469
17-05-2023,1143.56604,1156.451611,1139.484756,1156.130639,10465667
18-05-2023,1142.740845,1155.259657,1139.484997,1154.296629,6948732
19-05-2023,1163.743042,1167.778425,1148.977312,1151.957977,11094136
22-05-2023,1185.662476,1188.230365,1164.981206,1167.457405,7625947
23-05-2023,1192.311646,1205.243121,1189.560263,1191.531998,7436031
24-05-2023,1191.027588,1196.851325,1184.286724,1188.872361,4824077
25-05-2023,1196.255249,1198.685659,1182.406646,1187.221565,4334121
26-05-2023,1208.269409,1213.772173,1197.768346,1197.768346,5521606
29-05-2023,1205.47229,1222.255654,1201.299316,1222.255654,4419365
30-05-2023,1214.139038,1216.477758,1200.657311,1206.022483,6274719
31-05-2023,1209.049072,1220.788236,1205.242971,1210.470553,17800782
01-06-2023,1210.149536,1219.32081,1208.865535,1212.946819,4277841
02-06-2023,1207.361206,1220.280644,1204.619361,1216.65575,10909311
05-06-2023,1212.473267,1217.074021,1205.78124,1212.008539,5002553
06-06-2023,1188.772217,1197.694957,1183.19549,1197.694957,10008100
07-06-2023,1198.02002,1202.713809,1192.025085,1199.460719,5397578
08-06-2023,1192.304077,1200.855012,1190.723937,1195.464131,5034942
09-06-2023,1176.6427,1192.025215,1174.83031,1192.025215,5339073
12-06-2023,1200.808594,1204.294048,1183.195478,1183.660205,4785588
13-06-2023,1212.798584,1214.332206,1205.548908,1208.19783,4846587
14-06-2023,1208.662476,1214.51797,1201.970336,1214.192684,3457981
15-06-2023,1196.021973,1202.667481,1192.164714,1202.667481,6161155
16-06-2023,1200.529785,1209.684888,1190.677591,1196.2078,8536287
19-06-2023,1202.714111,1207.826111,1196.254448,1202.714111,4451787
20-06-2023,1211.450928,1212.938032,1200.018593,1202.714033,4009180
21-06-2023,1207.686523,1211.822663,1203.64342,1208.244173,4041529
22-06-2023,1191.142212,1198.438406,1183.660059,1198.438406,6676607
23-06-2023,1175.759888,1189.097536,1174.226265,1186.402096,7239467
26-06-2023,1180.732422,1184.124953,1173.203864,1180.639499,3403244
27-06-2023,1188.911621,1191.560543,1184.310754,1189.701635,3240024
28-06-2023,1202.109741,1205.223391,1191.002807,1198.996092,5662358
30-06-2023,1241.286255,1244.446422,1212.426653,1215.912106,12821692
03-07-2023,1239.613159,1251.045492,1234.733524,1236.174224,7732412
04-07-2023,1250.255615,1251.045629,1237.475617,1249.465602,5797775
05-07-2023,1252.253906,1262.152504,1246.398298,1262.059582,5414936
06-07-2023,1249.093628,1252.393123,1242.819812,1247.838887,5963897
07-07-2023,1236.360352,1250.859933,1231.85252,1239.892324,6295647
10-07-2023,1235.384277,1247.23482,1226.229175,1242.262262,3940315
11-07-2023,1253.462158,1255.599949,1233.385966,1239.380902,6126128
12-07-2023,1239.241577,1256.529406,1233.385969,1255.692874,8102770
13-07-2023,1268.798218,1279.672903,1236.964404,1240.728739,9977644
14-07-2023,1325.355469,1329.119804,1283.251252,1283.251252,12833381
17-07-2023,1322.567017,1356.027373,1314.527327,1325.35538,11569884
18-07-2023,1371.130981,1373.686981,1328.190237,1332.837508,16743977
19-07-2023,1370.898804,1393.066383,1357.654078,1381.169321,13687062
20-07-2023,1347.244141,1367.22741,1339.064897,1367.22741,8347221
21-07-2023,1237.661377,1254.76336,1212.937914,1227.065575,45548305
24-07-2023,1242.308716,1254.670505,1240.124521,1246.398338,8859789
25-07-2023,1240.449829,1248.117828,1230.829999,1242.680542,6801982
26-07-2023,1253.694458,1254.763353,1244.91116,1248.257173,5528885
27-07-2023,1257.691284,1267.589997,1252.021635,1262.756765,9191861
28-07-2023,1245.933594,1267.636331,1241.751049,1258.341787,6122735
31-07-2023,1260.061279,1261.734343,1239.195073,1253.601617,7902180
01-08-2023,1268.891113,1272.423085,1261.269633,1265.916905,6064652
02-08-2023,1261.130249,1275.164989,1253.322809,1272.702025,7419145
03-08-2023,1268.054565,1270.145838,1253.833869,1254.763323,6503741
04-08-2023,1281.113525,1288.130952,1265.916968,1272.330226,5712345
07-08-2023,1294.72998,1296.588889,1279.85871,1289.989786,3729093
08-08-2023,1292.127441,1295.241204,1286.736674,1294.590518,4161877
09-08-2023,1296.031372,1297.518477,1284.970841,1286.365023,4090828
10-08-2023,1291.105103,1297.332515,1287.852012,1293.428739,3873025
11-08-2023,1275.071899,1298.308258,1270.610587,1293.800427,5783517
14-08-2023,1295.241211,1296.588874,1269.262893,1275.071983,4304135
16-08-2023,1318.431152,1319.778816,1306.255322,1311.274398,7735313
17-08-2023,1311.971436,1319.82528,1306.812918,1319.82528,5618346
18-08-2023,1290.826294,1309.322345,1288.363217,1304.675074,5134103
21-08-2023,1306.255249,1307.742353,1289.292706,1291.709265,3032722
22-08-2023,1304.721558,1306.859348,1298.122454,1305.604494,2890714
23-08-2023,1308.625244,1316.665047,1306.487567,1316.107397,2559125
24-08-2023,1323.171143,1324.518919,1314.666613,1321.219311,5171963
25-08-2023,1319.918091,1322.148804,1311.831883,1313.318988,4307172
28-08-2023,1315.782104,1324.286635,1311.831923,1319.918131,3133464
29-08-2023,1317.641235,1323.915053,1315.45704,1323.543249,3074444
30-08-2023,1333.906494,1335.300676,1323.543055,1326.331418,3070887
31-08-2023,1334.185181,1342.968592,1327.864959,1333.906412,9792735
01-09-2023,1341.992798,1343.991148,1327.446813,1330.002813,3582133
04-09-2023,1361.74353,1366.297879,1333.488096,1341.202612,4609014
05-09-2023,1374.570068,1375.638964,1353.750268,1361.65063,5496840
06-09-2023,1373.22229,1378.287884,1360.070602,1377.35843,5075786
07-09-2023,1362.766113,1369.458254,1358.908968,1366.855736,4411743
08-09-2023,1365.92627,1370.712983,1357.189375,1360.25662,3125838
11-09-2023,1372.292969,1373.780187,1361.186034,1365.926228,4182226
12-09-2023,1395.203979,1397.89942,1372.897074,1377.91615,6793161
13-09-2023,1392.647949,1398.828844,1383.632287,1398.828844,4804686
14-09-2023,1400.641357,1405.846393,1393.391681,1398.828967,6444213
15-09-2023,1404.963379,1411.283715,1402.54682,1410.91191,8657816
18-09-2023,1386.560059,1398.735888,1383.028087,1398.735888,3991916
20-09-2023,1385.119385,1389.627216,1372.060505,1372.060505,4169337
21-09-2023,1395.808228,1398.410745,1371.874775,1381.680565,6779195
22-09-2023,1390.603149,1400.641188,1380.425556,1386.652968,5455613
25-09-2023,1370.155273,1384.747663,1367.738715,1384.747663,4217863
26-09-2023,1357.607544,1375.499541,1356.073922,1374.80245,3996528
27-09-2023,1363.509644,1365.926202,1347.755436,1353.285645,3863586
28-09-2023,1337.903198,1368.714637,1333.767171,1364.346246,5814602
29-09-2023,1334.185181,1344.734578,1316.107339,1331.071531,6068968
03-10-2023,1332.837524,1335.625887,1320.104045,1334.742951,4181867
04-10-2023,1342.457397,1347.662319,1318.152143,1324.472478,4510406
05-10-2023,1360.210083,1371.549495,1347.894811,1349.567875,7384621
06-10-2023,1374.384277,1379.775159,1360.070769,1365.833342,3598672
09-10-2023,1371.363525,1385.816587,1359.048254,1361.557849,3567552
10-10-2023,1389.673706,1391.393174,1365.461375,1379.217345,5688951
11-10-2023,1388.976563,1411.144025,1376.940061,1391.393121,7220129
12-10-2023,1362.115479,1398.271279,1349.567844,1386.653098,11081662
13-10-2023,1330.188599,1336.555338,1301.236073,1305.883345,17973439
16-10-2023,1332.977051,1341.760349,1329.119792,1331.071624,4850745
17-10-2023,1340.691528,1350.822605,1336.60202,1338.646774,3923764
18-10-2023,1338.925537,1351.426653,1336.880669,1340.273201,4264837
19-10-2023,1332.512329,1338.089056,1325.494903,1325.494903,6795691
20-10-2023,1326.563843,1337.020205,1324.704934,1329.119842,3928622
23-10-2023,1309.276001,1331.304026,1306.115833,1325.030208,2636516
25-10-2023,1289.881226,1320.47948,1281.643234,1317.137163,6940777
26-10-2023,1279.901611,1293.600263,1273.923205,1275.75917,6357656
27-10-2023,1299.578491,1303.956418,1283.855741,1283.855741,4634358
30-10-2023,1296.471802,1299.578633,1283.338019,1299.578633,2667696
31-10-2023,1288.328003,1300.331936,1283.243961,1299.202085,3451595
01-11-2023,1274.911621,1296.848147,1272.557909,1292.705706,3090672
02-11-2023,1289.975342,1295.765496,1281.972721,1289.834096,3758060
03-11-2023,1307.769653,1310.546988,1297.130828,1299.296289,3349045
06-11-2023,1321.185669,1324.904488,1309.417109,1312.335689,2736381
07-11-2023,1322.127319,1323.633672,1313.230218,1318.078888,2272209
08-11-2023,1309.605347,1322.786134,1305.321545,1322.786134,3550635
09-11-2023,1294.353394,1315.725053,1289.881341,1314.218701,5498051
10-11-2023,1288.751465,1292.799896,1281.360832,1289.787075,2943649
13-11-2023,1293.176636,1301.555759,1290.634558,1299.107922,3462092
15-11-2023,1327.964355,1331.259552,1311.488371,1317.13728,8551860
16-11-2023,1360.35144,1368.354061,1328.058465,1333.236632,6673907
17-11-2023,1353.431519,1366.094443,1351.077807,1356.726715,4901251
20-11-2023,1352.537109,1367.035999,1349.759775,1357.621151,3584210
21-11-2023,1354.796631,1365.152964,1352.67829,1357.621085,3793135
22-11-2023,1372.496582,1373.579198,1352.160418,1352.160418,3108786
23-11-2023,1364.447021,1382.005738,1362.987674,1382.005738,3186928
24-11-2023,1353.290405,1367.64805,1349.948088,1360.96353,2973195
28-11-2023,1358.280151,1360.445612,1343.546005,1359.504128,3755373
29-11-2023,1374.191406,1375.227017,1364.964923,1366.188784,3875778
30-11-2023,1370.001709,1375.179876,1364.729417,1368.212865,10120867
01-12-2023,1367.318604,1374.473866,1361.528448,1374.473866,3489187
04-12-2023,1378.663208,1385.771464,1364.493931,1374.991394,5511948
05-12-2023,1368.871948,1381.064247,1357.621249,1380.028636,5123039
06-12-2023,1388.03125,1390.573213,1366.141726,1371.508144,5269178
07-12-2023,1380.122681,1386.665954,1376.262616,1386.665954,4424453
08-12-2023,1403.895264,1407.237466,1380.452266,1384.359452,6323433
11-12-2023,1401.400269,1410.344375,1395.280617,1402.812496,3862018
12-12-2023,1389.678589,1402.812255,1381.770094,1391.043696,6103494
13-12-2023,1364.211548,1389.678759,1349.289036,1389.631639,8549258
14-12-2023,1413.592407,1422.583634,1375.838887,1377.768977,12489858
15-12-2023,1486.039673,1495.595767,1431.998421,1433.928511,18395389
18-12-2023,1472.811768,1499.785331,1468.998823,1476.20109,6467243
19-12-2023,1467.115967,1481.850114,1452.946573,1478.22542,4221721
20-12-2023,1446.497437,1490.841353,1440.47191,1473.471002,6592367
21-12-2023,1446.120728,1456.147564,1432.233826,1432.233826,5319038
22-12-2023,1471.446655,1474.365235,1433.881388,1445.132085,6741060
26-12-2023,1453.605469,1457.418528,1433.881407,1445.179225,6878067
27-12-2023,1475.400879,1478.131208,1453.652602,1453.652602,4225849
28-12-2023,1471.211304,1477.142589,1464.008922,1477.142589,5702253
29-12-2023,1452.616943,1468.198448,1449.886614,1450.875219,4388990
01-01-2024,1460.57251,1465.891922,1445.414627,1448.945195,2808451
02-01-2024,1444.61438,1458.501281,1433.88143,1455.535581,5396313
03-01-2024,1402.812378,1431.009802,1400.929408,1431.009802,7550363
04-01-2024,1424.184082,1430.821596,1405.542751,1416.887574,7056038
05-01-2024,1442.872559,1449.604083,1418.111463,1418.582205,8895403
08-01-2024,1433.693115,1446.120669,1424.701889,1439.483155,4440136
09-01-2024,1439.812866,1462.126012,1436.564674,1451.675553,4412074
10-01-2024,1430.962891,1445.602912,1416.934743,1435.71732,4096845
11-01-2024,1406.766602,1435.764381,1399.61134,1435.670255,11296088
12-01-2024,1518.379639,1523.322434,1464.385507,1470.599284,26754401
15-01-2024,1555.427124,1567.525182,1540.269241,1548.695484,13228305
16-01-2024,1536.07959,1552.037711,1529.912818,1548.554264,6500917
17-01-2024,1544.223389,1551.096274,1525.440812,1525.440812,9209876
18-01-2024,1546.483154,1552.508681,1532.972868,1546.530275,6375464
19-01-2024,1562.111694,1568.043095,1547.942416,1554.956432,4522736
23-01-2024,1546.059448,1576.704713,1541.869771,1553.544207,9401255
24-01-2024,1577.36377,1581.694577,1548.742607,1562.770754,8999681
25-01-2024,1571.432373,1582.212444,1560.981914,1575.057067,8865304
29-01-2024,1559.663818,1581.082599,1551.190454,1567.71356,4253785
30-01-2024,1554.815063,1591.109349,1551.802358,1565.171397,4995943
31-01-2024,1563.71228,1569.690686,1542.246379,1551.802473,6763779
01-02-2024,1560.087524,1578.870101,1553.779507,1562.441237,5760011
02-02-2024,1594.263306,1617.941672,1567.572234,1568.560839,7858483
05-02-2024,1588.473267,1601.230433,1583.436345,1595.581524,3634135
06-02-2024,1628.250977,1631.593294,1575.998566,1588.049618,7694265
07-02-2024,1594.639893,1627.827232,1588.143624,1627.827232,4613877
08-02-2024,1593.086426,1606.502584,1584.330686,1598.641209,5919715
09-02-2024,1571.667725,1593.839739,1562.676613,1586.119494,4600004
12-02-2024,1581.788696,1593.886754,1572.609219,1572.609219,3555808
13-02-2024,1585.978394,1590.262081,1566.160091,1584.519046,2696481
14-02-2024,1568.702026,1571.761852,1539.798487,1563.053117,3768579
15-02-2024,1578.258057,1588.991007,1564.371156,1578.870045,4834391
16-02-2024,1602.077637,1608.997527,1589.179226,1590.167831,4880654
19-02-2024,1600.288818,1611.351265,1588.94388,1605.231614,3690993
20-02-2024,1586.637329,1595.110693,1571.102829,1586.401958,3706389
21-02-2024,1558.675415,1576.045766,1549.025195,1576.045766,4300508
22-02-2024,1582.965454,1586.02528,1548.177637,1567.572201,5841277
23-02-2024,1578.728882,1599.064932,1574.068578,1597.699825,5373072
26-02-2024,1563.005981,1576.939887,1548.742464,1576.939887,2782438
27-02-2024,1566.25415,1573.315287,1556.086183,1563.806313,5159088
28-02-2024,1573.456543,1589.038163,1564.794928,1572.279687,3188916
29-02-2024,1575.951538,1583.812914,1556.556973,1567.5723,7814722
01-03-2024,1557.875,1574.115614,1554.391552,1571.33828,6387291
04-03-2024,1541.398926,1567.054388,1538.056724,1560.840611,4445156
05-03-2024,1512.495361,1541.540145,1508.25868,1538.386194,4596579
06-03-2024,1522.898804,1525.346641,1483.780064,1509.011903,6420684
07-03-2024,1521.863159,1533.160978,1510.32997,1522.004405,6348359
11-03-2024,1506.940552,1519.36822,1495.077866,1514.048808,6752895
12-03-2024,1518.567871,1529.912809,1504.163223,1506.375689,4614222
13-03-2024,1517.108765,1529.442194,1505.010707,1518.520992,5688997
14-03-2024,1556.556885,1560.746446,1513.907577,1519.933103,8803799
15-03-2024,1538.386108,1549.495675,1523.651849,1545.070627,11809997
18-03-2024,1508.87085,1537.115398,1505.293161,1534.62044,4958904
19-03-2024,1470.081421,1505.434222,1466.833344,1499.173325,6870411
20-03-2024,1463.961914,1482.791612,1461.514076,1471.540914,4759059
21-03-2024,1463.72644,1484.674478,1453.087731,1472.482295,11062497
22-03-2024,1420.559448,1439.436266,1410.532611,1431.998513,14673890
26-03-2024,1405.307251,1419.241156,1400.835198,1404.695263,8351081
27-03-2024,1397.022217,1411.285735,1394.856871,1408.46128,6857402
28-03-2024,1410.391357,1423.336773,1400.12915,1400.12915,12499530
01-04-2024,1407.943481,1440.424709,1405.448639,1435.764405,6580002
02-04-2024,1396.080933,1405.778274,1394.197963,1397.963903,7279400
03-04-2024,1394.009399,1407.613808,1388.689988,1392.455927,8736248
04-04-2024,1399.705444,1408.131802,1382.099724,1403.330253,11186915
05-04-2024,1392.550171,1399.705433,1389.678711,1393.44465,5072482
08-04-2024,1390.290771,1403.706932,1387.842934,1396.222173,6610887
09-04-2024,1407.378662,1425.21987,1400.27052,1402.812483,9423230
10-04-2024,1418.629395,1421.500854,1397.681357,1412.556748,6744595
12-04-2024,1397.869629,1418.629416,1392.926833,1415.993212,12275616
15-04-2024,1382.241089,1404.648361,1375.556569,1393.397662,8531224
16-04-2024,1331.683228,1370.001731,1330.365241,1366.094545,16173541
18-04-2024,1336.202271,1360.163012,1325.139824,1337.943994,22107945
19-04-2024,1328.67041,1343.35755,1298.072154,1303.956434,20603621
22-04-2024,1348.912354,1352.772418,1330.365149,1336.814297,5859087
23-04-2024,1357.997925,1362.187487,1349.147943,1358.562793,4856174
24-04-2024,1347.029419,1359.786584,1343.545971,1359.786584,4268213
25-04-2024,1354.278809,1360.351455,1336.908459,1336.908459,9089398
26-04-2024,1346.558594,1360.822111,1343.498768,1355.455579,8062444
29-04-2024,1350.795532,1355.550077,1344.67588,1346.276358,5055957
30-04-2024,1337.42627,1352.490026,1334.601815,1350.748187,6936588
02-05-2024,1331.683228,1340.674454,1329.23539,1330.31812,10076354
03-05-2024,1333.425049,1341.42767,1321.091505,1338.885592,8842345
06-05-2024,1342.463379,1361.104711,1334.178266,1336.908595,6445422
07-05-2024,1356.63269,1358.892277,1332.76607,1341.568931,6080661
08-05-2024,1343.78125,1355.502689,1342.180657,1351.266008,6234983
09-05-2024,1355.314575,1365.105926,1341.474679,1344.016757,6088406
10-05-2024,1341.521851,1351.92519,1330.318157,1351.077945,8777481
13-05-2024,1340.156616,1341.615964,1328.623426,1341.615964,3735954
14-05-2024,1341.333374,1349.853858,1335.072592,1342.933967,3463230
15-05-2024,1336.861328,1348.018015,1335.543341,1342.557357,4327544
16-05-2024,1368.307007,1370.566593,1343.498904,1350.042177,9249145
17-05-2024,1359.786499,1371.74331,1355.031955,1371.74331,7542860
21-05-2024,1350.230591,1360.163188,1344.817053,1346.323406,6752663
22-05-2024,1369.672241,1374.520796,1344.440401,1345.146514,7173285
23-05-2024,1386.242188,1391.655725,1365.152906,1369.577838,8641428
24-05-2024,1379.369385,1389.16085,1374.567835,1382.335085,5277938
27-05-2024,1385.253662,1393.020912,1374.803204,1385.724405,5821844
28-05-2024,1381.205444,1389.631688,1374.850421,1389.160946,6186922
29-05-2024,1366.047485,1379.746137,1365.153121,1379.652011,7401634
30-05-2024,1343.922607,1365.011893,1338.367938,1358.374493,9663150
31-05-2024,1351.077026,1379.742614,1344.450781,1353.861984,37113815
03-06-2024,1350.116699,1382.863655,1348.292064,1382.863655,10589244
04-06-2024,1338.352661,1358.855511,1304.453251,1353.093579,13736134
05-06-2024,1373.356323,1380.94289,1344.594729,1344.594729,9233424
06-06-2024,1413.833984,1415.802691,1380.462797,1387.617148,12660930
07-06-2024,1472.749756,1478.607696,1418.635636,1422.236843,24075302
10-06-2024,1440.242798,1469.100518,1437.890056,1464.77907,6810606
11-06-2024,1436.401489,1446.676887,1434.672863,1440.53092,4853054
12-06-2024,1426.270142,1448.885771,1423.9174,1447.205207,9564320
13-06-2024,1434.672974,1445.284578,1430.255516,1435.681359,7307565
14-06-2024,1429.823364,1444.036059,1427.08647,1444.036059,4237727
18-06-2024,1438.754272,1447.205152,1436.065441,1437.601933,5420939
19-06-2024,1451.382568,1455.512,1437.313828,1445.284547,5493456
20-06-2024,1455.271851,1457.288503,1439.618557,1456.136164,7927010
21-06-2024,1471.885498,1495.941611,1463.2426,1483.697506,17301941
24-06-2024,1466.555664,1468.428245,1455.271881,1464.05885,5564989
25-06-2024,1480.768433,1482.641131,1460.025501,1465.451344,4551525
26-06-2024,1479.567993,1487.394641,1474.094205,1479.856137,4851004
27-06-2024,1510.922485,1515.772158,1471.26126,1477.407227,14757754
28-06-2024,1504.584351,1525.471352,1502.183546,1510.154265,8197544
01-07-2024,1527.680176,1536.419082,1497.622052,1497.622052,6801771
02-07-2024,1556.730103,1568.974209,1523.550929,1532.866006,10493173
03-07-2024,1562.828003,1571.086748,1542.277089,1560.523207,7269965
04-07-2024,1585.155518,1594.134505,1563.404201,1563.596219,8008311
05-07-2024,1582.082397,1599.752345,1568.541881,1585.923685,7065022
08-07-2024,1595.718994,1599.896371,1574.928,1577.904975,5880533
09-07-2024,1591.397583,1600.616651,1585.491579,1594.038468,5191182
10-07-2024,1582.850708,1607.578999,1572.57531,1591.253525,9852770
11-07-2024,1587.124146,1598.936153,1576.89681,1590.293255,8857679
12-07-2024,1643.831177,1651.513753,1600.520678,1613.340953,17078316
15-07-2024,1639.317627,1659.436325,1635.092187,1657.707698,6942230
16-07-2024,1657.563721,1668.943512,1632.547287,1650.409252,6886281
18-07-2024,1688.294067,1695.35241,1650.793448,1650.793448,11248896
19-07-2024,1721.809204,1770.833687,1715.567111,1770.833687,29819116
22-07-2024,1738.998901,1750.666836,1721.809116,1728.723504,8462126
23-07-2024,1764.015503,1766.944415,1712.494204,1738.182818,7113056
24-07-2024,1761.182373,1769.249101,1747.401777,1764.591563,6002845
25-07-2024,1752.443481,1758.253476,1740.103368,1747.785943,5815599
26-07-2024,1804.348999,1808.286296,1752.92371,1752.92371,11369047
29-07-2024,1796.858398,1827.492692,1790.040136,1818.465643,4635931
30-07-2024,1802.668335,1805.357166,1786.19879,1796.85834,2721265
31-07-2024,1794.12146,1810.350924,1791.048477,1802.524277,5004209
01-08-2024,1779.092407,1793.78538,1771.889993,1782.453534,7475014
02-08-2024,1748.938354,1785.718733,1744.088799,1769.873421,7400938
05-08-2024,1682.388062,1726.178719,1650.361348,1714.126632,10736703
06-08-2024,1681.619751,1725.650489,1675.617739,1690.358657,7690163
07-08-2024,1720.560913,1726.562926,1692.183351,1724.73829,5094329
08-08-2024,1673.985352,1709.325132,1658.572136,1709.325132,6227910
09-08-2024,1700.490112,1710.093332,1686.325363,1700.970273,4258524
12-08-2024,1726.082764,1731.940704,1697.945283,1702.698947,4315329
13-08-2024,1726.130615,1738.182702,1718.064005,1738.182702,4176918
14-08-2024,1750.907104,1752.587668,1726.13075,1730.500262,7450718
16-08-2024,1785.19043,1787.975387,1756.908995,1776.595595,7335657
19-08-2024,1790.808472,1793.449357,1775.827355,1786.198879,2585989
20-08-2024,1797.914795,1810.879142,1794.073507,1805.405353,3870333
21-08-2024,1798.394775,1804.44485,1793.016996,1800.699571,1966902
22-08-2024,1805.645386,1818.513724,1795.513942,1809.246593,4300287
23-08-2024,1788.215576,1807.902177,1783.317957,1803.676737,5015935
26-08-2024,1801.70813,1813.808164,1790.040194,1795.802126,3728589
27-08-2024,1824.707642,1827.252518,1799.547254,1801.707979,3830679
28-08-2024,1862.160278,1873.588133,1822.1149,1831.237958,6514531
29-08-2024,1856.638428,1873.107973,1844.682466,1856.302338,7228284
30-08-2024,1866.577759,1872.627834,1851.500751,1861.10397,13466759
02-09-2024,1886.55249,1897.356112,1865.713551,1866.241657,5573739
03-09-2024,1864.225098,1888.953389,1859.615505,1888.953389,4694322
04-09-2024,1846.170898,1850.732428,1824.65978,1844.874487,4778310
05-09-2024,1856.446411,1863.024593,1833.830782,1849.820166,4081810
06-09-2024,1826.388306,1859.663485,1821.586696,1845.738817,5848106
09-09-2024,1819.474121,1844.634511,1814.048278,1815.0086,4772612
10-09-2024,1836.423706,1858.222967,1820.770411,1829.3173,6909600
11-09-2024,1834.359009,1849.580088,1829.413327,1838.728403,5312946
12-09-2024,1873.060059,1878.774045,1834.983384,1848.61991,8555092
13-09-2024,1866.961792,1880.88646,1858.847119,1873.059813,3843127
16-09-2024,1872.86792,1874.548483,1856.350429,1868.546471,1570181
17-09-2024,1875.076782,1880.742588,1865.08941,1870.46719,2793127
18-09-2024,1817.073242,1861.824223,1806.653772,1861.824223,6385468
19-09-2024,1819.041748,1848.523702,1804.252884,1834.791051,7976570
20-09-2024,1830.133545,1839.016523,1793.305222,1829.413303,15242974
23-09-2024,1821.202515,1842.761813,1803.91672,1833.254602,3636672
24-09-2024,1823.267212,1835.079219,1797.146502,1813.087823,7277616
25-09-2024,1820.098389,1826.148347,1802.332431,1811.503436,4268341
26-09-2024,1824.851685,1841.849335,1817.889351,1822.498943,8952803
27-09-2024,1831.093994,1896.251819,1827.78093,1855.438134,14908931
30-09-2024,1801.179932,1825.812215,1796.282313,1805.405372,6986955
01-10-2024,1828.789185,1833.206642,1800.603757,1800.603757,4029072
03-10-2024,1818.27356,1835.991452,1806.365544,1814.528281,7503887
04-10-2024,1842.041626,1876.565154,1811.167251,1814.576441,10001483
07-10-2024,1857.550903,1864.945336,1840.025027,1846.891235,6112575
08-10-2024,1871.235352,1880.262284,1830.709696,1861.0079,5637391
09-10-2024,1875.268677,1898.556484,1867.92219,1875.076659,4857163
10-10-2024,1842.857788,1886.072275,1838.152187,1880.214335,4782119
11-10-2024,1858.31897,1869.746824,1834.310921,1841.897488,4709431
14-10-2024,1881.174683,1891.354072,1854.477686,1855.486071,3751378
15-10-2024,1881.558838,1912.433095,1874.30836,1882.231016,5353705
16-10-2024,1843.914185,1881.798956,1840.312977,1877.429445,3111512
17-10-2024,1890.009644,1899.516854,1853.565472,1858.415027,8162822
18-10-2024,1805.021118,1859.99955,1795.081809,1818.65776,10526196
21-10-2024,1779.236572,1823.459447,1765.071823,1816.064897,4654601
22-10-2024,1778.13208,1803.292585,1773.66656,1784.470181,4125240
23-10-2024,1799.067139,1811.167172,1770.83365,1772.034053,4311910
24-10-2024,1789.415771,1809.246442,1786.198717,1787.543191,2906475
25-10-2024,1788.16748,1801.900014,1773.138419,1789.511837,4689120
28-10-2024,1791.336548,1807.229923,1783.317883,1785.910705,7018940
29-10-2024,1786.431763,1798.378144,1776.427775,1792.939132,4621252
30-10-2024,1750.301025,1786.140408,1744.716301,1779.341614,5919715
31-10-2024,1706.740234,1736.509265,1696.299229,1736.509265,7395236
01-11-2024,1710.236572,1715.238566,1701.689588,1713.781681,371966
04-11-2024,1712.956177,1716.209862,1668.618303,1674.931469,7336722
05-11-2024,1703.77771,1717.618112,1694.8422,1709.411044,3160880
06-11-2024,1771.280151,1774.679549,1711.985023,1713.296195,10421494
07-11-2024,1751.223755,1773.222616,1735.635044,1760.839098,4550965
08-11-2024,1777.350464,1787.694367,1761.033429,1765.743998,4210960
11-11-2024,1806.633789,1814.306737,1770.163187,1776.427742,3804234
12-11-2024,1815.08374,1826.933019,1807.507894,1817.317558,5012450
13-11-2024,1814.695313,1819.357272,1802.943135,1807.605094,4257495
14-11-2024,1810.955933,1822.07677,1802.651644,1811.975681,4311431
18-11-2024,1759.382202,1796.047128,1743.405083,1796.047128,4839244
19-11-2024,1772.299927,1806.245287,1768.220698,1773.028369,4669769
21-11-2024,1781.332642,1813.335489,1768.269173,1789.054082,5436504
22-11-2024,1847.572266,1859.033137,1781.284024,1800.806252,6301486
25-11-2024,1835.383057,1864.132339,1827.90443,1860.927146,12764638
26-11-2024,1868.842773,1882.877379,1842.764566,1850.194582,6850495
27-11-2024,1869.182739,1885.596994,1856.799221,1874.621751,4447143
28-11-2024,1803.282959,1859.858636,1798.426678,1859.858636,8468790
29-11-2024,1804.448486,1823.048068,1791.967867,1797.892506,5244346
02-12-2024,1825.7677,1828.681469,1782.449573,1805.565521,2868263
03-12-2024,1837.713989,1845.144124,1817.366218,1832.760606,4715792
04-12-2024,1834.945923,1858.935905,1821.105521,1829.846827,4705573
05-12-2024,1879.235229,1893.852684,1834.654542,1845.386971,9050038
06-12-2024,1867.143188,1882.246153,1857.430625,1877.244278,3573331
09-12-2024,1868.357178,1874.718835,1842.667378,1868.891298,4274645
10-12-2024,1892.541504,1909.101353,1876.467165,1883.265959,6174921
11-12-2024,1917.40564,1921.144953,1895.892289,1898.806058,5025612
12-12-2024,1929.88623,1941.347102,1913.909112,1918.425359,6462130
13-12-2024,1942.221191,1948.777171,1897.640622,1913.132112,5362693
16-12-2024,1923.136108,1942.124098,1920.756459,1938.093361,3119221
17-12-2024,1919.785278,1925.030086,1901.719934,1911.432497,5811050
18-12-2024,1922.261963,1927.895178,1905.216367,1910.266971,3064095
19-12-2024,1890.259033,1903.419604,1864.812165,1878.409753,5323592
20-12-2024,1866.900269,1923.03881,1856.313551,1918.376851,11056720
23-12-2024,1868.988525,1884.237202,1854.128257,1874.573249,2781793
24-12-2024,1854.17688,1886.179727,1787.111585,1871.659493,2360544
26-12-2024,1852.574341,1864.569333,1847.620957,1854.176937,3623321
27-12-2024,1861.655518,1868.842838,1849.174898,1854.516807,3937500
30-12-2024,1851.214478,1860.92704,1832.27498,1860.635616,7789055
31-12-2024,1825.961792,1842.473149,1792.016433,1837.908292,3613063
01-01-2025,1828.390015,1838.539596,1820.134336,1820.134336,1838368
02-01-2025,1901.574219,1906.236297,1831.109642,1832.76073,7083645
03-01-2025,1883.023193,1896.814986,1866.75465,1896.814986,6218003
06-01-2025,1882.149048,1916.288731,1872.582197,1895.892349,7164403
07-01-2025,1875.35022,1902.254091,1868.357222,1889.09352,4294832
08-01-2025,1877.584106,1882.877406,1834.460304,1874.524625,5482050
09-01-2025,1862.189819,1895.746655,1855.633839,1878.458363,6833503
10-01-2025,1910.412476,1920.950701,1876.70993,1881.323398,8036913
13-01-2025,1905.799072,1925.807047,1892.978536,1899.777331,5804152
14-01-2025,1884.285889,1915.123277,1875.593073,1912.258,5792162
15-01-2025,1893.609863,1901.76844,1881.420549,1891.03601,2985439
16-01-2025,1873.019165,1910.412533,1861.752616,1909.441276,7533579
17-01-2025,1763.267212,1804.594215,1759.916425,1797.795421,16409953
20-01-2025,1761.179199,1775.40801,1741.60836,1770.551728,4333011
21-01-2025,1748.941162,1779.001616,1741.511146,1766.76381,7169109
22-01-2025,1803.088745,1812.170087,1753.263367,1755.448694,8373913
23-01-2025,1811.829956,1825.524764,1799.446439,1804.594144,5907471
24-01-2025,1821.542603,1840.433609,1810.664579,1811.87865,4887027
27-01-2025,1769.629028,1809.450538,1759.916465,1795.610135,7652371
28-01-2025,1777.15625,1809.936151,1772.445681,1777.399064,6999495
29-01-2025,1827.175903,1834.363224,1787.597209,1791.967863,5145155
30-01-2025,1806.488037,1832.95477,1790.996547,1819.308691,7336056
31-01-2025,1825.7677,1842.91028,1817.220597,1817.220597,5820470
01-02-2025,1798.135376,1836.257187,1792.939178,1826.253318,1701402
03-02-2025,1809.741943,1822.61109,1779.730099,1783.226598,4823228
04-02-2025,1844.221558,1856.265041,1821.10561,1834.703198,7334787
05-02-2025,1842.521729,1864.520588,1839.850774,1851.214425,4996744
06-02-2025,1860.587158,1868.697125,1845.386973,1861.89833,4765255
07-02-2025,1848.932007,1868.405624,1835.140097,1864.132191,4126260
10-02-2025,1826.253296,1850.243279,1824.602089,1850.243279,3828734
11-02-2025,1821.736938,1848.300775,1816.249317,1828.972751,4411601
12-02-2025,1809.596313,1840.142279,1793.9105,1830.818241,5633947
13-02-2025,1790.268311,1819.648816,1782.886786,1814.792534,5237744
14-02-2025,1803.040283,1805.85695,1775.796496,1800.709244,5292961
17-02-2025,1789.345459,1799.495039,1769.774622,1785.703248,4428956
18-02-2025,1798.71814,1808.139397,1784.780635,1789.345611,4365260
19-02-2025,1758.750977,1796.047124,1753.991797,1794.298934,4611411
20-02-2025,1772.688477,1778.370302,1753.651877,1753.651877,2218020
21-02-2025,1762.8302,1777.253333,1754.283097,1769.434791,3379879
24-02-2025,1713.393188,1756.031363,1699.941313,1748.309923,7594720
25-02-2025,1716.889771,1727.330776,1694.988011,1694.988011,5092963
27-02-2025,1713.587524,1724.805463,1700.76687,1704.748997,5757079
28-02-2025,1639.189209,1704.651907,1634.090113,1704.603416,12182167
03-03-2025,1659.488525,1678.913652,1643.657119,1643.657119,7504969
04-03-2025,1639.772095,1650.16449,1621.998057,1646.279465,6759673
05-03-2025,1662.305176,1683.138576,1643.802696,1643.802696,8180782
06-03-2025,1666.530151,1672.794826,1642.491557,1665.704607,10610547
07-03-2025,1637.538086,1655.991955,1627.339895,1654.146545,8019331
10-03-2025,1652.543945,1669.58954,1628.019724,1637.538083,7558981
11-03-2025,1613.839355,1631.710494,1589.995086,1631.710494,12671234
12-03-2025,1545.123047,1589.849447,1518.850635,1589.849447,14870008
13-03-2025,1534.439209,1559.886195,1525.163783,1553.281605,7822888
17-03-2025,1544.346191,1548.182607,1500.736758,1500.736758,7526032
18-03-2025,1544.346191,1544.346191,1544.346191,1544.346191,0
19-03-2025,1540.946777,1556.923897,1527.592003,1556.923897,7387068
20-03-2025,1569.113281,1584.993299,1546.240146,1546.240146,7186750
21-03-2025,1546.774292,1557.798027,1518.704961,1532.593855,10074677
24-03-2025,1546.968506,1560.90601,1527.494769,1552.018991,8857726
25-03-2025,1581.642212,1589.120956,1558.8663,1558.8663,9890140
26-03-2025,1553.475952,1590.675119,1549.153909,1579.262856,6651302
27-03-2025,1557.45813,1573.386639,1540.412534,1549.688079,9426573
28-03-2025,1525.503784,1552.504639,1515.159881,1544.297571,6799047
01-04-2025,1482.622681,1502.92196,1474.22129,1495.006198,12680733
02-04-2025,1505.593018,1510.934927,1491.072664,1491.072664,6193478
03-04-2025,1453.484985,1490.538435,1442.364149,1490.538435,10459504
04-04-2025,1409.924194,1429.689236,1406.379085,1418.519789,9590254
07-04-2025,1356.602295,1365.489314,1269.432038,1313.138574,21715252
08-04-2025,1387.731079,1414.634832,1374.327694,1389.867796,12805001
09-04-2025,1363.352417,1368.937141,1342.179101,1364.663708,8546854
11-04-2025,1368.937256,1397.443725,1356.893772,1370.685565,12567440
15-04-2025,1385.011475,1406.087689,1368.500118,1404.048074,10178530
16-04-2025,1372.4823,1386.468415,1356.650893,1384.040274,12022740
17-04-2025,1378.698242,1388.702229,1338.682532,1357.816233,14264227
21-04-2025,1409.292969,1429.495148,1369.471458,1369.471458,15648970
22-04-2025,1381.903564,1398.609126,1378.504167,1398.609126,9399738
23-04-2025,1432.505859,1445.035089,1398.220467,1404.43653,11136642
24-04-2025,1429.106567,1440.276015,1419.491106,1427.649683,7114292
25-04-2025,1437.653564,1458.535575,1421.433631,1433.088707,8329979
28-04-2025,1439.498901,1446.783323,1423.181867,1437.653491,5886253
29-04-2025,1454.456421,1466.402922,1431.728998,1439.401947,8056743
30-04-2025,1456.981567,1465.431568,1439.984582,1453.776493,7704183
02-05-2025,1463.586182,1479.417589,1453.193668,1456.593065,7402310
05-05-2025,1465.237305,1479.22342,1459.604089,1471.453369,4282493
06-05-2025,1468.053833,1472.03596,1456.010232,1462.711924,4270530
07-05-2025,1464.945923,1475.144114,1453.582153,1456.884448,5691799
08-05-2025,1467.956909,1472.910293,1458.050023,1464.654614,8424409
09-05-2025,1464.265991,1467.956813,1451.154031,1457.564299,4478653
12-05-2025,1580.136963,1585.090347,1487.964713,1492.820994,11372857
13-05-2025,1523.512573,1565.859323,1519.627548,1562.751351,12846210
14-05-2025,1546.62854,1549.153783,1524.386747,1528.757401,4870057
15-05-2025,1566.636353,1572.075364,1525.843589,1544.103255,11151167
16-05-2025,1544.200439,1566.24791,1536.041863,1566.24791,4576751
19-05-2025,1514.965576,1539.441187,1510.983331,1531.185508,8855798
20-05-2025,1515.742554,1537.984347,1513.217311,1524.872387,7143998
21-05-2025,1523.415527,1525.843668,1507.4869,1522.832797,4157309
22-05-2025,1503.019043,1515.936798,1495.734621,1510.789093,6158990
23-05-2025,1519.821899,1541.577946,1505.447259,1505.447259,5038421
26-05-2025,1535.070557,1538.27575,1517.782147,1521.570071,3170102
27-05-2025,1524.969604,1537.401733,1511.66344,1534.487964,7775714
28-05-2025,1526.620728,1542.063608,1524.872419,1535.556238,3623370
29-05-2025,1540.024048,1562.654368,1531.282741,1543.326343,8609500
30-05-2025,1539.137573,1548.297396,1531.65219,1547.312474,13148092
02-06-2025,1530.371826,1536.478294,1515.794933,1536.478294,4374509
03-06-2025,1519.734619,1543.668271,1512.446172,1535.493371,6853403
04-06-2025,1527.810913,1533.819033,1518.15875,1519.734601,4548307
05-06-2025,1530.864258,1544.062116,1518.355677,1524.560733,6948539
06-06-2025,1540.221069,1545.244147,1519.833112,1531.258183,3960020
09-06-2025,1549.183838,1564.056136,1547.312462,1554.206916,2903202
10-06-2025,1571.935547,1583.26215,1553.714489,1560.116483,8591925
11-06-2025,1606.506226,1609.953453,1566.124424,1566.124424,10597410
12-06-2025,1584.345459,1603.452969,1574.003778,1592.618828,10483574
13-06-2025,1577.844971,1584.739424,1546.524404,1552.237,6968315
16-06-2025,1599.316406,1610.150548,1573.018916,1575.875214,5591842
17-06-2025,1615.173584,1622.560499,1591.239932,1596.26301,7622083
18-06-2025,1608.279175,1619.901182,1596.558579,1596.558579,5629707
19-06-2025,1593.997803,1605.422874,1587.201817,1599.414874,5147760
20-06-2025,1598.429932,1606.112251,1584.641024,1594.588712,9202821
23-06-2025,1560.116455,1576.860129,1551.64615,1576.860129,7943676
24-06-2025,1557.752563,1584.739449,1552.827954,1576.860074,8083992
25-06-2025,1590.550537,1595.475147,1561.199814,1566.025956,7813533
26-06-2025,1591.633911,1599.513287,1582.375621,1584.542521,6519233
27-06-2025,1583.754517,1605.028807,1578.238978,1594.588658,8912268
30-06-2025,1577.648071,1590.648993,1570.0641,1590.648993,6294505
01-07-2025,1582.572754,1593.308308,1576.367697,1584.739534,4178937
02-07-2025,1586.216919,1624.136417,1579.223997,1593.603834,8653641
03-07-2025,1594.293213,1607.786717,1590.64905,1594.096277,5259695
04-07-2025,1615.961426,1618.620787,1587.989738,1600.498199,4411273
07-07-2025,1602.46814,1619.211814,1598.528452,1615.272126,3294523
08-07-2025,1613.991577,1621.378492,1597.050967,1603.45296,4590681
09-07-2025,1609.067017,1613.302229,1599.119328,1613.105293,4580828
10-07-2025,1591.437012,1614.188686,1582.868118,1614.188686,5330179
11-07-2025,1570.852051,1582.868051,1539.433016,1555.290236,11391755
14-07-2025,1546.623047,1567.79887,1536.281366,1567.79887,9173426
15-07-2025,1561.692261,1579.420856,1540.41797,1541.50136,7614807
16-07-2025,1583.656128,1587.694284,1554.699397,1555.191858,6223491
17-07-2025,1559.624023,1585.724457,1556.275265,1573.905393,7374814
18-07-2025,1562.184692,1575.185734,1556.176692,1568.094224,5161833
21-07-2025,1560.411987,1565.041073,1543.175852,1556.176775,3682661
22-07-2025,1547.213989,1561.889351,1541.402925,1541.402925,8473741
23-07-2025,1550.759644,1567.89731,1526.629055,1552.532551,8035026
24-07-2025,1529.091431,1558.14663,1524.856218,1556.176786,14169664
25-07-2025,1492.846191,1526.136602,1488.512631,1520.128602,10851259
28-07-2025,1493.141724,1496.392014,1460.146837,1491.073412,6439855
29-07-2025,1490.876343,1494.32357,1473.54174,1490.088477,7070448
30-07-2025,1496.096558,1498.755799,1483.292571,1496.983011,5719051
31-07-2025,1486.247314,1504.074379,1474.42825,1486.936712,6851407
01-08-2025,1447.441284,1476.102489,1443.403128,1471.374936,8702978
04-08-2025,1458.177002,1460.442371,1429.121803,1439.463484,8610216
05-08-2025,1438.281616,1456.404084,1433.061482,1456.404084,10213323
06-08-2025,1415.037354,1434.144864,1408.733949,1430.106708,10566934
07-08-2025,1415.234375,1420.257453,1392.876575,1408.438389,9892020
08-08-2025,1401.642456,1411.590144,1395.732924,1403.513832,10048009
11-08-2025,1406.665527,1411.787194,1392.679683,1398.490747,6625368
12-08-2025,1402.627441,1419.272648,1399.574207,1406.665598,9899184
13-08-2025,1405.089722,1412.378169,1400.953097,1403.513871,10318063
14-08-2025,1425.87146,1447.835268,1404.695638,1404.695638,12902347
18-08-2025,1414.151001,1442.615149,1408.044413,1442.615149,7254561
19-08-2025,1418.28772,1427.546011,1411.097741,1411.097741,3986094
20-08-2025,1473.640259,1476.398089,1418.977087,1418.977087,10413061
21-08-2025,1473.83728,1485.262351,1461.919748,1485.262351,6565539
22-08-2025,1465.071411,1481.618148,1463.692496,1475.51156,5543397
25-08-2025,1508.998901,1515.794887,1483.98186,1483.98186,10694531
26-08-2025,1506.536621,1515.203983,1495.702479,1500.03616,15994798
28-08-2025,1477.481445,1506.536644,1475.413133,1506.536644,5443364
29-08-2025,1447.441284,1479.254311,1445.569908,1479.254311,8169075
01-09-2025,1476.792114,1480.731802,1453.941851,1454.434312,4546057
02-09-2025,1476.102539,1489.990035,1463.889603,1476.792057,5218763
03-09-2025,1456.798096,1479.254365,1450.790096,1477.382989,4623483
04-09-2025,1440.940918,1461.62428,1438.08462,1461.62428,5787724
05-09-2025,1422.818237,1450.49452,1411.393167,1447.835279,5466487
08-09-2025,1411.2948,1436.016319,1406.764183,1429.121864,3811567
09-09-2025,1481.618164,1484.474342,1450.297597,1458.669434,13072640
10-09-2025,1509.491455,1511.756824,1486.542844,1487.33071,7281071
11-09-2025,1486.936646,1504.468305,1483.784943,1500.92261,8003662
12-09-2025,1502.596924,1519.636122,1498.164775,1513.825058,12856963
15-09-2025,1485.656372,1504.468358,1478.564862,1502.596982,6167414
16-09-2025,1488.512695,1491.171937,1480.830255,1485.656397,8923112
17-09-2025,1499.445313,1503.680405,1491.171943,1494.028241,4795698
18-09-2025,1517.37085,1531.553751,1515.302537,1526.629141,9331945
19-09-2025,1516.976807,1527.909537,1497.179899,1521.310487,12988129
22-09-2025,1476.890503,1491.861269,1459.654368,1460.343766,15655204
23-09-2025,1474.920654,1490.186945,1470.488505,1470.488505,9832164
24-09-2025,1472.064331,1474.132643,1460.343736,1464.775885,4937004
25-09-2025,1462.412231,1480.042239,1454.237331,1466.548856,9491867
26-09-2025,1427.053467,1456.404069,1419.469495,1452.759906,8597058
29-09-2025,1420.060547,1442.910689,1414.840412,1437.986079,10513117
30-09-2025,1420.060547,1430.303639,1416.416263,1421.242405,7556305
01-10-2025,1424.000244,1427.644407,1405.877656,1424.19718,6250692
03-10-2025,1424.788086,1426.462525,1411.590108,1417.302703,6877533
06-10-2025,1453.744873,1456.502703,1420.55305,1424.788142,4630590
07-10-2025,1436.508667,1460.540787,1432.076518,1455.41912,5570320
08-10-2025,1472.458374,1475.41314,1433.061494,1435.031338,4657192
09-10-2025,1486.542847,1491.171932,1464.579038,1479.352868,7028753
10-10-2025,1492.05835,1498.755747,1476.20113,1487.232208,3738353
13-10-2025,1470.685425,1482.012027,1461.033262,1474.428176,5859355
14-10-2025,1467.435303,1491.565892,1464.086544,1476.398069,5600789
15-10-2025,1452.169067,1466.154912,1445.373081,1461.525827,6986098
16-10-2025,1449.312744,1452.26751,1438.478602,1451.676581,8005748
17-10-2025,1419.371094,1436.410293,1412.378171,1432.963066,16959378
20-10-2025,1438.872559,1444.880559,1428.136885,1431.781048,6994246
21-10-2025,1450.199219,1463.594134,1447.835382,1455.714758,1698704
23-10-2025,1505.453247,1522.689382,1483.292503,1487.23219,20358624
24-10-2025,1502.400024,1519.734627,1495.111578,1516.2874,8652257
27-10-2025,1504.5,1515.300049,1498.099976,1510,7273211
28-10-2025,1500.199951,1506.5,1490.5,1499.699951,8211019
29-10-2025,1510.400024,1520.199951,1496.900024,1500.199951,4884976
30-10-2025,1493.800049,1508.199951,1489.099976,1507,5608867
31-10-2025,1482.300049,1497.099976,1480.699951,1490,4819814
03-11-2025,1485.5,1491.400024,1474.199951,1482.300049,5470600
04-11-2025,1467.900024,1481.900024,1462.900024,1479.699951,8691330
05-11-2025,1467.900024,1467.900024,1467.900024,1467.900024,0
06-11-2025,1466.699951,1483,1461.900024,1478.599976,7944752
07-11-2025,1476.800049,1480.900024,1449.099976,1470,8765759
10-11-2025,1513.5,1520,1490,1490.099976,9787975
11-11-2025,1530.300049,1533.400024,1511.099976,1525,13692989
12-11-2025,1551.699951,1559.199951,1538.099976,1540,14635417
13-11-2025,1541.800049,1557.5,1530.300049,1557.099976,19655689
14-11-2025,1502.800049,1530,1488.800049,1520,9739549
17-11-2025,1507.599976,1510.199951,1492.5,1496,7910354
18-11-2025,1486.400024,1506,1483.199951,1506,7525119
19-11-2025,1541.099976,1543,1490.5,1490.5,10981126
20-11-2025,1536.5,1555,1534,1555,7387584
21-11-2025,1545,1551.5,1526.300049,1531,9186302
24-11-2025,1548,1585,1541,1563.599976,19270381
25-11-2025,1530.599976,1550.599976,1525.900024,1549,8107952
26-11-2025,1557.900024,1560.300049,1532.099976,1532.099976,7575038
27-11-2025,1566.400024,1574.300049,1552.199951,1564,7552252
28-11-2025,1560.099976,1568.400024,1557,1565,4453221
01-12-2025,1564,1574,1556,1562.5,5341800
02-12-2025,1561,1579.900024,1556.099976,1567,6335969
03-12-2025,1578.699951,1586,1554.099976,1555.099976,12895312
04-12-2025,1597.599976,1599,1568,1568,12609619
05-12-2025,1616.199951,1631.800049,1600,1610,10344725
08-12-2025,1610.800049,1630,1600.199951,1617.099976,7550413
09-12-2025,1599,1606.900024,1582.400024,1601.199951,6957599
10-12-2025,1584.800049,1608,1582.800049,1608,5116140
11-12-2025,1598,1607.400024,1580.5,1598,5159319
12-12-2025,1598.199951,1601.800049,1582.599976,1601.400024,4633912
15-12-2025,1606.800049,1610.800049,1585,1585,4190558
16-12-2025,1592.900024,1603,1585.599976,1600,5499258
17-12-2025,1602,1606.900024,1586,1587.199951,4817628
18-12-2025,1626.800049,1630,1606.699951,1610.5,6577293
19-12-2025,1638.699951,1654.900024,1629.800049,1650,13149023
22-12-2025,1689.599976,1693.199951,1664,1664,23098923
23-12-2025,1668.300049,1679,1656.400024,1679,6593060
24-12-2025,1663.400024,1667.599976,1652.5,1661,4271167
25-12-2025,1663.400024,1663.400024,1663.400024,1663.400024,0
26-12-2025,1656.099976,1668.800049,1651.699951,1663.400024,2006491
29-12-2025,1644.699951,1673.099976,1637.099976,1658,4062817
30-12-2025,1621.599976,1647.900024,1616.800049,1647,9395937
