Date,Close,High,Low,Open,Volume
01-01-2015,3032.034912,3049.50604,3013.429295,3013.429295,299232
02-01-2015,3049.143066,3070.380609,3040.883899,3049.506014,233924
05-01-2015,3129.192871,3148.751505,3064.073205,3069.473328,536747
06-01-2015,3081.498779,3121.205891,3069.926992,3121.205891,422743
07-01-2015,3120.071289,3139.312176,3069.518509,3085.809725,369241
08-01-2015,3154.332764,3185.236284,3125.743645,3144.803057,422022
09-01-2015,3147.707275,3183.557122,3112.991917,3176.568715,194054
12-01-2015,3142.897217,3161.729733,3126.787474,3149.341202,152803
13-01-2015,3147.75293,3190.182815,3142.171333,3161.866016,237771
14-01-2015,3191.090332,3204.704199,3141.445143,3151.020273,429069
15-01-2015,3290.743652,3302.406064,3212.872296,3222.265952,670686
16-01-2015,3282.394043,3290.01772,3260.112637,3281.168706,379075
19-01-2015,3291.151855,3305.900209,3281.122931,3292.467818,192537
20-01-2015,3272.36499,3300.001094,3253.260154,3283.664455,333315
21-01-2015,3298.821289,3349.011121,3260.067194,3288.202518,402419
22-01-2015,3264.832275,3310.892526,3260.15827,3310.892526,318883
23-01-2015,3273.408447,3303.404374,3244.637857,3298.185726,337571
27-01-2015,3347.105469,3362.353045,3253.850474,3308.124471,1278436
28-01-2015,3381.502686,3411.180868,3350.826065,3350.826065,672705
29-01-2015,3347.921631,3398.928199,3337.212013,3398.928199,603103
30-01-2015,3310.30249,3395.298308,3291.424551,3358.087073,284786
02-02-2015,3330.360352,3380.777085,3285.480013,3310.30272,319679
03-02-2015,3274.452637,3365.347797,3267.327958,3365.347797,220676
04-02-2015,3228.800537,3298.185828,3222.401976,3285.479553,203545
05-02-2015,3197.170898,3264.604957,3183.829355,3248.268318,379633
06-02-2015,3178.928711,3206.973188,3167.492974,3203.569721,198214
09-02-2015,3096.065918,3174.027914,3085.810093,3167.493301,286868
10-02-2015,3080.228516,3156.602227,3049.506465,3079.456974,547537
11-02-2015,3135.500244,3150.067125,3091.25518,3091.25518,341769
12-02-2015,3223.672607,3230.797286,3147.525806,3147.525806,436882
13-02-2015,3282.71167,3291.833005,3204.976579,3235.562355,321186
16-02-2015,3242.005859,3312.707109,3232.385306,3285.479379,260901
18-02-2015,3235.516602,3252.806255,3219.270811,3244.637936,161803
19-02-2015,3262.925781,3280.941552,3232.975277,3244.637911,214789
20-02-2015,3219.543213,3280.034068,3214.687512,3276.403704,240749
23-02-2015,3218.227295,3244.638285,3206.383408,3231.93201,163132
24-02-2015,3256.708984,3267.327755,3224.85245,3243.594338,143983
25-02-2015,3249.085449,3280.941987,3234.745686,3262.790164,173339
26-02-2015,3173.710205,3250.900655,3161.276029,3237.649957,429598
27-02-2015,3271.321045,3284.435913,3173.709806,3173.845856,378654
02-03-2015,3368.479004,3385.314863,3296.597832,3310.98324,386182
03-03-2015,3365.937988,3389.263259,3348.603129,3374.424055,206296
04-03-2015,3338.482422,3439.497338,3310.211053,3403.466022,340907
05-03-2015,3338.800781,3368.297492,3304.856963,3337.212497,152837
09-03-2015,3332.039551,3349.828205,3288.202852,3296.643495,218786
10-03-2015,3309.757813,3348.103536,3303.85847,3348.103536,182667
11-03-2015,3318.561035,3332.674119,3281.259178,3305.491814,198508
12-03-2015,3344.654297,3376.193084,3323.689078,3328.499133,308505
13-03-2015,3313.343018,3373.69783,3290.108817,3362.625262,363024
16-03-2015,3310.030273,3337.212583,3301.635055,3313.615214,182829
17-03-2015,3323.189941,3348.057847,3288.701483,3326.321086,185250
18-03-2015,3326.230469,3338.120001,3305.719043,3324.506134,177261
19-03-2015,3317.245117,3353.548757,3310.89198,3331.766573,252139
20-03-2015,3288.974609,3333.401156,3276.404382,3303.632119,206403
23-03-2015,3262.244873,3302.904993,3251.943849,3290.062669,192986
24-03-2015,3255.801514,3299.093564,3237.422794,3290.017653,227226
25-03-2015,3280.7146,3293.556924,3243.094997,3258.251722,201854
26-03-2015,3232.340332,3288.157186,3211.011941,3271.865969,489101
27-03-2015,3276.449219,3285.252808,3217.955018,3240.100152,204071
30-03-2015,3322.645752,3334.489861,3267.736488,3293.648259,152167
31-03-2015,3355.681885,3383.22714,3321.64722,3321.64722,294635
01-04-2015,3307.897461,3410.319212,3267.32818,3358.041873,694487
06-04-2015,3293.603027,3331.676434,3284.572539,3309.077502,262771
07-04-2015,3267.236816,3312.707215,3247.360662,3303.631305,306684
08-04-2015,3293.375488,3326.230239,3272.773216,3280.941536,256031
09-04-2015,3321.057129,3328.136383,3290.017559,3302.723834,238584
10-04-2015,3327.773438,3347.513543,3297.641237,3321.783248,201302
13-04-2015,3326.502686,3339.935077,3306.127311,3322.690847,218690
15-04-2015,3340.162598,3384.40767,3313.070911,3317.245919,232802
16-04-2015,3338.029297,3375.059059,3323.825584,3336.53186,206305
17-04-2015,3309.802979,3342.566881,3300.318697,3327.364732,99056
20-04-2015,3274.634277,3311.255447,3253.351309,3291.833085,175033
21-04-2015,3167.62915,3273.908162,3149.341277,3271.866082,482786
22-04-2015,3142.942871,3183.920746,3073.194621,3168.446272,422446
23-04-2015,3171.531738,3208.833822,3158.417091,3167.493002,234616
24-04-2015,3214.143066,3235.562305,3116.758718,3163.862608,332449
27-04-2015,3311.255371,3343.565704,3194.902233,3233.928652,1804129
28-04-2015,3469.357666,3484.060597,3321.783271,3325.413636,1129937
29-04-2015,3418.169434,3515.100204,3400.425984,3484.242108,703698
30-04-2015,3381.54834,3442.492993,3367.117509,3412.542487,592304
04-05-2015,3410.500488,3485.149857,3382.365164,3446.123439,478823
05-05-2015,3442.538574,3453.384244,3391.259675,3406.189505,458196
06-05-2015,3298.685303,3437.955114,3288.701801,3437.955114,430929
07-05-2015,3216.139648,3290.92506,3194.720412,3290.92506,469950
08-05-2015,3276.903076,3285.479768,3232.340265,3232.340265,495595
11-05-2015,3314.250732,3334.853008,3281.985821,3298.095565,288810
12-05-2015,3246.861572,3315.384697,3226.486197,3312.707348,332314
13-05-2015,3271.049072,3296.370775,3216.865708,3285.479682,337505
14-05-2015,3309.530762,3315.883899,3223.763408,3271.820309,287801
15-05-2015,3331.948242,3343.565452,3290.925171,3303.631446,208258
18-05-2015,3355.908691,3363.895315,3314.522452,3335.397045,183483
19-05-2015,3364.213135,3385.223779,3344.473029,3353.54894,175567
20-05-2015,3368.887207,3403.421092,3364.440099,3364.530947,218115
21-05-2015,3356.362549,3385.223767,3350.326935,3368.887128,198709
22-05-2015,3360.401611,3384.225879,3353.186306,3360.809983,135158
25-05-2015,3351.50708,3373.516165,3340.842885,3354.638225,81113
26-05-2015,3382.093018,3385.31501,3332.674723,3354.456911,252919
27-05-2015,3377.962646,3403.466041,3357.178902,3358.086493,283565
28-05-2015,3366.164551,3393.437708,3354.502138,3381.684447,317937
29-05-2015,3435.867432,3438.817103,3351.779209,3376.238743,432656
01-06-2015,3524.040039,3538.652122,3425.611611,3436.048908,571376
02-06-2015,3477.344238,3528.078711,3462.505258,3521.453252,329350
03-06-2015,3428.15332,3466.998267,3405.282067,3453.384399,277700
04-06-2015,3423.479248,3460.645061,3400.744045,3447.938785,193996
05-06-2015,3412.043213,3448.755227,3404.374113,3420.710752,253728
08-06-2015,3379.415283,3452.975582,3372.60835,3436.139724,303682
09-06-2015,3351.098877,3382.546822,3336.123623,3367.163196,209963
10-06-2015,3396.705078,3402.468149,3352.777536,3360.764382,239272
11-06-2015,3359.357178,3429.740903,3350.236066,3405.326794,226654
12-06-2015,3391.486816,3408.004932,3354.003256,3359.085855,173412
15-06-2015,3419.258301,3439.679099,3386.222076,3392.121418,175936
16-06-2015,3439.407471,3458.421461,3398.656496,3419.25877,228783
17-06-2015,3456.787598,3471.445105,3442.493038,3453.384131,291820
18-06-2015,3504.300049,3532.299101,3459.737238,3460.644829,232645
19-06-2015,3573.503662,3584.530805,3505.116589,3520.545636,309290
22-06-2015,3612.802002,3625.735174,3589.567805,3589.567805,230791
23-06-2015,3645.929932,3656.23118,3589.795548,3614.028189,330957
24-06-2015,3638.804932,3662.719823,3618.61103,3652.146476,306048
25-06-2015,3658.953369,3670.025936,3615.479846,3615.842794,240888
26-06-2015,3693.850586,3700.612096,3635.946226,3653.961999,291925
29-06-2015,3624.283203,3653.734487,3595.058817,3648.515839,344044
30-06-2015,3651.556641,3684.819765,3616.977332,3616.977332,340789
01-07-2015,3659.134766,3711.911318,3653.961541,3662.039013,380963
02-07-2015,3624.374268,3674.836422,3613.256276,3658.953578,322025
03-07-2015,3629.365723,3648.515982,3609.580415,3624.373972,279389
06-07-2015,3619.427734,3634.902206,3607.719898,3616.659537,332811
07-07-2015,3605.087891,3633.813282,3590.158061,3620.380889,287981
08-07-2015,3584.077637,3602.229461,3545.958806,3584.985228,252360
09-07-2015,3571.960693,3601.230505,3565.471506,3584.984714,128065
10-07-2015,3570.826172,3595.875774,3556.75851,3584.712359,184572
13-07-2015,3662.356934,3666.667991,3575.908883,3592.880792,335198
14-07-2015,3676.33374,3683.866791,3648.652212,3675.471573,251002
15-07-2015,3768.454346,3793.685645,3694.803416,3694.803416,551469
16-07-2015,3792.05127,3802.806312,3771.948217,3781.024127,321651
17-07-2015,3805.530029,3838.158111,3779.300731,3799.176891,241023
20-07-2015,3790.14502,3829.126228,3776.576801,3819.142728,207897
21-07-2015,3769.089355,3807.299025,3758.742907,3790.962387,146004
22-07-2015,3803.850098,3810.974776,3751.981358,3757.245209,305466
23-07-2015,3842.7854,3853.177494,3805.57417,3810.883666,229845
24-07-2015,3842.921875,3868.061879,3816.782989,3846.325341,226189
27-07-2015,3792.006348,3849.592735,3781.56905,3849.592735,220316
28-07-2015,3809.114746,3850.001549,3767.9554,3819.052603,940179
29-07-2015,3878.772217,3911.263801,3785.74413,3834.481506,819323
30-07-2015,3899.419434,3918.977842,3885.442178,3911.717114,294361
31-07-2015,3931.185059,3956.189012,3888.301386,3899.918373,297226
03-08-2015,4017.950439,4028.796329,3975.248461,3975.248461,341893
04-08-2015,4028.614746,4042.365104,4003.792487,4037.872352,313075
05-08-2015,4058.430176,4069.639016,4013.595258,4045.134053,198485
06-08-2015,4040.685791,4064.510054,4020.673145,4048.763262,184121
07-08-2015,4041.457764,4055.298527,4020.719219,4039.415684,144268
10-08-2015,4081.572998,4091.375247,4035.149805,4056.93199,241899
11-08-2015,4088.0625,4115.018133,4052.439549,4093.235947,216773
12-08-2015,4088.0625,4088.0625,4088.0625,4088.0625,0
13-08-2015,4077.670166,4104.761845,4020.764035,4063.284761,261773
14-08-2015,4149.959961,4164.935213,4075.537497,4092.781726,181419
17-08-2015,4129.35791,4163.120477,4116.379534,4161.260093,157066
18-08-2015,4205.776855,4218.48313,4116.832934,4134.077164,172443
19-08-2015,4240.129395,4253.87931,4180.092334,4199.423847,255128
20-08-2015,4205.913086,4258.780266,4176.053428,4202.146672,279387
21-08-2015,4145.286621,4187.489611,4110.480411,4184.902887,310480
24-08-2015,3849.819824,4041.094652,3818.734828,3948.02136,930804
25-08-2015,3810.975342,3965.265841,3686.726199,3901.734459,915511
26-08-2015,3841.150146,3886.208119,3753.819201,3831.974403,612412
27-08-2015,3838.137451,3901.273182,3821.931221,3884.930087,795947
28-08-2015,3840.054932,3918.712123,3811.887958,3880.364987,372560
31-08-2015,3804.766602,3864.843605,3782.07779,3833.800684,298281
01-09-2015,3708.213623,3834.211577,3694.289961,3807.322753,605386
02-09-2015,3679.499023,3734.234951,3661.238482,3727.889457,392078
03-09-2015,3782.899414,3800.292401,3688.675065,3705.976883,514445
04-09-2015,3709.902832,3779.658232,3698.855116,3777.192881,316141
07-09-2015,3715.655029,3769.432234,3693.194474,3714.102705,300049
08-09-2015,3779.292725,3794.40359,3722.411317,3748.889102,292997
09-09-2015,3930.718018,3943.36353,3823.437347,3843.84359,589734
10-09-2015,3927.34082,3942.405768,3857.676581,3884.930531,321362
11-09-2015,3942.222168,3980.797557,3933.86806,3952.493721,281728
14-09-2015,3943.820801,3968.929048,3912.321364,3953.407586,207396
15-09-2015,3948.842041,4034.757977,3944.276906,3994.949908,734807
16-09-2015,3976.780762,3996.319452,3953.498572,3996.319452,418079
18-09-2015,4018.095703,4088.80939,3976.781224,3998.4197,621252
21-09-2015,4099.719238,4116.838493,4005.540598,4015.44703,642858
22-09-2015,4084.015381,4126.790786,4054.296529,4115.925854,924289
23-09-2015,4106.476074,4129.621399,4029.416679,4071.187667,880695
24-09-2015,4169.474609,4203.576257,4094.697788,4108.164936,1098076
28-09-2015,4141.719238,4213.620123,4123.91521,4172.533903,684352
29-09-2015,4275.066406,4327.748246,4078.491859,4117.70655,1222175
30-09-2015,4278.080078,4349.15933,4252.469399,4300.357851,835777
01-10-2015,4181.983398,4311.222195,4172.53348,4309.487533,1087189
05-10-2015,4030.147217,4172.533976,4007.276066,4172.533976,1949365
06-10-2015,3975.31958,4062.057146,3960.756621,4062.057146,1159174
07-10-2015,3984.906982,4051.923086,3967.148426,3973.7224,801302
08-10-2015,3975.092041,4023.710738,3955.416484,3999.059004,726218
09-10-2015,3904.42334,4014.762749,3892.006083,4008.188776,816648
12-10-2015,3863.793701,3946.696381,3849.778646,3935.968313,837794
13-10-2015,3902.140869,3915.060113,3861.32838,3863.01757,605082
14-10-2015,3880.136963,3921.999345,3873.061003,3899.447397,656029
15-10-2015,3996.685059,4007.413128,3890.408785,3898.534637,982419
16-10-2015,4060.231201,4073.01358,4000.01689,4026.449201,929525
19-10-2015,4071.141602,4088.534586,4024.714093,4076.665236,594941
20-10-2015,4116.61084,4123.869583,4055.346634,4079.313595,675597
21-10-2015,4085.521973,4131.173321,4062.970028,4098.57808,316565
23-10-2015,3999.879883,4115.925703,3990.932397,4109.351731,621558
26-10-2015,4003.760498,4064.796446,3995.223606,4017.319039,535165
27-10-2015,4105.882324,4125.055891,3995.953965,4025.53595,1290318
28-10-2015,4104.239258,4162.490204,4083.056853,4136.01242,989227
29-10-2015,4053.428711,4120.07968,4034.894442,4109.99091,907407
30-10-2015,4062.057129,4079.31325,4017.410198,4059.318048,738321
02-11-2015,4104.741699,4131.493216,4040.327814,4081.231251,603730
03-11-2015,4092.689453,4127.978307,4076.711479,4126.791105,320901
04-11-2015,4127.384277,4141.99271,4067.626924,4097.437168,660804
05-11-2015,4132.908691,4158.838573,4105.335094,4125.924123,406256
06-11-2015,4129.438477,4140.897233,4091.319598,4138.706058,361975
09-11-2015,4225.672363,4235.532878,4053.840478,4053.840478,729714
10-11-2015,4302.822754,4318.572471,4227.086982,4245.119266,909977
13-11-2015,4218.00293,4325.238154,4202.116345,4322.681856,983107
16-11-2015,4242.744629,4258.357478,4175.180638,4199.923756,644299
17-11-2015,4229.369629,4269.451428,4216.358993,4241.375846,638262
18-11-2015,4138.979492,4247.401444,4131.44702,4231.423472,725994
19-11-2015,4245.89502,4256.075181,4173.491714,4182.485119,1030684
20-11-2015,4325.831055,4351.487206,4228.228546,4260.184495,917455
23-11-2015,4324.325195,4373.400409,4293.373662,4318.618775,1034126
24-11-2015,4236.353516,4313.184642,4219.097396,4313.184642,1287988
26-11-2015,4205.905273,4254.661283,4179.793052,4254.661283,1436728
27-11-2015,4181.709473,4272.966707,4160.116472,4272.966707,1231876
30-11-2015,4158.837402,4291.226299,4101.408101,4187.141235,10567769
01-12-2015,4159.934082,4214.532922,4137.24527,4208.141733,1506622
02-12-2015,4217.088867,4224.895515,4159.933734,4199.924138,1123497
03-12-2015,4224.621582,4240.736866,4200.380892,4208.141622,567288
04-12-2015,4200.244141,4230.967412,4180.887789,4209.054763,581041
07-12-2015,4167.238281,4236.445554,4161.577335,4220.011067,493623
08-12-2015,4147.471191,4181.481452,4126.882608,4145.143151,577670
09-12-2015,4089.539551,4146.968863,4081.230915,4144.046998,607147
10-12-2015,4106.886719,4126.699137,4022.842318,4104.056246,506406
11-12-2015,4091.04541,4134.185933,4028.274809,4126.65346,532721
14-12-2015,4178.741699,4190.793834,4082.600137,4089.356447,484617
15-12-2015,4218.18457,4230.966948,4166.233425,4204.489166,581111
16-12-2015,4217.637207,4252.103979,4203.576679,4250.14106,357572
17-12-2015,4260.869141,4272.053722,4176.049014,4245.575937,443534
18-12-2015,4218.596191,4293.053372,4210.424421,4277.258182,682206
21-12-2015,4235.623535,4254.70571,4214.76078,4224.484428,274072
22-12-2015,4215.628906,4240.965408,4201.796189,4227.315475,207127
23-12-2015,4231.834473,4251.053512,4218.184541,4231.879946,227939
24-12-2015,4198.463379,4231.286879,4187.278798,4230.28246,162732
28-12-2015,4236.444824,4241.877513,4188.967425,4198.462816,272134
29-12-2015,4233.615234,4250.962749,4211.611192,4238.226289,253128
30-12-2015,4188.238281,4239.093626,4177.099172,4233.706855,265170
31-12-2015,4219.965332,4233.70621,4169.155023,4188.05486,422019
01-01-2016,4235.076172,4262.010471,4202.070332,4219.098198,243597
04-01-2016,4182.257324,4251.96703,4174.131473,4231.880434,405501
05-01-2016,4169.749512,4200.609651,4160.89297,4199.879408,509285
06-01-2016,4091.091797,4193.533619,4079.405228,4192.620592,593742
07-01-2016,3896.708252,4062.696845,3882.054345,4062.696845,1200069
08-01-2016,3848.18042,3948.841643,3830.878381,3913.507321,994652
11-01-2016,3900.816895,3926.016532,3758.932572,3825.583551,865799
12-01-2016,3897.711914,3948.658638,3889.494672,3935.146018,481142
13-01-2016,3918.027832,3935.147091,3854.207322,3924.190765,431206
14-01-2016,3878.76709,3915.972941,3846.309157,3870.32159,402026
15-01-2016,3901.68457,3962.537739,3884.017406,3894.060705,592183
18-01-2016,3867.765381,3916.201288,3809.925028,3906.84276,396124
19-01-2016,3833.024658,3875.754594,3802.757899,3872.147959,499001
20-01-2016,3705.931152,3825.53792,3678.129523,3807.185987,679992
21-01-2016,3553.227051,3729.669515,3533.41441,3729.669515,1212801
22-01-2016,3747.930908,3761.580396,3588.333498,3600.02029,1063413
25-01-2016,3726.383057,3809.14887,3719.580827,3767.104152,608634
27-01-2016,3754.321533,3815.539815,3736.106466,3771.714519,886550
28-01-2016,3746.423828,3779.840708,3680.412149,3725.150476,1677354
29-01-2016,3739.62207,3765.323694,3581.80525,3583.631304,2147231
01-02-2016,3604.859131,3760.758503,3591.528846,3744.232624,1904034
02-02-2016,3537.934082,3638.412752,3516.569338,3608.830765,902619
03-02-2016,3495.387207,3533.414695,3455.487746,3533.414695,1101308
04-02-2016,3464.617676,3544.279278,3445.763758,3527.936185,597800
05-02-2016,3399.564941,3460.372634,3372.08296,3455.533546,1245857
08-02-2016,3407.919434,3459.45977,3391.941459,3422.938685,559505
09-02-2016,3339.03125,3368.156723,3305.157858,3364.504615,657011
10-02-2016,3358.615479,3394.634349,3286.897164,3323.281379,795377
11-02-2016,3233.439453,3345.60491,3212.485528,3333.552998,1066224
12-02-2016,3240.926514,3275.941192,3159.986751,3259.506704,1211696
15-02-2016,3388.471924,3400.934655,3290.914886,3292.330123,1182286
16-02-2016,3382.947754,3422.892687,3333.644294,3401.253991,753873
17-02-2016,3423.074951,3428.416248,3343.048227,3359.847834,652019
18-02-2016,3335.516113,3466.626889,3307.075409,3452.383577,1243826
19-02-2016,3267.860596,3323.418379,3249.46319,3323.418379,718677
22-02-2016,3214.585693,3236.680903,3187.879652,3231.202741,1291463
23-02-2016,3184.090332,3258.091216,3177.334021,3222.985372,796836
24-02-2016,3186.190674,3222.985711,3177.334355,3195.549202,605914
25-02-2016,3117.210693,3204.724411,3105.204479,3204.404762,840542
26-02-2016,3112.69165,3158.251832,3081.557563,3151.769251,831491
29-02-2016,2955.012451,3136.202649,2915.524026,3127.118074,2218323
01-03-2016,3190.481689,3204.725001,2922.508246,2922.508246,1924803
02-03-2016,3298.447021,3312.188123,3232.161393,3234.809082,1236996
03-03-2016,3294.794922,3329.809598,3266.810732,3310.453469,742263
04-03-2016,3245.902588,3304.244928,3219.333411,3304.244928,610234
08-03-2016,3161.49292,3285.938547,3150.491123,3243.939304,1100041
09-03-2016,3265.350098,3286.897627,3141.817707,3154.37183,752948
10-03-2016,3311.731689,3318.579392,3262.610789,3286.897398,1016572
11-03-2016,3324.513916,3369.069679,3301.551376,3317.666213,1002559
14-03-2016,3330.859375,3363.591482,3311.594639,3341.678834,483295
15-03-2016,3336.703125,3359.848227,3301.049373,3350.809349,688839
16-03-2016,3348.389648,3355.374216,3321.135703,3332.548541,459188
17-03-2016,3319.264404,3423.851706,3305.15818,3365.737619,710449
18-03-2016,3306.435791,3332.274499,3247.682639,3323.418182,1073782
21-03-2016,3350.398193,3358.843693,3291.462257,3314.379324,474712
22-03-2016,3377.789551,3411.023649,3334.375066,3349.896527,713115
23-03-2016,3411.069092,3418.373308,3347.568015,3389.019577,586282
28-03-2016,3322.459717,3449.233611,3314.242473,3432.068658,743468
29-03-2016,3405.545166,3441.198917,3327.983563,3331.635672,686482
30-03-2016,3403.262695,3423.760108,3363.591714,3419.286365,872340
31-03-2016,3393.082764,3422.710449,3345.3314,3414.264948,1223191
01-04-2016,3399.38208,3437.500957,3361.765412,3378.610716,769731
04-04-2016,3362.907227,3425.221329,3356.28778,3410.156381,299849
05-04-2016,3245.674561,3375.369885,3228.920424,3356.287707,826024
06-04-2016,3262.29126,3293.562435,3237.593834,3257.680429,664480
07-04-2016,3169.116943,3247.180757,3149.943375,3247.180757,1221608
08-04-2016,3132.276123,3171.855934,3121.182934,3159.073556,1631533
11-04-2016,3176.101563,3184.638455,3125.291695,3138.074074,970375
12-04-2016,3262.884766,3295.890828,3163.684465,3168.386465,1404427
13-04-2016,3407.051758,3419.605879,3292.923379,3298.766663,1107727
18-04-2016,3395.501953,3423.851488,3359.939594,3397.191142,999621
20-04-2016,3350.855225,3400.432642,3333.462013,3400.432642,1830988
21-04-2016,3383.039307,3412.210477,3354.461514,3373.635083,1928958
22-04-2016,3484.156738,3499.632501,3360.030762,3380.938991,1165761
25-04-2016,3403.719238,3507.850021,3392.032447,3475.072438,838216
26-04-2016,3534.82959,3555.327001,3370.804162,3381.897573,2782566
27-04-2016,3523.736328,3590.706948,3497.12168,3507.028112,1388262
28-04-2016,3421.979492,3518.80605,3410.247229,3486.850105,1821236
29-04-2016,3464.617676,3487.762998,3401.025437,3416.546895,962848
02-05-2016,3497.669434,3506.023541,3425.312047,3469.411071,762337
03-05-2016,3487.717529,3541.63182,3465.576624,3506.754232,795697
04-05-2016,3480.04834,3509.676023,3465.89642,3469.502833,557609
05-05-2016,3503.147949,3515.154166,3471.328867,3492.328489,485772
06-05-2016,3486.804688,3501.458817,3471.328923,3496.847985,411877
09-05-2016,3511.95874,3540.719094,3492.328658,3496.893793,771389
10-05-2016,3510.406738,3558.112406,3501.55042,3515.610948,1094666
11-05-2016,3551.720947,3558.979468,3460.372546,3469.502816,679706
12-05-2016,3518.989014,3569.75341,3507.393614,3546.973428,857976
13-05-2016,3511.72998,3540.627195,3495.067238,3520.631993,435056
16-05-2016,3544.006104,3556.240578,3506.024087,3533.4149,878812
17-05-2016,3607.096191,3623.804632,3548.251638,3552.634213,865028
18-05-2016,3574.409668,3596.41371,3474.113776,3587.100878,1921044
19-05-2016,3585.092041,3597.326514,3543.457919,3560.805433,679821
20-05-2016,3601.845947,3614.674022,3543.549305,3546.014433,485214
23-05-2016,3573.451172,3623.165452,3560.805657,3619.239391,348354
24-05-2016,3582.900635,3595.454756,3554.551101,3573.405243,283533
25-05-2016,3707.756836,3717.845829,3597.326268,3604.630484,842663
26-05-2016,3759.845703,3766.236893,3676.942796,3710.542238,1074664
27-05-2016,3785.958252,3800.01878,3735.239552,3756.832777,880888
30-05-2016,3717.618164,3793.810455,3701.411933,3772.628048,555311
31-05-2016,3799.65332,3816.452928,3702.370247,3706.889686,775477
01-06-2016,3803.076904,3834.667726,3789.061851,3807.961688,647041
02-06-2016,3822.524414,3830.102806,3765.323361,3789.062064,411143
03-06-2016,3851.103027,3866.669962,3816.453469,3827.546659,591630
06-06-2016,3781.758301,3850.235334,3759.84565,3849.322307,443085
07-06-2016,3775.960449,3824.625061,3759.84561,3811.888155,471388
08-06-2016,3798.28418,3807.140275,3765.963109,3771.715002,417715
09-06-2016,3806.546387,3825.354832,3779.931739,3790.933536,305434
10-06-2016,3753.910645,3831.974456,3743.410834,3802.848983,464892
13-06-2016,3775.138672,3789.062335,3708.715953,3719.672277,385639
14-06-2016,3747.519287,3794.448785,3739.758558,3784.49688,403193
15-06-2016,3843.478516,3848.408772,3754.458384,3766.236343,510807
16-06-2016,3728.893799,3801.84457,3708.715812,3798.192462,1118517
17-06-2016,3756.650146,3796.366827,3737.430881,3757.10666,951658
20-06-2016,3773.723633,3784.31439,3712.094083,3722.000516,667114
21-06-2016,3795.818848,3805.588416,3751.628424,3785.410428,512383
22-06-2016,3790.294922,3816.909571,3766.282043,3784.497111,417540
23-06-2016,3806.044434,3811.887717,3762.082273,3790.796704,341093
24-06-2016,3716.065918,3736.19821,3530.310603,3700.498762,1559787
27-06-2016,3675.025635,3707.80322,3655.852065,3707.80322,836629
28-06-2016,3723.963623,3726.930961,3688.629519,3689.633938,626447
29-06-2016,3771.942871,3780.844885,3733.55004,3743.410777,646945
30-06-2016,3823.0271,3834.713668,3784.999166,3816.361735,770542
01-07-2016,3803.12207,3847.678049,3772.627062,3824.304472,804652
04-07-2016,3810.792236,3826.039967,3794.312276,3808.235939,343648
05-07-2016,3810.381592,3836.539728,3789.062321,3816.453133,282439
07-07-2016,3780.936279,3825.49182,3766.236455,3817.45736,325843
08-07-2016,3799.835205,3812.480717,3767.14902,3781.757451,261295
11-07-2016,3900.496826,3913.142339,3825.537666,3825.583139,518428
12-07-2016,3990.292725,4000.883926,3917.798477,3926.015719,688921
13-07-2016,3945.555176,3980.798111,3926.929512,3971.66784,416940
14-07-2016,4043.157959,4052.927528,3949.75546,3949.75546,637580
15-07-2016,4083.102295,4102.732376,4021.427498,4062.970228,654076
18-07-2016,4067.306885,4167.420203,4046.900643,4087.621735,684924
19-07-2016,4095.565918,4107.709,4053.8404,4067.718591,378788
20-07-2016,4080.454102,4117.75134,4064.841252,4082.919453,357560
21-07-2016,4029.827881,4102.276224,4022.112624,4098.578643,252227
22-07-2016,4030.740967,4062.057618,4021.884425,4036.492859,339886
25-07-2016,4154.774902,4167.968321,4036.492431,4041.970593,499616
26-07-2016,4082.417969,4185.316303,4064.020562,4177.235924,1828186
27-07-2016,4161.713867,4225.488891,4117.751707,4118.025437,1212744
28-07-2016,4349.204102,4367.921155,4173.035364,4180.750621,1879461
29-07-2016,4343.817871,4404.442782,4309.989949,4337.791803,799265
01-08-2016,4443.018555,4460.137814,4357.193999,4381.572003,1206974
02-08-2016,4552.398926,4600.743893,4455.572573,4473.833116,1611134
03-08-2016,4449.956543,4583.395344,4431.056707,4578.738817,1019631
04-08-2016,4464.382324,4514.918457,4445.848055,4514.918457,727097
05-08-2016,4511.859375,4533.178643,4473.831893,4491.179404,598288
08-08-2016,4557.603516,4574.266262,4528.660375,4546.875446,474502
09-08-2016,4529.391602,4584.994875,4487.894332,4574.175413,508711
10-08-2016,4438.771973,4546.874276,4428.180771,4542.309141,512317
11-08-2016,4454.339844,4495.289201,4387.095483,4439.229423,623156
12-08-2016,4472.554688,4510.353921,4425.533791,4457.398348,686072
16-08-2016,4441.146484,4517.657975,4430.007376,4517.657975,793106
17-08-2016,4464.565918,4484.150083,4427.360061,4437.311968,498247
18-08-2016,4488.304688,4519.484476,4474.746145,4492.869823,479572
19-08-2016,4473.924316,4504.145603,4463.835099,4488.441359,426426
22-08-2016,4416.996582,4471.093434,4408.094568,4470.180407,292890
23-08-2016,4413.390625,4432.929763,4382.530484,4414.531909,270869
24-08-2016,4518.160156,4550.344362,4461.461529,4464.702597,952400
25-08-2016,4504.601563,4549.430832,4479.538793,4541.213589,914319
26-08-2016,4492.915527,4533.088725,4483.055012,4505.606516,337715
29-08-2016,4498.848633,4524.048264,4492.913958,4496.657457,299611
30-08-2016,4626.901367,4659.998597,4520.396853,4524.048961,996156
31-08-2016,4646.208008,4692.360898,4630.256732,4655.631619,804288
01-09-2016,4652.736328,4688.821869,4614.627979,4664.918071,870402
02-09-2016,4744.397949,4770.324104,4665.837026,4668.595156,956049
06-09-2016,4890.809082,4904.875368,4781.678873,4781.678873,970024
07-09-2016,4905.841309,4929.699321,4863.596206,4890.166111,734051
08-09-2016,5046.827148,5055.653256,4890.165424,4892.004178,942300
09-09-2016,4967.39209,5047.33207,4943.534086,5047.102226,547599
12-09-2016,4899.358887,4918.665799,4827.647497,4877.293844,795632
14-09-2016,4931.445313,4950.614409,4900.324317,4900.324317,539702
15-09-2016,5012.810059,5020.716789,4918.252063,4924.182223,704384
16-09-2016,5123.962891,5166.805942,5031.749571,5031.749571,1669960
19-09-2016,5049.125,5120.009036,5042.78139,5120.009036,632835
20-09-2016,5070.225098,5111.734869,5055.055381,5079.556682,423083
21-09-2016,5057.72168,5095.645973,5021.728167,5080.476256,549370
22-09-2016,5145.844727,5179.861673,5116.286848,5116.654509,526494
23-09-2016,5150.165039,5176.091646,5116.883867,5176.091646,559592
26-09-2016,5119.916992,5171.494117,5107.643223,5135.638424,418297
27-09-2016,5067.053711,5148.464804,5056.572904,5147.545427,427991
28-09-2016,5076.61377,5107.137254,5062.087798,5066.31702,449876
29-09-2016,5000.123047,5127.364714,4960.038126,5125.52596,693217
30-09-2016,5035.702637,5054.274229,4948.637918,4983.022523,646631
03-10-2016,5222.979492,5258.835187,5177.745975,5204.591957,840940
04-10-2016,5222.060059,5256.950587,5194.478755,5254.376062,464913
05-10-2016,5230.518555,5302.045889,5215.624471,5246.883282,644731
06-10-2016,5250.054688,5282.370688,5240.447022,5240.447022,416860
07-10-2016,5225.552734,5256.306062,5210.38302,5249.135104,309473
10-10-2016,5251.801758,5272.073835,5236.724069,5263.339756,205840
13-10-2016,5257.501953,5288.990608,5196.869323,5231.253925,441169
14-10-2016,5231.668945,5302.001285,5212.040157,5295.79549,352350
17-10-2016,5147.683105,5239.528765,5125.158372,5239.528765,400595
18-10-2016,5173.057617,5190.203905,5130.214569,5167.81699,487798
19-10-2016,5152.739746,5192.548585,5142.120674,5179.493703,384608
20-10-2016,5189.422852,5225.27855,5162.301233,5162.301233,311728
21-10-2016,5194.663086,5212.866567,5163.220219,5194.938719,224567
24-10-2016,5253.227539,5284.578381,5209.189476,5209.189476,412403
25-10-2016,5315.332031,5331.466917,5264.030528,5271.707416,339506
26-10-2016,5395.914551,5422.484451,5318.594871,5329.259732,590811
27-10-2016,5387.686035,5468.453379,5322.364491,5421.565161,1864862
28-10-2016,5402.395508,5450.570759,5392.83408,5444.549021,935542
01-11-2016,5404.188965,5492.357112,5383.135325,5441.791387,1163831
02-11-2016,5327.420898,5392.052908,5318.594791,5336.982327,522312
03-11-2016,5337.487793,5387.456012,5313.997895,5332.293404,585730
04-11-2016,5244.906738,5322.272205,5210.383871,5322.272205,679821
07-11-2016,5255.111816,5318.456786,5247.802592,5298.368314,532212
08-11-2016,5211.946777,5268.948136,5131.501312,5266.00595,684050
09-11-2016,4958.15332,5105.299398,4877.293951,4877.293951,1299603
10-11-2016,4898.899414,5072.43179,4877.294059,5061.629112,942971
11-11-2016,4720.311035,4866.216335,4691.580506,4863.503993,1058491
15-11-2016,4455.851563,4706.335495,4418.892437,4690.568273,2793900
16-11-2016,4588.424805,4605.5253,4506.370439,4527.010624,1952224
17-11-2016,4528.437012,4641.0149,4519.932775,4624.466115,668715
18-11-2016,4551.742188,4587.59788,4493.821453,4537.124187,699355
21-11-2016,4401.470215,4587.689788,4381.105662,4587.689788,864696
22-11-2016,4536.709961,4556.43077,4436.497904,4440.58931,845997
23-11-2016,4487.340332,4546.318264,4468.171236,4546.318264,757744
24-11-2016,4440.728027,4490.144533,4416.686412,4470.01027,550368
25-11-2016,4480.674316,4509.542655,4406.066988,4458.05756,669501
28-11-2016,4499.200195,4516.898199,4443.348055,4473.687489,1387068
29-11-2016,4677.927246,4706.290112,4501.269074,4503.107827,874897
30-11-2016,4841.437988,4856.148016,4688.913475,4698.520692,1270618
01-12-2016,4828.65918,4879.592567,4784.666908,4841.438428,1221883
02-12-2016,4659.493164,4814.040478,4639.174849,4799.146396,772281
05-12-2016,4783.471191,4799.054357,4647.449229,4655.631592,578935
06-12-2016,4721.183594,4836.841008,4705.415924,4799.146561,646660
07-12-2016,4704.128906,4789.722971,4629.107674,4735.663798,590462
08-12-2016,4812.570313,4845.024137,4753.178476,4755.01723,845955
09-12-2016,4812.9375,4884.189201,4781.862744,4863.503223,562518
12-12-2016,4729.642578,4806.502579,4707.25566,4806.502579,357439
13-12-2016,4746.880859,4787.195627,4720.126901,4761.223229,484291
14-12-2016,4726.5625,4794.320758,4716.58762,4762.326621,371699
15-12-2016,4736.674316,4778.000477,4670.433408,4688.775152,457317
16-12-2016,4770.32373,4787.194382,4735.893343,4757.31464,1170505
19-12-2016,4702.658203,4776.576458,4692.545058,4757.775023,369118
20-12-2016,4696.175781,4732.491158,4663.078223,4721.826299,377676
21-12-2016,4723.620605,4743.984714,4664.504403,4706.657922,413072
22-12-2016,4674.479004,4729.273947,4645.610664,4729.273947,399573
23-12-2016,4778.13916,4793.630749,4634.578559,4642.852951,589006
26-12-2016,4750.741211,4833.898563,4735.80134,4761.45186,510998
27-12-2016,4802.82373,4815.143288,4704.634482,4766.96804,486703
28-12-2016,4809.489746,4852.47061,4798.64128,4826.728061,595514
29-12-2016,4886.304199,4917.747069,4796.573372,4796.573372,655325
30-12-2016,4890.669922,4944.31564,4875.454418,4915.906991,559886
02-01-2017,5025.312988,5032.852057,4843.092349,4891.129781,651321
03-01-2017,5064.29541,5078.821834,4994.606824,5025.313921,631753
04-01-2017,5058.548828,5106.862347,5051.055997,5084.153561,679443
05-01-2017,5180.642578,5194.386992,5079.648945,5079.648945,744210
06-01-2017,5162.806152,5201.190133,5145.751892,5194.478862,544695
09-01-2017,5202.293945,5222.060548,5158.255884,5189.698303,345094
10-01-2017,5217.325195,5234.655537,5186.204203,5222.059896,410444
11-01-2017,5297.771484,5307.470731,5232.173854,5232.173854,539326
12-01-2017,5311.561523,5327.788434,5279.061465,5304.804014,421634
13-01-2017,5239.988281,5326.869392,5225.416069,5325.030639,1086873
16-01-2017,5219.209473,5263.615636,5204.591473,5238.562621,290142
17-01-2017,5212.314453,5257.823602,5200.96006,5231.253704,343048
18-01-2017,5226.151367,5257.915654,5208.26931,5226.656845,308483
19-01-2017,5257.318848,5266.190745,5217.46377,5217.46377,239027
20-01-2017,5211.901367,5285.497302,5187.123982,5256.077244,444280
23-01-2017,5240.447266,5252.169319,5188.778115,5211.900798,297515
24-01-2017,5274.647949,5282.50844,5230.288025,5244.124465,301613
25-01-2017,5334.729492,5363.644071,5247.848388,5299.19567,1148793
27-01-2017,5438.940918,5449.789833,5355.415449,5370.999065,576906
30-01-2017,5419.680664,5460.179034,5410.532685,5439.033367,323448
31-01-2017,5419.036621,5456.409198,5401.798306,5414.209893,374637
01-02-2017,5681.013184,5703.35386,5411.451732,5424.323007,1212008
02-02-2017,5648.972656,5717.006536,5635.77951,5672.55458,745214
03-02-2017,5622.40332,5660.281377,5605.026739,5652.23683,304078
06-02-2017,5653.891113,5688.183685,5631.182329,5660.602384,322223
07-02-2017,5712.271484,5729.095898,5648.650437,5668.876725,456427
08-02-2017,5695.216797,5731.302332,5668.095184,5718.247453,410369
09-02-2017,5660.695313,5703.813997,5618.863666,5695.999294,511610
10-02-2017,5619.460938,5676.002612,5604.888725,5672.554949,284471
13-02-2017,5536.487793,5644.882242,5518.100255,5600.844177,404675
14-02-2017,5460.960449,5557.632831,5450.157772,5557.632831,439745
15-02-2017,5390.030762,5481.140647,5371.183537,5470.29218,609791
16-02-2017,5538.831543,5551.151552,5387.548264,5387.548264,576390
17-02-2017,5506.836914,5567.607807,5474.934361,5551.196842,326378
20-02-2017,5601.900879,5627.275769,5435.631488,5506.837404,504439
21-02-2017,5574.318848,5599.601707,5555.793497,5581.628072,287864
22-02-2017,5589.489258,5623.046512,5553.036056,5583.375492,431264
23-02-2017,5544.76123,5600.93524,5530.096992,5599.004459,461009
27-02-2017,5471.670898,5563.103099,5461.098065,5520.857556,394395
28-02-2017,5445.008789,5516.260487,5437.929409,5466.889776,558820
01-03-2017,5442.342773,5515.157144,5410.670064,5479.485505,559896
02-03-2017,5441.561523,5515.157458,5424.553052,5471.211426,473769
03-03-2017,5413.061035,5450.939541,5401.33898,5446.388446,362057
06-03-2017,5456.363281,5493.092114,5435.355432,5447.767019,361209
07-03-2017,5413.750488,5473.969671,5406.855162,5452.824004,373103
08-03-2017,5391.363281,5428.827885,5332.38535,5419.726145,639968
09-03-2017,5483.530273,5493.275756,5391.36276,5409.612477,598391
10-03-2017,5475.440918,5523.983837,5457.466831,5513.50303,443986
14-03-2017,5637.98584,5649.018361,5525.454216,5571.423054,875005
15-03-2017,5642.537109,5671.451239,5601.302971,5621.988949,384040
16-03-2017,5659.177734,5687.540148,5637.342537,5662.993058,252721
17-03-2017,5693.333008,5724.775426,5654.167465,5667.958118,1048024
20-03-2017,5662.349609,5718.523621,5655.17865,5718.523621,207710
21-03-2017,5586.409668,5700.642248,5563.931172,5667.728734,532134
22-03-2017,5521.593262,5565.355689,5495.483049,5558.920051,462793
23-03-2017,5548.254883,5579.697749,5530.878751,5530.878751,447530
24-03-2017,5520.535156,5559.470849,5508.997158,5559.470849,573292
27-03-2017,5503.205566,5534.648433,5484.680213,5495.11523,340512
28-03-2017,5492.586426,5561.309836,5481.829538,5489.782506,505962
29-03-2017,5464.914063,5524.443716,5451.307464,5524.443716,494597
30-03-2017,5476.359863,5517.088075,5456.547024,5484.082539,898999
31-03-2017,5530.695313,5553.955366,5461.190335,5472.13083,501939
03-04-2017,5582.455566,5603.601231,5543.841743,5603.601231,378716
05-04-2017,5831.055664,5846.31741,5581.582665,5617.392573,1076674
06-04-2017,5784.396973,5825.171424,5755.298787,5824.252047,505863
07-04-2017,5754.700684,5825.170818,5733.278937,5746.104422,467235
10-04-2017,5763.43457,5799.244023,5741.553136,5775.524284,318486
11-04-2017,5744.082031,5796.670562,5727.717304,5768.905204,373105
12-04-2017,5658.304199,5758.883926,5632.745705,5758.883926,415372
13-04-2017,5587.92627,5677.151606,5577.766887,5658.764071,386820
17-04-2017,5622.495117,5642.675619,5535.568212,5581.169396,342286
18-04-2017,5642.353027,5731.716629,5626.585806,5626.585806,453391
19-04-2017,5697.33252,5720.684602,5620.885976,5637.526786,366504
20-04-2017,5767.710449,5794.969882,5689.103732,5700.136253,466934
21-04-2017,5687.080566,5787.522477,5678.990231,5777.271516,294827
24-04-2017,5808.943359,5824.25089,5700.135047,5721.464764,426893
25-04-2017,5826.275391,5838.043235,5775.985295,5817.54131,384281
26-04-2017,5889.803711,5906.766393,5802.187277,5824.252321,540500
27-04-2017,5860.153809,5929.98066,5810.783541,5919.867514,1087684
28-04-2017,5998.795898,6058.509153,5875.323323,5893.205381,949573
02-05-2017,6164.880859,6187.40559,6084.435393,6137.759245,888539
03-05-2017,6108.339844,6173.569811,6096.479972,6173.431546,370021
04-05-2017,6104.477539,6147.826512,6091.79032,6124.887882,372533
05-05-2017,6117.671875,6138.128012,6069.726458,6091.377605,337498
08-05-2017,6095.973633,6163.180166,6079.42485,6148.792009,208481
09-05-2017,6094.824219,6128.565526,6081.677311,6128.565526,215203
10-05-2017,6194.53125,6209.471124,6100.89263,6109.259049,295859
11-05-2017,6217.285645,6242.016791,6170.029767,6204.874058,259056
12-05-2017,6187.590332,6249.923904,6151.550579,6249.923904,256491
15-05-2017,6273.734863,6287.709569,6190.577506,6214.435063,336356
16-05-2017,6393.300293,6414.997226,6279.343362,6297.730898,707624
17-05-2017,6397.208008,6416.330866,6330.691005,6389.668938,445461
18-05-2017,6280.308594,6387.829888,6265.047298,6360.524218,406814
19-05-2017,6243.07373,6338.091409,6152.05543,6302.143688,552223
22-05-2017,6161.387695,6292.169045,6149.941275,6255.393973,327493
23-05-2017,6324.254883,6352.893379,6199.954966,6219.583749,956457
24-05-2017,6315.796387,6355.237559,6263.713784,6346.457691,433647
25-05-2017,6422.490234,6452.185923,6283.939981,6325.266145,435721
26-05-2017,6495.212402,6513.829781,6376.980917,6409.112863,373937
29-05-2017,6559.247559,6617.489716,6459.127073,6481.606013,427378
30-05-2017,6571.245605,6625.580864,6513.002996,6559.247918,403698
31-05-2017,6629.625488,6663.642427,6559.707069,6562.510988,650259
01-06-2017,6570.417969,6660.884551,6536.860717,6658.126421,649217
02-06-2017,6541.090332,6608.204839,6527.575313,6602.964211,310268
05-06-2017,6551.203125,6584.484294,6519.392599,6564.165978,296147
06-06-2017,6538.699707,6577.497138,6513.830296,6558.833969,324579
07-06-2017,6624.753906,6642.4977,6534.562948,6559.753784,518152
08-06-2017,6665.021973,6688.420291,6617.674068,6618.593445,426525
09-06-2017,6863.009766,6877.765583,6647.094042,6684.788489,1122640
12-06-2017,6779.163086,6849.357599,6762.476486,6844.760715,454342
13-06-2017,6756.454102,6853.953829,6743.628616,6798.423561,607567
14-06-2017,6758.385254,6796.447816,6740.733487,6750.98445,277472
15-06-2017,6722.758789,6796.952676,6685.8459,6755.902592,388150
16-06-2017,6678.260742,6766.658728,6665.481495,6740.870389,547028
19-06-2017,6664.792969,6731.815455,6651.691848,6724.322623,372747
20-06-2017,6626.178223,6696.418518,6610.594607,6679.272231,757716
21-06-2017,6682.214355,6697.200017,6576.577606,6637.900216,460423
22-06-2017,6726.252441,6759.257977,6700.417865,6703.175995,436033
23-06-2017,6637.118164,6740.548042,6624.109074,6730.986614,355854
27-06-2017,6604.206055,6681.295896,6578.233658,6655.828977,365667
28-06-2017,6642.543457,6733.515975,6624.110131,6632.338733,637214
29-06-2017,6641.898926,6702.255914,6624.108897,6669.985703,543979
30-06-2017,6635.693848,6650.403876,6580.117342,6633.119323,367886
03-07-2017,6761.097168,6771.210313,6629.810337,6655.276806,556846
04-07-2017,6781.459961,6817.223623,6748.224585,6790.515911,428293
05-07-2017,6782.839844,6797.871744,6740.870385,6780.173741,273869
06-07-2017,6871.467773,6893.487027,6781.507116,6782.839943,416512
07-07-2017,6833.542969,6871.467258,6821.775127,6867.743962,339803
10-07-2017,6831.383789,6895.326268,6159.8248,6857.447763,47033
11-07-2017,6855.792969,6890.729288,6803.38849,6871.330347,423681
12-07-2017,6873.858398,6881.535284,6835.658472,6881.535284,233096
13-07-2017,6957.430176,6963.820025,6863.286075,6886.13268,472029
14-07-2017,6947.959473,6977.103893,6913.712691,6964.23262,267450
17-07-2017,6915.827637,6967.037102,6899.278855,6961.475052,289180
18-07-2017,6940.697754,6979.449399,6909.117069,6918.310838,387214
19-07-2017,6951.866211,6972.552185,6927.502731,6954.394497,223986
20-07-2017,6887.006348,6973.013874,6876.984781,6968.876678,290547
21-07-2017,6934.859863,6941.203474,6844.760928,6895.326657,434483
24-07-2017,6945.478027,6958.763202,6890.729317,6944.97255,357195
25-07-2017,6899.785156,6962.440596,6889.395929,6962.440596,323585
26-07-2017,6955.31543,6982.66689,6899.0036,6931.181788,377790
27-07-2017,6986.896484,7063.940086,6928.424026,7001.054798,1148259
28-07-2017,7015.259277,7054.930299,6972.554043,7002.893479,459181
31-07-2017,7125.216309,7138.961172,7034.152212,7046.104111,505371
01-08-2017,7222.716309,7281.464397,7102.185918,7134.272079,1096934
02-08-2017,7167.001465,7244.6888,7148.154241,7243.677396,414448
03-08-2017,7113.585938,7197.800942,7089.31448,7165.622754,287116
04-08-2017,7143.833008,7175.643533,7115.976072,7125.169839,325021
07-08-2017,7206.672852,7256.043565,7144.477101,7152.291804,327318
08-08-2017,7130.594727,7249.286366,7113.126567,7216.1888,319951
09-08-2017,7043.897461,7166.542238,7023.211483,7133.444672,285089
10-08-2017,6967.726563,7024.038389,6931.089309,7021.60213,385730
11-08-2017,6856.160156,6926.400451,6785.000485,6897.072422,676390
14-08-2017,6995.032227,7030.474021,6909.11629,6910.035666,328598
16-08-2017,7080.258301,7097.68067,6973.518568,7032.40492,488766
17-08-2017,6971.128906,7087.338046,6955.085601,7080.120848,321296
18-08-2017,6986.161133,7009.329611,6924.149429,6942.215096,332924
21-08-2017,6897.073242,7040.63385,6886.132747,7013.926132,277519
22-08-2017,6891.740723,6957.384138,6872.433809,6932.101276,278131
23-08-2017,6962.486328,6978.069945,6896.245409,6939.456119,258051
24-08-2017,7069.086426,7089.654225,6949.068376,6997.725506,436912
28-08-2017,7037.654297,7102.654403,7027.486242,7102.654403,391028
29-08-2017,6984.26123,7034.450416,6959.700295,7024.654153,368309
30-08-2017,7017.644043,7093.694079,6994.475966,7059.940361,471048
31-08-2017,7150.290527,7168.954935,6994.011872,7024.561833,586954
01-09-2017,7254.291016,7275.276857,7177.869635,7194.119664,627407
04-09-2017,7262.833496,7313.440723,7202.708396,7280.012096,362724
05-09-2017,7258.84082,7294.823023,7243.797757,7282.797822,182518
06-09-2017,7286.186523,7339.44027,7215.011501,7242.868688,340420
07-09-2017,7353.555176,7381.226469,7297.190616,7324.583518,389478
08-09-2017,7401.42334,7409.780497,7328.298215,7373.287759,341309
11-09-2017,7560.812012,7584.583569,7428.583319,7428.583319,547463
12-09-2017,7572.047852,7606.869336,7536.297794,7606.869336,387447
13-09-2017,7542.42627,7614.297721,7521.579627,7578.919003,371832
14-09-2017,7493.816406,7581.752453,7467.630466,7558.538127,293890
15-09-2017,7521.208984,7539.176962,7468.976754,7500.037702,400099
18-09-2017,7575.15918,7600.369845,7549.948514,7549.948514,219992
19-09-2017,7550.876465,7600.322972,7544.144311,7593.869209,245577
20-09-2017,7540.151855,7581.24121,7529.891305,7581.24121,185837
21-09-2017,7563.180176,7587.276371,7498.319267,7522.369215,258168
22-09-2017,7491.912598,7591.548296,7475.012388,7563.22682,366359
25-09-2017,7396.037598,7511.226895,7293.987064,7497.298301,626129
26-09-2017,7326.347656,7410.058417,7307.03352,7410.01217,440508
27-09-2017,7187.108398,7408.155008,7163.940322,7381.226393,564788
28-09-2017,7333.265625,7354.297711,7104.51159,7182.604665,768225
29-09-2017,7408.341309,7435.826707,7358.941044,7391.441099,486217
03-10-2017,7324.862305,7492.701877,7293.941005,7479.980698,516298
04-10-2017,7286.697754,7367.204756,7271.283352,7330.154786,301347
05-10-2017,7271.700684,7336.65454,7249.554582,7276.297301,272177
06-10-2017,7338.697754,7353.369025,7284.700875,7303.179839,440453
09-10-2017,7332.662109,7388.654876,7304.804921,7344.083375,261839
10-10-2017,7329.876465,7368.133398,7322.076089,7326.90485,224485
11-10-2017,7266.222656,7334.658665,7243.79771,7328.29785,644166
12-10-2017,7339.672852,7352.44073,7270.726309,7284.654903,396436
13-10-2017,7311.723145,7372.869768,7298.630174,7335.726848,328108
16-10-2017,7281.869141,7368.226426,7255.869098,7335.726372,502632
17-10-2017,7278.990723,7337.86216,7271.562139,7290.226547,304861
18-10-2017,7228.058105,7310.701098,7194.769128,7297.65483,489207
19-10-2017,7178.890137,7245.654438,7140.725699,7245.654438,115449
23-10-2017,7260.047852,7298.58363,7163.011975,7195.326133,471496
24-10-2017,7312.512207,7365.626763,7281.49796,7303.504868,354257
25-10-2017,7308.055176,7377.512253,7252.433292,7363.583658,254379
26-10-2017,7491.772949,7508.441015,7304.340858,7335.726443,684763
27-10-2017,7534.858887,7651.441038,7486.712289,7543.68033,1201080
30-10-2017,7609.887695,7687.655682,7580.219607,7614.298417,726605
31-10-2017,7624.745605,7638.906345,7583.842143,7609.656293,318652
01-11-2017,7649.956055,7666.716616,7577.15557,7661.655712,631375
02-11-2017,7638.255371,7682.966522,7615.226943,7660.727018,247753
03-11-2017,7632.3125,7654.133963,7591.0835,7646.797875,288916
06-11-2017,7716.627441,7772.666459,7613.694581,7623.11996,392588
07-11-2017,7633.148438,7751.727391,7623.584317,7751.727391,348296
08-11-2017,7644.012695,7693.27331,7618.848731,7631.012674,199176
09-11-2017,7618.754883,7682.733919,7566.662305,7682.733919,442672
10-11-2017,7598.976074,7646.705082,7531.700788,7613.183058,351694
13-11-2017,7529.983398,7631.986767,7502.868889,7600.369042,181361
14-11-2017,7542.752441,7601.298789,7529.798666,7548.370127,237427
15-11-2017,7546.744141,7595.726361,7509.369081,7521.440529,275441
16-11-2017,7580.591309,7646.658731,7548.601789,7549.298218,321844
17-11-2017,7752.051758,7765.145181,7631.012634,7631.012634,419255
20-11-2017,7823.831055,7845.51287,7753.584148,7778.655618,372037
21-11-2017,7823.041992,7845.93168,7800.942135,7842.727922,255180
22-11-2017,7905.080566,7916.083792,7840.869389,7844.583681,383442
23-11-2017,7858.884766,7910.51306,7840.405801,7904.013049,289808
24-11-2017,7881.681641,7930.013686,7858.885354,7858.885354,343432
27-11-2017,7900.855957,7915.34224,7841.799076,7879.87057,172254
28-11-2017,8008.15332,8039.585154,7870.631113,7884.141669,456041
29-11-2017,8051.982422,8074.872113,7963.443335,8031.229175,382984
30-11-2017,7984.891602,8056.299227,7962.513355,8032.156329,582023
01-12-2017,7994.084961,8073.942239,7979.227793,8041.442184,436589
04-12-2017,7893.612793,8041.395541,7874.809191,8041.209645,242191
05-12-2017,7893.242676,7943.896154,7871.049417,7911.396097,213998
06-12-2017,7997.242188,8021.709722,7846.487822,7887.298785,420876
07-12-2017,8247.956055,8346.245131,7999.237266,8000.491384,834850
08-12-2017,8396.390625,8467.658615,8263.37252,8291.972392,1006694
11-12-2017,8481.399414,8512.228217,8440.495957,8457.442413,564023
12-12-2017,8479.125,8560.050503,8450.014598,8496.44325,491488
13-12-2017,8469.189453,8520.585604,8426.799734,8441.656902,446829
14-12-2017,8461.851563,8493.469284,8399.86933,8475.083725,655484
15-12-2017,8511.207031,8576.578022,8493.935031,8515.013818,620495
18-12-2017,8644.177734,8676.585292,8348.010129,8459.29923,658668
19-12-2017,9101.40918,9153.873559,8659.872674,8677.515562,1275759
20-12-2017,9038.636719,9282.387121,9007.389876,9254.158141,1216280
21-12-2017,8943.131836,9116.17194,8923.631805,9088.871534,849633
22-12-2017,9007.15625,9123.041955,8918.941833,8974.656202,814330
26-12-2017,8987.658203,9067.515482,8929.343999,9045.22973,542587
27-12-2017,8955.25,9054.23642,8941.321406,9001.586153,402886
28-12-2017,8941.416016,9001.123083,8928.972774,9001.123083,659995
29-12-2017,9034.59668,9071.229064,8960.728884,8969.08604,471554
01-01-2018,8962.493164,9089.800146,8941.971159,9052.65723,426354
02-01-2018,8871.632813,9024.42932,8844.657948,9006.229652,451227
03-01-2018,8744,8912.443502,8730.443197,8911.514929,658281
04-01-2018,8715.818359,8810.300663,8698.129225,8775.014888,562919
05-01-2018,8760.018555,8851.158363,8740.24013,8782.443957,732512
08-01-2018,8774.041016,8816.801626,8751.801508,8810.301614,294549
09-01-2018,8713.310547,8813.503931,8692.371408,8788.757099,427590
10-01-2018,8706.160156,8779.517418,8650.492934,8717.256784,394826
11-01-2018,8672.685547,8756.443009,8659.871421,8737.87155,368996
12-01-2018,8783.510742,8816.567575,8686.892006,8716.513844,685141
15-01-2018,8690.003906,8829.382347,8672.871554,8821.396982,385462
16-01-2018,8656.203125,8736.618085,8635.728273,8701.656951,364816
17-01-2018,8648.636719,8699.614834,8594.871978,8650.586359,390461
18-01-2018,8699.521484,8838.993321,8665.442676,8682.156989,686971
19-01-2018,8657.967773,8724.871272,8619.013958,8658.942594,542339
22-01-2018,8645.107422,8688.425717,8609.35736,8681.229276,454188
23-01-2018,8722.458008,8755.793235,8626.443197,8679.371858,561948
24-01-2018,8761.039063,8839.967759,8673.288923,8746.228143,568489
25-01-2018,8615.485352,8807.514048,8589.299414,8807.514048,705224
29-01-2018,8942.806641,9020.156577,8785.227648,8803.799105,1546624
30-01-2018,8887.882813,8984.408158,8867.872245,8932.872356,573988
31-01-2018,8830.452148,8900.373524,8783.280814,8875.348297,462650
01-02-2018,8730.304688,8880.594789,8646.872757,8863.23029,550971
02-02-2018,8348.428711,8690.515394,8301.443276,8690.515394,984189
05-02-2018,8432,8468.586141,8067.442587,8218.011068,651062
06-02-2018,8342.857422,8462.550856,8042.928314,8078.585883,840339
07-02-2018,8284.540039,8515.011973,8239.225871,8515.011973,509440
08-02-2018,8385.664063,8412.871069,8278.227989,8346.849894,465683
09-02-2018,8297.819336,8344.666017,8236.441034,8269.869656,364892
12-02-2018,8466.588867,8496.442852,8320.013984,8320.013984,408523
14-02-2018,8358.641602,8503.406482,8344.156227,8496.349691,357737
15-02-2018,8375.958984,8440.726939,8358.083958,8402.655453,250781
16-02-2018,8205.750977,8422.15467,8177.800393,8394.204994,632659
19-02-2018,8101.660645,8232.589452,8070.832743,8223.443369,436138
20-02-2018,8099.617188,8142.609934,8032.156,8120.37043,517802
21-02-2018,8155.425293,8166.800313,8086.200351,8144.514559,471756
22-02-2018,8017.345215,8142.656318,7987.120346,8142.656318,638857
23-02-2018,8077.470215,8114.752782,8036.845148,8046.08463,567960
26-02-2018,8362.125977,8408.229997,8125.061429,8132.443767,869374
27-02-2018,8256.12793,8463.896126,8238.855929,8443.513768,684609
28-02-2018,8218.753906,8295.871718,8145.442882,8236.443042,680125
01-03-2018,8239.646484,8297.774793,8181.981555,8240.157018,609369
05-03-2018,8166.891602,8233.656359,8148.227648,8233.656359,388180
06-03-2018,8001.049805,8250.371672,7985.728349,8223.025014,543686
07-03-2018,8059.17627,8091.444176,7941.155023,8005.969227,598715
08-03-2018,8105.838379,8148.228099,8033.085047,8078.77102,533856
09-03-2018,8041.998047,8147.298576,8032.155537,8134.298555,323450
12-03-2018,8181.006836,8196.328291,8061.035018,8096.228299,438339
13-03-2018,8130.630859,8216.013322,8070.227371,8180.727551,521943
14-03-2018,8214.43457,8240.156222,8101.845102,8111.084584,411769
15-03-2018,8206.310547,8241.085789,8172.325136,8208.493238,313431
16-03-2018,8056.80957,8235.513619,8031.599358,8235.513619,622932
19-03-2018,8146.834961,8171.442145,8081.8811,8089.263437,571830
20-03-2018,8173.672363,8213.693502,8111.086173,8138.432832,408924
21-03-2018,8240.761719,8306.086474,8194.703948,8208.493803,516020
22-03-2018,8075.381348,8274.049723,8064.09973,8236.442516,471749
23-03-2018,7992.460938,8023.335994,7931.964036,7997.382194,644482
26-03-2018,8139.220703,8169.585221,7990.370633,7992.227779,447858
27-03-2018,8220.005859,8252.227521,8140.93842,8185.370271,423455
28-03-2018,8228.177734,8435.157016,8172.370861,8182.585163,1194227
02-04-2018,8364.770508,8438.870443,8313.745246,8347.8703,552649
03-04-2018,8381.716797,8412.870235,8315.370084,8365.466772,339709
04-04-2018,8369.692383,8495.885811,8339.14197,8429.585339,488280
05-04-2018,8480.28418,8503.545655,8403.584424,8403.584424,236956
06-04-2018,8548.62793,8570.727783,8396.666613,8510.370545,429514
09-04-2018,8628.904297,8643.297178,8528.66466,8561.443105,426170
10-04-2018,8611.076172,8650.076241,8579.086648,8626.443875,299119
11-04-2018,8638.050781,8682.158001,8550.811162,8626.443618,318010
12-04-2018,8547.00293,8626.442159,8525.320209,8626.442159,300797
13-04-2018,8472.251953,8605.08411,8455.816033,8605.08411,366224
16-04-2018,8572.584961,8584.656409,8417.513288,8450.013339,271057
17-04-2018,8506.053711,8581.872063,8484.882427,8580.94349,342578
18-04-2018,8469.977539,8568.360017,8446.206436,8522.441907,452854
19-04-2018,8429.259766,8527.780983,8420.298675,8490.870212,256088
20-04-2018,8380.371094,8457.582299,8369.181971,8433.299753,303913
23-04-2018,8417.375,8473.229031,8362.682592,8394.207828,302205
24-04-2018,8417.189453,8489.524744,8385.94261,8445.37128,312103
25-04-2018,8296.428711,8421.0434,8271.72903,8411.943565,488641
26-04-2018,8307.432617,8339.514635,8255.014487,8309.800297,614321
27-04-2018,8155.97998,8484.370132,8092.604883,8371.084244,1873816
30-04-2018,8185.32373,8268.19886,8134.57686,8162.155656,497504
02-05-2018,8119.907227,8355.3005,8101.800052,8278.228935,806846
03-05-2018,8130.538086,8170.512968,8078.584251,8138.941489,406825
04-05-2018,8058.342285,8162.156564,8046.08494,8156.585126,490244
07-05-2018,8119.162598,8143.583882,8041.440869,8072.083773,342702
08-05-2018,8148.414551,8177.200316,8069.299944,8157.514385,404969
09-05-2018,8095.623047,8166.798521,8083.226962,8166.798521,314057
10-05-2018,8083.180664,8132.441274,8069.298318,8132.441274,298598
11-05-2018,8125.291504,8138.941707,8080.48786,8113.870238,264405
14-05-2018,8085.084473,8134.298838,8067.534082,8125.941681,276620
15-05-2018,8103.285645,8125.339256,8021.943004,8101.80029,506107
16-05-2018,8074.498535,8109.645565,8055.370295,8055.370295,288597
17-05-2018,8076.263184,8140.288469,8042.556167,8101.79894,379606
18-05-2018,7903.038086,8101.798943,7889.155739,8079.327297,603507
21-05-2018,7826.476563,7915.89795,7665.833453,7909.583836,872463
22-05-2018,7949.188477,7973.09923,7773.316395,7814.870035,410467
23-05-2018,7890.456055,7953.041327,7854.055814,7948.584358,399631
24-05-2018,7809.994629,7909.862464,7800.01247,7892.962256,292331
25-05-2018,7937.582031,7961.585282,7795.510355,7811.156449,519151
28-05-2018,8087.220215,8157.513369,7944.034085,7948.584455,446264
29-05-2018,8092.421387,8208.585509,8060.013826,8095.2996,665121
30-05-2018,7974.769531,8049.798036,7960.515394,8049.798036,508262
31-05-2018,7927.413086,8022.034124,7907.634664,8021.94163,679959
01-06-2018,8179.659668,8216.385454,7976.488083,7995.013295,1002010
04-06-2018,8124.873047,8208.584255,8102.773194,8208.584255,380690
05-06-2018,8181.100586,8199.300255,8060.014294,8125.014409,400886
06-06-2018,8210.765625,8236.441027,8180.726657,8198.36954,328784
07-06-2018,8274.74707,8296.614786,8231.800564,8240.157722,267961
08-06-2018,8294.430664,8310.726936,8237.369682,8258.726857,287823
11-06-2018,8378.189453,8399.87127,8284.263932,8320.013993,337828
12-06-2018,8372.709961,8417.513605,8315.370583,8393.370709,343452
13-06-2018,8326.838867,8445.325328,8304.228477,8385.014329,369407
14-06-2018,8318.15625,8375.681524,8271.727604,8294.059601,269078
15-06-2018,8312.214844,8352.51528,8265.229406,8352.51528,496572
18-06-2018,8332.50293,8403.956798,8299.538591,8308.406281,305144
19-06-2018,8229.569336,8343.041119,8190.058743,8329.298422,350407
20-06-2018,8309.150391,8329.300608,8229.943287,8239.229018,325981
21-06-2018,8229.988281,8344.156507,8220.610057,8336.727923,313349
22-06-2018,8240.993164,8252.228535,8180.728412,8231.799928,319027
25-06-2018,8164.942383,8235.513931,8152.870934,8235.513931,254954
26-06-2018,8293.40918,8343.552116,8125.012848,8164.941482,387769
27-06-2018,8262.720703,8368.299632,8239.227988,8297.681838,501622
28-06-2018,8144.79248,8258.774821,8111.131708,8256.871427,376404
29-06-2018,8195.213867,8264.300064,8125.292499,8125.292499,458807
02-07-2018,8190.989258,8296.80034,8171.489223,8243.871675,298529
03-07-2018,8334.083008,8352.514821,8125.014417,8194.657398,375718
04-07-2018,8562.18457,8588.60265,8313.04865,8370.155881,656141
05-07-2018,8679.416992,8723.942243,8566.781283,8568.870572,887919
06-07-2018,8651.979492,8741.540545,8598.586541,8649.65806,508241
09-07-2018,8705.277344,8747.015965,8682.155519,8723.941294,331872
10-07-2018,8850.229492,8864.065593,8710.014966,8710.014966,485745
11-07-2018,8714.37793,8848.69545,8692.370571,8848.370812,328446
12-07-2018,8679.37207,8828.872327,8659.175607,8773.157946,336960
13-07-2018,8757.418945,8816.801375,8693.533299,8736.015517,511150
16-07-2018,8714.936523,8820.422967,8686.800941,8755.515347,216426
17-07-2018,8770.743164,8802.593034,8679.371225,8683.225165,457123
18-07-2018,8697.755859,8853.013419,8632.849162,8805.006022,430624
19-07-2018,8718.464844,8760.158136,8682.158,8736.015237,199983
20-07-2018,8727.609375,8788.012853,8668.226964,8721.155613,272916
23-07-2018,9008.086914,9053.586992,8702.586389,8773.157939,607813
24-07-2018,9130.147461,9219.801,9030.372114,9079.586481,749626
25-07-2018,9061.896484,9170.44611,9008.085505,9149.228582,384750
26-07-2018,8725.103516,9129.450785,8692.371319,9118.400404,1261317
27-07-2018,8645.386719,8767.772463,8626.443466,8730.443646,672141
30-07-2018,8711.77832,8732.763705,8573.513455,8654.299296,539464
31-07-2018,8840.524414,8866.802845,8686.799354,8728.585134,426388
01-08-2018,8674.356445,8902.925033,8635.728174,8853.942811,700719
02-08-2018,8489.385742,8660.799947,8468.585345,8660.799947,875157
03-08-2018,8530.798828,8570.727461,8496.441632,8496.441632,470958
06-08-2018,8623.101563,8635.729794,8542.872484,8586.979706,237693
07-08-2018,8739.265625,8747.158496,8608.801106,8650.586895,381947
08-08-2018,8549.743164,8774.086032,8527.131868,8774.086032,638498
09-08-2018,8492.774414,8579.085451,8412.870893,8579.085451,651728
10-08-2018,8494.819336,8552.158728,8454.658547,8496.444339,427827
13-08-2018,8432.231445,8528.942682,8368.485455,8468.074906,348201
14-08-2018,8555.657227,8580.202252,8474.762663,8505.443716,344056
16-08-2018,8619.316406,8652.480421,8511.066318,8547.602541,465479
17-08-2018,8573.926758,8699.836566,8553.223265,8659.084626,477538
20-08-2018,8501.087891,8635.475783,8489.518454,8591.351638,449317
21-08-2018,8537.578125,8553.223306,8478.652305,8534.486781,380824
23-08-2018,8640.628906,8671.263306,8525.211735,8567.275598,751705
24-08-2018,8584.886719,8693.652776,8564.55741,8656.27305,401110
27-08-2018,8661.193359,8688.127116,8618.801969,8627.233406,326945
28-08-2018,8832.350586,8849.728529,8632.853267,8691.451562,684054
29-08-2018,8776.280273,8870.150432,8749.628303,8825.83874,433440
30-08-2018,8624.235352,8778.062413,8602.548372,8778.062413,674292
31-08-2018,8521.74707,8670.327355,8506.663618,8626.296519,634522
03-09-2018,8339.767578,8542.871312,8314.332381,8525.118273,992161
04-09-2018,8308.244141,8430.499974,8277.282214,8348.996085,530967
05-09-2018,8334.098633,8384.593928,8235.263475,8310.584663,491163
06-09-2018,8206.457031,8401.176916,8188.798222,8401.176916,687535
07-09-2018,8168.375488,8233.765776,8088.791917,8220.650209,636918
10-09-2018,8093.616211,8197.228817,8080.125548,8150.38751,577299
11-09-2018,7978.995605,8150.294829,7943.91128,8120.409707,552622
12-09-2018,7957.354492,7999.558326,7870.27632,7999.558326,634678
14-09-2018,8081.718262,8150.387435,8038.295821,8050.147038,754169
17-09-2018,7998.43457,8112.63405,7978.948768,8044.526602,422191
18-09-2018,7868.544434,8053.426725,7850.791393,7998.341525,507455
19-09-2018,7691.670898,7914.683115,7673.590335,7893.229428,959340
21-09-2018,7532.222168,7799.07717,7119.550277,7738.183475,1646047
24-09-2018,7300.732422,7560.186592,7111.166027,7560.186592,1801469
25-09-2018,7494.09375,7511.705898,7194.824469,7260.402296,1159438
26-09-2018,7347.105957,7578.830004,7328.369433,7564.871385,754963
27-09-2018,7075.894531,7380.31637,7035.751897,7354.085238,1594739
28-09-2018,6883.752441,7165.034515,6831.945677,7138.615833,1413254
01-10-2018,6992.42334,7012.143346,6750.768865,6889.419127,1034603
03-10-2018,6788.241699,6942.537136,6755.452787,6932.512914,1148091
04-10-2018,6743.977539,6827.589277,6577.456684,6698.307262,1104174
05-10-2018,6468.175781,6763.884867,6372.1511,6609.121002,1481376
08-10-2018,6454.498535,6547.478539,6346.295105,6478.153398,1393849
09-10-2018,6276.220703,6501.574071,6240.199551,6388.920716,1079041
10-10-2018,6544.526855,6604.62416,6298.516224,6321.702671,1162309
11-10-2018,6441.148926,6510.942482,6281.607597,6370.418543,869569
12-10-2018,6826.839844,6863.188516,6510.941876,6510.941876,1053651
15-10-2018,6728.285645,6876.304181,6675.870037,6857.567658,682234
16-10-2018,6699.150391,6818.221092,6673.762309,6758.264215,637012
17-10-2018,6450.610352,6787.305585,6420.491482,6780.419821,1021019
19-10-2018,6329.619141,6524.994049,6291.255927,6398.52252,903940
22-10-2018,6381.84668,6468.783955,6297.391444,6387.280088,774016
23-10-2018,6343.530762,6423.816946,6244.883151,6350.744506,734440
24-10-2018,6340.720215,6450.048009,6267.366911,6417.259094,681526
25-10-2018,6298.470215,6420.726036,6201.977114,6276.735664,2101936
26-10-2018,6292.942383,6365.733961,6089.370235,6323.576782,874526
29-10-2018,6369.200195,6379.786148,6268.350493,6297.345446,505428
30-10-2018,6273.925293,6435.012747,6253.502664,6368.544743,771389
31-10-2018,6198.416016,6332.944333,6089.369551,6332.944333,1315746
01-11-2018,6287.743164,6314.161846,6183.052838,6228.910662,842039
02-11-2018,6684.67627,6706.738342,6323.623109,6342.125425,1834118
05-11-2018,6723.835938,6796.393311,6614.039722,6687.065509,1040315
06-11-2018,6628.04541,6780.748082,6604.624755,6740.464555,667413
07-11-2018,6677.603516,6691.749683,6642.097893,6688.939204,127507
09-11-2018,6823.373047,6852.88307,6596.05228,6679.570237,986090
12-11-2018,6640.037109,6888.015208,6606.498912,6838.831829,687443
13-11-2018,6698.729004,6715.87274,6577.456671,6604.577972,572295
14-11-2018,6903.518555,6940.944942,6726.505528,6726.505528,1112945
15-11-2018,7005.867188,7040.342666,6870.261595,6912.746755,1048278
16-11-2018,6877.428711,7067.46354,6841.220012,7026.196529,806420
19-11-2018,6943.427734,6978.418284,6829.46292,6895.040753,577408
20-11-2018,6870.635742,6974.201681,6849.744246,6943.426853,637243
21-11-2018,6955.46582,6994.344106,6868.340987,6876.30401,701156
22-11-2018,6942.912109,7007.459337,6896.164578,6926.845633,668352
26-11-2018,7077.440918,7099.034578,6920.61585,6955.93438,899481
27-11-2018,7164.472656,7174.02801,7026.899627,7091.774846,783389
28-11-2018,7095.708496,7195.292928,7072.662482,7174.214341,686734
29-11-2018,7069.992676,7159.225366,7055.237664,7132.057408,725583
30-11-2018,7177.587402,7238.855742,7091.820693,7095.521339,869715
03-12-2018,7288.461426,7307.244609,7148.077923,7202.788484,772869
04-12-2018,7233.844238,7293.145614,7214.498868,7288.508141,551195
05-12-2018,7076.831055,7250.940278,7044.932309,7210.469664,704296
06-12-2018,6754.235352,7013.361086,6726.411433,6979.40114,1339030
07-12-2018,6851.899902,6885.625644,6746.085204,6786.368729,688881
10-12-2018,6886.140137,6927.828897,6717.043028,6745.147811,785024
11-12-2018,6843.843262,6881.925155,6759.715996,6783.089992,843166
12-12-2018,6999.824707,7033.03492,6834.146907,6876.304085,643037
13-12-2018,7185.925293,7213.561666,7005.117838,7005.117838,881204
14-12-2018,7178.103027,7204.193729,7069.244094,7198.572772,676653
17-12-2018,7245.460449,7307.24432,7166.720391,7205.973317,712296
18-12-2018,7281.34082,7293.19158,7171.40418,7222.929618,658919
19-12-2018,7434.652344,7447.533703,7289.44429,7289.44429,856358
20-12-2018,7313.848633,7418.726506,7273.190468,7354.0855,824303
21-12-2018,7060.203125,7340.033295,7040.24891,7335.349164,1257227
24-12-2018,7053.504395,7115.803332,6998.09122,7082.405572,611297
26-12-2018,7090.930664,7119.8785,6934.386928,7014.953974,594156
27-12-2018,7026.149902,7184.379757,7006.804075,7165.783666,704523
28-12-2018,7031.395508,7101.142399,7016.828044,7071.163962,616845
31-12-2018,6993.875488,7094.350091,6972.890674,7073.037296,547975
01-01-2019,7004.461426,7020.575018,6927.829231,6979.120462,625360
02-01-2019,6808.711914,6988.722964,6786.368519,6974.670572,891844
03-01-2019,6748.849121,6885.672401,6731.658269,6820.094569,715168
04-01-2019,6777.469238,6847.262791,6708.80006,6781.684956,774445
07-01-2019,6896.960938,6939.071457,6838.831056,6848.199318,687845
08-01-2019,6969.518555,6983.851813,6859.53525,6913.777395,516841
09-01-2019,7019.544922,7053.364439,6945.629426,6989.191845,740580
10-01-2019,6924.644531,7036.501486,6895.181165,7026.196398,452699
11-01-2019,6858.036133,6932.513815,6821.968324,6916.306905,488399
14-01-2019,6940.664551,6963.757225,6798.547831,6866.936145,424152
15-01-2019,6890.496582,6998.091154,6854.756757,6960.618109,491196
16-01-2019,6848.433594,6917.524525,6830.493464,6885.204021,424769
17-01-2019,6872.791016,6931.5302,6845.857263,6875.367288,462725
18-01-2019,6893.120117,6913.730292,6855.69373,6880.988036,334555
21-01-2019,6753.017578,6913.777038,6708.61211,6893.166863,654537
22-01-2019,6622.28418,6726.412324,6608.840632,6726.412324,896521
23-01-2019,6600.31543,6681.678879,6581.204266,6604.624922,702474
24-01-2019,6595.817871,6649.591597,6571.272845,6613.898432,520703
25-01-2019,6101.923828,6682.381447,6005.056088,6608.372176,3062762
28-01-2019,6099.72168,6192.42081,5918.586711,6101.080261,2398091
29-01-2019,6114.617676,6200.992773,6040.09288,6070.633505,1101399
30-01-2019,6134.571777,6171.810616,6096.864525,6144.642658,583773
31-01-2019,6221.603516,6239.30944,6051.944191,6159.632551,926270
01-02-2019,6522.464355,6748.895413,6232.282463,6257.061697,2545419
04-02-2019,6546.728516,6594.3191,6418.804634,6534.362228,658776
05-02-2019,6645.470215,6674.886465,6544.10544,6553.099063,681498
06-02-2019,6729.597168,6763.885098,6620.550691,6670.202479,567827
07-02-2019,6841.220215,6857.568016,6731.190248,6746.085694,690174
08-02-2019,6683.552246,6838.831187,6651.465949,6810.726401,576159
11-02-2019,6724.444336,6754.469889,6605.654963,6698.306978,502244
12-02-2019,6710.018066,6773.253839,6677.650902,6738.591267,494592
14-02-2019,6574.177734,6661.958531,6548.415014,6592.16498,622311
15-02-2019,6492.251465,6612.774507,6464.100024,6583.451576,768798
18-02-2019,6410.420898,6555.722278,6386.344282,6524.713696,509963
19-02-2019,6374.680176,6478.995859,6343.249842,6421.943238,493861
20-02-2019,6417.165527,6452.858696,6374.539936,6409.764692,534284
21-02-2019,6371.869141,6445.035348,6290.787028,6435.011583,722938
22-02-2019,6475.717285,6500.636953,6388.264469,6395.71242,764535
25-02-2019,6487.427246,6543.636814,6436.042241,6509.068021,495728
26-02-2019,6468.128906,6534.362701,6382.222219,6450.048344,673415
27-02-2019,6528.273438,6602.751121,6420.257559,6504.384369,961829
28-02-2019,6398.241699,6595.256054,6371.354606,6567.15127,1031563
01-03-2019,6497.029297,6510.941256,6395.945854,6442.365404,768822
05-03-2019,6668.094238,6705.941923,6458.901145,6510.941654,838538
06-03-2019,6611.088867,6693.529575,6567.151809,6686.925133,557197
07-03-2019,6584.998047,6644.439852,6559.657081,6630.855873,396771
08-03-2019,6527.523438,6581.20339,6511.878259,6534.362085,486432
11-03-2019,6634.509277,6671.70146,6534.36265,6539.04678,720905
12-03-2019,6705.052734,6775.127152,6647.718787,6648.655614,828847
13-03-2019,6643.081543,6747.912765,6604.625009,6723.601941,534982
14-03-2019,6638.631348,6696.433707,6602.048467,6654.276528,584482
15-03-2019,6636.476074,6704.864379,6613.992248,6659.896727,861945
18-03-2019,6458.47998,6630.340934,6348.496673,6630.340934,1336134
19-03-2019,6394.026367,6465.927778,6379.083806,6464.100784,816763
20-03-2019,6251.956055,6426.627476,6229.893982,6426.627476,1017560
22-03-2019,6138.741211,6292.005611,6119.676706,6152.137643,1715983
25-03-2019,6110.54248,6202.726084,6081.12623,6103.42251,1093184
26-03-2019,6169.655762,6183.052192,6070.633061,6143.705496,909087
27-03-2019,6106.232422,6220.525204,6089.369552,6209.283291,887601
28-03-2019,6179.540039,6206.473793,6090.494889,6122.159432,949713
01-04-2019,6408.546875,6435.995698,6276.735252,6305.589314,1142386
02-04-2019,6454.45166,6464.756748,6356.834187,6426.112668,866805
03-04-2019,6626.077637,6649.592065,6460.353181,6460.353181,1491021
04-04-2019,6663.737793,6717.043106,6615.537907,6670.201802,1388375
05-04-2019,6658.679199,6692.639146,6604.624149,6646.781325,729603
08-04-2019,6679.055664,6698.307259,6599.659644,6658.023733,498374
09-04-2019,6760.652344,6777.936969,6632.72892,6683.317531,741669
10-04-2019,6732.36084,6762.901464,6693.248347,6762.901464,590107
11-04-2019,6733.766602,6763.885474,6698.307637,6732.923549,609539
12-04-2019,6878.974609,6892.230609,6708.659325,6734.750028,929935
15-04-2019,6888.014648,6923.098973,6834.147142,6886.656067,585205
16-04-2019,6987.364258,7002.77523,6885.671966,6904.314714,707823
18-04-2019,6976.966309,7063.060543,6964.412472,7057.205379,713163
22-04-2019,6858.738281,6955.840218,6838.830726,6953.123514,479609
23-04-2019,6603.594238,6922.115152,6563.404485,6864.125701,952628
24-04-2019,6573.428711,6653.293146,6473.46917,6618.677234,1063510
25-04-2019,6469.018555,6693.575958,6431.311303,6571.601015,3075510
26-04-2019,6410.560547,6451.780895,6323.576152,6375.101588,1999920
30-04-2019,6245.257813,6323.576571,6211.157432,6276.735263,1640025
02-05-2019,6261.043945,6286.057389,6112.791193,6136.211849,1337101
03-05-2019,6286.103516,6351.681347,6253.3146,6253.3146,795679
06-05-2019,6285.775879,6306.714036,6219.870064,6238.325723,480317
07-05-2019,6278.608887,6356.599664,6257.998711,6318.798637,586684
08-05-2019,6230.03418,6270.177271,6198.041659,6257.061705,552749
09-05-2019,6206.42627,6256.124711,6183.052275,6217.714841,570000
10-05-2019,6212.655762,6243.851886,6159.631315,6204.598966,608669
13-05-2019,6130.355957,6238.606033,6089.369814,6207.409906,555672
14-05-2019,6160.755859,6194.29405,6042.528225,6099.674616,843313
15-05-2019,6083.515137,6220.525968,6054.988596,6173.684658,612357
16-05-2019,6070.305176,6114.944848,6034.471577,6094.990635,555991
17-05-2019,6283.152344,6361.049344,6075.317378,6086.559291,782196
20-05-2019,6637.038574,6698.306912,6426.627331,6440.679723,1286198
21-05-2019,6441.007813,6686.830905,6387.280741,6656.149848,973836
22-05-2019,6463.912598,6492.72,6408.827405,6442.740694,645280
23-05-2019,6491.50293,6603.781641,6398.52293,6554.036078,1364516
24-05-2019,6645.04834,6670.202214,6451.687513,6524.947501,1002742
27-05-2019,6621.908691,6739.433252,6464.146809,6646.781242,1022289
28-05-2019,6608.980469,6679.57041,6587.293035,6620.550363,915732
29-05-2019,6456.090332,6566.214056,6435.995229,6558.719447,768022
30-05-2019,6433.841309,6483.773961,6393.838648,6454.732349,850456
31-05-2019,6435.855469,6521.527949,6393.838723,6455.669251,1084204
03-06-2019,6579.236328,6609.308539,6332.944823,6332.944823,1157809
04-06-2019,6606.310547,6650.528925,6531.317796,6557.783135,575281
06-06-2019,6547.197266,6650.52901,6490.331734,6614.180337,720856
07-06-2019,6509.301758,6548.414246,6429.109355,6548.414246,470376
10-06-2019,6529.631836,6598.34767,6484.710837,6539.046756,395116
11-06-2019,6537.454102,6574.833833,6492.205579,6548.368493,387309
12-06-2019,6419.132813,6527.757988,6393.885165,6523.869794,494886
13-06-2019,6356.084961,6430.094231,6338.846993,6410.701746,561159
14-06-2019,6321.140625,6406.953991,6302.357444,6346.997118,449930
17-06-2019,6165.861816,6340.486121,6146.048035,6323.014405,567397
18-06-2019,6032.223145,6228.956622,5986.318666,6187.267861,1048826
19-06-2019,6018.779785,6146.188136,5976.950591,6075.317332,715496
20-06-2019,6198.744629,6228.957273,5939.71219,5986.319293,992450
21-06-2019,6011.847168,6135.274004,5967.769684,6135.274004,1345890
24-06-2019,6051.803711,6086.65383,5923.411858,6005.992999,911826
25-06-2019,6110.449219,6126.843678,6021.310293,6050.960752,580392
26-06-2019,6070.914063,6143.518086,6051.99045,6107.169416,572239
27-06-2019,6076.910645,6159.632214,6065.949595,6085.810493,1022011
28-06-2019,6121.831055,6136.211428,6065.949465,6089.370119,618701
01-07-2019,6096.724609,6199.915926,6080.00217,6183.053054,754667
02-07-2019,6145.57959,6172.56,6072.50715,6098.78494,518084
03-07-2019,6121.035156,6173.684974,6103.469664,6166.190364,517709
04-07-2019,6131.012207,6171.810804,6098.925911,6126.843148,576449
05-07-2019,5958.213867,6163.378779,5902.004302,6133.587892,866460
08-07-2019,5657.211914,5886.218778,5607.513015,5883.361642,1927495
09-07-2019,5569.853027,5686.534537,5536.642358,5677.166276,1337999
10-07-2019,5553.411621,5616.272747,5527.274263,5582.547006,809385
11-07-2019,5650.186035,5667.798184,5555.379046,5596.599397,779113
12-07-2019,5594.210938,5705.271499,5575.942827,5637.539149,719883
15-07-2019,5695.62207,5710.892153,5578.799668,5602.220321,675004
16-07-2019,5769.021973,5782.09088,5673.419049,5695.856218,627259
17-07-2019,5691.875,5783.96483,5667.798384,5778.343873,598778
18-07-2019,5510.739258,5673.138158,5487.459037,5671.92001,1097857
19-07-2019,5404.644043,5537.532929,5349.371298,5513.222106,1228672
22-07-2019,5538.983887,5564.746602,5382.112185,5414.854438,897510
23-07-2019,5502.683105,5595.100922,5452.516243,5536.643057,841517
24-07-2019,5403.612793,5494.484922,5363.610137,5494.484922,800687
25-07-2019,5393.073242,5475.701481,5340.891849,5423.379656,990461
26-07-2019,5438.884766,5578.799846,5324.826179,5366.140305,2346714
29-07-2019,5209.924316,5405.486771,5190.016761,5405.486771,1548125
30-07-2019,5159.242188,5288.243335,5145.049362,5210.627195,1189163
31-07-2019,5124.158691,5229.644961,5102.002385,5176.714278,1053202
01-08-2019,5220.557617,5260.278955,5105.702637,5124.158296,1134178
02-08-2019,5329.932129,5362.393065,5138.491607,5189.642408,1391678
05-08-2019,5312.132324,5335.224998,5107.57624,5246.226512,1122496
06-08-2019,5464.787598,5479.495951,5283.699292,5283.699292,1125521
07-08-2019,5410.171875,5496.359894,5373.354784,5465.397968,955090
08-08-2019,5529.381348,5571.304312,5363.328936,5363.328936,831725
09-08-2019,5714.54541,5766.16462,5552.755818,5562.545376,1445079
13-08-2019,5448.065918,5736.186623,5425.675407,5714.358756,909354
14-08-2019,5524.580078,5636.097472,5423.891377,5501.782636,1030939
16-08-2019,5675.660156,5694.610714,5309.903902,5514.130975,1207075
19-08-2019,5682.78418,5722.537308,5615.389526,5698.410111,902389
20-08-2019,5880.742188,5920.685016,5660.461557,5702.209554,2198337
21-08-2019,5916.790039,5961.530104,5833.294514,5911.185762,2128640
22-08-2019,5897.459961,5982.90305,5858.941973,5889.338559,1551394
23-08-2019,5940.96582,5964.950628,5737.356079,5851.343286,1232405
26-08-2019,5942.104492,6142.674822,5809.689467,6136.310351,1552155
27-08-2019,5963.192871,6022.323731,5942.532691,5981.953264,1078065
28-08-2019,5797.579102,5934.933776,5765.852756,5934.933776,1242304
29-08-2019,5804.038086,5887.43853,5761.102724,5797.578533,1006756
30-08-2019,5816.90918,5850.630392,5749.609146,5836.144519,794518
03-09-2019,5746.569824,5822.846073,5701.4972,5732.606207,1173373
04-09-2019,5538.59082,5771.742336,5509.381599,5758.253664,1964992
05-09-2019,5669.580566,5697.460028,5501.069587,5514.13062,1149196
06-09-2019,5876.942383,5908.33617,5663.358787,5697.175081,1524051
09-09-2019,6018.049316,6047.923648,5737.355832,5780.101032,2061193
11-09-2019,6266.731445,6297.793145,5970.175009,6012.825129,2492039
12-09-2019,6071.764648,6307.290853,6050.819689,6236.048863,1892862
13-09-2019,6127.09668,6186.465012,6022.323632,6111.613604,1929801
16-09-2019,6091.428711,6163.85808,6022.41905,6031.72782,1377371
17-09-2019,5823.225586,6122.869602,5803.847856,6088.815836,1706567
18-09-2019,5789.647461,5900.547513,5686.631802,5856.092688,1955137
19-09-2019,5672.525391,5865.591206,5644.645929,5831.395047,1721431
20-09-2019,6261.649414,6601.568365,5682.689439,5713.608281,4892962
23-09-2019,6552.22168,6649.253189,6341.582838,6341.582838,3140286
24-09-2019,6657.897949,6818.23977,6511.519283,6587.510755,2354230
25-09-2019,6305.867188,6649.253644,6271.196079,6649.253644,2296343
26-09-2019,6513.846191,6554.168885,6346.284637,6364.285301,1893865
27-09-2019,6434.29248,6568.512219,6397.531424,6516.268087,1457894
30-09-2019,6379.293945,6468.394225,6307.292211,6433.628034,1264165
01-10-2019,6442.176758,6506.769506,6316.790834,6383.28337,1473158
03-10-2019,6415.626953,6454.477962,6345.287537,6446.54626,850852
04-10-2019,6316.411133,6502.875018,6286.774274,6452.625751,1065056
07-10-2019,6297.650391,6363.335422,6229.542853,6340.253199,696713
09-10-2019,6382.855957,6405.890872,6259.797454,6295.893403,1017731
10-10-2019,6274.472656,6404.275478,6229.637509,6364.284879,985523
11-10-2019,6363.240723,6383.283566,6294.27837,6294.27837,835065
14-10-2019,6479.316895,6530.08841,6360.532466,6362.337634,963217
15-10-2019,6635.716797,6667.300748,6467.823164,6469.722951,1276061
16-10-2019,6625.505859,6662.456616,6549.514394,6652.53051,876844
17-10-2019,6766.945313,6797.009345,6592.260014,6627.406069,1248295
18-10-2019,6936.40625,7076.705688,6707.814501,6726.479813,1463126
22-10-2019,6892.663574,7021.611596,6869.628661,6965.567888,959552
23-10-2019,7067.444336,7097.603451,6839.232448,6840.22965,1278695
24-10-2019,7021.041016,7100.452186,6906.673959,7086.203787,1658859
25-10-2019,7096.794922,7132.748474,6985.372628,7025.885483,1353615
27-10-2019,7050.203125,7124.19972,7021.658553,7102.352174,128351
29-10-2019,7334.411621,7369.938005,7011.970589,7044.409356,1396732
30-10-2019,7178.296875,7365.140622,7161.911214,7355.974244,1243366
31-10-2019,7180.623047,7261.934003,7126.099266,7231.442336,1067275
01-11-2019,7236.903809,7265.73316,7167.039349,7219.141084,1151035
04-11-2019,7052.008301,7242.936866,7036.287751,7171.694864,824953
05-11-2019,7018.762207,7164.048585,6957.969031,7057.660527,1207089
06-11-2019,6944.8125,7043.459015,6929.471816,7024.461148,923041
07-11-2019,6922.014648,6988.364786,6878.177167,6988.364786,877885
08-11-2019,6839.754883,7000.714508,6818.382281,6921.351099,983936
11-11-2019,6779.67334,6874.805526,6719.545279,6801.236104,864507
13-11-2019,6796.106934,6810.592807,6739.493198,6772.739465,687017
14-11-2019,6884.018555,6905.723708,6801.235453,6801.235453,802462
15-11-2019,6789.077637,6990.264854,6759.630944,6934.221149,1049492
18-11-2019,6742.770996,6817.384937,6720.49581,6791.737815,537228
19-11-2019,6692.42627,6796.4869,6679.650018,6787.93786,755114
20-11-2019,6794.349121,6856.329657,6691.048227,6763.240116,1289948
21-11-2019,6667.348633,6839.232017,6653.812653,6791.737351,763454
22-11-2019,6706.674805,6722.822992,6649.253565,6681.54994,685503
25-11-2019,6873.523438,6899.550423,6687.534039,6720.685689,952419
26-11-2019,6767.990234,6909.524346,6729.044606,6875.328185,1249810
27-11-2019,6928.901855,6934.221351,6807.505673,6807.505673,1070680
28-11-2019,6897.412109,6954.263311,6859.131598,6934.030307,602077
29-11-2019,6882.784668,6928.379548,6774.63922,6890.526206,792083
02-12-2019,6781.620605,6929.329009,6750.653992,6925.671827,703838
03-12-2019,6781.098633,6877.228028,6706.24722,6784.755815,668269
04-12-2019,6721.540527,6810.735421,6698.648005,6772.549523,737723
05-12-2019,6661.458984,6768.131811,6640.276087,6734.743156,602894
06-12-2019,6541.630859,6696.748261,6520.163176,6661.459815,770911
09-12-2019,6644.266113,6751.841529,6603.99073,6655.902306,1479832
10-12-2019,6614.724609,6695.750789,6559.013458,6667.301298,790378
11-12-2019,6642.793945,6682.499299,6606.698,6649.253034,603048
12-12-2019,6649.062988,6692.900935,6625.980766,6678.129816,932863
13-12-2019,6853.432617,6885.776297,6677.892063,6691.000868,1199360
16-12-2019,6782.285156,6894.040469,6767.989448,6877.227173,727854
17-12-2019,6834.625,6911.898916,6806.935702,6848.635927,939918
18-12-2019,6877.845215,6891.428968,6805.035982,6858.23001,841740
19-12-2019,6877.845215,6943.720412,6806.935769,6885.729608,1001697
20-12-2019,6897.650879,6938.353904,6865.354504,6877.845509,679779
23-12-2019,6992.070313,7008.883611,6886.822308,6910.474561,914067
24-12-2019,6960.62793,7051.723068,6936.120868,7026.360731,850537
26-12-2019,6878.083008,6975.494854,6860.130115,6966.518176,556360
27-12-2019,6976.871094,6999.288668,6888.056072,6903.824393,665383
30-12-2019,7044.646484,7059.559995,6973.737039,7008.313064,739631
31-12-2019,6999.384277,7041.084503,6986.703108,7041.084503,560622
01-01-2020,6945.335449,7038.662472,6917.17074,7007.3633,634725
02-01-2020,6962.575684,6998.814021,6945.619995,6960.438424,616838
03-01-2020,6890.76416,6964.618372,6863.929672,6961.721382,571967
06-01-2020,6689.528809,6848.731026,6674.425597,6839.232093,748516
07-01-2020,6719.165039,6806.555219,6674.329892,6744.242128,590500
08-01-2020,6682.689453,6760.057983,6630.682796,6706.246621,793313
09-01-2020,6865.733887,6877.227689,6746.14241,6782.238356,798184
10-01-2020,6963.192871,6981.620708,6871.908032,6897.555151,747847
13-01-2020,6984.280762,7000.713731,6915.033168,6964.617785,537399
14-01-2020,7016.671387,7040.988747,6958.538197,6986.464966,548522
15-01-2020,7108.004395,7128.949357,6984.565572,7018.714423,692726
16-01-2020,7088.721191,7144.147559,7049.348392,7082.87944,640207
17-01-2020,7143.340332,7190.597526,7060.129582,7094.75338,750738
20-01-2020,7076.325684,7152.22207,7049.20595,7144.38545,407828
21-01-2020,6936.738281,7062.124198,6922.632273,7040.134261,442561
22-01-2020,6778.059082,7005.416148,6751.794624,6972.21719,1048435
23-01-2020,6788.983398,6858.230536,6766.233265,6787.368394,589326
24-01-2020,6771.267578,6848.731197,6754.929227,6790.597537,645723
27-01-2020,6790.59668,6862.978731,6707.196238,6745.666914,573149
28-01-2020,6646.450684,6858.18227,6614.107002,6820.186538,1614448
29-01-2020,6659.037109,6759.678494,6625.50606,6658.752327,1001252
30-01-2020,6668.678711,6695.79798,6631.205234,6668.251073,579174
31-01-2020,6567.087891,6710.046844,6550.037119,6682.499936,868935
03-02-2020,6659.987305,6691.856506,6440.27715,6440.27715,1010531
04-02-2020,6838.852051,6853.480315,6650.203144,6668.251117,973311
05-02-2020,6688.104004,6869.248852,6673.570821,6853.480529,718489
06-02-2020,6669.770996,6763.572961,6627.215497,6720.495206,875714
07-02-2020,6622.418457,6696.747606,6587.509879,6686.29878,645814
10-02-2020,6547.52002,6638.899949,6507.814662,6625.506359,593773
11-02-2020,6681.311523,6733.793125,6565.946805,6601.757965,743160
12-02-2020,6690.383301,6753.741369,6656.804944,6702.542213,599364
13-02-2020,6654.050781,6702.448037,6578.011998,6696.748676,723169
14-02-2020,6567.371582,6733.745751,6555.213134,6649.299873,614859
17-02-2020,6560.675781,6630.255468,6535.266135,6573.261868,463548
18-02-2020,6441.321289,6582.760303,6398.290846,6578.010837,830678
19-02-2020,6418.049316,6511.471417,6292.663398,6506.76926,1033939
20-02-2020,6418.999512,6466.446407,6383.283428,6422.229056,682513
24-02-2020,6146.189941,6373.784485,6117.123112,6373.784485,1091346
25-02-2020,6093.138184,6183.805689,6057.042236,6179.436087,964897
26-02-2020,5922.442383,6049.728086,5876.087311,6031.822504,1580738
27-02-2020,5974.63916,6020.471515,5857.802275,5917.835722,1492657
28-02-2020,5968.274902,6048.303416,5797.389184,5854.239929,1468843
02-03-2020,5970.22168,6116.88511,5936.833024,6080.2196,1219764
03-03-2020,6066.065918,6100.357159,5965.804866,6001.425864,849199
04-03-2020,6064.45166,6102.114838,5897.88777,6069.818465,904360
05-03-2020,6046.973633,6140.110488,6013.014946,6090.620953,645853
06-03-2020,6122.96582,6155.309506,5794.49239,5885.919633,1140899
09-03-2020,5890.383789,6054.620258,5774.781582,5985.278043,1082030
11-03-2020,5838.32959,5994.729908,5799.099178,5851.343315,937029
12-03-2020,5360.390625,5641.701451,5277.179874,5641.701451,1345964
13-03-2020,5546.047363,5759.678283,4562.385034,5058.372214,1480205
16-03-2020,5205.65332,5402.993675,5129.424375,5356.069033,933412
17-03-2020,5323.154785,5458.989528,5226.312977,5226.312977,1238640
18-03-2020,5084.446777,5403.753349,5046.35596,5386.845432,973395
19-03-2020,4578.057617,4841.225808,4419.425452,4625.979915,2554559
20-03-2020,4824.69873,4963.193002,4571.457058,4625.030953,1614552
23-03-2020,4008.88208,4549.988678,3933.507958,4345.761629,1531965
24-03-2020,4261.648438,4341.011827,3828.069511,4123.486289,1746431
25-03-2020,4755.118652,4900.879504,4094.135293,4216.576449,1728819
26-03-2020,4633.57959,4863.453772,4511.993246,4772.691651,1338787
27-03-2020,4413.299805,4879.127434,4326.764423,4844.456325,1339426
30-03-2020,4111.565918,4407.457687,4056.044468,4357.588287,1528082
31-03-2020,4073.427002,4244.170312,3999.050547,4227.024925,2140261
01-04-2020,4033.579834,4203.135802,3980.148332,4075.042587,1323842
03-04-2020,3810.497314,4053.195074,3800.618516,4037.046887,1724808
07-04-2020,4325.481934,4381.763117,3913.560759,3942.05756,2688172
08-04-2020,4462.693848,4678.224547,4185.704866,4185.704866,2798833
09-04-2020,5059.749512,5128.474391,4498.88524,4554.21653,3786650
13-04-2020,5018.428711,5075.659782,4750.416408,5020.186106,2192268
15-04-2020,4839.041992,5081.929932,4788.412857,5041.55946,2094519
16-04-2020,4873.712402,4966.042217,4720.969744,4765.614729,1752169
17-04-2020,5229.163086,5322.205329,4950.559542,5058.182277,2192902
20-04-2020,5064.213379,5294.65757,5015.436269,5235.811499,1555307
21-04-2020,4750.511719,4874.187554,4639.754062,4874.187554,1843169
22-04-2020,4921.254883,4985.2776,4740.917544,4758.015624,1991584
23-04-2020,4897.982422,4981.810506,4792.21171,4909.998479,1454061
24-04-2020,4792.829102,4882.451628,4777.963364,4844.455896,1070808
27-04-2020,4802.993652,4963.193084,4741.440281,4892.04616,1432313
28-04-2020,4799.526367,4863.454005,4740.205341,4834.957204,1172062
29-04-2020,4814.487305,4844.456255,4759.963053,4844.456255,1038094
30-04-2020,5090.288086,5153.171209,4865.353536,4865.353536,2341081
04-05-2020,4641.462891,4873.189519,4597.483022,4840.655677,1742771
05-05-2020,4587.842285,4777.5357,4559.487877,4744.717072,1570620
06-05-2020,4600.570313,4749.466074,4473.997042,4598.623217,2214528
07-05-2020,4511.328613,4688.056562,4497.745323,4654.00279,1530808
08-05-2020,4420.946289,4634.529914,4405.130657,4629.780446,1828141
11-05-2020,4690.382813,4763.334894,4493.137567,4511.993042,3176473
12-05-2020,4703.206543,4735.218133,4455.046917,4667.775708,3124672
13-05-2020,4783.757813,5051.010389,4736.405538,4986.9399,3304845
14-05-2020,4857.801758,4887.201142,4609.02479,4659.226744,2590674
15-05-2020,4844.835449,4866.493294,4712.562814,4853.954517,2182462
18-05-2020,4484.399414,4839.706853,4446.02335,4825.838317,3164086
19-05-2020,4564.522461,4654.477549,4517.45543,4599.383733,2108177
20-05-2020,4646.830566,4673.474887,4507.718512,4515.792604,1518296
21-05-2020,4797.056152,4819.568345,4607.979616,4644.978145,1868166
22-05-2020,4877.037598,4891.95111,4683.686978,4758.966031,1935875
26-05-2020,4983.281738,5020.944908,4902.065876,4939.444263,1508751
27-05-2020,4981.620117,5025.885236,4878.081752,5005.937477,1534655
28-05-2020,5194.349609,5219.664175,4958.443493,5003.088483,2325084
29-05-2020,5329.661133,5382.807848,5105.676479,5105.676479,3386733
01-06-2020,5503.301758,5570.791489,5382.950095,5404.892722,2340994
02-06-2020,5404.988281,5555.926243,5343.245213,5507.244208,2110719
03-06-2020,5342.200195,5539.778012,5325.102115,5442.88889,1652859
04-06-2020,5405.083496,5433.342824,5292.805913,5374.496744,1642049
05-06-2020,5458.276855,5495.132529,5386.939779,5441.273395,1236658
08-06-2020,5447.448242,5556.876143,5415.816979,5556.876143,1176769
09-06-2020,5378.580566,5497.032445,5338.400266,5465.685966,1336806
10-06-2020,5391.214355,5452.38739,5333.65073,5371.646461,1432292
11-06-2020,5154.263672,5403.94323,5129.708836,5354.548776,1766481
12-06-2020,5283.069336,5327.286686,4940.39531,4940.39531,2064628
15-06-2020,5201.378418,5305.154265,5120.922267,5243.411198,1530562
16-06-2020,5226.503418,5331.323779,5129.424131,5309.903869,1184933
17-06-2020,5439.279297,5522.157489,5172.169111,5172.169111,3454833
18-06-2020,5428.070801,5469.486246,5358.348717,5409.642961,1580214
19-06-2020,5601.853516,5637.616907,5421.041228,5462.836534,1854589
22-06-2020,5600.571289,5675.612865,5515.413442,5604.370863,1497563
23-06-2020,5591.547363,5706.199679,5568.797231,5604.370924,1398070
24-06-2020,5466.96875,5640.466677,5442.888861,5640.466677,1268449
25-06-2020,5473.569824,5553.835806,5367.846888,5392.544114,1266203
26-06-2020,5466.541016,5518.880231,5409.642498,5509.381297,1063057
29-06-2020,5394.15918,5509.38105,5366.897057,5442.88852,1102655
30-06-2020,5545.761719,5580.148041,5396.77133,5461.886328,2015814
01-07-2020,5512.325684,5590.121849,5485.63359,5545.761648,1284965
02-07-2020,5650.393066,5661.364149,5474.045002,5556.875884,1470941
03-07-2020,5634.861816,5688.530785,5588.269274,5650.392664,1059779
06-07-2020,5816.76709,5839.659613,5628.118175,5664.641761,1385081
07-07-2020,5914.748047,5936.833066,5787.367264,5832.344804,1799721
08-07-2020,5741.534668,5922.584414,5720.827181,5914.747795,1204072
09-07-2020,5701.592285,5790.549702,5634.149859,5775.351409,1043427
10-07-2020,5657.232422,5780.196306,5624.318709,5680.362418,1168821
13-07-2020,5688.769043,5755.641444,5630.777774,5699.360261,1035069
14-07-2020,5482.547363,5660.177433,5461.887181,5652.815759,1602929
15-07-2020,5510.616211,5585.18284,5466.636334,5518.880469,1246705
16-07-2020,5580.955566,5623.368209,5463.786138,5517.930055,1018658
17-07-2020,5622.893555,5657.564661,5557.825862,5602.470848,810152
20-07-2020,5573.498535,5638.566222,5520.779461,5637.616328,912610
21-07-2020,5823.653809,5841.844174,5604.370833,5622.893754,1854694
22-07-2020,5702.589844,5821.896545,5642.081914,5810.497825,1140092
23-07-2020,5762.005859,5784.850609,5668.916309,5711.70882,701651
24-07-2020,5700.025391,5744.337824,5634.862612,5708.859214,793324
27-07-2020,5740.489746,5759.060438,5631.014548,5706.9587,902597
28-07-2020,5967.989746,6003.65852,5728.949178,5746.85476,1774828
29-07-2020,5875.232422,5979.578293,5812.349764,5955.783652,2057197
30-07-2020,5951.461914,6073.285741,5860.889487,5874.187995,2217867
31-07-2020,5948.944336,6060.176935,5897.88757,5951.081596,1613555
03-08-2020,5856.282715,6114.891181,5818.144125,6060.319623,1836582
04-08-2020,6040.324219,6057.327216,5875.090093,5888.388599,1223516
05-08-2020,6199.241211,6267.111273,6060.319314,6068.773272,2278663
06-08-2020,6227.263184,6255.855066,6111.993536,6207.505588,1233252
07-08-2020,6344.336914,6411.304387,6157.065556,6172.406239,1567980
10-08-2020,6277.750488,6391.547998,6246.499088,6354.786937,1601750
11-08-2020,6316.03125,6377.109209,6279.745137,6331.03938,880808
12-08-2020,6393.067383,6438.424793,6261.792393,6278.748083,1114981
13-08-2020,6451.866699,6490.539752,6378.402547,6450.237636,1087096
14-08-2020,6314.379395,6464.80591,6279.731498,6459.870049,905793
17-08-2020,6487.089355,6507.743968,6314.37917,6383.194807,1028536
18-08-2020,6606.606934,6637.085065,6479.901284,6487.089566,1322527
19-08-2020,6699.76709,6723.153345,6598.891519,6636.222855,1326450
20-08-2020,6684.814941,6708.104788,6594.098448,6604.689464,958157
21-08-2020,6683.185547,6771.361808,6662.099919,6755.068369,971836
24-08-2020,6788.134766,6804.907425,6665.933963,6694.687093,961177
25-08-2020,6814.444336,6877.461615,6781.569642,6804.907694,1047620
26-08-2020,6717.354004,6860.496762,6682.227357,6814.491754,992395
27-08-2020,6802.990723,6831.456509,6671.492884,6750.27665,1158891
28-08-2020,6808.836914,6858.579734,6736.3312,6828.868167,1019984
31-08-2020,6555.666504,6862.41432,6508.223835,6841.328689,1580774
01-09-2020,6618.635254,6726.986917,6519.293279,6575.31415,1117127
02-09-2020,6633.10791,6689.895346,6567.598598,6618.491735,776392
03-09-2020,6778.646484,6821.105087,6633.107628,6637.180988,947751
04-09-2020,6891.263672,7019.598399,6675.566966,6694.687987,2185292
07-09-2020,6909.520508,6996.59466,6832.941435,6924.711838,1348919
08-09-2020,6923.753418,6975.50905,6840.992235,6919.919667,1145062
09-09-2020,6915.368164,6954.76005,6825.227278,6900.751988,1273303
10-09-2020,6931.086426,6996.020585,6870.081955,6962.091981,978701
11-09-2020,6894.617188,7044.420805,6876.790154,6977.378372,1383019
14-09-2020,6832.558105,6938.705072,6790.530522,6918.961163,1003491
15-09-2020,6759.668945,6876.790215,6713.855812,6866.2474,894418
16-09-2020,6764.60498,6871.039291,6748.359276,6779.987717,920570
17-09-2020,6791.345703,6817.271255,6652.515912,6756.5064,1133411
18-09-2020,6675.279297,6851.871452,6643.507179,6850.913014,1143550
21-09-2020,6351.518555,6696.507905,6316.104096,6675.278605,1290480
22-09-2020,6172.865234,6408.066201,6049.993812,6397.571122,2665724
23-09-2020,6231.091309,6277.719681,6114.832994,6193.424891,1456226
24-09-2020,6035.953125,6217.193315,6009.547886,6167.54643,1237674
25-09-2020,6227.640625,6247.623676,6067.868878,6129.208889,1316468
28-09-2020,6424.407715,6440.701155,6270.386594,6305.561444,1099583
29-09-2020,6462.505859,6530.123453,6393.737954,6468.496095,1199391
30-09-2020,6463.177246,6498.160224,6393.738244,6431.117316,812841
01-10-2020,6513.82959,6621.8457,6493.798337,6553.988502,1255993
05-10-2020,6535.442871,6591.751085,6464.662155,6579.674676,833476
06-10-2020,6605.935547,6651.365398,6546.129131,6572.965385,756192
07-10-2020,6754.014648,6776.154653,6580.201875,6632.388996,1101957
08-10-2020,6785.595215,6843.245149,6729.191063,6795.323264,851205
09-10-2020,6768.870117,6861.45529,6710.022138,6766.56996,839682
12-10-2020,6840.03418,6857.621605,6713.855953,6814.491909,799712
13-10-2020,6740.596191,6886.374655,6730.149314,6838.452771,819414
14-10-2020,6711.316895,6780.947306,6639.529998,6747.401983,779630
15-10-2020,6606.127441,6756.889497,6572.678061,6736.858243,681316
16-10-2020,6608.332031,6689.895173,6577.757962,6608.427969,657914
19-10-2020,6567.16748,6689.895243,6541.337397,6685.103054,548457
20-10-2020,6560.122559,6660.183358,6526.960522,6533.669585,659864
21-10-2020,6576.65625,6658.842288,6483.495912,6617.054308,911967
22-10-2020,6528.446289,6574.882784,6493.607452,6544.212777,584523
23-10-2020,6808.022949,6828.581626,6548.046709,6572.966091,1758998
26-10-2020,6761.585938,6863.65955,6646.813026,6804.907508,1559351
27-10-2020,6860.880371,6910.096241,6759.861131,6773.279258,1461819
28-10-2020,6887.381348,7027.265523,6814.492345,6895.911818,1645177
29-10-2020,6821.87207,6899.792867,6696.316734,6818.325664,1434852
30-10-2020,6675.662109,6814.491901,6595.009672,6784.828067,1360249
02-11-2020,6582.885742,6760.244453,6565.298317,6752.097733,1059351
03-11-2020,6626.015137,6673.841083,6567.646376,6651.557407,926491
04-11-2020,6665.022949,6760.818977,6622.32474,6626.014819,901404
05-11-2020,6798.006836,6809.604026,6689.559702,6728.232757,843221
06-11-2020,6620.503906,6838.452531,6603.63531,6797.239713,1378439
09-11-2020,6586.527832,6740.309355,6531.753209,6699.432079,1479540
10-11-2020,6511.098633,6684.144368,6480.428627,6683.281868,1695413
11-11-2020,6572.342773,6617.053798,6472.425644,6573.924102,1481918
12-11-2020,6552.695313,6641.973697,6509.709285,6572.00774,1418041
13-11-2020,6526.241699,6594.051164,6503.958023,6594.051164,970632
14-11-2020,6567.45459,6574.786544,6550.92154,6565.298105,128193
17-11-2020,6691.285156,6706.092738,6577.758022,6579.674897,1243068
18-11-2020,6761.106934,6776.154593,6659.225192,6689.847464,1400300
19-11-2020,6673.88916,6833.660915,6627.78868,6738.775581,1305695
20-11-2020,6676.333496,6728.232805,6617.054029,6670.295058,923474
23-11-2020,6697.323242,6751.235364,6644.465495,6747.401614,735755
24-11-2020,6860.880371,6909.377413,6756.985818,6756.985818,1910670
25-11-2020,6762.448242,6950.924899,6725.356521,6948.672477,947742
26-11-2020,6703.553223,6802.991139,6616.095778,6785.73926,1068945
27-11-2020,6743.376465,6815.451174,6641.973933,6747.689435,2123905
01-12-2020,6806.537598,6844.970577,6685.295222,6844.970577,1076695
02-12-2020,6906.981445,6919.920355,6809.700017,6814.492205,1106734
03-12-2020,7417.445801,7459.377453,6948.290515,6948.673796,3846792
04-12-2020,7478.83252,7555.028311,7323.66156,7473.896659,2393536
07-12-2020,7421.566406,7509.359393,7370.385927,7503.416892,1037296
08-12-2020,7440.064941,7680.105396,7379.970707,7425.975719,1885285
09-12-2020,7388.835938,7475.766425,7372.302887,7451.853217,822760
10-12-2020,7414.474121,7523.73602,7389.554741,7437.476626,1186739
11-12-2020,7412.125488,7471.692764,7379.970092,7456.597371,706875
14-12-2020,7376.902832,7499.774728,7336.840325,7485.398163,1038032
15-12-2020,7442.508789,7466.230124,7322.991414,7376.903537,891801
16-12-2020,7472.315918,7570.699455,7447.060991,7494.982876,963504
17-12-2020,7374.219727,7506.388193,7308.087525,7475.718186,734075
18-12-2020,7245.549316,7405.84802,7228.297438,7393.38833,1078328
21-12-2020,7069.532715,7283.168394,6975.605816,7245.789322,970306
22-12-2020,7088.029785,7128.859323,6905.639285,7073.269939,1138240
23-12-2020,7140.312988,7241.571836,7086.688213,7092.82212,951805
24-12-2020,7136.575195,7219.671935,7106.049327,7195.231773,589281
28-12-2020,7171.98877,7229.495027,7144.194078,7154.736892,521320
29-12-2020,7142.612793,7231.411946,7109.977711,7207.451005,538719
30-12-2020,7296.490234,7317.671801,7121.192074,7185.407399,1029800
31-12-2020,7331.665039,7377.094892,7264.957682,7298.167455,908515
01-01-2021,7371.631836,7426.454661,7332.048545,7335.882296,767574
04-01-2021,7382.174316,7432.876044,7324.955868,7417.349166,598645
05-01-2021,7337.272949,7354.093346,7270.709256,7341.633654,562668
06-01-2021,7311.538086,7426.933894,7241.476195,7335.88231,840678
07-01-2021,7251.587402,7384.187352,7238.217477,7356.967815,642968
08-01-2021,7681.782227,7725.00786,7284.126519,7284.126519,2557157
11-01-2021,7890.577637,7943.531317,7554.788909,7762.3866,2182019
12-01-2021,7847.735352,7982.827328,7801.682609,7821.8098,1514072
13-01-2021,7801.539063,7907.11088,7773.888042,7847.687743,877225
14-01-2021,7810.740234,7840.020319,7689.977085,7825.451879,718274
15-01-2021,7691.222656,7877.878392,7667.549059,7818.11971,751177
18-01-2021,7505.189941,7690.456226,7423.099848,7678.044271,771183
19-01-2021,7593.317871,7658.203816,7509.358643,7571.657088,779892
20-01-2021,7806.427246,7830.435923,7533.559849,7554.405868,999226
21-01-2021,7741.061035,7923.403792,7688.059622,7863.98066,769494
22-01-2021,7714.320801,7962.699819,7667.501029,7748.968227,1172914
25-01-2021,7649.770508,7825.356482,7619.675658,7779.638816,753043
27-01-2021,7543.76709,7753.76088,7495.461924,7660.74469,1080785
28-01-2021,7273.104004,7652.693043,7247.705407,7514.151069,2085637
29-01-2021,6907.125,7365.59377,6871.998352,7365.59377,3069968
01-02-2021,7092.24707,7164.321772,6854.746397,6963.241731,1611478
02-02-2021,7336.553223,7446.821292,7178.842019,7221.732106,1700845
03-02-2021,7273.775391,7395.736585,7165.136387,7360.801344,1491567
04-02-2021,7322.463867,7442.268577,7216.12502,7284.12636,1198036
05-02-2021,7182.675781,7414.474032,7150.903665,7360.801521,1128089
08-02-2021,7259.782227,7320.547083,7163.84252,7202.659247,912372
09-02-2021,7310.052246,7360.801711,7259.207312,7265.916376,925127
10-02-2021,7304.925293,7355.913901,7194.081591,7289.11107,1015600
11-02-2021,7348.677246,7422.141401,7253.120822,7284.126375,818869
12-02-2021,7253.935059,7356.008664,7213.105523,7303.390533,756833
15-02-2021,7280.916016,7331.186263,7264.958121,7284.126876,470093
16-02-2021,7377.142578,7474.855487,7308.32694,7321.505458,1321126
17-02-2021,7191.349609,7371.823233,7160.775074,7360.753465,1023548
18-02-2021,7185.933594,7264.046258,7149.944449,7260.021101,821462
19-02-2021,7018.63916,7175.247784,6982.218528,7138.443871,1013887
22-02-2021,6791.92041,7020.555516,6762.735798,7018.63864,1502068
23-02-2021,6680.790039,6826.328899,6649.640814,6822.926164,1589884
24-02-2021,6663.969727,6743.567792,6591.655413,6618.012451,1225254
25-02-2021,6642.308594,6775.195883,6627.596482,6771.362132,1740066
26-02-2021,6580.776855,6780.946661,6538.6538,6613.220065,2687534
01-03-2021,6723.44043,6740.548636,6629.56127,6687.019797,1417600
02-03-2021,6914.265137,6934.29639,6737.816672,6766.569801,1395296
03-03-2021,6828.581543,6960.462201,6806.058256,6944.456572,796258
04-03-2021,6835.194824,6876.982804,6719.607137,6785.739342,906310
05-03-2021,6947.714355,7010.971239,6776.15402,6833.660278,1821165
08-03-2021,6957.77832,7033.782241,6916.086281,6962.95379,977572
09-03-2021,6998.080566,7024.77315,6954.423917,7024.77315,678485
10-03-2021,6969.855469,7079.979876,6949.632338,7015.764545,659270
12-03-2021,6801.265625,7009.054726,6767.911713,6996.595036,946720
15-03-2021,6794.652344,6865.241656,6719.606857,6848.037512,700250
16-03-2021,6853.117188,6900.75173,6804.907956,6804.907956,796357
17-03-2021,6771.026367,6871.950131,6750.755505,6862.41349,688581
18-03-2021,6818.085938,6941.005568,6766.569913,6828.868361,984545
19-03-2021,6817.894531,6852.782039,6618.491749,6766.522643,838756
22-03-2021,6806.105469,6845.641022,6757.177413,6808.741172,533767
23-03-2021,6887.572754,6924.712214,6833.660635,6841.328136,757590
24-03-2021,6772.512207,6860.879876,6756.937595,6839.410967,457147
25-03-2021,6504.772949,6765.611674,6474.486225,6756.985734,1338767
26-03-2021,6502.472656,6612.21377,6489.581482,6602.677128,911299
30-03-2021,6567.023438,6589.25938,6459.870287,6527.919365,1088817
31-03-2021,6574.115723,6651.46136,6512.775713,6567.502128,735382
01-04-2021,6636.126953,6700.917438,6570.090687,6661.142272,660759
05-04-2021,6487.23291,6621.366445,6445.109857,6621.366445,668129
06-04-2021,6470.699707,6562.37464,6440.700797,6534.867293,628262
07-04-2021,6579.674316,6598.843069,6493.462665,6507.791494,598115
08-04-2021,6543.110352,6650.886388,6523.941598,6595.009658,604553
09-04-2021,6543.350098,6589.498779,6496.290713,6565.298227,641327
12-04-2021,6249.588379,6459.725825,6231.905018,6459.725825,1020746
13-04-2021,6532.519531,6560.889381,6199.941647,6249.013845,995718
15-04-2021,6368.100098,6562.279682,6278.725776,6562.040072,1267365
16-04-2021,6371.789551,6502.855902,6331.486966,6397.57143,1000325
19-04-2021,6241.106934,6258.598422,6148.378083,6230.180837,772219
20-04-2021,6370.399902,6401.118112,6285.961447,6340.065442,914142
22-04-2021,6373.706543,6397.47561,6272.974649,6350.560366,667911
23-04-2021,6398.625977,6435.621765,6287.351267,6287.351267,709306
26-04-2021,6362.97168,6506.833266,6325.688548,6412.139812,937344
27-04-2021,6295.738281,6430.159182,6270.10007,6392.732374,1610651
28-04-2021,6300.577637,6373.610777,6272.974818,6295.737713,1406270
29-04-2021,6292.766602,6371.167089,6279.68402,6359.234352,757075
30-04-2021,6187.337891,6286.967671,6154.12812,6265.402824,849997
03-05-2021,6323.628906,6346.775085,6134.001895,6162.755029,834923
04-05-2021,6237.751953,6372.172836,6212.592964,6363.978381,507170
05-05-2021,6316.200684,6324.730686,6213.551907,6285.147394,499160
06-05-2021,6389.568359,6430.158288,6302.398735,6316.104206,520125
07-05-2021,6424.455566,6473.815107,6364.026257,6401.405327,605050
10-05-2021,6482.87207,6491.641681,6383.290495,6397.762997,541534
11-05-2021,6456.658691,6468.49549,6383.434151,6402.506966,406046
12-05-2021,6534.196289,6555.713401,6407.155568,6450.285262,770204
14-05-2021,6456.419434,6557.774217,6421.724271,6555.71367,647029
17-05-2021,6438.640625,6554.180099,6419.184059,6437.346641,995827
18-05-2021,6528.015137,6578.716398,6436.340664,6505.875132,805827
19-05-2021,6494.277832,6570.042612,6479.038766,6516.417836,432774
20-05-2021,6457.80957,6531.465601,6449.806522,6498.974189,470476
21-05-2021,6531.41748,6551.401,6463.943559,6498.207707,434363
24-05-2021,6586.000977,6675.518969,6519.293615,6519.293615,1027484
25-05-2021,6624.529785,6659.225419,6601.719154,6651.510182,438736
26-05-2021,6741.937988,6757.944085,6624.721247,6638.139375,691574
27-05-2021,6679.255859,6775.195559,6662.243592,6730.148991,922091
28-05-2021,6680.311035,6754.110741,6652.037122,6698.138071,393809
31-05-2021,6791.776367,6804.90715,6636.269862,6665.933694,718277
01-06-2021,6796.425781,6846.120872,6754.158583,6812.144067,642841
02-06-2021,6886.087402,6898.547092,6769.876833,6769.876833,598862
03-06-2021,6909.856934,6929.504907,6867.254189,6900.751775,401590
04-06-2021,6914.84082,6969.759115,6853.884088,6900.751599,575591
07-06-2021,6973.257324,7024.246398,6911.390356,6920.878796,520482
08-06-2021,7031.817383,7060.283168,6991.994486,7013.367458,538816
09-06-2021,6938.130859,7034.166509,6900.751787,7006.371814,443778
10-06-2021,6900.655273,6976.899271,6875.879566,6956.340596,278027
11-06-2021,6923.561523,6942.922151,6887.71605,6942.922151,253689
14-06-2021,6879.522461,6913.163719,6800.163535,6895.959575,322353
15-06-2021,6868.403809,6928.402099,6858.867167,6882.684436,207625
16-06-2021,6818.56543,6894.761227,6776.154561,6868.164581,283007
17-06-2021,6679.687988,6804.045282,6643.027746,6766.570274,595255
18-06-2021,6670.104004,6699.336356,6537.504045,6699.336356,797389
21-06-2021,6613.124023,6637.180903,6557.630576,6584.466831,443795
22-06-2021,6963.433105,6996.547408,6641.973198,6651.557574,1757310
23-06-2021,7123.779785,7168.155262,6939.136396,6964.103977,2227399
24-06-2021,7214.592285,7236.204869,7102.119524,7139.210783,1041762
25-06-2021,7331.089844,7346.424847,7226.620136,7226.620136,1216123
28-06-2021,7280.532715,7378.053755,7256.715443,7378.053755,433364
29-06-2021,7176.302246,7285.084925,7142.804661,7280.292736,480219
30-06-2021,7203.521484,7328.789473,7181.190074,7193.553826,729267
01-07-2021,7269.175293,7288.919205,7183.538785,7188.283239,584331
02-07-2021,7259.063477,7317.19263,7232.897847,7308.087471,434905
05-07-2021,7283.599609,7370.385956,7267.833122,7280.580156,484183
06-07-2021,7202.611816,7339.668412,7176.254779,7284.126758,425103
07-07-2021,7139.785156,7265.915641,7124.689764,7215.118447,395336
08-07-2021,7093.589844,7186.366433,7078.062965,7145.153609,391940
09-07-2021,7117.071289,7138.348326,7038.191583,7074.228935,400686
12-07-2021,7159.625488,7274.350199,7141.366969,7188.282682,496478
13-07-2021,7121.527344,7216.269,7096.272418,7207.451186,350032
14-07-2021,7022.233887,7139.402903,7006.180054,7126.943212,460178
15-07-2021,7003.304688,7052.185013,6965.925615,7051.226575,430055
16-07-2021,6999.99707,7028.223246,6970.525113,7028.223246,281552
19-07-2021,6867.732422,6993.719233,6853.883279,6950.302196,386598
20-07-2021,6932.092285,6963.049635,6847.510161,6881.582433,413816
22-07-2021,6996.164063,7020.55649,6945.127253,6998.512422,439934
23-07-2021,6990.700684,7068.477807,6974.550915,6996.594982,436330
26-07-2021,6935.063477,7054.101629,6881.582839,7003.30443,431758
27-07-2021,6939.328125,7015.763527,6863.22827,6940.334297,417171
28-07-2021,6867.253906,7008.096515,6769.445525,6977.426508,739427
29-07-2021,6702.833984,6833.660729,6647.723817,6833.660729,1519226
30-07-2021,6687.691406,6800.115969,6675.423122,6709.064381,715546
02-08-2021,6782.815918,6812.048268,6738.775518,6804.90772,433760
03-08-2021,6900.17627,6920.878617,6791.585466,6828.820864,470570
04-08-2021,6807.686523,6947.331073,6712.417917,6919.919663,484122
05-08-2021,6778.412598,6828.955316,6757.626766,6821.286967,495133
06-08-2021,6849.066406,6914.366534,6792.881451,6804.697171,517575
09-08-2021,6830.691895,6910.990564,6788.492894,6882.054106,264983
10-08-2021,6753.720703,6853.020691,6747.016903,6795.437427,356726
11-08-2021,6772.577637,6843.471955,6679.64329,6753.76894,414311
12-08-2021,6763.414063,6833.633005,6737.371253,6773.059547,330283
13-08-2021,6753.961914,6799.970596,6726.616869,6780.776175,431784
16-08-2021,6584.828613,6769.201981,6568.575875,6734.960507,750966
17-08-2021,6641.302246,6696.860335,6507.230003,6558.929897,752517
18-08-2021,6597.608398,6697.583758,6578.220879,6697.583758,434144
20-08-2021,6608.025391,6669.515359,6539.638994,6573.398193,657982
23-08-2021,6583.911621,6672.746634,6559.894457,6660.207503,537302
24-08-2021,6562.016602,6609.08638,6501.635771,6548.802099,646993
25-08-2021,6473.519043,6595.582464,6462.474775,6595.582464,722194
26-08-2021,6374.31543,6463.777305,6357.339282,6462.47507,1199429
27-08-2021,6389.989746,6457.267009,6366.02062,6394.71594,1428388
30-08-2021,6555.939453,6568.575132,6417.960982,6452.829315,819447
31-08-2021,6603.395508,6628.377219,6523.771747,6578.220698,938326
01-09-2021,6544.365234,6578.220982,6464.741942,6558.881972,1108476
02-09-2021,6552.081543,6615.790255,6470.384566,6609.761827,741052
03-09-2021,6619.792969,6711.328528,6512.24581,6529.993408,1196077
06-09-2021,6604.16748,6707.470726,6595.583092,6679.498818,897444
07-09-2021,6633.344238,6684.224169,6610.72586,6635.996747,743783
08-09-2021,6540.844727,6615.211513,6516.489876,6609.183084,847767
09-09-2021,6561.100098,6576.725972,6501.056953,6510.702438,515702
13-09-2021,6630.017578,6650.996509,6571.758469,6593.171635,508397
14-09-2021,6650.031738,6708.434963,6608.218466,6665.030279,817280
15-09-2021,6664.065918,6692.037826,6636.09401,6692.037826,310138
16-09-2021,6685.238281,6702.648195,6626.448856,6668.213622,556648
17-09-2021,6765.777832,6814.294436,6703.612489,6708.435232,980793
20-09-2021,6703.998047,6766.742212,6661.365284,6732.452229,550405
21-09-2021,6536.745117,6693.677345,6502.021372,6667.441438,1085249
22-09-2021,6588.831055,6603.299283,6544.461822,6578.221021,548623
23-09-2021,6603.974609,6635.997338,6579.185524,6624.519305,432740
24-09-2021,6705.782715,6788.299656,6605.228528,6607.157625,1649962
27-09-2021,7140.986816,7183.957264,6726.761273,6726.761273,2646138
28-09-2021,7160.664063,7254.900176,7073.517004,7183.957816,1346961
29-09-2021,7122.274902,7200.3553,7032.523843,7128.496429,643556
30-09-2021,7077.905273,7145.423672,7042.216977,7122.949879,625717
01-10-2021,6908.385742,6964.040381,6838.649072,6964.040381,901588
04-10-2021,6916.102051,6959.169519,6878.966933,6925.45836,466994
05-10-2021,7000.93457,7041.204473,6901.971794,6910.797319,546004
06-10-2021,6944.025879,7023.359994,6910.266681,7013.135686,726695
07-10-2021,7226.879395,7287.163674,6969.103817,6978.460125,1646727
08-10-2021,7166.595703,7303.513558,7138.768383,7281.087804,630622
11-10-2021,7427.79541,7537.753947,7156.757263,7157.143459,1069536
12-10-2021,7421.043457,7475.251274,7359.553487,7415.352715,406814
13-10-2021,7216.896973,7475.203362,7172.913464,7465.605915,1084436
14-10-2021,7231.124023,7291.987132,7181.064047,7272.696161,831546
18-10-2021,7385.54834,7432.135847,7142.482102,7142.482102,913963
19-10-2021,7384.246094,7493.192042,7316.100832,7398.280558,658869
20-10-2021,7321.646973,7395.531486,7248.582419,7345.037275,488082
21-10-2021,7306.696289,7378.796292,7219.645784,7378.796292,563128
22-10-2021,7146.243164,7354.682186,7124.685411,7330.568473,224520
25-10-2021,7003.20166,7133.849485,6963.703207,7094.254954,248058
26-10-2021,7038.647949,7077.808712,6954.587643,7007.444712,292203
27-10-2021,7095.459961,7196.737554,6987.189391,7026.73588,1218064
28-10-2021,7108.433594,7262.761361,6978.556756,6992.976945,961511
29-10-2021,7217.137695,7282.341269,7036.23681,7089.431566,819875
01-11-2021,7345.567383,7394.229045,7138.623684,7138.623684,1005690
02-11-2021,7515.520996,7629.57886,7360.276722,7376.819106,1302733
03-11-2021,7460.05957,7564.230813,7438.21264,7515.521112,656492
04-11-2021,7472.743652,7542.721935,7461.265618,7499.076111,53365
08-11-2021,7412.169922,7603.150536,7400.016516,7484.84875,428433
09-11-2021,7308.914551,7489.237087,7271.442217,7435.704644,632879
10-11-2021,7245.351074,7311.278062,7195.532235,7301.632577,562432
11-11-2021,7189.214844,7299.221422,7178.170574,7245.688975,486991
12-11-2021,7214.678711,7276.554407,7178.170453,7263.050727,349666
15-11-2021,7237.104004,7311.133102,7187.815481,7187.815481,314414
16-11-2021,7764.953125,7840.573633,7267.920999,7277.518445,2619355
17-11-2021,7981.397949,8053.980226,7730.904508,7750.147439,2377268
18-11-2021,7829.385254,8071.342355,7717.449582,7942.092847,1337493
22-11-2021,7585.595215,7897.578619,7529.795989,7868.786752,672298
23-11-2021,7575.563965,7671.970776,7528.301088,7570.837771,567198
24-11-2021,7397.557129,7617.956474,7365.871615,7586.656685,571078
25-11-2021,7304.043945,7445.736034,7171.418519,7369.150973,1007618
26-11-2021,6916.294922,7253.404618,6877.230708,7253.404618,1154876
29-11-2021,6896.039551,6954.394735,6742.869436,6911.954601,733010
30-11-2021,6817.236328,6992.977269,6766.838664,6896.040136,1287938
01-12-2021,7015.402832,7118.368391,6877.279289,6936.068713,1669583
02-12-2021,7065.269531,7094.68826,6988.780555,7026.735631,618573
03-12-2021,6953.141113,7069.176112,6895.316241,7046.026947,603798
06-12-2021,6793.170898,6944.74961,6772.095418,6937.99777,609507
07-12-2021,6931.824219,7004.357982,6839.806388,6876.266132,637151
08-12-2021,7171.321289,7232.039803,6897.582623,6968.86266,930339
09-12-2021,7158.638184,7204.213102,7065.318112,7204.213102,615037
10-12-2021,7162.399902,7210.000468,7097.100248,7118.368355,431682
13-12-2021,7249.932129,7307.322764,7161.772492,7219.645401,883009
14-12-2021,7227.506836,7288.417982,7193.409951,7250.318315,749704
15-12-2021,7299.655273,7369.150807,7188.82827,7210.964847,529018
16-12-2021,7186.657715,7350.824057,7143.446131,7322.369876,595582
17-12-2021,7037.924805,7214.822909,6984.295813,7214.822909,1081907
20-12-2021,7028.278809,7061.989494,6786.418285,6944.748819,867425
21-12-2021,7055.816895,7142.433633,7025.771303,7047.473644,415744
22-12-2021,7160.566895,7189.744487,7046.509035,7046.509035,368978
23-12-2021,7125.264648,7234.114045,7094.254507,7215.787623,249919
24-12-2021,7057.697754,7185.741564,6995.050142,7177.205216,357447
27-12-2021,7031.07666,7070.140876,6931.438983,7019.116352,190180
28-12-2021,7038.745117,7098.112893,6997.896391,7060.495499,214533
29-12-2021,7089.47998,7103.90017,6983.765835,7038.98624,287776
30-12-2021,7024.083984,7132.981426,6998.18576,7089.432151,296041
31-12-2021,7163.171875,7185.404531,7031.607074,7031.607074,313398
03-01-2022,7257.166504,7336.307992,7156.950007,7156.950007,456599
04-01-2022,7359.602051,7377.831924,7253.40516,7330.569045,495182
05-01-2022,7499.702637,7531.195053,7335.970521,7354.53808,710043
06-01-2022,7602.667969,7619.40298,7411.542774,7506.116568,739981
07-01-2022,7625.720703,7663.144998,7557.720032,7602.668087,523116
10-01-2022,7837.535645,7940.163514,7643.227154,7668.160828,827930
11-01-2022,7855.138672,7873.079369,7783.231296,7812.843124,688923
12-01-2022,7881.084961,7909.298006,7827.31138,7909.298006,288174
13-01-2022,7790.707031,7967.171385,7670.090418,7885.184754,684931
14-01-2022,7797.603516,7856.247879,7669.125461,7669.125461,299536
17-01-2022,7972.475586,8072.210277,7812.939359,7836.763424,862249
18-01-2022,7634.545898,7956.512467,7611.734421,7956.512467,785199
19-01-2022,7731.531738,7774.261049,7581.351346,7647.905193,681632
20-01-2022,7751.449707,7851.425068,7714.024941,7716.388274,522850
21-01-2022,7899.26709,7951.738438,7577.541631,7687.452129,1041476
24-01-2022,7766.833496,8037.389343,7670.860923,7898.687461,1153538
25-01-2022,8297.625977,8356.849641,7608.263328,7706.743841,2162832
27-01-2022,8507.510742,8653.591799,8102.255319,8349.131692,2899559
28-01-2022,8247.806641,8613.418581,8220.219987,8483.204527,1045088
31-01-2022,8292.512695,8410.862986,8249.590287,8319.230877,561419
01-02-2022,8255.958008,8479.153998,8054.945694,8384.821329,819689
02-02-2022,8213.373047,8375.176086,8141.031897,8275.538397,580433
03-02-2022,8288.993164,8486.098287,8220.558255,8246.890242,810019
04-02-2022,8247.419922,8372.280913,8191.041874,8333.602895,404421
07-02-2022,8209.900391,8309.586111,8102.208164,8242.067709,446099
08-02-2022,8294.586914,8477.512975,8136.97931,8311.225376,998182
09-02-2022,8632.178711,8671.097866,8316.337118,8316.337118,1403525
10-02-2022,8493.28418,8729.164338,8478.285638,8729.164338,811887
11-02-2022,8427.40625,8550.723413,8365.819256,8428.22574,671572
14-02-2022,8069.798828,8309.633244,8029.866144,8198.662129,995540
15-02-2022,8317.013672,8357.090479,8060.250638,8111.85399,682766
16-02-2022,8278.670898,8426.681039,8241.10155,8410.862069,422704
17-02-2022,8249.253906,8351.350999,8222.776859,8271.004289,305313
18-02-2022,8265.311523,8339.437635,8218.000612,8246.889025,385273
21-02-2022,8307.367188,8414.962386,8144.261468,8241.150555,626049
22-02-2022,8317.109375,8352.797673,8087.59485,8193.840254,620828
23-02-2022,8390.463867,8478.334817,8348.361883,8381.927988,557954
24-02-2022,7919.088379,8282.819248,7865.893151,8104.136635,947351
25-02-2022,8059.86377,8165.868032,7918.509368,7967.171031,1344343
28-02-2022,8019.402344,8044.28751,7826.444108,8005.753604,961303
02-03-2022,7537.175293,7908.333378,7488.754768,7907.079653,1783011
03-03-2022,7326.276855,7658.467767,7290.540519,7643.083028,1050154
04-03-2022,6990.37207,7252.633181,6877.230721,7216.751789,2511658
07-03-2022,6529.07666,6780.631185,6491.411231,6744.122931,2469925
08-03-2022,6565.006836,6611.98054,6304.819856,6467.298253,2840376
09-03-2022,6777.738281,6827.171396,6536.745724,6630.306937,1827539
10-03-2022,6956.130859,7137.514492,6922.853935,6997.799544,1535070
11-03-2022,6850.754395,6944.749843,6829.004012,6944.749843,1024452
14-03-2022,7057.360352,7074.963362,6763.414191,6800.067035,1023874
15-03-2022,7157.046875,7349.860038,7058.566373,7061.460018,1586111
16-03-2022,7220.416992,7326.469288,7176.240859,7301.632164,584457
17-03-2022,7420.271973,7467.486812,7263.050559,7305.490696,1133271
21-03-2022,7432.376465,7658.515048,7378.795984,7565.918392,1354525
22-03-2022,7491.310547,7532.15927,7269.464391,7441.443672,1093502
23-03-2022,7373.829102,7584.052176,7341.179039,7523.478715,808597
24-03-2022,7289.04541,7383.619208,7259.53013,7329.893665,565485
25-03-2022,7152.561523,7274.914127,7123.190833,7248.58214,686637
28-03-2022,7212.26709,7271.731413,7150.198297,7161.77288,599515
29-03-2022,7175.420898,7294.976874,7138.623467,7267.872967,446257
30-03-2022,7329.218262,7359.456951,7224.468201,7254.369205,589206
31-03-2022,7293.240723,7381.448875,7261.121445,7329.170156,434317
01-04-2022,7427.071777,7454.995646,7250.849042,7305.490623,449386
04-04-2022,7499.171875,7517.691396,7361.096844,7378.796404,491029
05-04-2022,7486.681152,7619.933438,7455.960187,7505.152163,488132
06-04-2022,7469.657227,7570.741728,7402.910277,7464.641386,393628
07-04-2022,7369.633301,7473.322271,7350.872643,7388.200861,458566
08-04-2022,7290.009766,7456.442426,7248.967943,7435.511535,849846
11-04-2022,7297.195313,7346.531875,7219.645705,7344.892425,496254
12-04-2022,7348.268555,7438.116158,7234.114139,7272.696081,598047
13-04-2022,7204.695313,7431.798454,7176.241131,7348.268457,527991
18-04-2022,7305.008301,7329.604288,7094.254447,7113.063143,551783
19-04-2022,7171.515137,7405.803889,7089.43196,7311.27813,425990
20-04-2022,7394.903809,7426.058535,7207.68486,7233.148845,542622
21-04-2022,7599.871094,7619.740417,7413.568165,7436.476193,772708
22-04-2022,7624.273926,7732.44795,7456.924754,7512.86857,960818
25-04-2022,7631.845703,7714.459191,7533.124066,7533.124066,701521
26-04-2022,7626.443848,7781.495019,7552.41475,7716.387995,801963
27-04-2022,7512.290039,7586.174554,7446.315011,7572.670874,570519
28-04-2022,7608.50293,7658.514862,7491.3588,7565.918209,561932
29-04-2022,7444.192871,7664.785321,7355.647499,7637.295686,1162749
02-05-2022,7364.086914,7475.251133,7276.843311,7393.264507,544053
04-05-2022,7135.633301,7472.357279,7095.701087,7378.796073,599211
05-05-2022,7145.038086,7270.767086,7118.513,7185.886812,524174
06-05-2022,7021.189941,7098.980687,6902.936197,7054.708003,650559
09-05-2022,7099.366211,7161.290414,6877.230877,6946.196096,570578
10-05-2022,7249.450195,7306.455108,7089.576277,7089.576277,663616
11-05-2022,7134.235352,7291.552844,7086.152512,7252.440589,605312
12-05-2022,6996.497559,7064.305605,6955.166559,6965.487417,571754
13-05-2022,6850.175781,7079.786376,6811.979564,7079.786376,703097
16-05-2022,6990.662109,7046.364788,6896.522077,6903.273917,369545
17-05-2022,7265.750977,7315.762912,6997.847622,7021.913297,811448
18-05-2022,7298.304199,7369.295062,7243.373445,7297.773886,576970
19-05-2022,7142.047852,7258.227914,7123.239155,7185.886772,363255
20-05-2022,7317.644043,7377.735229,7185.886618,7253.935329,742204
23-05-2022,7617.473633,7672.838622,7500.42558,7523.574743,1161175
24-05-2022,7526.03418,7660.396067,7515.08646,7638.259491,581609
25-05-2022,7511.180664,7580.869297,7423.213648,7562.0606,454335
26-05-2022,7528.301758,7562.012919,7349.860268,7523.479015,476799
27-05-2022,7661.36084,7683.496946,7555.308542,7644.047006,431411
30-05-2022,7729.795898,7774.261683,7669.125886,7697.290893,389517
31-05-2022,7683.931152,7812.842967,7619.933264,7729.795246,2494005
01-06-2022,7657.936523,7782.845558,7600.738984,7692.322584,522004
02-06-2022,7644.432617,7689.380672,7577.10732,7644.046892,352848
03-06-2022,7431.894531,7711.565568,7408.697327,7668.160884,591905
06-06-2022,7437.199707,7501.197598,7322.32235,7417.378423,606990
07-06-2022,7532.54541,7542.769719,7287.164351,7345.085304,991192
08-06-2022,7612.651367,7640.18904,7446.990154,7546.627831,813596
09-06-2022,7648.725098,7726.033567,7552.511384,7569.776708,687937
10-06-2022,7653.789551,7705.007175,7548.557206,7548.557206,442921
13-06-2022,7621.476563,7684.895627,7517.449912,7571.657726,565826
14-06-2022,7534.715332,7621.283561,7475.25101,7528.301179,553462
15-06-2022,7575.033691,7647.905143,7538.911161,7538.911161,604566
16-06-2022,7555.887207,7740.501695,7528.301026,7656.585976,1319566
17-06-2022,7415.594238,7571.417347,7375.083197,7528.301837,1317656
20-06-2022,7389.35791,7508.141962,7355.646752,7426.830242,1043423
21-06-2022,7504.766602,7562.060692,7354.82734,7441.444083,954884
22-06-2022,7506.839844,7590.032152,7443.035055,7475.25088,796824
23-06-2022,7977.78125,8022.921935,7526.372518,7533.124358,1676430
24-06-2022,8066.712891,8092.562604,7946.240396,8015.398718,1156788
27-06-2022,8149.229492,8243.70721,8093.767951,8144.647887,921090
28-06-2022,8188.728516,8237.149044,8083.929932,8116.917683,691242
29-06-2022,8207.24707,8227.598667,8073.270908,8092.513838,655413
30-06-2022,8170.450195,8328.491109,8136.545935,8198.663242,1130302
01-07-2022,8104.714355,8150.434328,8011.153157,8140.788844,530569
04-07-2022,8144.020508,8167.41081,8025.043823,8104.715155,625431
05-07-2022,8052.726563,8206.909269,8039.512059,8197.215745,610290
06-07-2022,8324.101563,8345.707826,8073.270914,8080.022754,976098
07-07-2022,8301.291016,8391.572383,8272.161461,8386.74964,547662
08-07-2022,8175.46582,8350.049115,8145.612853,8314.408856,686327
11-07-2022,8206.041016,8222.775554,8117.735851,8152.074341,536114
12-07-2022,8121.208984,8196.202628,8079.299165,8193.839296,424358
13-07-2022,8140.98291,8187.233202,8083.881447,8154.293492,413855
14-07-2022,8264.010742,8282.915517,8150.435152,8164.855341,606496
15-07-2022,8466.855469,8487.06295,8272.161715,8291.259588,631246
18-07-2022,8396.201172,8529.501956,8376.138752,8489.95547,478682
19-07-2022,8406.859375,8486.965879,8360.175794,8391.52362,478458
20-07-2022,8438.881836,8551.155644,8411.054992,8464.394329,398132
21-07-2022,8485.132813,8518.795931,8412.839717,8481.274619,421090
22-07-2022,8517.879883,8573.871736,8479.345981,8536.254344,415294
25-07-2022,8315.951172,8544.549172,8189.016963,8515.516638,623462
26-07-2022,8223.595703,8319.617263,8171.027808,8316.337421,429454
27-07-2022,8351.15625,8398.757279,8160.079586,8252.241998,1298855
28-07-2022,8411.875,8459.234894,8322.895406,8391.571444,725196
29-07-2022,8462.514648,8625.957587,8420.508748,8453.978771,821432
01-08-2022,8684.21582,8762.922596,8509.824708,8536.253713,1009408
02-08-2022,8847.851563,8870.807629,8636.567399,8666.468403,848311
03-08-2022,8698.72168,8878.629084,8597.893244,8878.629084,753729
04-08-2022,8705.760742,8784.694646,8573.038652,8761.393068,643264
05-08-2022,8583.913086,8723.722553,8553.620845,8705.85763,558385
08-08-2022,8662.313477,8736.150164,8583.719004,8583.913374,520993
10-08-2022,8621.292969,8737.606492,8569.155497,8678.478357,445375
11-08-2022,8557.358398,8736.149842,8470.123496,8695.081001,508318
12-08-2022,8446.044922,8558.474838,8422.548976,8558.474838,712782
16-08-2022,8741.683594,8776.927038,8451.724226,8482.890653,963726
17-08-2022,8684.060547,8806.054392,8660.419534,8747.800449,623749
18-08-2022,8687.313477,8750.130834,8618.670725,8665.273879,442229
19-08-2022,8523.474609,8707.02289,8461.385424,8694.838296,572597
22-08-2022,8376.916992,8512.309054,8351.867986,8496.337575,488485
23-08-2022,8466.724609,8502.162422,8314.778918,8356.527574,558231
24-08-2022,8450.705078,8516.726212,8343.906186,8407.985521,442582
25-08-2022,8481.677734,8577.893455,8427.404096,8467.210959,525721
26-08-2022,8466.822266,8575.708978,8452.841888,8543.912033,398063
29-08-2022,8577.117188,8602.069484,8340.023433,8352.256383,459057
30-08-2022,8817.948242,8897.319243,8611.874911,8626.244028,1016312
01-09-2022,8761.878906,8964.942832,8680.808832,8689.498568,888864
02-09-2022,8660.03125,8883.630072,8643.040516,8763.820743,632909
05-09-2022,8689.594727,8754.402237,8616.728944,8641.001419,386455
06-09-2022,8630.079102,8760.179577,8611.874744,8722.848318,397902
07-09-2022,8529.251953,8615.32159,8505.076186,8606.049693,496785
08-09-2022,8534.834961,8626.535627,8524.494506,8572.068564,428924
09-09-2022,8685.663086,8727.411746,8475.948887,8577.553854,632296
12-09-2022,8667.847656,8750.033695,8644.885513,8708.868143,383641
13-09-2022,8666.731445,8727.460999,8651.585798,8711.198438,405093
14-09-2022,8706.246094,8738.091393,8568.863879,8602.019513,509547
15-09-2022,8941.737305,9053.633417,8767.218205,8767.26656,1392132
16-09-2022,8922.222656,9044.798659,8757.557612,8941.494623,1056382
19-09-2022,9010.767578,9071.546424,8806.053904,8908.289379,727024
20-09-2022,9030.186523,9155.578522,8980.816683,9067.226703,747257
21-09-2022,8978.77832,9124.509898,8943.388858,9029.361785,440725
22-09-2022,9128.24707,9160.432754,8918.678885,8931.300573,511112
23-09-2022,9071.547852,9175.967866,9007.370849,9124.461855,574213
26-09-2022,8577.844727,9000.525247,8543.911615,9000.525247,865432
27-09-2022,8518.716797,8649.691461,8418.180388,8631.292734,686285
28-09-2022,8472.793945,8592.457263,8408.034784,8466.240376,663740
29-09-2022,8373.858398,8543.911748,8353.712243,8515.173515,817007
30-09-2022,8571.243164,8613.81671,8309.148766,8415.753296,658982
03-10-2022,8298.275391,8708.965749,8262.352121,8708.965749,1123076
04-10-2022,8437.597656,8503.667143,8378.858267,8445.850298,503140
06-10-2022,8449.734375,8568.184058,8437.598137,8479.832245,474445
07-10-2022,8523.620117,8588.184909,8457.502266,8495.367332,428616
10-10-2022,8604.496094,8618.137036,8406.043949,8422.549233,411218
11-10-2022,8431.433594,8592.456826,8412.840497,8554.591762,422610
12-10-2022,8433.811523,8466.239932,8340.605212,8444.880152,380365
13-10-2022,8397.839844,8529.785406,8341.964792,8412.840424,355605
14-10-2022,8366.529297,8511.484355,8355.849406,8505.076799,274160
17-10-2022,8469.928711,8495.075375,8317.740289,8359.440592,304671
18-10-2022,8551.047852,8629.593968,8497.357321,8509.979009,369973
19-10-2022,8465.608398,8597.311236,8441.967385,8593.816379,385416
20-10-2022,8454.006836,8484.881236,8360.411787,8446.821804,328270
21-10-2022,8450.026367,8538.08711,8389.53954,8475.949564,356203
24-10-2022,8510.367188,8533.037301,8491.336997,8533.037301,30052
25-10-2022,8742.946289,8754.597078,8541.388018,8563.329958,727441
27-10-2022,8778.821289,8812.802757,8642.943771,8786.636837,849108
28-10-2022,9216.307617,9272.037602,8787.60733,8830.326888,1873029
31-10-2022,9250.337891,9484.713313,9176.064109,9369.17632,1932020
01-11-2022,9179.461914,9356.457572,9102.178728,9354.612485,805517
02-11-2022,8960.816406,9179.462122,8941.980585,9170.14187,788679
03-11-2022,8970.233398,9039.070523,8897.707995,8941.980614,616860
04-11-2022,8960.913086,9052.663049,8923.581827,8988.486999,465775
07-11-2022,9061.692383,9080.624915,8984.991354,9007.030953,469017
09-11-2022,8984.213867,9204.947375,8951.688751,9204.461925,617256
10-11-2022,8832.511719,8981.544729,8807.025618,8933.242499,445700
11-11-2022,8823.094727,8971.108497,8786.637652,8932.27253,461074
14-11-2022,8886.007813,8896.396622,8730.858329,8835.181625,282822
15-11-2022,8895.572266,8935.718566,8864.309124,8922.563072,359888
16-11-2022,8869.115234,8983.244238,8835.036106,8893.436068,350737
17-11-2022,8724.935547,8902.755131,8708.964069,8836.151838,409572
18-11-2022,8590.563477,8761.345005,8578.864332,8747.800773,515615
21-11-2022,8607.214844,8669.352386,8530.319446,8568.184511,520644
22-11-2022,8615.515625,8674.934838,8601.243219,8616.729249,455948
23-11-2022,8674.498047,8727.412048,8642.943826,8679.837992,621006
24-11-2022,8706.148438,8733.140189,8661.390371,8707.896814,455343
25-11-2022,8757.024414,8815.763809,8687.119679,8738.091882,545439
28-11-2022,8723.916992,8839.161955,8689.546785,8765.276914,439956
29-11-2022,8650.904297,8762.120586,8629.35015,8723.527351,606692
30-11-2022,8712.995117,8757.510465,8611.87559,8664.304145,1087650
01-12-2022,8697.460938,8762.365169,8670.129746,8756.588129,694489
02-12-2022,8559.300781,8669.061687,8499.979223,8563.330392,971612
05-12-2022,8536.193359,8595.564219,8509.930728,8586.631758,519621
06-12-2022,8463.666992,8543.912183,8441.919421,8521.775873,551379
07-12-2022,8407.161133,8493.279123,8389.538935,8466.239962,546450
08-12-2022,8430.025391,8457.501644,8355.605599,8412.840288,476001
09-12-2022,8362.693359,8508.716963,8296.76988,8453.618439,790406
12-12-2022,8407.743164,8440.316638,8267.496605,8358.470037,445039
13-12-2022,8369.831055,8444.249911,8359.442243,8409.929003,330236
14-12-2022,8390.120117,8425.170139,8345.895859,8398.276048,343670
15-12-2022,8334.34375,8421.189915,8325.459644,8389.538984,472176
16-12-2022,8238.855469,8338.081547,8200.213874,8310.410923,624222
19-12-2022,8353.469727,8370.558119,8205.06818,8251.476967,464106
20-12-2022,8276.283203,8334.586451,8186.669408,8334.586451,694906
21-12-2022,8107.395996,8317.644001,8047.102595,8276.283131,800720
22-12-2022,8091.812012,8140.017528,8046.811221,8113.463819,580858
23-12-2022,7904.671875,8087.540808,7886.467518,8058.171111,503012
26-12-2022,8016.519531,8103.123921,7841.029518,7909.914999,315102
27-12-2022,8063.753906,8073.025803,7991.275911,8057.443062,423308
28-12-2022,8175.989746,8207.495612,8046.42307,8073.026085,538632
29-12-2022,8190.310547,8203.126605,8090.502308,8126.425575,452134
30-12-2022,8150.30957,8242.933728,8118.901362,8223.515745,433976
02-01-2023,8158.755859,8207.980631,8094.967602,8121.570615,398159
03-01-2023,8138.804688,8157.494496,8062.492395,8136.134715,493207
04-01-2023,8177.688477,8288.613695,8069.190506,8132.25059,566744
05-01-2023,8214.873047,8228.368922,8145.890863,8199.193597,417716
06-01-2023,8139.095215,8237.05931,8107.00719,8213.806088,368978
09-01-2023,8133.22168,8201.136261,8082.831638,8179.678822,613406
10-01-2023,8051.812012,8165.261189,8022.442315,8136.134217,493677
11-01-2023,8043.364746,8092.104068,8009.0922,8092.104068,327536
12-01-2023,8125.648926,8133.221749,8019.626555,8073.026005,283772
13-01-2023,8207.399414,8252.691291,8107.97896,8152.640322,705220
16-01-2023,8136.231445,8266.526299,8100.793627,8233.224648,500575
17-01-2023,8232.592773,8246.137005,8099.386178,8165.115287,409248
18-01-2023,8246.865234,8288.954279,8217.980986,8226.427998,402883
19-01-2023,8254.245117,8271.089838,8210.408641,8232.253872,184776
20-01-2023,8194.193359,8252.64167,8167.202556,8215.795863,346337
23-01-2023,8172.153809,8235.165535,8134.095325,8233.223737,410827
24-01-2023,8445.65625,8464.297701,8172.057094,8204.096762,1039571
25-01-2023,8528.473633,8575.950974,8427.694505,8493.327847,1131883
27-01-2023,8483.231445,8630.322669,8369.247504,8571.534914,743546
30-01-2023,8560.416992,8607.020147,8464.297985,8523.522828,1036998
31-01-2023,8636.438477,8683.575438,8573.233325,8599.15652,643670
01-02-2023,8513.666992,8767.65473,8421.480894,8676.924032,707460
02-02-2023,8612.020508,8679.837427,8496.434218,8509.930094,456995
03-02-2023,8682.070313,8702.168112,8587.748039,8679.837434,351157
06-02-2023,8648.768555,8675.953728,8563.32944,8667.167281,205161
07-02-2023,8507.455078,8660.420043,8497.842798,8648.769254,318669
08-02-2023,8577.602539,8596.826152,8420.656319,8517.697874,391645
09-02-2023,8545.077148,8575.951549,8446.821972,8546.144758,392186
10-02-2023,8554.930664,8616.728766,8517.648711,8541.775172,276298
13-02-2023,8553.086914,8606.438007,8500.90109,8531.290041,253037
14-02-2023,8519.106445,8589.544991,8509.931258,8558.476217,227030
15-02-2023,8587.941406,8636.826742,8487.59937,8519.105234,452568
16-02-2023,8548.863281,8621.584003,8534.203084,8621.584003,247514
17-02-2023,8551.436523,8615.758589,8495.124376,8531.290367,214587
20-02-2023,8440.658203,8591.487014,8422.793279,8551.437423,298434
21-02-2023,8417.548828,8466.239795,8387.063167,8440.99642,323478
22-02-2023,8406.96582,8465.268114,8335.167652,8423.034009,363931
23-02-2023,8443.180664,8492.890884,8365.266017,8440.462336,317544
24-02-2023,8408.47168,8485.658158,8358.761456,8457.502084,242982
27-02-2023,8380.995117,8391.528993,8281.769043,8378.85895,220225
28-02-2023,8373.373047,8455.560033,8354.877609,8398.276987,370998
01-03-2023,8509.106445,8520.853946,8369.150949,8369.150949,333441
02-03-2023,8299.972656,8515.754955,8261.476132,8515.754955,603893
03-03-2023,8350.945313,8377.887761,8301.186737,8342.012852,437977
06-03-2023,8380.267578,8410.899256,8340.946163,8388.568576,275417
08-03-2023,8440.899414,8458.520662,8359.488962,8374.004092,348171
09-03-2023,8293.371094,8482.744758,8285.700612,8471.09397,431466
10-03-2023,8351.236328,8376.916797,8233.320452,8281.768692,516128
13-03-2023,8270.506836,8385.946164,8234.291543,8351.236523,479314
14-03-2023,8264.439453,8296.284755,8199.243197,8296.284755,349510
15-03-2023,8228.321289,8451.628076,8194.388177,8398.276982,509229
16-03-2023,8191.912598,8285.070554,8166.232127,8213.902893,340261
17-03-2023,8074.821777,8263.273861,8052.200018,8255.555024,471602
20-03-2023,7980.401367,8074.821299,7893.409192,8074.821299,488199
21-03-2023,7988.946289,8034.189806,7975.935862,8005.062834,287497
22-03-2023,8012.247559,8048.364244,7977.877354,7996.324435,218120
23-03-2023,8110.114746,8131.280157,7993.023743,8023.510355,540553
24-03-2023,8003.024414,8142.445143,7972.052354,8110.114393,391840
27-03-2023,8037.441895,8074.773153,7990.06221,8009.917285,364326
28-03-2023,7969.916016,8112.443808,7903.11835,8064.190883,360349
29-03-2023,8053.898926,8077.006134,7949.236195,8009.771373,339851
31-03-2023,8050.841309,8126.425424,8016.762181,8083.657508,478757
03-04-2023,8255.603516,8329.343493,8146.182996,8168.028226,627265
05-04-2023,8201.233398,8299.245856,8184.679758,8273.954123,272888
06-04-2023,8268.807617,8286.623235,8133.317899,8217.689404,309551
10-04-2023,8286.770508,8306.819007,8158.514157,8210.505619,308275
11-04-2023,8407.549805,8418.618435,8296.333493,8330.314965,409240
12-04-2023,8370.168945,8456.482249,8340.993619,8419.636441,408458
13-04-2023,8418.470703,8450.704739,8369.149224,8376.964772,480202
17-04-2023,8422.209961,8592.456733,8398.27692,8592.456733,489356
18-04-2023,8478.521484,8494.200934,8437.112263,8439.976605,276111
19-04-2023,8427.355469,8487.405196,8410.364735,8437.16117,280819
20-04-2023,8461.044922,8485.56012,8412.985424,8417.693904,369060
21-04-2023,8309.391602,8450.705776,8301.187315,8426.822037,424157
24-04-2023,8219.777344,8327.401124,8198.999725,8327.401124,543745
25-04-2023,8222.447266,8276.914323,8174.969923,8262.350837,906406
26-04-2023,8259.34082,8301.186187,8189.436095,8278.85551,959058
27-04-2023,8294.342773,8320.605405,8224.729117,8320.605405,536521
28-04-2023,8339.585938,8361.819906,8286.720293,8342.935729,387567
02-05-2023,8521.43457,8570.125535,8355.556854,8371.771057,865562
03-05-2023,8541.290039,8571.09683,8461.433592,8514.784685,537008
04-05-2023,8544.494141,8566.194304,8488.570732,8540.659848,271926
05-05-2023,8688.236328,8726.440827,8534.202812,8544.493963,951591
08-05-2023,8812.123047,8855.522427,8699.256025,8782.753349,678780
09-05-2023,8846.395508,8874.017777,8788.432642,8818.676528,415394
10-05-2023,8901.348633,8912.853407,8796.34552,8863.143186,366827
11-05-2023,8991.399414,9043.924674,8876.007493,8973.971586,644550
12-05-2023,9024.896484,9058.294847,8963.972562,8991.448818,403028
15-05-2023,8939.359375,9036.643658,8918.097253,8973.049764,259316
16-05-2023,8807.365234,8960.718938,8793.529922,8950.815577,448981
17-05-2023,8854.018555,8866.251505,8769.209941,8816.104182,290482
18-05-2023,8789.839844,8883.725968,8780.907383,8878.823118,272497
19-05-2023,8840.958984,8852.852499,8699.789874,8796.34598,543472
22-05-2023,8890.183594,8902.853637,8809.79239,8825.47279,182115
23-05-2023,8932.951172,8966.25282,8890.279969,8902.173482,269008
24-05-2023,9000.961914,9047.031261,8892.463951,8901.202042,470365
25-05-2023,9011.739258,9022.953901,8947.854288,8952.417703,218979
26-05-2023,9126.402344,9141.014184,9040.283412,9061.400465,346760
29-05-2023,9061.886719,9212.667159,9041.060743,9160.432977,236834
30-05-2023,9110.285156,9129.266991,9029.3611,9107.033024,372004
31-05-2023,9095.091797,9174.948249,8997.904227,9174.948249,1614766
01-06-2023,9056.837891,9104.654671,8953.631506,9065.770352,378706
02-06-2023,9209.317383,9247.959925,9041.692222,9115.771634,445105
05-06-2023,9303.251953,9359.467391,9212.424531,9274.513719,434649
06-06-2023,9452.868164,9485.684365,9331.311405,9348.787589,542318
07-06-2023,9425.00293,9514.811096,9369.661681,9503.160307,453747
08-06-2023,9377.525391,9480.829431,9345.389011,9449.760661,273746
09-06-2023,9347.621094,9431.216066,9331.406891,9393.933165,161389
12-06-2023,9272.523438,9417.721207,9260.096119,9344.903775,316879
13-06-2023,9240.532227,9338.155942,9229.027451,9308.980613,561014
14-06-2023,9255.094727,9319.65951,9214.316969,9242.958489,328167
15-06-2023,9315.629883,9415.584124,9265.289149,9276.939937,459978
16-06-2023,9324.223633,9362.768516,9274.027961,9315.824977,682099
19-06-2023,9254.610352,9361.555268,9233.250571,9357.525658,395006
20-06-2023,9215.871094,9261.309931,9145.869647,9252.668549,612713
21-06-2023,9166.112305,9259.464632,9122.616215,9225.483163,356331
22-06-2023,9129.412109,9218.055003,9101.013312,9164.364475,288487
23-06-2023,9055.866211,9152.665033,9034.215352,9145.868739,309138
26-06-2023,9194.608398,9242.958982,9029.36119,9055.866545,405168
27-06-2023,9185.676758,9223.541824,9121.64577,9213.832833,339375
28-06-2023,9263.008789,9296.358794,9158.054028,9199.705979,482586
30-06-2023,9504.178711,9566.753341,9263.347402,9290.532575,845006
03-07-2023,9391.506836,9501.072418,9375.535356,9458.547228,398066
04-07-2023,9366.651367,9433.740109,9340.096711,9417.720275,247673
05-07-2023,9701.515625,9744.866652,9393.449507,9414.809289,815044
06-07-2023,9572.483398,9724.816905,9529.569467,9708.943083,652120
07-07-2023,9563.597656,9655.590334,9529.373467,9567.238527,457050
10-07-2023,9452.96582,9644.281321,9436.897628,9567.240847,272008
11-07-2023,9612.046875,9667.096094,9452.964492,9510.927357,568772
12-07-2023,9549.569336,9660.446205,9519.665833,9607.046753,552967
13-07-2023,9366.797852,9610.882276,9332.282577,9566.220915,519564
14-07-2023,9324.174805,9444.2259,9311.892553,9419.613989,498441
17-07-2023,9407.575195,9416.750381,9276.940911,9366.263628,444583
18-07-2023,9384.371094,9482.091517,9322.281908,9427.624458,320985
19-07-2023,9327.961914,9384.711159,9248.445843,9370.147672,450254
20-07-2023,9488.112305,9500.248545,9296.79681,9340.050179,466813
21-07-2023,9485.733398,9558.502482,9420.634798,9437.140084,328483
24-07-2023,9412.671875,9529.37413,9398.302759,9485.732028,358506
25-07-2023,9474.615234,9490.490003,9336.941937,9343.9326,240998
26-07-2023,9472.430664,9524.519778,9442.236083,9477.431173,209861
27-07-2023,9469.760742,9541.171127,9409.614304,9485.683866,256672
28-07-2023,9388.884766,9466.265608,9268.590944,9455.585719,381151
31-07-2023,9534.957031,9551.41396,9326.456456,9388.885077,600060
01-08-2023,9433.983398,9604.133458,9369.224242,9475.974783,1394528
02-08-2023,9372.865234,9508.451668,9243.298564,9432.284447,672815
03-08-2023,9353.166992,9467.096143,9325.627415,9407.215387,614897
04-08-2023,9281.331055,9424.023879,9238.79712,9369.141876,540470
07-08-2023,9333.664063,9349.344634,9233.896617,9300.539046,366329
08-08-2023,9352.040039,9430.884107,9315.239888,9349.492329,430636
09-08-2023,9274.175781,9349.589722,9229.486535,9349.540912,404602
10-08-2023,9209.983398,9310.33944,9155.542605,9274.175739,523490
11-08-2023,9170.046875,9279.958264,9157.453799,9209.983331,498504
14-08-2023,9135.550781,9177.054913,9073.073501,9173.13477,336864
16-08-2023,9231.496094,9249.332937,9069.398746,9147.654222,336363
17-08-2023,9188.128906,9285.593652,9163.334193,9226.938896,402798
18-08-2023,9267.266602,9280.938291,9150.250911,9163.334005,400745
21-08-2023,9250.360352,9279.95762,9225.320632,9266.775949,375347
22-08-2023,9302.401367,9318.22837,9221.84224,9232.132615,435930
23-08-2023,9409.274414,9447.544619,9257.417683,9328.960293,546842
24-08-2023,9382.567383,9468.761709,9364.240525,9468.761709,385559
25-08-2023,9315.925781,9432.598843,9295.63885,9363.261315,346449
28-08-2023,9406.088867,9476.945257,9320.139545,9324.990913,325938
29-08-2023,9429.168945,9491.401215,9316.219825,9408.343186,317224
30-08-2023,9600.822266,9621.941844,9418.143225,9467.145011,543634
31-08-2023,9804.081055,9864.059432,9575.046518,9575.046518,1581818
01-09-2023,10124.99414,10190.36272,9752.678184,9799.377269,1193178
04-09-2023,10155.57129,10258.96506,10080.94119,10193.35147,819552
05-09-2023,10057.22363,10204.81758,10041.24924,10143.36915,507107
06-09-2023,9975.635742,10055.16602,9927.90877,10055.16602,663758
07-09-2023,10075.50195,10095.25006,9947.362286,9947.362286,445805
08-09-2023,10125.72949,10192.37192,10094.36835,10191.39189,439721
11-09-2023,10323.54883,10339.37679,10137.48943,10138.46947,598050
12-09-2023,10293.90332,10357.4104,10197.27218,10333.49715,568773
13-09-2023,10264.30664,10326.04889,10231.57306,10290.37521,301707
14-09-2023,10278.76172,10368.77761,10222.80111,10256.12232,501196
15-09-2023,10315.12109,10339.37698,10268.22677,10279.88862,544616
18-09-2023,10312.03418,10411.55758,10284.54437,10290.42458,430213
20-09-2023,10140.18457,10284.54364,10131.16805,10284.54364,545106
21-09-2023,10078.98145,10138.46981,10002.73486,10136.55855,577252
22-09-2023,10324.82422,10355.79297,10102.64992,10170.81121,986206
25-09-2023,10376.81445,10505.98297,10319.77618,10324.82375,756801
26-09-2023,10345.89453,10421.6511,10316.39488,10419.64222,452503
27-09-2023,10467.5166,10492.2625,10314.87604,10339.37693,458359
28-09-2023,10354.41992,10491.28229,10321.78492,10437.87035,598144
29-09-2023,10398.7666,10491.77237,10300.71422,10330.5565,481725
03-10-2023,10140.33203,10495.98642,10097.6019,10495.98642,623006
04-10-2023,9927.614258,10078.58952,9888.560218,10078.58952,407793
05-10-2023,10006.3125,10065.89848,9907.1815,9978.6753,377196
06-10-2023,10096.37598,10126.65946,10055.16567,10077.70649,335700
09-10-2023,10040.26953,10128.0813,9980.634742,10045.36591,230083
10-10-2023,10167.87109,10209.0326,10065.06496,10084.56805,348342
11-10-2023,10204.22949,10231.57287,10133.61811,10143.32085,193526
12-10-2023,10369.66016,10412.43814,10212.16823,10251.17346,569237
13-10-2023,10513.38184,10530.53246,10319.57978,10323.74493,625954
16-10-2023,10490.79297,10595.01939,10452.08156,10515.73507,304196
17-10-2023,10536.16797,10582.27846,10354.37134,10515.78342,474718
18-10-2023,10573.06641,10594.0386,10497.21126,10540.28402,267435
19-10-2023,10556.65137,10583.11233,10486.38261,10486.38261,286284
20-10-2023,10511.52051,10583.40575,10482.16825,10548.22208,232512
23-10-2023,10342.9541,10510.54021,10320.21708,10467.76126,227925
25-10-2023,10377.45117,10434.88184,10291.94305,10309.97609,401105
26-10-2023,10216.04004,10382.49873,10185.02152,10328.59676,506129
27-10-2023,10349.86328,10628.48724,10231.57278,10231.62159,1116713
30-10-2023,10190.11816,10486.38279,10040.46651,10486.38279,991168
31-10-2023,10184.8252,10280.57488,10114.94884,10280.57488,439996
01-11-2023,10023.56055,10214.12869,9985.241532,10182.66897,699116
02-11-2023,10097.89551,10138.46937,9997.344227,10084.86122,569194
03-11-2023,10071.14063,10162.97016,10036.54556,10112.0083,517582
06-11-2023,10079.51953,10132.54004,10047.32574,10132.54004,490459
07-11-2023,10048.59961,10119.84839,10031.4978,10094.36747,264935
08-11-2023,10116.22168,10134.00971,10055.75329,10113.96779,287006
09-11-2023,10192.71484,10240.98161,10110.78423,10143.32161,310536
10-11-2023,10181.39453,10208.44409,10113.96827,10167.87023,206395
13-11-2023,10190.80371,10220.79242,10156.74747,10220.79242,261891
15-11-2023,10247.30273,10287.43539,10167.91984,10287.43539,436538
16-11-2023,10275.18457,10333.20288,10201.38807,10270.77441,488715
17-11-2023,10313.40527,10395.04205,10289.54179,10290.37444,403772
20-11-2023,10355.30273,10381.86132,10290.37537,10290.37537,234246
21-11-2023,10324.82422,10406.99984,10290.37558,10406.99984,312242
22-11-2023,10285.03418,10340.6024,10211.9727,10339.37735,378891
23-11-2023,10279.10449,10314.8758,10186.53993,10278.41828,453820
24-11-2023,10305.71289,10355.54732,10253.13359,10296.20635,380306
28-11-2023,10327.1748,10345.64905,10296.25487,10329.52727,268026
29-11-2023,10387.64355,10422.23862,10315.56212,10358.97751,343341
30-11-2023,10396.90527,10436.40052,10335.55446,10369.75809,665660
01-12-2023,10374.36426,10544.20426,10322.76499,10396.21886,591519
04-12-2023,10387.83984,10481.57969,10216.87242,10481.48207,625235
05-12-2023,10507.8457,10554.98504,10352.51004,10438.26316,580996
06-12-2023,10413.61426,10534.35485,10378.57798,10507.84507,464163
07-12-2023,10483.09961,10714.58328,10422.68002,10574.58556,704413
08-12-2023,10406.55762,10533.42343,10340.3564,10515.78278,548373
11-12-2023,10331.29102,10425.61945,10290.42334,10417.77916,579749
12-12-2023,10132.00195,10411.89978,10095.44585,10407.97964,1088687
13-12-2023,10172.81934,10205.01408,10055.16624,10153.16981,603469
14-12-2023,10146.50684,10285.47572,10106.42299,10231.57375,635475
15-12-2023,10081.04004,10267.58946,9636.299054,10250.19383,1244681
18-12-2023,10113.57617,10144.25206,10022.04141,10089.46768,652498
19-12-2023,10029.29297,10169.83047,10002.44056,10113.57604,585734
20-12-2023,9879.984375,10103.2363,9790.556122,10035.56503,964051
21-12-2023,9812.950195,9897.625664,9702.353548,9800.357119,739806
22-12-2023,10013.17188,10112.30191,9829.757816,9849.358529,652545
26-12-2023,10065.60449,10075.94368,9912.767727,10064.96709,395273
27-12-2023,10083.09766,10099.61088,10025.76557,10080.64757,397675
28-12-2023,10066.53418,10105.09916,9983.623543,10105.09916,584234
29-12-2023,10096.6709,10189.08904,10067.90723,10075.20869,705227
01-01-2024,10078.00098,10138.46937,10010.7221,10138.46937,411724
02-01-2024,9994.15918,10089.17383,9948.391321,10078.00104,776837
03-01-2024,9876.457031,10006.16437,9864.059197,9996.364015,521046
04-01-2024,9815.350586,9917.960507,9786.194526,9898.359795,711733
05-01-2024,9817.017578,9873.859649,9770.9559,9810.794734,673131
08-01-2024,9748.12207,9926.733591,9714.017017,9805.257965,600153
09-01-2024,9823.975586,9842.156014,9692.55318,9775.856215,666469
10-01-2024,9810.353516,9850.093772,9751.355175,9849.309935,481699
11-01-2024,9811.235352,9921.979389,9800.357338,9824.955852,1024815
12-01-2024,9766.693359,9844.410001,9737.586107,9824.858097,850190
15-01-2024,9885.522461,9897.184311,9749.39512,9785.754061,463380
16-01-2024,9980.243164,10035.56638,9859.159935,9885.473513,536823
17-01-2024,9851.024414,9958.925955,9796.877445,9921.880799,610250
18-01-2024,9726.364258,9849.358738,9543.244971,9747.483836,614860
19-01-2024,9837.304688,9850.976377,9750.424139,9761.155721,377018
23-01-2024,9663.592773,9773.895595,9635.808188,9665.111637,956269
24-01-2024,9788.792969,9800.357199,9560.248447,9663.152198,459092
25-01-2024,9683.733398,9800.161456,9620.569902,9788.793424,718817
29-01-2024,9791.929688,9834.658864,9677.901952,9732.882533,446516
30-01-2024,9752.972656,9833.188195,9733.224554,9810.990004,399869
31-01-2024,9983.526367,10031.25334,9715.094198,9760.469661,997024
01-02-2024,10425.57031,10486.18513,10000.28366,10006.16387,1869594
02-02-2024,10442.72266,10497.75109,10329.96973,10386.41941,814940
05-02-2024,10220.35059,10545.13478,10192.37076,10390.33796,365105
06-02-2024,10628.33984,10640.00265,10249.21341,10290.3261,829040
07-02-2024,10717.37695,10754.42211,10571.44925,10643.18806,560808
08-02-2024,10529.40625,10732.37127,10476.53313,10732.37127,557082
09-02-2024,10518.57617,10554.98488,10399.25682,10497.40778,645489
12-02-2024,10495.88867,10534.35507,10437.42916,10486.38213,190655
13-02-2024,10578.99512,10613.78638,10427.72699,10515.78282,397979
14-02-2024,10807.78516,10829.39475,10489.71475,10491.28243,354676
15-02-2024,10868.84082,10910.73735,10760.79189,10819.59403,447248
16-02-2024,11153.19922,11250.8104,10876.43674,10897.99753,716486
19-02-2024,11254.09277,11381.2036,11106.7936,11153.19886,581383
20-02-2024,11217.93066,11250.76186,11089.93742,11211.60924,355044
21-02-2024,11236.94238,11290.99174,11143.00634,11227.28941,348461
22-02-2024,11425.05957,11461.51709,11163.83126,11270.41013,584406
23-02-2024,11305.2998,11486.01878,11246.10622,11471.26943,472884
26-02-2024,11238.06934,11303.68292,11188.52872,11275.31069,277700
27-02-2024,11271.04785,11332.05507,11156.97131,11187.10741,307585
28-02-2024,10930.1416,11269.38133,10907.79698,11241.98914,358812
29-02-2024,11062.98535,11122.4249,10907.30707,10932.29798,943841
01-03-2024,11388.94629,11441.91703,11069.50345,11069.50345,487355
04-03-2024,11362.68164,11444.17104,11313.67985,11368.41447,369936
05-03-2024,11437.60449,11495.819,11330.9768,11364.54302,320702
06-03-2024,11336.12207,11445.83726,11288.44391,11437.60458,639542
07-03-2024,11280.25977,11401.24536,11193.13517,11340.04194,255325
11-03-2024,11168.0459,11325.1952,11123.45427,11285.25875,525344
12-03-2024,11280.11328,11344.79564,11153.7863,11172.40698,283816
13-03-2024,11162.75391,11324.16502,11042.64977,11280.2108,385204
14-03-2024,11176.91504,11231.2094,11076.41257,11174.12232,523058
15-03-2024,11247.52734,11291.04036,11088.17296,11152.80651,972333
18-03-2024,11403.98926,11432.50887,11139.37962,11208.3257,311049
19-03-2024,11365.52246,11446.7678,11227.43601,11311.66931,409259
20-03-2024,11702.75391,11784.92952,11418.54355,11418.54355,1031037
21-03-2024,11670.41211,11760.428,11589.26439,11759.44797,544311
22-03-2024,12091.3877,12179.19852,11652.67429,11652.67429,1062263
26-03-2024,12005.97656,12075.90269,11898.81004,12040.27781,507568
27-03-2024,12260.58984,12468.70101,12040.42539,12044.63935,878986
28-03-2024,12348.79297,12472.71868,12138.23267,12319.00046,860324
01-04-2024,12318.65625,12435.67289,12256.47375,12361.53281,314676
02-04-2024,12301.84961,12395.49183,12213.4502,12372.9022,333508
03-04-2024,12179.73633,12275.4372,12164.74197,12201.4445,271935
04-04-2024,12316.35449,12396.47242,12072.12939,12240.64673,491166
05-04-2024,12173.61133,12307.19096,12137.25239,12242.60623,231600
08-04-2024,12608.25684,12669.55883,12201.4444,12201.4444,570422
09-04-2024,12630.7002,12726.44988,12524.85634,12608.25699,314466
10-04-2024,12429.54785,12699.30268,12349.33231,12674.80179,464239
12-04-2024,12021.65723,12407.25248,11980.93693,12407.25248,973366
15-04-2024,12174.83594,12260.24643,11792.7206,11955.94535,831257
16-04-2024,12253.09277,12299.35065,12030.28108,12062.27963,579183
18-04-2024,12157.34375,12350.4108,12074.08952,12319.04965,679117
19-04-2024,12457.18555,12504.66847,11980.93699,12152.34562,635535
22-04-2024,12530.24707,12622.0278,12406.27255,12527.94437,342212
23-04-2024,12736.78906,12764.47507,12521.23002,12588.55866,397281
24-04-2024,12685.63086,12812.93788,12642.46048,12740.46405,296364
25-04-2024,12664.51172,12721.54999,12485.99783,12705.1832,640725
26-04-2024,12449.73633,12784.56591,12407.25216,12664.02152,704626
29-04-2024,12436.50586,12735.36794,12351.39014,12544.50599,613937
30-04-2024,12561.6084,12736.54478,12485.85183,12530.73727,528776
02-05-2024,12549.7002,12587.72635,12264.951,12495.4556,814923
03-05-2024,12242.75391,12573.8586,12163.61602,12562.04936,834990
06-05-2024,12190.95898,12393.92497,12125.49279,12299.44914,342231
07-05-2024,12117.21094,12258.77729,11994.65766,12223.39839,604375
08-05-2024,12293.12695,12309.19992,12078.94034,12144.60273,399669
09-05-2024,12255.00391,12485.45873,12188.4591,12289.64779,504590
10-05-2024,12422.44336,12443.46532,12251.42712,12255.34726,328670
13-05-2024,12420.8252,12454.68619,12228.44438,12407.25208,281421
14-05-2024,12558.37402,12583.65875,12398.8244,12420.82543,331037
15-05-2024,12512.40918,12615.4115,12446.45297,12564.05725,232030
16-05-2024,12248.14355,12591.49868,12054.43912,12591.49868,914201
17-05-2024,12389.12207,12413.03533,12076.29446,12265.29493,809226
21-05-2024,12224.2793,12425.77521,12193.40817,12348.5974,443136
22-05-2024,12281.16992,12312.18843,12116.27892,12179.68742,280015
23-05-2024,12676.66504,12716.06171,12224.03495,12315.17827,768732
24-05-2024,12740.90527,12773.78528,12555.23732,12608.15925,624801
27-05-2024,12648.43848,12797.7963,12521.91625,12763.44624,464953
28-05-2024,12562.68555,12726.6951,12544.70227,12632.66048,333806
29-05-2024,12533.33398,12593.5076,12495.45522,12562.09765,353706
30-05-2024,12346.49023,12554.25781,12299.44852,12467.03463,524559
31-05-2024,12151.75684,12381.13401,12083.84055,12346.49013,908304
03-06-2024,12227.07324,12568.95833,12154.94204,12568.95833,485936
04-06-2024,11932.96387,12345.7063,11330.63429,12345.1177,825928
05-06-2024,12252.99414,12362.26812,11883.03066,11936.835,447581
06-06-2024,12420.4834,12436.65399,12219.08605,12261.76641,447536
07-06-2024,12555.13965,12571.89788,12331.15173,12331.15173,532480
10-06-2024,12463.65332,12662.06175,12375.79369,12510.3036,293471
11-06-2024,12606.83691,12681.22105,12402.54828,12489.08524,358807
12-06-2024,12592.82227,12693.03092,12546.41795,12606.83754,302719
13-06-2024,12590.37109,12681.6618,12485.26227,12681.6618,297240
14-06-2024,12588.75488,12637.56047,12523.68013,12575.3282,216967
18-06-2024,12310.17969,12622.85989,12291.65663,12621.29221,823306
19-06-2024,11997.69531,12372.95139,11956.43619,12358.25085,694871
20-06-2024,11906.94434,12059.82991,11892.73382,12001.51779,907751
21-06-2024,11957.90625,12119.36714,11842.26203,11976.03691,947800
24-06-2024,11940.16699,12043.65838,11800.60953,11937.81452,550862
25-06-2024,11874.7002,11993.48071,11831.0398,11957.80799,594272
26-06-2024,11954.7207,12077.81281,11826.77723,11875.0928,447931
27-06-2024,11935.60938,11983.18992,11770.22836,11956.43513,1230852
28-06-2024,11793.60254,11957.90591,11764.49624,11941.68651,1160395
01-07-2024,11866.91016,12015.23818,11765.8679,11804.5305,1134926
02-07-2024,11802.17773,11907.38514,11755.52842,11907.38514,687181
03-07-2024,11881.61133,11907.43489,11721.22809,11873.13364,467532
04-07-2024,11848.23926,11966.23594,11830.79481,11892.73326,299684
05-07-2024,11862.40039,11895.13396,11781.89104,11828.19772,406926
08-07-2024,11783.55762,11870.19316,11727.10794,11862.35288,496933
09-07-2024,12571.60449,12701.21422,12019.20697,12078.94034,2114130
10-07-2024,12517.7998,13034.47482,12478.45195,12691.51113,2070520
11-07-2024,12461.34961,12665.78467,12441.60151,12544.45644,608983
12-07-2024,12311.69922,12416.95544,12225.94609,12368.05127,674746
15-07-2024,12391.52344,12513.5867,12338.65032,12348.45067,697186
16-07-2024,12387.20996,12542.49681,12330.56409,12390.59128,347810
18-07-2024,12391.62109,12426.85357,12214.18581,12380.79189,391216
19-07-2024,12274.26172,12456.25455,12246.96811,12397.45241,351955
22-07-2024,12388.87598,12406.2228,12152.49118,12250.44594,249631
23-07-2024,12376.91992,12480.70609,12113.2415,12466.05436,332258
24-07-2024,12237.95117,12410.38865,12209.48133,12381.77142,285860
25-07-2024,12259.46289,12274.94726,12140.73118,12140.73118,396789
26-07-2024,12410.87793,12488.69219,12141.85814,12221.04483,537693
29-07-2024,12496.97461,12518.68278,12351.39049,12455.27428,388263
30-07-2024,12616.63672,12709.88654,12456.15588,12505.25528,526539
31-07-2024,12853.95215,13107.9776,12637.70784,12720.86349,836405
01-08-2024,13092.3457,13406.88835,12850.22808,13125.61811,2040384
02-08-2024,12590.13281,13033.83051,12537.35348,12985.45372,1333355
05-08-2024,12070.20898,12356.2633,11898.8643,12356.2633,1131415
06-08-2024,12001.20605,12420.469,11980.33237,12257.33427,623565
07-08-2024,12239.03223,12316.69169,12134.56332,12266.23777,433514
08-08-2024,12088.0166,12260.00569,12022.03156,12238.53785,358577
09-08-2024,12093.30957,12257.33407,12064.52058,12257.33407,320211
12-08-2024,12141.83398,12237.54803,11970.43906,12069.36831,291212
13-08-2024,12045.87305,12207.91897,11992.20393,12204.90182,464483
14-08-2024,12074.95801,12107.95053,12000.11765,12107.95053,449827
16-08-2024,12082.52637,12211.77782,11981.32193,12183.08834,552732
19-08-2024,12019.70605,12112.94687,11996.95233,12064.42227,277319
20-08-2024,12084.1582,12178.19026,12020.00201,12030.29104,471927
21-08-2024,12090.09473,12117.79492,12046.6644,12084.15897,295984
22-08-2024,12144.90039,12193.02986,12050.57174,12148.51169,501316
23-08-2024,12170.57324,12242.54427,12123.18671,12168.29806,440809
26-08-2024,12112.69922,12202.42824,12091.13284,12193.02996,232805
27-08-2024,12363.08984,12395.83504,12094.19937,12113.88668,477609
28-08-2024,12225.18164,12385.89239,12197.9761,12366.15582,313227
29-08-2024,12320.45117,12346.37083,12118.83355,12210.83775,608598
30-08-2024,12270.19531,12435.40717,12184.32491,12326.58499,2271179
02-09-2024,12294.33398,12390.88855,12218.15846,12240.51609,331514
03-09-2024,12264.35742,12340.73099,12227.55651,12340.4344,445514
04-09-2024,12204.15918,12265.24799,12103.10257,12193.07891,735076
05-09-2024,12166.91211,12237.54798,12099.04703,12204.90133,595865
06-09-2024,12055.66699,12173.09524,11965.196,12118.83293,733354
09-09-2024,12015.69922,12089.00541,11972.41767,12066.8951,415790
10-09-2024,12132.08984,12156.47532,11968.46048,12020.00223,285122
11-09-2024,12111.51172,12201.93344,12034.74301,12128.72579,349799
12-09-2024,12268.06738,12293.93777,12021.23891,12130.80305,547830
13-09-2024,12184.17578,12262.28062,12159.44347,12232.60184,361093
16-09-2024,12157.41602,12231.61296,12124.76936,12190.0134,170114
17-09-2024,12114.62891,12153.45864,12021.53687,12153.45864,568161
18-09-2024,12073.42383,12205.8412,12039.68934,12108.98909,182282
19-09-2024,12219.24609,12277.1197,12075.70014,12128.67656,465608
20-09-2024,12479.43066,12569.11042,12227.70499,12228.05182,875654
23-09-2024,12547.29492,12612.48968,12489.81742,12489.81742,235586
24-09-2024,12602.20117,12642.1197,12448.36619,12448.36619,425916
25-09-2024,12648.40137,12678.97089,12475.96788,12590.97313,341172
26-09-2024,13240.49316,13267.40211,12692.62315,12697.56962,1471069
27-09-2024,13351.0957,13396.6534,13132.31424,13239.70175,865698
30-09-2024,13096.25391,13355.44854,13067.26783,13200.67353,415743
01-10-2024,13025.02539,13158.03596,12860.8521,13096.25445,388888
03-10-2024,12511.92773,13007.2174,12457.46738,12802.48313,863520
04-10-2024,12470.77441,12739.96053,12378.52288,12554.02377,679362
07-10-2024,12393.3623,12512.57206,12245.46307,12490.85689,465500
08-10-2024,12397.76465,12494.86313,12328.61271,12368.38247,387060
09-10-2024,12624.06543,12712.40906,12406.22302,12420.51849,465231
10-10-2024,12805.50098,12826.17758,12575.39192,12661.85647,492698
11-10-2024,12639.84473,12841.01698,12588.74738,12805.50099,274243
14-10-2024,12403.60059,12661.95471,12328.85973,12638.21169,488067
15-10-2024,12313.47656,12572.91852,12222.70897,12572.91852,532135
16-10-2024,12251.2998,12321.58884,12100.03659,12281.12639,418138
17-10-2024,12013.7207,12287.1113,11940.76038,12267.2269,875937
18-10-2024,11975.48438,12011.24769,11717.62586,11940.76059,506871
21-10-2024,12045.52734,12118.83353,11816.65394,12015.50174,375275
22-10-2024,11795.63086,12158.20655,11713.22299,12085.14769,904901
23-10-2024,11828.17969,11990.12707,11627.60062,11795.63158,412638
24-10-2024,11637.74023,11870.47129,11512.29814,11870.47129,552495
25-10-2024,11379.68262,11668.0121,11317.50597,11637.64063,624582
28-10-2024,11360.29297,11508.09365,11317.50607,11381.61203,613830
29-10-2024,10927.72461,11360.04542,10627.42507,11327.39877,2268683
30-10-2024,11135.92188,11396.64972,10827.80653,10861.44247,1672966
31-10-2024,10957.84961,11127.11718,10931.68263,11104.80882,838211
01-11-2024,10991.04004,11089.52392,10961.36126,11030.61174,65670
04-11-2024,10934.10645,11174.05916,10743.7169,11174.05916,444462
05-11-2024,11050.49609,11154.27327,10893.99079,10923.76811,321159
06-11-2024,11232.6748,11307.61371,11052.96943,11098.87299,416027
07-11-2024,11179.1543,11263.09538,11066.81936,11184.10076,530194
08-11-2024,11181.97363,11222.53463,11006.47275,11139.9287,269993
11-11-2024,11277.6377,11394.81958,11188.89797,11210.16775,450681
12-11-2024,11023.78516,11393.58348,10988.31941,11270.06972,549747
13-11-2024,10931.28613,11023.53766,10747.97042,11020.71856,507710
14-11-2024,10888.20215,10998.65704,10775.47208,10936.62821,431348
18-11-2024,10975.16211,11063.20914,10798.12802,10832.75326,333440
19-11-2024,10841.95313,11075.37688,10779.72721,10971.25385,864067
21-11-2024,10745.15137,10840.86542,10654.68037,10804.21232,540201
22-11-2024,10945.13574,10987.72556,10711.31685,10788.23434,493678
25-11-2024,10907.09863,11127.51281,10872.37389,11082.05463,635726
26-11-2024,10826.76758,10959.33277,10774.82972,10907.09832,406586
27-11-2024,10939.94238,10997.86623,10753.60953,10818.90283,343332
28-11-2024,10832.60449,10961.95449,10771.41714,10941.97155,607669
29-11-2024,10955.62305,11010.92392,10803.07395,10832.70346,338207
02-12-2024,11118.95508,11208.6841,11031.60074,11031.60074,446880
03-12-2024,11158.47754,11187.90899,11083.04399,11129.54073,258644
04-12-2024,11010.67676,11179.00526,10987.08252,11160.20871,554674
05-12-2024,11062.51563,11149.32604,10912.88514,11015.72228,545501
06-12-2024,11196.76367,11254.14264,11001.92231,11080.07642,417214
09-12-2024,11159.02148,11247.16803,11132.06326,11200.76982,254485
10-12-2024,11078.2959,11193.20165,11050.39766,11154.27337,410569
11-12-2024,11156.99316,11199.63128,11100.45471,11109.65591,226584
12-12-2024,11047.8252,11178.36156,10959.62938,11178.36156,396561
13-12-2024,11151.84863,11169.11198,10915.457,11018.14634,263579
16-12-2024,11156.25195,11208.14054,11085.02289,11135.03143,223389
17-12-2024,10989.60547,11151.7509,10941.27891,11142.4019,295445
18-12-2024,10884.6416,10979.21758,10852.63741,10966.30751,497103
19-12-2024,10838.04492,10917.23856,10736.24731,10771.41646,435360
20-12-2024,10784.32715,10958.39336,10749.60337,10822.86029,404608
23-12-2024,10706.12305,10872.12613,10640.23656,10810.98805,237165
24-12-2024,10621.6377,10770.87305,10610.16229,10706.12366,151149
26-12-2024,10779.33105,10857.28711,10654.6802,10655.17485,349811
27-12-2024,10823.89844,11013.79332,10795.75287,10812.4723,257973
30-12-2024,10683.32031,10832.75275,10634.99279,10823.89839,335481
31-12-2024,10742.13379,10777.05562,10635.48729,10649.73349,198997
01-01-2025,11088.28711,11153.23455,10684.55722,10741.73813,383202
02-01-2025,11714.50879,11732.16824,11105.79732,11164.16558,1417042
03-01-2025,11806.46387,11920.77642,11661.73057,11723.0667,701315
06-01-2025,11629.77637,11851.6252,11565.52163,11801.26983,383268
07-01-2025,11595.79395,11699.32379,11548.70401,11629.77672,308104
08-01-2025,11695.41602,11732.95986,11599.75124,11600.44393,303100
09-01-2025,11614.83789,11723.11615,11534.80471,11695.41596,266413
10-01-2025,11506.55957,11634.07976,11446.11419,11564.82928,218246
13-01-2025,11374.58887,11529.66047,11345.20669,11345.70133,253524
14-01-2025,11615.43164,11659.35565,11407.53144,11410.45005,627463
15-01-2025,11819.47363,12061.8503,11733.99837,11763.23177,692822
16-01-2025,11962.82129,12004.07498,11828.17897,11853.1586,551211
17-01-2025,12006.39941,12059.3768,11875.76354,11972.31906,285370
20-01-2025,11891.34473,12016.98487,11855.7302,12016.98487,251731
21-01-2025,11756.45508,12009.81249,11735.03651,11888.37684,300038
22-01-2025,11891.6416,11949.51521,11772.62991,11772.62991,396590
23-01-2025,11916.77051,11976.67198,11833.22456,11876.45684,480876
24-01-2025,11839.75391,11963.51401,11786.5292,11802.25933,310343
27-01-2025,11865.42578,11917.90852,11684.5833,11774.46111,251783
28-01-2025,11993.93457,12034.44629,11757.69172,11889.66276,533451
29-01-2025,11849.64746,12188.77675,11757.79107,11990.22554,817549
30-01-2025,11871.50977,11981.17245,11795.43279,11892.28491,418442
31-01-2025,12178.83398,12257.33396,11871.50989,11871.50989,709009
01-02-2025,12778.19629,13009.19608,12097.71184,12188.08333,1101170
03-02-2025,12999.25391,13317.06412,12783.29155,12850.90931,926127
04-02-2025,12969.5752,13117.96907,12832.60746,13108.12541,530749
05-02-2025,12946.67285,13009.19633,12864.26498,12969.62463,271633
06-02-2025,12934.00977,12989.41014,12867.52912,12920.15967,414134
07-02-2025,12909.77246,12968.14072,12872.67399,12920.16003,355223
10-02-2025,12762.61523,12920.16007,12748.6666,12910.26714,294142
11-02-2025,12588.10352,12877.86767,12563.47071,12761.82386,354195
12-02-2025,12520.04102,12628.66514,12473.04962,12564.01526,425735
13-02-2025,12535.62207,12608.48385,12479.67777,12539.28265,186742
14-02-2025,12544.47656,12643.15849,12449.3557,12564.01509,233454
17-02-2025,12626.24121,12637.22197,12443.41919,12466.66756,192210
18-02-2025,12649.29199,12746.98463,12598.7888,12628.26953,267936
19-02-2025,12550.31348,12632.42475,12515.53946,12590.72569,288694
20-02-2025,12307.44238,12514.55039,12247.4414,12514.55039,423739
21-02-2025,12191.49707,12305.41352,12113.88688,12287.01307,477013
24-02-2025,12213.01367,12299.37871,12089.2526,12117.20012,399571
25-02-2025,12342.75879,12373.47709,12217.76207,12256.09715,363355
27-02-2025,12248.03418,12415.62071,12180.1691,12397.51685,236805
28-02-2025,11817.93945,12206.38554,11685.22644,12206.38554,605149
03-03-2025,11649.5127,11930.32396,11631.85421,11758.73098,186884
04-03-2025,11491.86914,11598.71273,11466.8895,11564.82946,255726
05-03-2025,11492.95703,11703.33047,11444.4817,11480.73966,349730
06-03-2025,11541.48242,11603.90639,11357.07791,11575.71156,315309
07-03-2025,11539.25684,11616.56947,11476.78263,11525.25796,259055
10-03-2025,11461.99219,11572.64513,11410.15384,11475.79301,153894
11-03-2025,11522.24023,11566.80767,11386.75644,11455.51226,245822
12-03-2025,11515.46289,11598.41564,11398.62784,11496.36974,249361
13-03-2025,11390.51563,11559.88269,11366.72333,11510.22002,260736
17-03-2025,11429.98926,11627.10579,11333.68105,11390.5161,275569
18-03-2025,11429.98926,11429.98926,11429.98926,11429.98926,0
19-03-2025,11491.17676,11589.01818,11423.36095,11574.72271,476555
20-03-2025,11604.59863,11639.02582,11463.92105,11574.62326,379421
21-03-2025,11607.1709,11794.04864,11580.46,11653.8657,560565
24-03-2025,11794.59277,11861.61734,11616.32207,11653.81664,359033
25-03-2025,11741.81445,11945.95458,11673.65181,11823.43109,514283
26-03-2025,11608.65527,11741.81463,11584.61566,11680.57703,478517
27-03-2025,11596.4375,11770.60225,11513.3862,11647.08947,645787
28-03-2025,11398.77734,11620.18082,11278.03342,11573.78261,541795
01-04-2025,11358.16602,11422.17344,11169.1126,11357.07818,498244
02-04-2025,11590.64941,11606.37955,11287.87664,11358.16568,452994
03-04-2025,11562.94922,11676.57004,11486.72443,11505.96636,326624
04-04-2025,11359.05664,11505.47193,11208.68418,11475.79316,355785
07-04-2025,11208.43652,11236.87868,10941.03096,10986.68623,602353
08-04-2025,11336.2041,11426.67413,11169.16148,11406.54241,629968
09-04-2025,11334.7207,11415.14999,11302.66724,11337.39102,255114
11-04-2025,11474.85254,11553.69934,11357.07746,11357.42333,231420
15-04-2025,11728.0625,11812.15236,11554.93631,11663.75849,458593
16-04-2025,11539.10742,11641.99384,11490.63209,11641.99384,470494
17-04-2025,11569.77539,11602.42204,11401.59567,11539.10732,302146
21-04-2025,11619.24023,11642.98325,11463.92131,11569.77561,318493
22-04-2025,11608.3584,11661.78019,11490.63259,11643.97293,516753
23-04-2025,11779.50586,11842.82058,11603.41179,11672.66227,493839
24-04-2025,11766.64551,11911.08222,11731.03098,11812.15296,387863
25-04-2025,11572.74414,11917.01794,11473.81489,11774.55982,906266
28-04-2025,11719.15918,11768.62381,11168.12325,11305.63491,457303
29-04-2025,11714.21289,11812.15285,11615.28364,11685.52341,455596
30-04-2025,12125.75781,12193.0297,11673.65115,11698.38347,967250
02-05-2025,12272.17383,12590.72602,12118.83349,12125.75853,707908
05-05-2025,12324.60645,12356.26381,12229.63436,12356.26381,270014
06-05-2025,12446.28906,12464.09633,12238.53764,12304.82023,414921
07-05-2025,12497.73242,12533.34695,12222.7091,12222.7091,303619
08-05-2025,12259.3125,12462.11746,12197.97637,12425.51364,485326
09-05-2025,12118.83301,12227.65518,11985.27852,12005.06437,278112
12-05-2025,12480.91406,12494.76416,12292.94849,12292.94849,185165
13-05-2025,12348.34863,12564.01439,12296.90542,12465.08514,378269
14-05-2025,12534.33594,12581.82198,12278.10918,12351.31683,306050
15-05-2025,12813.31641,12883.55617,12413.64224,12465.08545,561496
16-05-2025,12855.85645,12945.88207,12773.74517,12811.33828,425275
19-05-2025,12849.91992,12906.30959,12791.55167,12850.90921,244277
20-05-2025,12502.67871,12870.69552,12474.97852,12865.74906,361111
21-05-2025,12479.9248,12670.85826,12459.14966,12539.28235,209104
22-05-2025,12311.74512,12475.96767,12262.28049,12475.96767,434848
23-05-2025,12319.65918,12361.20946,12289.98041,12316.6913,169465
26-05-2025,12288.00195,12404.73847,12258.32318,12321.6379,214703
27-05-2025,12281.07715,12345.38116,12158.40488,12288.0022,344679
28-05-2025,12198.96582,12282.06639,12173.24422,12281.0771,178181
29-05-2025,12259.3125,12294.92703,12134.66165,12207.86929,191097
30-05-2025,12187.09473,12356.26375,12119.82283,12259.31308,351353
02-06-2025,12158.40527,12187.09476,12002.09705,12030.78654,264972
03-06-2025,11998.13965,12217.76259,11930.86776,12141.58706,369114
04-06-2025,12032.76465,12113.88663,11998.13941,11998.13941,205846
05-06-2025,11996.16113,12125.75845,11887.33896,12069.36878,319783
06-06-2025,12328.56348,12400.78183,11970.43958,12009.02199,456129
09-06-2025,12501.68945,12524.44318,12332.52043,12371.10284,323443
10-06-2025,12385.94238,12607.54391,12327.57412,12524.44334,325292
11-06-2025,12318.66992,12425.51351,12293.93761,12336.47719,306061
12-06-2025,12257.33398,12356.26323,12175.22271,12325.59517,347339
13-06-2025,12275.1416,12291.95957,12045.62574,12069.36876,385493
16-06-2025,12395.83496,12432.43878,12203.91222,12271.18411,184242
17-06-2025,12460.13867,12479.92452,12336.47711,12394.84537,226597
18-06-2025,12611.50098,12742.08759,12415.62106,12484.87153,467738
19-06-2025,12668.87988,12687.67644,12577.86497,12613.4795,339117
20-06-2025,12654.04004,12751.97999,12591.71461,12671.8473,652128
23-06-2025,12563.02539,12649.09384,12530.37874,12634.25445,192037
24-06-2025,12475.96777,12717.35514,12418.58881,12692.62283,332717
25-06-2025,12630.29785,12669.86955,12481.90397,12548.18657,316536
26-06-2025,12578.85449,12710.4304,12553.13289,12643.15851,354735
27-06-2025,12506.63574,12661.95466,12485.8606,12613.47933,346403
30-06-2025,12267.22656,12539.28199,12199.95467,12531.36765,448956
01-07-2025,12308.77734,12325.59532,12188.08366,12316.69168,283481
02-07-2025,12486.84961,12507.62475,12226.66569,12247.44083,609735
03-07-2025,12615.45801,12682.7299,12455.19262,12494.76432,606221
04-07-2025,12510.59277,12611.50061,12472.99966,12578.85395,225607
07-07-2025,12385.94238,12534.33626,12337.46705,12511.58253,220116
08-07-2025,12281.07715,12420.56739,12226.66606,12390.88862,241050
09-07-2025,12336.47754,12405.72801,12296.90584,12301.8523,174203
10-07-2025,12514.5498,12534.33565,12268.21598,12366.15593,277325
11-07-2025,12439.36426,12549.17573,12386.93175,12504.65756,194420
14-07-2025,12380.00684,12480.91467,12297.89556,12455.19307,246737
15-07-2025,12401.77051,12463.10664,12347.35942,12347.35942,147377
16-07-2025,12429.4707,12436.39575,12305.80914,12401.77051,204480
17-07-2025,12342.41309,12491.79625,12329.55228,12434.41729,189207
18-07-2025,12286.02344,12392.86703,12237.54811,12390.88844,124068
21-07-2025,12272.17383,12344.39218,12209.8484,12297.89543,232066
22-07-2025,12358.24219,12395.8353,12187.09458,12315.70261,169006
23-07-2025,12491.79688,12582.81179,12405.72842,12405.72842,342005
24-07-2025,12422.5459,12525.43232,12384.95278,12512.57152,157163
25-07-2025,12271.18457,12422.54633,12224.68782,12410.67482,260700
28-07-2025,12207.86914,12400.78117,12170.27603,12238.53721,292879
29-07-2025,12335.48828,12373.0814,12136.64049,12207.86955,285115
30-07-2025,12482.89258,12507.62489,12287.01267,12297.89488,203847
31-07-2025,12473,12623.37246,12330.54188,12372.09216,709783
01-08-2025,12302,12779,12273,12521,346024
04-08-2025,12365,12425,12225,12326,255693
05-08-2025,12537,12577,12370,12400,233560
06-08-2025,12524,12619,12483,12570,151608
07-08-2025,12632,12654,12429,12525,173393
08-08-2025,12590,12725,12564,12630,247048
11-08-2025,12597,12734,12482,12585,187230
12-08-2025,12840,12959,12606,12620,504476
13-08-2025,12834,12925,12752,12840,252065
14-08-2025,12936,12956,12825,12864,318580
18-08-2025,14068,14125,13664,13703,2154781
19-08-2025,14250,14270,13979,14070,906623
20-08-2025,14221,14362,14200,14362,391425
21-08-2025,14280,14401,14156,14219,513460
22-08-2025,14349,14370,14230,14349,458935
25-08-2025,14452,14478,14280,14401,357110
26-08-2025,14714,14825,14391,14452,962974
28-08-2025,14752,14895,14625,14895,666635
29-08-2025,14791,14850,14692,14750,621560
01-09-2025,14887,14938,14654,14790,572927
02-09-2025,14842,14934,14783,14859,379167
03-09-2025,14927,14991,14750,14875,561656
04-09-2025,14662,15240,14630,15240,784369
05-09-2025,14895,14957,14701,14740,473806
08-09-2025,15258,15319,14850,14921,691077
09-09-2025,15365,15384,15201,15249,605860
10-09-2025,15108,15384,15072,15366,489062
11-09-2025,15095,15191,15038,15111,657161
12-09-2025,15325,15373,15153,15160,420101
15-09-2025,15265,15378,15249,15350,170587
16-09-2025,15573,15594,15284,15300,381944
17-09-2025,15801,15818,15570,15592,624986
18-09-2025,15817,15939,15703,15916,642175
19-09-2025,15864,16060,15811,16000,652443
22-09-2025,15816,16000,15779,15879,302234
23-09-2025,16097,16325,16031,16120,873114
24-09-2025,16249,16375,16063,16188,663647
25-09-2025,16269,16370,16067,16249,490262
26-09-2025,16286,16435,16202,16235,490957
29-09-2025,15984,16340,15950,16300,627326
30-09-2025,16029,16054,15921,15985,390006
01-10-2025,15965,16109,15850,16026,426075
03-10-2025,15806,16025,15736,15949,470216
06-10-2025,15998,16057,15708,15840,268497
07-10-2025,16108,16159,15977,16014,330326
08-10-2025,16012,16236,15979,16108,306518
09-10-2025,15985,16075,15853,16070,300499
10-10-2025,16265,16315,15911,15980,423031
13-10-2025,16323,16432,16218,16264,337617
14-10-2025,16261,16350,16121,16350,307925
15-10-2025,16212,16380,16200,16300,266435
16-10-2025,16298,16332,16200,16246,265727
17-10-2025,16401,16549,16298,16298,411608
20-10-2025,16424,16518,16380,16500,374246
21-10-2025,16396,16476,16330,16453,28990
23-10-2025,16393,16660,16340,16660,481753
24-10-2025,16274,16423,16200,16392,208520
27-10-2025,16388,16410,16275,16350,209829
28-10-2025,16311,16495,16261,16399,383383
29-10-2025,16138,16428,16046,16360,232815
30-10-2025,16206,16275,16077,16190,230383
31-10-2025,16186,16516,15949,16204,719402
03-11-2025,15651,16100,15530,16016,942850
04-11-2025,15374,15633,15355,15607,748848
05-11-2025,15374,15374,15374,15374,0
06-11-2025,15452,15534,15309,15534,429800
07-11-2025,15479,15499,15260,15459,227247
10-11-2025,15583,15647,15380,15380,274191
11-11-2025,15645,15680,15512,15640,181524
12-11-2025,15696,15731,15555,15674,244015
13-11-2025,15749,15800,15660,15661,250711
14-11-2025,15684,15735,15572,15725,253698
17-11-2025,15878,15892,15655,15689,301069
18-11-2025,15930,15999,15750,15878,392903
19-11-2025,15768,15950,15715,15950,286434
20-11-2025,15801,15823,15618,15810,249492
21-11-2025,15977,16150,15737,15790,586351
24-11-2025,15958,16085,15911,16005,525788
25-11-2025,15889,16050,15842,15958,214525
26-11-2025,16156,16210,15950,15950,314946
27-11-2025,15903,16171,15875,16166,339986
28-11-2025,15900,16049,15850,15906,352340
01-12-2025,16097,16177,15851,15975,434052
02-12-2025,16239,16261,16095,16127,383165
03-12-2025,16082,16248,16010,16219,264397
04-12-2025,15994,16135,15887,16058,248812
05-12-2025,16282,16338,15979,16000,332032
08-12-2025,16187,16256,16094,16200,220513
09-12-2025,16020,16226,15985,16051,276388
10-12-2025,16019,16125,15925,16090,293374
11-12-2025,16248,16296,15983,16049,268701
12-12-2025,16522,16536,16247,16248,404711
15-12-2025,16415,16500,16360,16500,225221
16-12-2025,16354,16451,16320,16400,156134
17-12-2025,16398,16490,16357,16389,257406
18-12-2025,16329,16486,16221,16440,213981
19-12-2025,16414,16475,16329,16329,360190
22-12-2025,16649,16693,16414,16464,271590
23-12-2025,16585,16720,16558,16709,215650
24-12-2025,16703,16720,16542,16640,258486
25-12-2025,16703,16703,16703,16703,0
26-12-2025,16596,16703,16516,16703,212925
29-12-2025,16542,16682,16499,16600,251796
30-12-2025,16647,16818,16482,16575,1055843
