Date,Close,High,Low,Open,Volume
01-01-2015,189.9998169,190.8771707,189.0903659,189.6574461,2963643
02-01-2015,189.4969482,191.7438282,189.229471,190.042616,7331366
05-01-2015,187.4212799,190.6418056,187.0467975,189.3792703,10103941
06-01-2015,178.9152679,186.8114243,178.0379141,186.1694646,18627980
07-01-2015,182.8098297,183.7727762,179.1078453,179.1292435,20720312
08-01-2015,180.1884766,184.6501246,179.7818969,184.0509472,19872227
09-01-2015,184.0937347,184.457518,180.8197284,181.5472806,13392787
12-01-2015,181.9538422,184.243518,180.0921583,184.1365271,10100113
13-01-2015,180.4238434,182.9488993,179.8567775,182.5316206,9948711
14-01-2015,178.6691437,181.2476949,177.8666836,180.3917394,11380041
15-01-2015,184.9389648,186.4047824,179.7497655,179.7497655,16927085
16-01-2015,186.1052399,187.2393717,182.3283477,184.0295455,19136963
19-01-2015,188.2344208,189.5932335,183.7620736,186.2122361,13339962
20-01-2015,193.241745,193.7767137,188.0632292,188.6303094,13361320
21-01-2015,194.033493,195.0285368,190.8878754,193.659025,17084297
22-01-2015,189.1117859,194.1298012,188.2023348,193.6911243,23721627
23-01-2015,189.7858276,192.1182858,187.6673512,190.4491853,18080494
27-01-2015,190.2458954,191.8828986,188.4162944,191.0697394,17939876
28-01-2015,194.0548859,194.6861606,189.6146358,189.6146358,19298126
29-01-2015,198.8803253,199.9716609,194.0655927,194.1083891,36117653
30-01-2015,195.8523712,199.276179,194.5149425,199.0086876,21746801
02-02-2015,194.3116608,196.8474158,193.8087894,196.0235575,19302710
03-02-2015,200.635025,201.33048,195.413713,195.413713,17092333
04-02-2015,198.7519379,201.9617501,198.1313765,200.9560072,14072894
05-02-2015,197.6605835,201.1271735,196.355252,200.2926304,12365643
06-02-2015,194.70755,199.0086975,193.2310331,197.7461766,9045844
09-02-2015,191.8829041,196.4408438,190.8771613,192.8458505,8839692
10-02-2015,188.7372894,193.5520074,184.3077386,192.1610974,13651008
11-02-2015,192.7388458,193.6055004,188.9512549,189.5932144,9781008
12-02-2015,194.5470428,195.5741838,189.8607141,194.3009638,8709626
13-02-2015,196.3338623,197.0400164,194.5256593,195.5848976,7393680
16-02-2015,193.1882324,197.7675703,192.589055,196.5906279,12266698
18-02-2015,192.9421387,194.3009656,191.3907282,192.5890545,9835036
19-02-2015,193.0277557,194.2153974,189.9249344,194.076295,9550637
20-02-2015,186.8328094,191.7331348,186.447628,191.5726342,18717199
23-02-2015,182.1999512,187.6138463,181.269102,186.1587276,14104463
24-02-2015,180.0600891,183.3448093,179.1078559,182.7991415,19946218
25-02-2015,180.4238434,183.2805853,179.9744675,181.632883,15274116
26-02-2015,180.1777649,181.8896616,179.0222207,181.0551043,21459750
27-02-2015,183.0772705,184.2435137,180.7341136,181.3653739,18659378
02-03-2015,184.9389648,187.3463305,183.0772668,185.9554065,14579511
03-03-2015,192.7602692,193.9692947,185.6130784,185.9554492,20636925
04-03-2015,189.9891052,194.6540501,188.3200048,193.8729882,14476047
05-03-2015,189.3685608,192.3215948,187.9134419,190.984166,10716702
09-03-2015,186.0945282,190.8236677,184.9176,189.4006462,14065391
10-03-2015,183.8476715,187.4105678,183.0452113,185.9447499,15234060
11-03-2015,183.1628876,186.0838096,182.4032239,184.2328248,11635873
12-03-2015,184.8427124,185.6130753,183.0880049,183.6015896,11782380
13-03-2015,181.911087,186.0838458,181.2477293,185.9554567,12936157
16-03-2015,180.1991577,182.7349126,179.8139763,182.2106431,13839990
17-03-2015,183.355484,184.0081426,179.9637734,182.0073562,19070082
18-03-2015,185.8805389,186.6509018,182.8954079,183.3875802,9269885
19-03-2015,183.205719,187.6031586,182.7670421,187.3570796,13934612
20-03-2015,182.7670593,184.2756738,181.5901166,183.5802044,10405717
23-03-2015,180.1670837,184.8855101,179.3432254,183.280604,13251683
24-03-2015,181.4509888,182.8098157,180.199167,180.199167,9238431
25-03-2015,180.7983398,181.7826845,179.9637824,181.6756936,10264941
26-03-2015,177.460144,181.729209,176.3474102,179.9852004,20621346
27-03-2015,173.693924,178.679841,171.5005398,178.4444468,23326922
30-03-2015,173.4906464,174.9778624,170.4306216,174.7424825,17330588
31-03-2015,176.7539673,178.2304842,175.0420562,175.0420562,20235395
01-04-2015,178.9045258,179.5357861,173.9935022,176.518558,14588531
06-04-2015,176.4650574,179.3217991,175.7696025,178.8938214,12334096
07-04-2015,178.2197876,178.9152426,176.7646688,176.7646688,21275454
08-04-2015,185.292099,186.0624477,178.2305006,178.3588897,24821205
09-04-2015,191.5405121,192.3750694,183.7727607,185.2064812,27276420
10-04-2015,193.5199127,194.4721601,190.2566053,191.5084271,25323219
13-04-2015,197.4037933,197.8852666,192.3215839,194.0441799,20177342
15-04-2015,197.6499023,201.0629972,194.1298023,197.0828221,22231264
16-04-2015,198.6556396,200.7206208,196.654853,197.8317813,20177302
17-04-2015,198.3346405,202.068722,197.4251895,200.0893337,23958678
20-04-2015,189.5183411,200.6029102,187.9883287,200.570813,37628162
21-04-2015,187.5496368,191.6261175,186.6936956,190.4812724,17707007
22-04-2015,188.2558289,189.7537441,185.5274756,188.7159039,14761313
23-04-2015,187.6780243,190.32077,185.9661134,189.1331428,13337818
24-04-2015,188.0739288,189.2615705,185.8805586,187.6673635,12709854
27-04-2015,187.3035736,189.9142225,186.4797153,188.3200155,11042925
28-04-2015,185.1423035,188.737297,183.7192819,187.1751873,14687371
29-04-2015,181.8896637,186.287117,181.3332969,184.457516,16387960
30-04-2015,184.5323944,185.2920581,181.4509719,181.8896487,34802149
04-05-2015,190.6524963,191.2837568,184.1365659,185.3562905,15078502
05-05-2015,190.909256,192.974237,189.4006418,191.240942,17846755
06-05-2015,188.3628235,191.8936227,186.5974168,190.4492029,22438208
07-05-2015,186.3299103,187.9776125,184.0295352,187.2393612,16735535
08-05-2015,192.7836914,193.6612652,186.5865342,188.7317018,17104443
11-05-2015,194.13797,194.8963566,191.4185774,193.46624,14214007
12-05-2015,188.2333527,193.9104696,187.4641321,193.9104696,16650201
13-05-2015,191.786972,192.5562071,185.7414884,189.2409358,16701434
14-05-2015,190.2918396,192.0253196,188.5800418,191.9819696,12329713
15-05-2015,189.3708954,192.1877926,188.5366717,191.0935412,8331715
18-05-2015,193.1845398,193.7154147,188.99171,189.5767544,9847540
19-05-2015,194.0513153,196.0448086,192.1119914,193.119572,14513036
20-05-2015,196.9331665,197.3990381,194.5171375,195.1021963,8708891
21-05-2015,194.3112793,198.3524344,193.7370689,197.4531929,10759523
22-05-2015,195.8497467,196.2289472,194.3654609,194.3654609,8349048
25-05-2015,193.823761,196.7489972,193.3578894,195.0155175,6617337
26-05-2015,191.6786194,194.1488182,191.2669172,193.932126,9510249
27-05-2015,191.8302765,193.0437153,190.7251911,191.9819509,8078236
28-05-2015,189.7717743,193.7695943,188.94837,191.9494434,26538868
29-05-2015,190.0317993,192.0794618,189.1867272,190.6601792,29277517
01-06-2015,195.503067,196.077292,190.248487,190.6818569,19594976
02-06-2015,194.7230072,199.0891794,193.1628841,196.2614626,20178960
03-06-2015,194.2246399,197.2798829,192.5236762,194.7988504,15546279
04-06-2015,197.7674103,198.5257968,193.4012237,195.9255917,15931395
05-06-2015,196.6948547,198.688348,195.9797892,197.1607264,13066337
08-06-2015,191.862793,197.1823912,191.3535858,196.4889934,10846953
09-06-2015,191.4835968,192.9895361,190.1076497,191.4510807,9153355
10-06-2015,196.2722778,197.1606854,191.765251,191.9819288,13509379
11-06-2015,190.0643005,197.0740278,189.3058995,196.3156268,14676438
12-06-2015,192.8162079,193.433754,190.3026735,190.4651963,21543824
15-06-2015,195.3947296,196.0989612,192.8486937,193.9104436,12858570
16-06-2015,195.8714294,196.0989555,193.5420858,194.7988457,13929305
17-06-2015,201.776062,204.1920911,193.7154189,196.1097802,26232634
18-06-2015,212.1227112,212.7835927,202.0577413,202.0685752,49366799
19-06-2015,215.9580536,218.0707196,212.8919765,212.8919765,45710935
22-06-2015,214.885437,218.5690597,213.7586694,216.023024,19394187
23-06-2015,215.6005096,217.2689717,214.7337697,215.0913025,16007498
24-06-2015,214.7120972,218.0815374,213.7911878,215.6005049,18603004
25-06-2015,217.6698151,218.6340599,213.4336498,213.8670197,27175118
26-06-2015,216.8356018,219.7391558,215.6871664,216.6622452,20966796
29-06-2015,214.7012634,215.3513256,210.6167722,214.0620496,20168946
30-06-2015,216.7055664,217.3014446,214.0836936,214.4953958,23184864
01-07-2015,217.9081879,218.9482699,216.9006075,216.9006075,14824266
02-07-2015,219.0349426,220.9634324,218.2223722,218.6340743,15931202
03-07-2015,218.2440338,219.6741503,217.3447923,218.7965765,13831096
06-07-2015,220.0533752,220.7792602,215.6438527,215.8388771,12237733
07-07-2015,217.3881226,220.2808424,216.6838911,219.0674182,11294999
08-07-2015,215.9472046,218.5690777,214.8746208,215.7846818,15190654
09-07-2015,213.9537048,216.9006089,213.0327955,215.8171768,16245867
10-07-2015,217.0739746,217.5506802,214.5712741,214.7554502,16110573
13-07-2015,218.2006989,219.3924698,215.6329954,217.0739457,9860248
14-07-2015,216.2072296,219.1758017,215.643853,218.6124251,9942927
15-07-2015,219.0999603,219.8041775,216.5864261,216.6297616,13532911
16-07-2015,221.8193207,222.7077283,219.0999428,219.2841188,14854295
17-07-2015,221.3859711,223.4336337,220.5842489,222.155206,10195142
20-07-2015,222.0468292,223.1735823,220.5625434,222.7077107,6348354
21-07-2015,218.374054,222.8485796,217.2798024,222.7510746,7923338
22-07-2015,227.6047974,228.3740178,217.6806674,217.7673385,17309440
23-07-2015,226.4997101,231.3859234,225.6113024,228.276511,18642915
24-07-2015,222.1118469,227.4422638,221.2559409,227.0847456,13099664
27-07-2015,217.8431702,223.1627678,217.0631158,222.0793501,20118553
28-07-2015,218.9049377,220.3025381,216.7055863,218.4824017,13382878
29-07-2015,215.8171844,219.4358186,214.9721268,218.7424208,14790821
30-07-2015,216.7164154,218.4173935,215.0154518,216.7055815,11701228
31-07-2015,217.0847778,218.3957215,214.5170744,216.6839096,16634259
03-08-2015,217.2147675,219.6849657,216.553886,216.9005848,9887787
04-08-2015,214.083725,217.908203,212.3502596,217.4206636,12006872
05-08-2015,214.029541,216.8572723,213.2386383,214.1378799,14345010
06-08-2015,212.1227112,214.9504424,211.8085285,214.7337502,8708037
07-08-2015,213.2928314,215.3838296,211.7326938,212.1335621,8608888
10-08-2015,209.9450378,214.2570403,208.9916269,213.3253116,9288894
11-08-2015,209.3166656,210.9742937,207.5831859,210.4000833,8762464
12-08-2015,204.3112793,209.31668,203.8020721,208.7966389,9650325
13-08-2015,202.2419434,206.7056351,201.3860373,205.1996813,9340350
14-08-2015,209.522522,210.6167735,202.447791,203.737067,12739366
17-08-2015,206.0013885,209.316659,204.9938082,209.316659,10857430
18-08-2015,204.5712738,207.1498111,204.1595861,207.1498111,6630334
19-08-2015,206.8464966,208.2332632,203.5637272,204.5496399,8877298
20-08-2015,198.5474854,208.0057443,197.9949426,208.0057443,19008087
21-08-2015,196.7381592,197.5940652,194.3654657,197.182363,20050521
24-08-2015,179.7501221,190.6818312,177.2474221,190.6818312,35635706
25-08-2015,183.7804871,186.489046,178.374232,182.1986959,49504268
26-08-2015,184.9180756,189.5551097,182.0145069,183.7046367,18955515
27-08-2015,188.3308411,190.9527143,185.7089679,187.8216339,26997546
28-08-2015,189.0350494,191.3318913,187.6699363,189.598426,10770215
31-08-2015,185.4597626,189.1325513,185.0047249,189.1325513,20708942
01-09-2015,181.9819794,185.0263882,180.9527313,185.0263882,21645696
02-09-2015,184.083847,185.7198076,182.5778932,184.181352,19652369
03-09-2015,185.0155487,186.5106684,182.9678864,185.0588842,11659978
04-09-2015,181.1260986,184.1163384,178.7859066,184.1163384,16199949
07-09-2015,180.5410309,182.8812226,179.3492745,181.6352823,10234633
08-09-2015,183.8779602,184.8205373,178.7858888,181.1477484,12900468
09-09-2015,189.3925781,190.4001586,184.2896726,186.5648612,17340694
10-09-2015,187.8649445,188.6233454,185.3730782,186.5648491,11074406
11-09-2015,186.5540009,189.836755,185.5247528,188.9483475,10634833
14-09-2015,187.1823883,187.5832566,184.5930172,186.7273506,7964072
15-09-2015,187.8649445,188.5150066,185.394746,186.7815269,11509788
16-09-2015,189.0675659,190.107648,187.4749411,188.9700609,13424811
18-09-2015,194.0187988,194.9071921,190.0643141,190.3459952,34261453
21-09-2015,190.2701263,192.4586291,189.8259226,190.6818285,12732187
22-09-2015,183.7263031,191.7436114,182.9895843,190.6818615,15745524
23-09-2015,184.2571716,185.6547865,182.0144991,182.6645468,15221260
24-09-2015,181.4402618,183.7479373,180.8768853,183.7479373,29076982
28-09-2015,180.7685699,182.2095204,179.5659795,181.9711749,11624639
29-09-2015,182.177002,184.2354983,179.0025863,179.8476584,15853471
30-09-2015,186.8465576,187.3882665,181.6894822,184.398041,17292020
01-10-2015,187.3665924,189.3709195,186.0448292,189.3709195,8663393
05-10-2015,192.4152985,192.8486684,186.7490169,186.9548752,16015412
06-10-2015,194.5929718,195.1238467,191.9277492,194.0729308,12330294
07-10-2015,198.0057678,198.9266772,193.065385,193.8671071,11515191
08-10-2015,192.653656,198.2441003,192.03611,198.2441003,10753149
09-10-2015,192.2744904,196.1964735,191.0068965,193.7262747,9327873
12-10-2015,193.22789,195.3622237,192.4153195,192.4153195,6212395
13-10-2015,193.6287689,194.2138133,191.3102446,191.7761162,6162561
14-10-2015,195.6547394,196.0989432,193.704582,194.1054502,8002587
15-10-2015,195.8172607,197.3990517,195.0372064,196.6840006,9048478
16-10-2015,198.2224426,198.2224426,195.8172475,195.9905897,15246935
19-10-2015,208.7749634,209.2083189,203.8995695,203.8995695,33505855
20-10-2015,207.3015289,209.4683644,206.4997923,209.0999977,18091895
21-10-2015,206.933136,211.2234708,206.4997661,207.0414749,14404450
23-10-2015,207.0739899,210.8442984,203.9320758,208.872473,12153422
26-10-2015,204.3004303,208.6666023,203.9645653,208.4282568,10938775
27-10-2015,203.5853577,205.4705117,203.1194861,203.4228494,11601798
28-10-2015,203.0219879,204.7446338,201.4943665,203.011154,11958727
29-10-2015,203.8995667,204.7663065,202.5886229,202.816149,13280382
30-10-2015,205.3513489,207.1281497,203.7045547,204.1379102,13366359
02-11-2015,207.9732361,208.3416027,204.8096541,205.633044,7222044
03-11-2015,209.5766907,210.2809223,208.2874292,208.7207991,11373522
04-11-2015,206.1314087,211.2668303,205.0263233,209.7500427,10033187
05-11-2015,202.9461517,206.0663979,202.1660974,205.633028,10767454
06-11-2015,206.369751,206.8789581,203.2278372,203.5636877,8367190
09-11-2015,208.2874298,209.0999858,200.0967651,202.2744487,17031699
10-11-2015,199.9450836,207.908222,198.5474688,207.3665132,11486238
13-11-2015,202.1769409,203.3686974,198.157453,198.2766258,13682323
16-11-2015,202.4477844,204.1162464,200.3784541,200.6493158,15346549
17-11-2015,201.0284882,203.4445171,200.6926377,203.2603411,8588142
18-11-2015,197.6157074,201.7977028,197.1715036,200.9959664,11249222
19-11-2015,202.5453033,203.4012094,198.7533414,199.1108741,12183206
20-11-2015,205.16716,206.456436,200.551794,202.3827788,11304265
23-11-2015,206.6622772,207.5615188,205.0263169,205.8497212,10499517
24-11-2015,209.6849976,210.5300696,206.0772124,206.4997484,14806176
26-11-2015,214.2245636,214.9396291,209.8042217,210.4001,23805828
27-11-2015,212.1443787,215.0587809,211.071795,214.3003799,10891864
30-11-2015,209.5550385,213.3036795,208.5149563,212.0252373,29919205
01-12-2015,209.2950439,212.0902597,208.2874633,208.8833417,12981379
02-12-2015,211.9060364,212.2852369,208.9916341,209.3708346,7573628
03-12-2015,211.7435303,214.2895662,211.0718148,211.245157,11361395
04-12-2015,209.1974945,211.5268527,208.3199351,210.6817805,13443688
07-12-2015,206.2939148,210.8334433,205.7955416,209.1974686,14483909
08-12-2015,203.8779144,206.6297942,202.8378323,205.6113799,7532164
09-12-2015,198.4608154,204.4304613,197.7999338,202.8595041,9174419
10-12-2015,205.9255829,206.6731356,199.3492248,199.8909337,18592203
11-12-2015,206.4889526,207.7998964,204.3112834,206.2289393,18155513
14-12-2015,206.9547882,208.7749389,204.9829631,205.3296619,10563900
15-12-2015,211.4618378,211.9060416,206.6406134,207.3665128,15718833
16-12-2015,212.0577087,213.9861984,210.9417895,211.4618305,12097338
17-12-2015,218.7857513,219.9341868,211.9168789,212.3610827,19369032
18-12-2015,214.928772,218.6340624,214.5170698,217.5073093,16016139
21-12-2015,214.9721069,216.4672267,213.2928111,214.0620315,12331769
22-12-2015,213.9320374,217.2472936,213.2169719,215.1237939,11579277
23-12-2015,217.5073395,218.179055,214.5170996,214.9071341,12919467
24-12-2015,216.8030853,218.2440357,215.8821905,217.5289847,11901877
28-12-2015,218.937439,219.6633239,216.6839181,216.8139248,12885935
29-12-2015,220.0208588,220.7359098,218.2332095,218.9374411,14913870
30-12-2015,217.6589966,220.1508629,217.1172878,219.9341852,8151610
31-12-2015,219.8475037,220.9526036,216.4889118,217.4206551,18483713
01-01-2016,220.010025,220.7792455,218.4607358,218.8074202,5416562
04-01-2016,215.6655121,219.6741662,213.8020256,217.7673441,30170947
05-01-2016,217.7998199,218.8507358,216.0338531,216.7489041,14946239
06-01-2016,223.6611328,225.0045781,216.7705785,218.3307015,26759864
07-01-2016,219.5550079,222.7510917,218.4282546,221.2451379,19739943
08-01-2016,222.2635345,223.8128238,220.3025431,221.0176086,21313199
11-01-2016,227.8648071,229.8583002,219.0674449,220.1400287,29016443
12-01-2016,226.5322113,230.855048,225.5896342,228.6015416,23373377
13-01-2016,233.3360748,236.1313044,226.9113919,228.1898339,71802356
14-01-2016,230.0424652,234.2353095,228.1789933,230.5191707,27823189
15-01-2016,232.5668488,236.0771295,230.8983867,231.7976283,28767318
18-01-2016,220.3350372,234.874533,218.4390636,232.9352094,27254669
19-01-2016,226.1313324,227.4747633,219.7391513,222.9677507,21489315
20-01-2016,217.6698151,224.2461721,214.5170674,224.2461721,45114225
21-01-2016,213.2603149,222.2635357,211.6351884,220.4867348,31768619
22-01-2016,217.5831451,219.067431,215.3946422,215.3946422,23682648
25-01-2016,217.5398102,220.7467273,216.6839042,218.8507394,13099564
27-01-2016,216.5430908,218.8507668,216.0230497,218.439079,17251028
28-01-2016,220.3458557,221.40762,216.0555211,216.9005931,23074633
29-01-2016,224.354538,225.3512846,220.5842438,220.7900877,19177163
01-02-2016,223.2494354,225.7413017,222.2201873,225.3404334,9918809
02-02-2016,216.9330902,223.7911281,214.6254002,223.2494193,14771279
03-02-2016,212.6535797,215.3838058,211.2668133,214.0836961,15691478
04-02-2016,210.8443146,216.9006316,209.2516896,214.0837339,18203784
05-02-2016,210.378418,212.7835987,208.3199216,212.1552188,20998404
08-02-2016,208.2440796,213.3903204,207.5723497,210.4217487,12078110
09-02-2016,207.4748688,209.9233998,205.8497422,206.4781222,19603494
10-02-2016,208.5907898,210.8334769,205.5572144,206.2181105,16883350
11-02-2016,200.3351288,209.3058481,198.3741373,208.6341181,17114833
12-02-2016,196.4348145,202.3611246,192.4369942,202.3611246,29319458
15-02-2016,205.1455078,206.1422544,198.9158488,198.9158488,19283523
16-02-2016,201.6352234,207.5831863,200.8659885,206.0880666,13024856
17-02-2016,206.4131165,207.4640325,198.5691503,202.62114,15442221
18-02-2016,203.7045593,209.9017163,202.8161517,208.6557759,14433087
19-02-2016,204.6254578,206.4456087,203.1086702,203.6828951,10235503
22-02-2016,208.5149536,209.8150636,204.5713027,204.5713027,12770834
23-02-2016,205.77388,209.5766754,204.2787603,208.6882678,18989787
24-02-2016,206.4239349,207.7023625,204.1162447,204.7446391,15186204
25-02-2016,204.5712738,207.2689983,203.8670567,206.7597912,24826958
26-02-2016,205.9255829,207.7457339,204.614639,206.4997934,8349402
29-02-2016,209.4575195,215.5138362,202.5994663,206.1314148,31032353
01-03-2016,212.6319427,213.4445133,209.0241569,209.0349907,16453192
02-03-2016,217.0089417,217.9298509,213.9211972,215.1454553,20105967
03-03-2016,219.4683228,220.5842421,216.142218,218.8507622,15880459
04-03-2016,218.0707245,219.9342111,217.4423445,219.7175189,8987660
08-03-2016,222.5344238,223.3794816,218.3090771,218.3090771,13222993
09-03-2016,225.7196198,226.1963252,220.7142197,221.017583,11854901
10-03-2016,219.2299805,226.6297432,218.6341021,225.7955049,20706353
11-03-2016,219.8258667,223.0869685,218.9808089,219.9125523,15319044
14-03-2016,220.9634399,222.4043759,219.4899879,220.8225849,11880095
15-03-2016,221.125946,222.7185709,219.9558573,221.8843326,10487788
16-03-2016,221.3967896,222.2743633,217.8648556,221.2342812,11064129
17-03-2016,222.6295929,227.2092775,221.7530942,225.0399571,16832997
18-03-2016,225.0837708,225.7301816,222.563848,223.1226119,14030979
21-03-2016,227.2969208,228.217243,224.1086754,225.2481149,12708074
22-03-2016,229.6086578,230.5727888,226.9353385,227.2311616,15333442
23-03-2016,225.5219879,229.400467,224.0319462,229.400467,16806372
28-03-2016,223.5937347,226.0698341,222.552898,225.6973199,18070240
29-03-2016,227.0668335,228.3267875,223.5498976,224.3387347,15871250
30-03-2016,229.4333649,230.4632457,228.4801751,228.4801751,14453294
31-03-2016,229.0279694,231.3945098,226.2889295,228.1076619,30833349
01-04-2016,226.6724091,229.2690228,224.6016916,227.691334,12381116
04-04-2016,226.8038788,228.3706117,224.6674261,227.8885389,8632568
05-04-2016,225.0289764,228.4144271,223.9881398,225.993122,10259495
06-04-2016,226.5190125,227.1654232,224.075781,226.1574542,6990781
07-04-2016,227.2859497,229.6415343,223.9662341,226.7710093,8789163
08-04-2016,227.0887299,231.054856,225.9602463,226.9901124,13411752
11-04-2016,227.9542542,229.0937082,226.3546538,227.2311523,10308361
12-04-2016,229.5100555,231.7122581,227.4612498,227.9542784,11164859
13-04-2016,233.5967102,234.4403413,230.6385528,230.6385528,16038542
18-04-2016,233.3118591,233.7610643,231.2630534,233.5419324,19065716
20-04-2016,227.2969208,234.2869694,226.9682301,234.2869694,21687934
21-04-2016,228.140564,230.518046,226.7929482,228.1953433,11380697
22-04-2016,227.6584778,229.5319751,225.5439367,227.6694337,11705087
25-04-2016,222.826767,228.8636251,221.818798,228.8636251,61157544
26-04-2016,222.8377228,224.3606321,220.7670054,222.4980909,26429236
27-04-2016,223.3745728,224.8098352,222.6295592,223.0458968,14502641
28-04-2016,218.4004974,223.3307695,217.1405288,222.19133,61949033
29-04-2016,215.3327789,218.8058916,214.4891478,217.6883491,23479680
02-05-2016,216.2640228,217.4582415,214.3028642,214.5219815,10620873
03-05-2016,213.820816,218.0170304,213.1524935,216.4941209,17571826
04-05-2016,214.3248138,215.5519004,213.207286,213.4373592,13546285
05-05-2016,213.7003021,215.4971083,212.7471124,214.7411388,21665684
06-05-2016,212.319809,214.039924,211.8925155,213.2072635,14748329
09-05-2016,215.4204102,216.0558651,213.1634429,213.6455157,15347096
10-05-2016,215.2998962,215.7710132,214.302883,215.4204108,7248302
11-05-2016,213.7331543,214.9054613,212.5498768,212.9443026,12339923
12-05-2016,217.5458984,217.8526773,213.6564632,213.8646247,12786216
13-05-2016,214.3357544,217.0528827,213.6455201,216.7022803,14648291
16-05-2016,213.8536682,215.2889307,212.7909199,214.0837414,9327335
17-05-2016,212.3636322,215.420407,211.750089,214.7959079,12157600
18-05-2016,212.6703949,213.0976737,211.2570442,211.6514701,8228838
19-05-2016,208.4303589,212.9662196,207.2032725,212.9223961,9134784
20-05-2016,204.705246,209.1534594,204.080747,208.6056515,18544619
23-05-2016,203.7849274,206.129556,202.8317377,205.3954837,18365734
24-05-2016,206.0747986,206.8526798,203.3576556,203.3576556,12283217
25-05-2016,208.4303589,208.7809613,206.228171,208.1345505,9240115
26-05-2016,207.4771576,208.6933027,206.8745703,208.1674065,14190024
27-05-2016,213.5797729,214.0618458,207.8935166,207.9592518,13401594
30-05-2016,212.2650604,215.069836,211.4542969,213.9523081,9633652
31-05-2016,209.8875427,213.2072731,209.5917343,212.3307744,23332727
01-06-2016,208.9562683,211.6953231,208.5618571,209.9094581,9042808
02-06-2016,209.5369415,209.7341618,207.0937245,209.1534862,10253825
03-06-2016,210.2819672,210.9941132,209.449292,210.3586582,8643295
06-06-2016,209.2192078,211.0160139,208.7261791,210.5777645,8672842
07-06-2016,209.2739868,210.5668084,208.5180027,209.7560596,18954268
08-06-2016,209.0658264,209.9203987,207.9811517,209.9203987,12135516
09-06-2016,212.8018951,213.9632464,209.5259882,210.3586634,15643495
10-06-2016,214.0180054,215.7052674,212.1773758,213.4263739,16316760
13-06-2016,214.9821777,215.4971182,211.0269922,212.5279901,10214469
14-06-2016,213.9194031,215.9243852,212.3964937,214.9492838,10923848
15-06-2016,215.7490997,216.1654227,213.3716034,214.7411307,11129082
16-06-2016,213.9303589,215.5409152,211.903465,214.9602396,9372207
17-06-2016,213.6235962,214.4453155,212.5718036,214.0837573,10534878
20-06-2016,216.9761658,217.502062,212.1116294,213.020981,10758608
21-06-2016,216.2969208,217.8417421,214.6754084,217.8307862,13933068
22-06-2016,214.8506927,216.0339557,214.1056645,215.8367501,12788710
23-06-2016,214.8397217,215.1793536,212.5498724,214.730163,9837526
24-06-2016,208.4851227,211.4323385,204.5299525,211.4323385,24985097
27-06-2016,209.4054565,210.0080439,206.085741,206.085741,9163399
28-06-2016,209.8765717,210.6982909,209.2630285,209.5698074,7604977
29-06-2016,211.8706207,212.319826,210.358667,210.7969164,7523987
30-06-2016,212.3636322,214.1933206,211.9034711,212.9881313,12758283
01-07-2016,213.3058624,214.0399202,212.5498783,213.1524803,6610193
04-07-2016,216.209259,217.7212127,213.7550861,213.7550861,7803505
05-07-2016,217.6116486,219.7590572,214.8068733,216.0777832,11359882
07-07-2016,216.4721832,219.2331347,216.0887133,217.4801522,12029091
08-07-2016,214.3905334,216.7132359,213.9413282,216.2750012,7140617
11-07-2016,217.4801941,218.0170463,215.9463286,217.1515034,8266601
12-07-2016,219.8686218,220.2192096,217.151479,218.0827569,9767494
13-07-2016,221.0409393,222.7829662,220.0329702,220.2630435,14915296
14-07-2016,220.1973114,222.2132496,218.7401371,220.8985162,10758372
15-07-2016,221.7968903,223.7251814,219.8905255,221.0957001,13992989
18-07-2016,220.493103,227.614621,219.5070458,225.2590366,32106850
19-07-2016,223.0239868,224.1524703,218.0937005,220.4383291,16649300
20-07-2016,224.1634369,225.3247881,222.7500861,223.4951144,12265316
21-07-2016,220.5150299,224.6016854,220.2192069,224.3825534,6711097
22-07-2016,222.377594,223.0240048,220.2411267,220.4383469,6899519
25-07-2016,224.1086578,224.3277752,220.7341483,222.1913225,8241568
26-07-2016,224.3935089,226.7490935,222.4542765,224.1634357,10516399
27-07-2016,221.9941101,224.8207969,221.0847439,224.1743861,11030767
28-07-2016,224.8974915,225.8068577,221.9831577,222.3994952,15610838
29-07-2016,222.3885498,224.5797818,221.7530802,224.3825616,9629597
01-08-2016,221.2052612,223.5718017,220.2301598,223.0678171,7978251
02-08-2016,221.9283905,223.5060793,220.5040838,220.8765979,7710138
03-08-2016,217.7978973,222.278964,217.2610452,222.278964,11872282
04-08-2016,217.5897369,219.1236023,215.4861518,218.904485,10187608
05-08-2016,222.6843567,223.286944,218.4771865,218.685348,12109001
08-08-2016,225.532959,226.5737956,223.210242,223.4841533,13556347
09-08-2016,225.8506927,226.6833679,223.7251959,225.0399439,13290768
10-08-2016,219.9234161,226.6943328,219.5618579,225.9712309,13471958
11-08-2016,222.2132416,224.1305769,219.0359522,219.5508926,14169454
12-08-2016,226.9682007,228.5239923,222.8486778,222.8486778,16365425
16-08-2016,224.5797577,228.9403096,222.5199963,227.0668125,13367575
17-08-2016,222.0379639,225.4343709,220.701304,224.40449,15486572
18-08-2016,223.0787811,224.3058675,222.6295759,222.6295759,7749690
19-08-2016,222.3885498,223.9443269,220.6793759,223.0678282,8177802
22-08-2016,221.7202148,223.4403446,220.7012899,221.7530824,6684236
23-08-2016,221.4134369,222.41045,220.2192035,221.7530688,7320433
24-08-2016,223.6156464,223.9333812,221.5339729,221.6873551,8719596
25-08-2016,221.9064789,225.4781942,221.0957154,223.7690203,14960746
26-08-2016,225.2371368,225.8725918,222.3227884,223.0459049,9639663
29-08-2016,231.7122498,232.2162343,224.8427162,225.0947157,16193208
30-08-2016,233.6734314,234.1335779,230.7371709,232.7092857,18170724
31-08-2016,232.2710419,235.3387729,229.4224283,233.3447463,23295502
01-09-2016,225.5219879,235.0648108,224.755048,230.7371265,42621045
02-09-2016,222.0489197,226.2560902,219.6275996,225.9383554,28124615
06-09-2016,223.4841766,224.6017044,222.4104723,223.4841766,11510431
07-09-2016,222.9911194,225.0508808,221.9831504,223.944309,12927438
08-09-2016,226.4423218,227.0011003,223.5498996,224.1743987,12206479
09-09-2016,228.8855591,230.0578662,225.6973138,226.7929298,15269894
12-09-2016,229.3128662,231.3945397,225.5110774,225.7849742,33684893
14-09-2016,228.9293518,232.0518615,228.0857355,229.6415124,18604842
15-09-2016,233.3666382,234.5060777,229.4224088,229.4224088,31371009
16-09-2016,235.6783905,239.6883552,232.0738075,233.8048932,39324529
19-09-2016,237.1793671,238.4064681,234.6813709,235.0210028,16678060
20-09-2016,235.3825684,237.6943149,234.2540848,237.5299769,11531268
21-09-2016,234.9552917,237.7271995,234.2431457,235.3387618,10943394
22-09-2016,238.6146088,240.1156063,236.4343329,237.3108314,18761415
23-09-2016,241.6495056,243.1066799,238.6255984,238.6255984,31085948
26-09-2016,242.6136475,247.5110665,241.090738,241.7809723,38213411
27-09-2016,243.3367462,246.7222116,242.4821739,244.7610528,19374535
28-09-2016,238.9871368,242.788925,238.0339472,242.7670132,24820234
29-09-2016,234.9990845,243.3915124,233.8925127,239.9403266,21260295
30-09-2016,237.4642487,239.8417451,233.6514897,234.0240038,11199883
03-10-2016,238.9981079,242.7779846,235.8317745,238.1873445,18125170
04-10-2016,240.236145,242.8546704,239.2829553,239.5130432,13113580
05-10-2016,238.7132416,242.4602653,237.9244045,241.9124573,10789932
06-10-2016,243.4024963,246.7879471,239.2829586,239.2829586,21111045
07-10-2016,243.0080719,246.0867438,242.4602639,244.1036879,15280380
10-10-2016,240.236145,245.8566804,239.7212046,244.1036831,11553662
13-10-2016,231.6465149,238.6365484,230.5180167,238.6255925,21938040
14-10-2016,236.1385345,237.0917242,232.6325546,232.9283777,15265659
17-10-2016,232.4134674,236.8288141,231.9971298,236.6535056,9826781
18-10-2016,236.8945313,237.2560895,232.7202286,233.5857568,11073137
19-10-2016,238.2640228,239.8745938,236.9602454,237.6285679,17073242
20-10-2016,238.3078766,240.5977114,237.5409366,239.7102569,10125508
21-10-2016,233.1913452,240.3785993,231.9204207,240.3785993,43608816
24-10-2016,232.9941254,235.3387542,232.4134497,234.4622555,10513017
25-10-2016,232.4572906,233.4214363,231.0001162,233.366657,7658966
26-10-2016,230.9672394,232.150517,230.5399459,231.4054887,10945927
27-10-2016,229.7949066,230.934346,228.6335555,230.3208029,12842476
28-10-2016,231.164444,231.8327665,228.7212124,230.0797838,8127969
01-11-2016,230.2989044,231.3835646,229.5100527,230.3646396,10223897
02-11-2016,224.327774,228.513047,223.7251867,228.1076653,7039997
03-11-2016,224.3716125,226.7381532,223.6375548,224.3497008,7311872
04-11-2016,220.3397369,225.0180239,219.1235918,223.5608497,11535892
07-11-2016,219.3755951,222.75009,218.915434,222.1913262,9506040
08-11-2016,219.8905334,220.3726062,218.7510794,220.3726062,13432073
09-11-2016,220.1315613,221.0957069,203.7849392,208.1674177,21640144
10-11-2016,221.4024963,225.4672403,220.6574681,223.1993025,9764091
11-11-2016,219.5070801,222.958281,218.0499057,218.6524931,14775330
15-11-2016,215.9243927,219.1235937,214.6425123,218.3566684,14487470
16-11-2016,216.1763763,218.4224023,214.8945106,218.0279764,16550762
17-11-2016,214.2481079,218.718219,213.5140355,216.05587,12628378
18-11-2016,216.3845367,217.5239761,215.1793475,215.8367288,18163751
21-11-2016,217.2610779,217.7102685,215.4423452,216.395535,13232434
22-11-2016,219.44133,220.8327544,217.655465,218.6196106,17646355
23-11-2016,221.0957184,221.424409,219.0250008,220.2192197,13107911
24-11-2016,216.3516846,220.3397373,215.223201,220.3397373,18913793
25-11-2016,217.7431335,218.2252064,215.6943422,216.9323846,10454964
28-11-2016,216.1983032,219.2550782,215.6395393,217.5897424,8312777
29-11-2016,218.6195984,220.0658167,216.5050576,216.713219,9885281
30-11-2016,216.9433136,219.1126338,216.1982854,219.1126338,27596098
01-12-2016,218.6305695,222.4104608,218.0279821,219.1235981,12627845
02-12-2016,217.9731903,220.2192015,217.3267795,218.2251752,12481430
05-12-2016,217.7759857,219.0578514,216.1654148,218.0279707,3987213
06-12-2016,220.2630463,220.5588693,217.9403437,218.247108,6726369
07-12-2016,218.9373322,220.7889175,218.323789,220.0000805,4930865
08-12-2016,223.5170135,223.9004835,220.076769,220.2301512,8750556
09-12-2016,225.4672241,226.102679,223.5718006,223.9443147,8239158
12-12-2016,225.0837708,228.2610602,223.6156406,223.6156406,9023848
13-12-2016,227.844696,228.1076515,225.1604356,225.2590384,10365823
14-12-2016,232.1614532,233.2461134,227.4941222,227.8447099,24139260
15-12-2016,230.7261658,233.9363223,229.783932,230.6056512,19331986
16-12-2016,231.6465149,232.7092633,230.5180167,230.5180167,14942206
19-12-2016,232.8298035,233.7939492,231.0329825,231.1754234,15009634
20-12-2016,231.8108521,232.4901305,230.7700154,231.1096619,11688169
21-12-2016,232.9831543,233.8706088,231.6574651,232.29292,20367894
22-12-2016,230.8138123,232.8516618,230.2879161,231.8327371,28892834
23-12-2016,231.6793823,234.2321726,230.5180165,230.5180165,10265033
26-12-2016,229.5209961,233.5857398,228.9074529,231.0329496,15321770
27-12-2016,233.3009033,233.8267996,229.4224091,229.6086735,17442849
28-12-2016,230.0140533,234.3636647,229.4443336,234.0021064,9637310
29-12-2016,233.4652252,234.1992976,229.9702013,230.0797746,8772325
30-12-2016,237.1793671,237.7491014,232.9502854,233.3227995,15711974
02-01-2017,237.7709961,238.8447002,234.9771624,237.5299524,7097888
03-01-2017,238.7132416,240.3785919,236.8945237,238.811859,6434204
04-01-2017,233.8377686,239.5021134,233.2132694,239.4802017,10392483
05-01-2017,236.0837402,236.6315482,234.1883314,234.6813601,8734164
06-01-2017,235.5469055,237.749108,235.1415238,235.3825675,7845839
09-01-2017,236.1495209,237.9682536,234.6814052,235.9961387,5228980
10-01-2017,238.8118591,239.8088577,236.6534801,236.6534801,11349916
11-01-2017,237.9791718,240.0937126,237.5299666,239.9403304,11475958
12-01-2017,237.3766174,238.9214388,236.6096774,238.1873663,4371992
13-01-2017,238.932373,240.4881501,237.6504927,237.6504927,7234429
16-01-2017,235.8317566,239.7102358,235.3277721,238.8337518,12013154
17-01-2017,228.1624756,234.0240263,227.5598882,233.3666595,39234251
18-01-2017,226.256073,229.6415385,225.4233978,228.4582609,15867619
19-01-2017,226.5080566,229.0498909,225.9164106,226.8257768,15284274
20-01-2017,224.7769928,227.3297832,224.3606552,226.5628578,8784907
23-01-2017,222.6076813,225.9164413,221.9284028,223.9005176,13708502
24-01-2017,225.1056671,225.4343431,222.8486854,222.8486854,9419288
25-01-2017,222.914444,226.2889389,222.6624444,226.1355568,23856654
27-01-2017,224.6235962,225.4562714,223.2869365,223.5608478,21861796
30-01-2017,228.9403229,229.3018811,224.557859,224.5907266,15678126
31-01-2017,229.0279694,230.912437,227.9542651,229.3895276,15125194
01-02-2017,230.003067,230.2769783,226.8367337,229.2251858,11312284
02-02-2017,228.6554718,230.2550723,227.5050765,230.0797784,9099129
03-02-2017,226.4971008,230.1783745,225.719205,229.2032731,13219481
06-02-2017,228.2501068,228.9622529,226.1465216,227.2311818,9991907
07-02-2017,225.894516,228.4034828,225.0837672,228.3267918,9905562
08-02-2017,224.6345367,227.5050615,223.9443025,225.8944906,16230826
09-02-2017,226.2999115,226.5738228,224.9961339,225.2590748,9861688
10-02-2017,225.7301788,226.9134418,224.7222097,226.7929273,12518554
13-02-2017,225.6644287,226.5737949,223.9443137,226.354663,8565757
14-02-2017,230.035965,230.7152581,225.6754123,226.7929402,18244623
15-02-2017,230.364624,231.7231954,229.0389203,230.7152264,15236663
16-02-2017,233.914444,234.3417374,230.6385518,230.6385518,19655195
17-02-2017,235.6674042,236.2590502,231.9313513,233.6953043,14847356
20-02-2017,235.6455078,236.4014919,233.6953196,234.5827594,11650581
21-02-2017,238.4503021,239.0528895,235.1305719,235.6016888,14186476
22-02-2017,264.5917664,265.5011181,239.2829793,239.5021113,127323130
23-02-2017,259.168396,267.7689994,258.4233679,265.9283554,62249698
27-02-2017,271.472229,275.3945172,260.8337748,260.8666278,83422197
28-02-2017,271.2860107,273.4663018,269.1933666,269.9603067,36111716
01-03-2017,270.5080566,272.6773766,269.5219994,271.7351429,24385665
02-03-2017,271.0010986,274.9343571,268.875602,271.2530689,18063590
03-03-2017,275.7779541,282.1873258,272.0528719,272.0528719,84305639
06-03-2017,286.0329895,287.4901638,277.2461494,278.0678542,66724743
07-03-2017,285.945343,290.7770124,284.0170518,288.9911621,42071555
08-03-2017,282.932373,286.5478968,281.8148454,286.5478968,43336972
09-03-2017,281.9572449,284.4223879,280.8068643,282.6694201,31094457
10-03-2017,280.8397522,283.9841886,276.3586708,282.7242199,24785585
14-03-2017,282.559845,289.0240111,281.6285817,288.9692171,27765035
15-03-2017,285.945343,288.4323982,282.7571123,282.899524,24107889
16-03-2017,284.3457642,287.1395837,283.458295,287.0519367,15924023
17-03-2017,285.0140381,289.232149,284.4333625,286.6136238,22727289
20-03-2017,280.6535339,286.2302317,280.1166818,286.1754377,12869337
21-03-2017,276.9284058,281.3327815,275.9423484,280.960282,22596181
22-03-2017,276.0299988,277.3885556,273.1485325,274.3427367,20291685
23-03-2017,279.0100403,279.9413035,275.6574575,276.7859264,11807911
24-03-2017,281.9572449,283.1076547,277.9472809,279.1853376,16282523
27-03-2017,274.1455078,280.2042923,273.290921,278.5279715,32452615
28-03-2017,272.9732666,276.9722611,272.1734443,275.6575276,21707345
29-03-2017,275.3617249,276.0957827,270.2561434,274.2770499,18924345
30-03-2017,278.4293823,279.3277926,274.561859,275.0000937,27862325
31-03-2017,289.4403687,293.1106868,277.4104746,277.4104746,45390562
03-04-2017,301.2183228,302.5002034,292.9792744,294.0639494,44886623
05-04-2017,310.0598755,310.7172568,302.4124754,305.7212351,40323877
06-04-2017,315.2092896,317.4881685,307.255125,308.7451522,50620850
07-04-2017,308.2192078,314.223198,307.331768,311.4403495,31875272
10-04-2017,302.6863708,312.2291793,301.7989018,308.9642433,30768410
11-04-2017,300.7142944,306.8716678,300.2212657,304.1107013,32249647
12-04-2017,296.6933899,303.8039684,296.0688907,303.004146,27448279
13-04-2017,299.059906,300.9443445,295.2361765,296.6933508,12713918
17-04-2017,304.9871826,305.7979461,299.103721,299.103721,11837502
18-04-2017,300.2431335,308.9642372,299.5419288,306.7620642,16016414
19-04-2017,299.9363708,302.9493368,297.4712275,299.9801943,11572557
20-04-2017,300.1007385,303.8806154,298.906505,302.1714707,8393496
21-04-2017,307.3208313,311.3746189,302.0728104,302.5001038,30230907
24-04-2017,310.5857849,314.4423672,306.8168496,308.756082,25512511
25-04-2017,313.9602966,321.6186676,312.4921811,319.9204642,36764315
26-04-2017,310.3776245,315.5489403,307.342776,314.4423831,16763153
27-04-2017,308.8547363,312.0649082,307.2551503,310.4981751,12571594
28-04-2017,305.7212524,311.2212443,304.8009303,308.9095124,11848658
02-05-2017,300.3198547,307.2112859,299.3885913,307.2112859,18591411
03-05-2017,300.221283,302.5549269,299.1037551,301.7113103,9500038
04-05-2017,297.5588684,302.3028901,296.7042816,301.2949212,14365934
05-05-2017,291.0509644,299.6187175,290.3388182,298.3587487,15598448
08-05-2017,289.5498962,293.516037,288.8815737,291.4343638,16066733
09-05-2017,291.5111084,292.2341957,289.2979353,290.1196693,21106150
10-05-2017,297.8108521,298.7969093,291.576803,292.4861546,22906024
11-05-2017,297.9094543,300.1445095,296.178369,298.9064528,13783848
12-05-2017,295.9154663,298.8845795,294.513086,298.0190514,7523427
15-05-2017,294.5240479,297.2192792,292.2013453,297.2192792,6738085
16-05-2017,297.1973572,301.7112918,293.8447446,294.9513311,12655992
17-05-2017,296.4961243,299.3118552,295.3238026,296.4742125,9844573
18-05-2017,290.8536682,295.8168072,290.1415223,293.6803694,9790379
19-05-2017,288.9911804,292.6834105,287.0519478,292.0917936,12813204
22-05-2017,290.1525269,292.2232591,288.1913825,290.6674673,8801430
23-05-2017,286.0767822,291.401509,285.2989011,290.4921281,9223001
24-05-2017,284.3566895,287.8626841,283.7869843,286.504098,14326531
25-05-2017,285.397522,287.5777833,284.0827594,284.8606699,25922008
26-05-2017,293.0340271,294.5897897,284.8607151,285.7262434,21430443
29-05-2017,297.3287964,299.2022935,292.6614509,292.9682444,24022633
30-05-2017,297.8656616,299.0379833,295.4881653,297.1096922,9658309
31-05-2017,293.7789917,299.7501295,292.7052875,299.5419534,16423338
01-06-2017,291.0509644,293.6256668,289.9005834,292.0260806,9534069
02-06-2017,290.2839661,293.3407554,288.5857628,292.529992,11495005
05-06-2017,291.2919312,293.8447213,288.3337885,290.6126674,10835031
06-06-2017,287.6654358,292.2998992,287.2710246,292.2998992,9591064
07-06-2017,293.4065247,294.063906,286.832828,287.3148863,11199223
08-06-2017,291.8069153,294.6774406,291.0071222,293.625648,7903123
09-06-2017,292.6834106,296.4632877,291.6535297,294.7431724,13836547
12-06-2017,289.1226196,291.3796161,288.5857675,290.6784113,8432435
13-06-2017,288.0050659,290.7769733,287.2710082,289.3745931,6025338
14-06-2017,297.4602966,298.00809,288.3447513,288.3447513,52939271
15-06-2017,303.256073,305.6773926,297.8108465,298.0080521,28290813
16-06-2017,304.3188477,305.8526983,300.0459133,304.3845829,32710880
19-06-2017,308.7999268,310.2351893,304.6256387,304.6256387,15236956
20-06-2017,309.4792175,311.6156849,308.4055132,308.7451598,10142474
21-06-2017,311.5937805,312.9085139,307.7043157,308.4822262,19992472
22-06-2017,313.9274597,316.7212793,312.8427849,313.2262549,22118609
23-06-2017,314.6285706,315.976186,313.47819,314.6614528,31143289
27-06-2017,314.9134521,316.1953325,312.2511033,313.7849832,32591540
28-06-2017,306.4443359,315.526998,305.7979252,315.526998,15567803
29-06-2017,305.1734314,308.9642787,304.6037263,306.7730466,12898245
30-06-2017,302.390564,305.1076775,301.3058892,305.0200306,7814271
03-07-2017,302.6206665,305.6117211,300.418493,304.1873996,9195278
04-07-2017,311.5827942,312.7112924,304.3626874,304.5818047,18816782
05-07-2017,316.1187134,317.1705061,312.0320426,313.2262762,27209010
06-07-2017,316.0967712,317.7292394,315.0997434,317.4443576,13590313
07-07-2017,326.7460938,328.1922972,315.5379362,316.1952881,35845310
10-07-2017,327.1186523,328.8826201,326.2969477,327.611681,3504540
11-07-2017,327.4474182,329.6495919,325.8368615,328.9045927,20995547
12-07-2017,331.1177063,334.1635255,328.1376223,328.5539453,17104482
13-07-2017,336.1793823,336.8199035,332.6565748,333.2308382,23010262
14-07-2017,338.7524414,339.2493893,334.7326862,335.7155538,20530867
17-07-2017,342.7280579,344.4618469,339.4702813,339.4702813,18749450
18-07-2017,335.693512,342.739098,333.7278059,341.6347724,19640167
19-07-2017,338.5757751,339.6911584,334.0811576,334.0811576,11790198
20-07-2017,337.6812744,342.3415215,336.5327476,340.077641,13626050
21-07-2017,350.0718384,351.5516245,341.2261765,342.3415303,97142371
24-07-2017,356.7530212,358.8843568,350.0718386,353.3848151,43429394
25-07-2017,353.8596802,358.8954176,352.8547265,358.840188,20063064
26-07-2017,358.4094849,359.9886724,353.6277505,354.3124435,21954323
27-07-2017,352.2363281,360.3420677,350.811742,359.5690604,18409364
28-07-2017,352.1590271,354.6989966,348.5257897,351.4522481,14331863
31-07-2017,356.7419739,357.5370965,352.501359,353.8155156,16567422
01-08-2017,354.1799316,358.4094886,351.5074468,358.4094886,12311920
02-08-2017,359.834137,361.2697515,355.1738595,355.5935216,20786240
03-08-2017,364.4501648,367.7189991,357.1505762,359.3150554,19707381
04-08-2017,358.2770386,367.2993893,356.7199367,367.2993893,18579866
07-08-2017,356.9959717,360.3641483,356.1566772,360.3641483,9537088
08-08-2017,353.9480286,358.0340419,350.4693928,357.3604066,10961296
09-08-2017,353.1197815,357.8021445,350.0718652,353.7161309,10436651
10-08-2017,349.9282532,354.8535607,348.5147248,351.8497872,10188164
11-08-2017,341.5133362,348.967527,338.5868481,342.5514041,16996281
14-08-2017,347.4324646,349.9613762,344.7710375,344.7710375,13440617
16-08-2017,345.8974915,348.0840566,342.385712,347.2005903,13576650
17-08-2017,346.1183777,352.8658188,344.804221,346.5380102,15828719
18-08-2017,347.9515381,348.4816297,343.0372875,345.4336839,7935890
21-08-2017,345.5219727,349.8840744,344.6053923,348.304887,7573558
22-08-2017,344.5612793,348.9454383,343.6778129,347.2006208,9533641
23-08-2017,349.4203186,350.4142147,343.0373095,345.6214511,8320052
24-08-2017,346.3281555,351.860841,345.5440906,351.1761775,12654347
28-08-2017,345.9968262,349.3981461,344.8151853,348.7576545,12316426
29-08-2017,338.3991394,346.2067346,337.9242773,344.9588357,15164812
30-08-2017,345.45578,346.4938479,340.4090138,341.8004565,10334911
31-08-2017,352.1700439,352.8215933,347.642283,347.8631422,25104625
01-09-2017,355.615509,357.0511232,353.1639132,353.3516287,15431918
04-09-2017,356.3334045,361.3691425,352.46825,356.8082666,21560532
05-09-2017,360.5850525,361.0820005,358.0340548,360.010789,25216776
06-09-2017,363.4121399,364.9802995,358.4206032,359.2156964,48745984
07-09-2017,361.380127,367.7410786,360.0107704,363.5446357,16205339
08-09-2017,360.8500977,363.6550983,358.7297901,362.2194544,13248413
11-09-2017,361.2917786,365.2452763,360.6954587,362.7936801,12690592
12-09-2017,363.875946,364.4280941,360.8942581,363.4341981,6500191
13-09-2017,375.0296326,379.8444812,363.1028817,363.986348,29377106
14-09-2017,372.7547302,380.5512968,371.9375511,378.0334426,11867640
15-09-2017,371.8491821,376.7302886,368.7349788,371.9375258,28595395
18-09-2017,373.5056763,375.9352162,372.4234366,375.4713823,5061995
19-09-2017,370.4356384,374.919228,369.7288889,374.8971421,7718697
20-09-2017,374.2124329,385.4103191,373.3068806,378.1659307,24942703
21-09-2017,371.6503906,376.2223239,369.3975676,374.1461882,12950541
22-09-2017,361.0709534,371.0099134,359.2156769,371.0099134,12294087
25-09-2017,362.9041138,365.7312001,355.6818113,360.0107697,14229631
26-09-2017,362.2636108,365.3336424,358.7739467,362.9703898,10564143
27-09-2017,353.0093384,364.7373165,351.3970366,364.6931447,18448855
28-09-2017,347.399353,354.6658273,344.6385245,353.230213,29547622
29-09-2017,344.9477844,350.4694125,344.1526617,349.7405475,16666208
03-10-2017,352.6559448,355.085455,346.9134286,351.1761587,18345748
04-10-2017,361.7114563,364.4059977,351.4412079,353.0314238,18907611
05-10-2017,364.0526123,365.9520605,361.623102,364.428073,10631751
06-10-2017,369.750946,370.7669279,363.3679087,363.986344,12997688
09-10-2017,366.9238281,370.9656691,365.753245,370.6122649,8850408
10-10-2017,372.4675598,374.2786642,367.078448,367.078448,14732024
11-10-2017,371.1203003,379.181897,369.28711,373.395209,15420644
12-10-2017,385.5207825,387.3098012,371.9817284,371.9817284,18642942
13-10-2017,387.1551208,393.449785,385.7857643,388.4140773,21509701
16-10-2017,387.3097839,394.0240811,380.4629417,388.281594,32009221
17-10-2017,386.2275696,390.4902707,383.0691646,387.8398715,13898844
18-10-2017,403.9630737,405.464946,386.5146927,387.5748466,36671941
19-10-2017,401.9310608,407.2318293,398.8831152,404.5372584,8014767
23-10-2017,415.1167297,417.3033245,401.5776762,403.2562652,27455320
24-10-2017,412.6871948,418.6284844,410.0147394,418.6284844,13857773
25-10-2017,415.1829834,417.8333528,410.5889645,415.2713271,10011782
26-10-2017,418.4959717,423.0899612,411.2515832,415.2271669,16840049
27-10-2017,410.7435913,422.6040851,408.9104008,419.6444831,11498547
30-10-2017,416.3314819,417.6787526,411.0748855,412.5767575,7823263
31-10-2017,415.6026306,417.7671099,411.7816483,417.4137351,9504986
01-11-2017,420.770874,423.0899547,417.7671004,418.6505667,17571371
02-11-2017,418.1425476,422.5157072,417.1044799,420.8812901,10277678
03-11-2017,417.5683594,422.2727788,415.2934504,422.2727788,4798537
06-11-2017,411.9141541,416.3314856,410.3681101,416.3314856,9757496
07-11-2017,400.5175171,413.0185027,398.9052153,412.2896672,20447574
08-11-2017,392.1687622,400.2082728,390.5343747,398.6622289,17752793
09-11-2017,397.7788086,401.9310799,394.0461698,395.2388391,15007224
10-11-2017,390.4239502,397.9775412,388.3699007,397.9775412,13923102
13-11-2017,386.6250916,393.97991,385.8520548,390.9319643,9088619
14-11-2017,391.6828918,395.3492431,385.6311727,386.514639,12481463
15-11-2017,390.3577271,393.4056432,387.8177576,390.7111018,15272059
16-11-2017,399.258606,400.2083301,391.1528364,391.1528364,15160866
17-11-2017,402.8145752,408.5570628,401.3126734,405.9287789,12219276
20-11-2017,406.7680054,408.3140789,399.7665913,400.2966534,9231195
21-11-2017,411.9362793,415.0725688,408.8220757,409.3963392,13082246
22-11-2017,411.1411743,414.6308385,407.9165118,414.1007468,11058315
23-11-2017,418.3192749,419.6002878,409.3300399,411.251574,16031638
24-11-2017,420.1303406,423.8408931,418.495953,419.6444503,13987125
27-11-2017,420.2408142,422.9574711,416.9940952,418.4297391,10237135
28-11-2017,416.7070007,420.2408369,414.3879198,419.5782592,10153618
29-11-2017,417.877533,419.6444656,415.6688819,416.0443426,8038351
30-11-2017,407.0772095,415.8676415,406.1716573,415.8676415,20637767
01-12-2017,402.0193787,411.361988,400.959225,408.3582145,11114967
04-12-2017,398.2646484,403.6537602,396.3872863,403.5212447,10103208
05-12-2017,403.6096497,406.7238532,395.5480815,398.0217638,18306627
06-12-2017,409.3300781,410.94238,401.4451679,401.9752595,24078081
07-12-2017,411.4945679,413.460274,407.7177571,410.8319607,12095301
08-12-2017,406.834259,413.8798743,405.9729081,412.5105177,12224184
11-12-2017,404.6918945,409.0429688,403.5433971,407.4748093,10792248
12-12-2017,404.4489441,410.3681483,401.0917954,404.6035455,15782031
13-12-2017,404.0292664,408.5790839,402.2844197,405.0231623,9147866
14-12-2017,407.0551453,408.5570174,401.4230584,405.9508197,10983157
15-12-2017,406.282074,412.1129336,405.3765218,411.2515533,24408414
18-12-2017,406.834259,411.9804261,381.0592812,402.8366188,18581421
19-12-2017,409.0208435,409.4846478,406.3925305,407.9827757,8891691
20-12-2017,405.5753479,409.6613615,405.0673717,408.9987838,10443493
21-12-2017,403.2783813,408.137432,401.9752824,405.7078919,9071450
22-12-2017,406.5692139,407.4526802,401.6659921,404.029274,10658428
26-12-2017,410.7214966,414.7412522,405.5753295,408.5349314,11596338
27-12-2017,408.0490723,414.1228485,405.9508506,412.1350859,9520350
28-12-2017,408.2478027,412.7534485,405.9949799,408.7116071,15511891
29-12-2017,406.8563843,411.8258645,405.7299727,409.2638384,11089700
01-01-2018,401.8648071,407.5852082,400.8709112,407.5852082,9453202
02-01-2018,402.4832458,406.1937989,400.3850242,403.3004545,9499419
03-01-2018,404.0955505,409.0429444,403.3225138,408.6011965,13507800
04-01-2018,406.5250244,407.1876315,404.4930608,405.5753004,9008932
05-01-2018,407.8281555,409.4404867,406.5029707,407.1876638,7441284
08-01-2018,410.169342,411.2515816,407.9386051,409.0871024,8827020
09-01-2018,415.646759,416.9498577,408.1594262,409.9925869,14294571
10-01-2018,416.2652283,418.4959652,413.2393687,416.5523452,11727682
11-01-2018,414.2333069,416.3977863,413.0185222,416.0222961,7849171
12-01-2018,419.2027283,420.8813173,414.4541372,416.5523587,15071161
15-01-2018,419.2689819,423.3991671,417.5241647,419.6444721,11120925
16-01-2018,407.6956787,418.6285352,406.3925797,418.6285352,10825151
17-01-2018,408.3803406,410.3681325,400.6500321,409.0429477,13204016
18-01-2018,406.2600098,410.63314,404.2280461,410.3681089,9381821
19-01-2018,411.3840942,412.7534508,407.3201669,407.7177135,9973533
22-01-2018,429.1416931,430.3785342,415.2271792,418.7610151,45700733
23-01-2018,434.3320313,437.7333516,430.6877657,430.6877657,22526810
24-01-2018,426.8667908,433.6694316,425.2323736,433.6694316,14289485
25-01-2018,426.6680603,429.362602,422.3611577,427.5514973,13669901
29-01-2018,426.0495605,431.7037037,423.7525658,426.8005113,9897064
30-01-2018,419.8211975,426.6238682,419.2027622,426.6238682,9182956
31-01-2018,424.6360474,426.0495758,415.911843,419.6444817,12551686
01-02-2018,416.9278564,429.6276162,413.7253091,425.49746,16524809
02-02-2018,399.4794617,416.9720135,397.9996754,413.0185155,28965593
05-02-2018,398.5076294,403.0795625,389.5184236,394.9075358,19191099
06-02-2018,394.0682678,396.6744952,384.747743,387.3981422,24062503
07-02-2018,395.0842896,399.9433405,393.1406692,398.6844133,15532284
08-02-2018,399.567749,402.2623196,394.1786373,396.6302628,13825894
09-02-2018,396.6082153,398.4413763,391.373675,392.6988893,11580639
12-02-2018,404.4047546,405.5974239,398.4634648,398.8831268,11877059
14-02-2018,412.4222412,416.3315679,406.8343253,407.7177918,22247829
15-02-2018,413.3056335,417.7671075,409.9926275,414.1890999,13363743
16-02-2018,406.9667664,416.3756333,405.5532085,415.0504192,9628162
19-02-2018,409.4846802,411.6933314,403.5433901,406.834281,8941900
20-02-2018,406.878418,410.6110565,405.8624656,410.3681114,8458450
21-02-2018,410.5227661,411.9142088,407.3423047,410.8098831,11917390
22-02-2018,408.3140564,411.2515723,406.3925224,407.2759887,11196908
23-02-2018,412.6871948,414.3436979,407.6072856,408.7778689,10610664
26-02-2018,414.6528931,417.3916357,413.7252549,414.7854086,8435611
27-02-2018,419.8653259,422.2064925,414.4982997,414.7854167,14021366
28-02-2018,421.6543579,422.7807694,416.6407063,417.8554615,56650480
01-03-2018,418.9376831,424.0175923,417.8554435,419.5340324,8956590
05-03-2018,408.2036438,419.7107331,407.0993182,416.5523579,12325694
06-03-2018,402.3506775,413.5485634,399.8107377,410.3681024,16019726
07-03-2018,393.0301819,401.6439272,392.2792311,401.6439272,15853546
08-03-2018,402.6157227,403.9630228,394.598327,396.5198316,13283967
09-03-2018,403.344574,406.1054025,402.4390218,404.1396966,10638527
12-03-2018,410.9423828,412.1792535,405.3103251,406.3925648,8315150
13-03-2018,411.6270447,413.4602351,406.9888833,411.6491306,11148731
14-03-2018,410.3902283,411.7154131,406.0391836,410.2797987,14724464
15-03-2018,402.7703552,410.5669218,401.975262,408.6012157,12711836
16-03-2018,397.5800476,401.8427486,391.3958123,401.5335162,30814962
19-03-2018,395.5701599,400.6058681,394.0240864,397.9996703,12630833
20-03-2018,393.0522766,399.3248554,391.8375214,394.5983501,15192983
21-03-2018,396.1885681,398.5959926,394.5983522,395.2830158,14715126
22-03-2018,401.15802,402.836609,395.6805642,395.7909938,22129723
23-03-2018,394.8634033,397.557945,392.7430957,393.4056734,23469999
26-03-2018,398.0437927,399.4573211,394.2448966,394.8854178,13227705
27-03-2018,397.4695435,402.3065074,396.2327024,400.7383776,15179544
28-03-2018,389.9159851,395.7247595,388.7233158,395.7026736,19160609
02-04-2018,394.4437561,397.9776219,391.5946129,394.465842,12494499
03-04-2018,397.3591003,398.3088244,391.0423504,393.5823197,13922126
04-04-2018,395.3050842,402.7703321,394.0461572,399.6340428,14214534
05-04-2018,401.1801147,401.9752374,399.1039792,399.8107581,8527915
06-04-2018,402.4169617,405.7299384,399.7665921,401.0917769,9664888
09-04-2018,404.6256104,405.9508246,403.1016523,403.1016523,7813897
10-04-2018,405.089447,408.1153067,403.8084341,405.6857669,8455132
11-04-2018,411.1853943,412.0246594,404.6477542,407.187724,13140816
12-04-2018,410.2355957,413.7473455,408.2478039,410.7435719,10822592
13-04-2018,414.7192078,415.9781349,410.2356474,412.0025507,12616816
16-04-2018,413.9240723,415.2272007,410.147291,412.7755748,8934275
17-04-2018,417.1044922,418.4076205,413.4602268,415.2271595,9599816
18-04-2018,414.3437195,418.8493655,413.0405911,417.5462666,7360987
19-04-2018,416.2431641,417.4358333,413.0185015,414.8296061,9802587
20-04-2018,409.8822327,416.0443821,406.92266,414.3437365,7326696
23-04-2018,413.4602356,417.1486729,410.147259,410.8098366,7674482
24-04-2018,428.5011597,430.9969572,413.0184868,413.371891,19921115
25-04-2018,428.6999512,433.6914871,425.6299198,430.0913936,14079382
26-04-2018,430.8423767,436.4302624,425.0556882,429.8043089,34096999
27-04-2018,440.0966492,446.5900872,435.3259425,437.2253908,25518647
30-04-2018,425.5194702,438.4621728,424.0617406,433.7798399,19406069
02-05-2018,429.6717834,432.5430122,426.2925195,427.1538999,13381914
03-05-2018,424.7685852,431.9688024,423.7305173,431.9688024,8634812
04-05-2018,421.3893127,426.1379037,419.644466,425.3206951,8302649
07-05-2018,428.9208069,429.9147028,422.4494554,423.5537808,7683268
08-05-2018,427.1980286,433.7798389,426.3587341,431.7920472,10792648
09-05-2018,431.4386597,434.795808,425.0556518,426.667983,9831044
10-05-2018,433.4044189,434.9284066,430.3564731,432.8964427,8781584
11-05-2018,436.9824219,437.8879446,431.9025126,433.4485566,8774740
14-05-2018,435.8118286,438.1751107,431.4386981,438.1751107,5642499
15-05-2018,432.4325867,441.7310251,431.4166048,434.2436912,10501479
16-05-2018,422.3610535,430.2459623,420.726666,430.2459623,18840763
17-05-2018,417.5903931,424.0617444,415.8897183,423.7746275,10353948
18-05-2018,412.510498,421.1905006,411.6932895,417.7008367,11440117
21-05-2018,411.406189,413.3277231,407.3201756,411.1411579,14491208
22-05-2018,409.3742065,412.5767534,408.6011699,412.2012928,11310073
23-05-2018,402.9691467,409.0429522,401.5997606,409.0429522,9991028
24-05-2018,404.5593262,406.8342349,402.0414723,403.7421176,11632489
25-05-2018,406.7459106,407.894408,403.9409397,404.6256032,17782410
28-05-2018,406.5692139,409.4846438,405.553232,408.5570057,11369679
29-05-2018,405.2661438,409.9263913,403.9188731,407.0551625,17878384
30-05-2018,404.6697693,407.8060585,400.4733264,404.1176213,13105124
31-05-2018,406.9888916,407.4085241,403.9851178,406.8342607,37080158
01-06-2018,411.0528259,413.3498208,405.7078559,406.392549,19174278
04-06-2018,415.6026306,416.9940731,411.0528129,412.3117399,12250151
05-06-2018,418.6064148,421.8531337,415.6688988,416.4640214,17436812
06-06-2018,421.5881348,422.2948843,416.3977954,418.3193297,9164022
07-06-2018,429.07547,431.1295198,421.6102215,421.8089948,14999572
08-06-2018,434.8178711,435.7896515,424.3267359,426.8667049,14289325
11-06-2018,434.0670166,441.7089521,432.4767712,436.0327227,15018718
12-06-2018,440.4721069,441.731034,433.0289448,434.3983014,16285583
13-06-2018,442.8352966,444.3371981,437.0928103,441.7309712,12962502
14-06-2018,445.2427368,446.943382,436.165159,440.6045465,11997529
15-06-2018,448.0036011,452.1117004,441.3997336,444.3814215,24705890
18-06-2018,448.5999146,450.7643937,444.8231043,445.6182269,12363932
19-06-2018,439.9862366,448.2686937,438.9260533,447.8711175,13881382
20-06-2018,450.2343445,451.8466758,439.4561197,439.9640959,15735681
21-06-2018,455.8442993,457.6333178,451.139851,452.089575,22988909
22-06-2018,447.2526245,454.6295278,445.4636061,454.2761236,35370008
25-06-2018,443.6967468,449.0196016,442.7470227,446.7667785,11369371
26-06-2018,432.4325867,444.3814242,430.798199,444.3814242,17649122
27-06-2018,429.4979248,438.191484,428.0971512,435.1231637,19595831
28-06-2018,420.2040405,430.6763441,418.1362601,427.7858922,18770484
29-06-2018,432.4328308,433.7891373,422.0049942,422.0494614,17425606
02-07-2018,427.1632996,432.3883343,425.5624537,432.3883343,14570004
03-07-2018,431.9214783,435.1009666,427.05218,429.1199605,11084063
04-07-2018,440.2814941,441.1263991,431.7880371,432.143774,10938521
05-07-2018,428.8976135,448.4192437,426.273994,443.3498435,40946479
06-07-2018,434.7007446,437.1242621,428.8976073,429.0087751,20039239
09-07-2018,443.3942566,444.6838326,437.3465507,438.9474263,11309207
10-07-2018,456.1122131,457.3573221,444.6838377,445.9067131,22846197
11-07-2018,461.9375916,462.8714307,452.6214634,455.8009513,18953870
12-07-2018,481.3035889,488.7075722,463.627404,464.4056083,52736376
13-07-2018,489.063324,493.1544176,480.2585673,480.4809326,39301408
16-07-2018,478.5687866,493.10995,477.168013,489.0633235,14427529
17-07-2018,485.7503967,487.3512426,475.6338312,479.5025889,14150770
18-07-2018,485.839386,491.1978224,479.0579423,488.4407719,10241565
19-07-2018,491.3089294,495.8224603,483.0822757,486.1728293,11885426
20-07-2018,501.8924866,506.2725869,494.4440065,495.111043,17538801
23-07-2018,498.1793213,502.4038163,494.9776294,502.4038163,12779803
24-07-2018,494.0215454,501.0475281,492.4429034,498.9353104,9775749
25-07-2018,495.8891907,499.3799781,491.0199226,493.5990748,13014255
26-07-2018,493.8881226,498.712983,492.62078,493.6435534,14053674
27-07-2018,502.4260864,505.783443,494.5551688,497.8235911,14610585
30-07-2018,512.0089722,514.6325913,501.6033703,502.4927126,30344461
31-07-2018,527.3950806,529.3516933,510.1191586,511.8311725,30350826
01-08-2018,530.218811,534.9102406,527.1282572,529.3516725,21227054
02-08-2018,519.5463867,529.8408511,518.4791759,529.8408511,13668930
03-08-2018,523.3706665,526.2833517,520.0799811,522.503528,14536058
06-08-2018,530.3299561,531.841838,522.6591709,523.2594472,8785462
07-08-2018,526.5946045,534.2431859,523.3928534,531.3527046,8879612
08-08-2018,541.4915161,543.6259971,526.9503534,526.9503534,17307566
09-08-2018,541.6026611,547.7170375,538.9567789,543.1812733,14976885
10-08-2018,535.4883423,540.2909696,534.643467,538.5122253,7833494
13-08-2018,528.151062,533.5984326,525.9276467,532.5311624,10211072
14-08-2018,538.3342896,541.2691786,526.6390817,529.1737667,11592139
16-08-2018,533.9763184,540.7355574,531.6195019,535.0658517,13086024
17-08-2018,535.288269,540.4688372,533.6429262,537.6228226,8379864
20-08-2018,549.1400146,549.9848897,537.0223413,537.1335387,16639535
21-08-2018,554.6096802,556.5218256,545.627085,550.1851129,15923396
23-08-2018,564.5039673,566.5272509,550.6965408,554.2095026,17429373
24-08-2018,568.0836182,569.1730922,560.3238986,562.636248,14550512
27-08-2018,574.3092651,576.2436146,568.6395587,568.9285653,12188510
28-08-2018,586.5380249,588.316769,575.8656198,576.310291,19018790
29-08-2018,575.5098267,590.9848587,573.7311419,585.3373566,24230135
30-08-2018,566.727417,576.8217506,564.9486727,575.2430787,21545859
31-08-2018,552.1417236,564.7484779,549.8960452,564.7484779,33479841
03-09-2018,546.5831299,559.3678114,545.2045899,553.6313754,26686176
04-09-2018,552.2751465,557.9893197,546.5165062,549.2512637,19333815
05-09-2018,545.6271362,557.0332794,537.4004813,552.5197182,22584608
06-09-2018,560.9241943,562.8363398,544.8933531,547.0278341,24487897
07-09-2018,568.5728149,569.7956904,557.855942,562.4806413,23389269
10-09-2018,558.4562378,567.8613003,555.8992895,566.9718986,15440786
11-09-2018,550.3851929,564.0370137,548.8510476,559.8569858,23787332
12-09-2018,556.9665527,559.7235734,546.449753,556.6552235,17642490
14-09-2018,557.2555542,567.2386891,554.8098034,560.034838,17233514
17-09-2018,545.1378784,556.1882822,543.2257332,556.1882822,14773803
18-09-2018,541.2469482,551.1412088,540.0018689,545.1824367,16660044
19-09-2018,538.4009399,544.2929811,534.0653072,544.2929811,24642640
21-09-2018,541.4025879,550.2517817,526.2833525,542.0695946,41713856
24-09-2018,547.8728027,551.3635608,535.6217251,540.046352,22098277
25-09-2018,547.2280273,553.6314711,531.3972567,549.4069757,21250513
26-09-2018,556.477417,557.6113583,545.6938727,550.9633751,13992341
27-09-2018,557.5223389,561.6356955,550.2962248,558.0782075,23642923
28-09-2018,559.3900757,565.5045125,554.654179,560.2572142,24220992
01-10-2018,547.7171021,559.2789089,535.3993542,559.2789089,16039441
03-10-2018,535.8884888,551.2301192,533.6428697,546.7388216,16135428
04-10-2018,499.0464783,529.3516817,491.8203634,528.9514776,50774608
05-10-2018,466.4066467,495.9558766,461.6485169,488.9298941,47998260
08-10-2018,493.3322754,496.7118654,456.0455285,466.9180653,53983473
09-10-2018,484.7276611,499.5133937,480.7922024,498.7796566,24042005
10-10-2018,490.0861206,496.2005278,482.1707356,486.439698,20784941
11-10-2018,483.7271118,495.7113266,463.805279,473.1436409,28926389
12-10-2018,500.9585876,502.0480617,489.9971464,491.3534232,19814528
15-10-2018,506.8285217,510.0080103,497.2233554,502.4483614,19406012
16-10-2018,517.5231323,519.1239487,506.9396014,509.6077474,16358598
17-10-2018,511.9645691,524.4379231,506.9396063,524.2823178,27967162
19-10-2018,489.7303467,494.0438058,475.92292,489.1522741,55606079
22-10-2018,472.543335,495.7335915,470.1865182,493.5991103,28798142
23-10-2018,469.0080872,473.4549178,464.0943221,468.1409487,23128845
24-10-2018,465.0281372,478.4575922,458.6469279,477.9906578,29869514
25-10-2018,458.3800964,462.7602558,451.9766536,460.6924755,30833933
26-10-2018,464.6501465,470.0308458,454.4669095,459.313944,20085933
29-10-2018,483.7271118,486.4174318,465.1393222,465.1393222,16781215
30-10-2018,470.0308533,482.7043381,467.8518754,482.7043381,19263668
31-10-2018,471.9207458,473.9662927,465.5840033,470.920206,35999348
01-11-2018,469.6973267,474.8778944,466.9180724,474.8778944,20552752
02-11-2018,477.9906616,480.7032448,472.765627,474.4776704,36739798
05-11-2018,484.8388672,485.9061078,473.5883587,477.3459493,16585905
06-11-2018,490.9754639,494.4884553,485.416896,486.4841365,18886485
07-11-2018,493.9103394,495.8224848,492.131625,495.8224848,2808599
09-11-2018,486.239563,495.2888886,482.4820025,491.9315322,23712291
12-11-2018,480.2585449,488.6186003,477.8350277,488.1294621,12690610
13-11-2018,488.9077148,490.4863273,475.8339953,477.590506,14899604
14-11-2018,488.2406616,494.7775063,482.7043568,491.3979162,17034346
15-11-2018,487.7514648,490.4862517,483.1489701,487.795932,14943663
16-11-2018,501.3366394,502.4705807,487.8627156,488.2406861,24131016
19-11-2018,511.3864746,512.1424156,502.9374845,503.7823598,15987574
20-11-2018,505.7834473,514.0101019,502.4927617,509.1630671,12511640
21-11-2018,494.8886719,509.3853981,492.287286,505.8279098,16422494
22-11-2018,490.4195862,500.4249845,489.1967108,495.6001538,12670591
26-11-2018,493.487915,496.9342058,487.9960775,493.1544117,13969873
27-11-2018,501.6923523,502.4927604,491.5757857,492.6652598,14896607
28-11-2018,512.5648804,514.8327628,500.847468,503.5822255,17507771
29-11-2018,519.6130981,524.6824682,515.8332745,516.2779457,27640198
30-11-2018,519.1907349,527.3951273,516.8561217,521.302953,23443212
03-12-2018,514.2546387,522.4590291,510.7193547,522.4590291,12182825
04-12-2018,512.4092407,514.943926,507.9179428,514.943926,11358720
05-12-2018,513.6765747,515.2997137,506.6283283,508.6072043,12729759
06-12-2018,499.6690979,510.9417806,497.2677842,510.9417806,12831451
07-12-2018,504.1825562,505.5833001,492.865348,502.2482068,15779984
10-12-2018,484.8165894,495.5112281,481.6371013,493.5990827,20521072
11-12-2018,488.0627747,490.0860879,469.1414817,474.0329834,29518062
12-12-2018,493.8214111,495.155484,483.7048747,488.7075442,27572962
13-12-2018,492.287262,501.6033902,486.9510595,501.6033902,20337275
14-12-2018,494.5773926,495.7780345,485.5058332,490.5307661,15795834
17-12-2018,502.4482727,503.8268127,494.2661152,496.2449613,11077711
18-12-2018,505.3387451,506.4948902,498.268236,499.5133747,12841994
19-12-2018,505.5166321,510.1857983,503.9157564,507.606646,16118419
20-12-2018,501.8035583,503.6045064,496.3339244,498.4906095,12609700
21-12-2018,489.2412109,503.0486377,487.3735325,500.2693537,18115814
24-12-2018,484.3274841,490.5752932,483.1713092,489.5525196,9065704
26-12-2018,488.4185181,489.1522552,473.8773547,482.8377463,15771193
27-12-2018,498.1348572,501.15874,490.9310058,492.3539833,27294221
28-12-2018,500.5139465,504.8273759,498.5795378,500.4916833,16768547
31-12-2018,498.6017456,504.2047802,496.3560969,502.9151745,15799099
01-01-2019,498.4906006,501.2921479,493.6435658,500.3805422,9746670
02-01-2019,491.9982605,501.1587545,489.5969469,495.6001863,15628818
03-01-2019,485.9282837,495.6446159,484.7498754,492.4873616,16288287
04-01-2019,488.5519104,491.1310923,480.7477235,487.9960714,18516544
07-01-2019,491.2644958,497.3566691,489.5969196,492.2650357,12060290
08-01-2019,491.2200317,493.5768484,487.3735073,491.4201338,12304389
09-01-2019,493.9326172,496.7119013,488.5741807,494.4884859,12614237
10-01-2019,492.4873047,494.043713,490.4862253,492.5984725,8925160
11-01-2019,488.2850952,495.2888739,484.082834,492.5318236,14139060
14-01-2019,487.7293091,489.3746223,483.10458,486.9288712,8994060
15-01-2019,502.3371582,503.3821652,491.3756866,491.3756866,22011407
16-01-2019,505.1164551,509.1630818,502.6484408,504.7161916,13961606
17-01-2019,504.4716797,510.4526562,502.4928036,508.9185108,16379077
18-01-2019,526.6613159,529.1293301,504.8273667,510.8528098,56181172
21-01-2019,550.3851929,551.3857327,528.5734481,530.952528,48206814
22-01-2019,549.2512207,554.4985184,542.3363765,548.228477,36207430
23-01-2019,545.3158569,553.275709,543.4037114,548.4286148,19313542
24-01-2019,554.7208862,557.2778346,542.5588029,544.7377511,28775487
25-01-2019,554.0760498,562.3916379,549.3624168,556.0549255,18703992
28-01-2019,546.7611084,558.5007854,543.58162,556.0772381,18744303
29-01-2019,538.3565063,547.6948979,534.2209457,547.4058319,20405845
30-01-2019,531.7084351,544.7377154,529.6628884,540.2908851,17164298
31-01-2019,545.6938477,546.8277889,534.0653692,534.5100404,22279301
01-02-2019,555.8325806,558.0782591,545.6493728,548.7399266,20187323
04-02-2019,574.0424194,576.7327692,552.3196086,554.5207607,25528059
05-02-2019,574.3314209,580.0456534,568.5727807,574.5315526,20479210
06-02-2019,582.6469727,585.9376579,575.5320561,576.4213984,20586783
07-02-2019,573.8200684,587.5162967,571.9079229,582.6469989,20150710
08-02-2019,568.1725464,578.3113456,565.7489995,571.329771,14230054
11-02-2019,557.3001099,567.4167071,556.2995699,567.3722399,16457901
12-02-2019,558.7008667,565.7935809,556.5219182,556.5219182,13998153
14-02-2019,544.381958,551.8526714,541.6249373,551.8526714,14496604
15-02-2019,553.3867798,555.8103266,539.8461573,546.8499357,20994460
18-02-2019,542.5587769,556.966538,540.2908946,555.8548007,21106139
19-02-2019,540.7800293,551.2745654,538.6010813,541.6249045,13658461
20-02-2019,548.8955078,551.407989,542.0695975,544.2263417,13776558
21-02-2019,554.4762573,559.323351,546.6720707,549.629223,23142949
22-02-2019,548.0062256,553.7648663,545.1824743,553.4535965,19152470
25-02-2019,547.9838257,552.7419847,542.8032588,549.6291682,17176522
26-02-2019,542.6254883,549.0956619,536.2887754,537.8451245,22160532
27-02-2019,544.0706787,553.5869387,537.6227686,546.0940216,24308835
28-02-2019,547.4280396,551.3412647,545.4269599,548.6287111,24688859
01-03-2019,545.2045898,552.4529671,543.5148395,550.0738874,17329606
05-03-2019,550.3629761,551.3190488,541.8917231,544.0262041,15577500
06-03-2019,562.4361572,566.1270469,549.2290665,551.3190805,26332276
07-03-2019,564.8596802,569.106379,559.4789808,562.0803963,17738092
08-03-2019,563.4588623,566.7272841,561.1909802,562.9919279,13211934
11-03-2019,579.9122925,583.4252544,563.8591867,564.7707924,21258869
12-03-2019,592.0298462,593.2082545,584.4257318,585.6041401,24561597
13-03-2019,599.1224976,604.7699395,590.5845746,594.5422663,24577591
14-03-2019,596.5656128,605.6594053,594.1420659,600.2120351,22753310
15-03-2019,587.7164307,604.2364101,583.0694685,598.0997698,34764353
18-03-2019,600.345459,603.8584801,590.9848634,591.8742058,22104063
19-03-2019,612.1296387,613.663784,597.2549414,604.770063,21448030
20-03-2019,611.6403809,617.2211524,606.5487476,612.6853878,21639437
22-03-2019,596.6546631,614.0640473,594.4090436,610.32869,25078643
25-03-2019,588.9616089,594.4757105,585.5153176,591.6964261,17394088
26-03-2019,607.9940796,609.928429,591.4295723,591.5629737,20734876
27-03-2019,599.9897461,612.7521658,597.7663307,612.7521658,22079870
28-03-2019,604.7700806,609.1280367,597.1215574,600.4344471,22930248
01-04-2019,618.9332275,625.5812099,605.9040061,609.2168954,22088854
02-04-2019,617.9771118,623.9358832,613.7081502,621.668001,17526740
03-04-2019,611.5292969,623.8915126,610.1062896,619.3334843,17169813
04-04-2019,601.6795044,615.3090614,599.1002929,613.2190476,18320845
05-04-2019,602.0576172,606.5044488,597.2105814,605.1926388,14717266
08-04-2019,591.0960083,603.6583553,588.6280535,602.9913485,19081843
09-04-2019,593.4084473,596.187672,587.4274117,590.940433,20774977
10-04-2019,592.052063,599.433842,589.8731149,594.9647482,16651949
11-04-2019,598.9002686,601.6572894,590.9848837,592.7413647,12558520
12-04-2019,597.2549438,603.3915847,594.3867255,600.3232346,12948769
15-04-2019,595.9430542,599.8562791,593.6529087,598.099739,9285737
16-04-2019,597.5439453,604.7700002,595.8763394,598.0997546,17360317
18-04-2019,616.3096924,617.9994431,606.993563,611.440394,39286534
22-04-2019,598.2554321,607.8828302,596.4544248,604.7700132,23607922
23-04-2019,606.4821167,610.5509472,598.5445281,599.4338705,19807450
24-04-2019,617.8881836,620.245,607.549253,609.3502602,16101112
25-04-2019,610.2840576,628.0714372,605.9261618,617.710303,30469914
26-04-2019,619.3557129,620.7565163,609.5282414,611.440387,15069884
30-04-2019,619.3557129,620.9565887,607.7939642,620.9565887,22348580
02-05-2019,624.8031006,628.7385297,614.5975702,618.9999337,18992003
03-05-2019,626.4928589,630.3394132,623.7358381,626.0926548,14240262
06-05-2019,615.8427734,623.8026261,612.8188903,621.6681448,15832114
07-05-2019,597.4327393,620.3339569,595.9652651,620.2450227,19417647
08-05-2019,577.8444824,595.8764047,574.6205271,595.8764047,31958919
09-05-2019,558.7230835,573.1085831,556.6330694,573.1085831,42670173
10-05-2019,556.366272,568.1726193,553.6314549,562.5251167,24557430
13-05-2019,547.8728027,560.6574264,545.8494597,554.9210491,17603659
14-05-2019,560.50177,564.4594621,547.6281539,549.8515691,28438234
15-05-2019,558.9230957,568.3059541,556.121608,566.0825389,24419559
16-05-2019,562.6807251,565.5934103,559.4567701,560.2794414,14451308
17-05-2019,563.5924072,567.8391065,556.7442328,563.4145387,17276949
20-05-2019,589.6063843,594.8536829,579.6454519,584.1368094,26979100
21-05-2019,595.7874146,607.8828266,591.4517816,592.4078543,30343560
22-05-2019,596.0542603,604.636652,593.6974435,598.3888731,24689918
23-05-2019,593.1638184,618.9999268,589.206126,610.1062656,38766006
24-05-2019,594.4755859,602.0129698,585.4262607,599.4338178,22269265
27-05-2019,582.8248901,594.7646975,581.2018106,594.586829,16076686
28-05-2019,588.6503296,593.5640952,584.0256299,586.8938485,42594251
29-05-2019,583.8922119,592.8970715,579.9345192,587.4274372,15558515
30-05-2019,591.3184814,596.7658526,585.3152415,585.3152415,23494381
31-05-2019,591.4962769,596.7213118,587.0716501,594.9425676,25724066
03-06-2019,604.8590698,607.994091,587.5163579,593.6529989,18556942
04-06-2019,601.0568848,611.1067495,599.4782725,603.6360368,15442761
06-06-2019,590.2510986,605.6149326,587.4718148,605.6149326,16764835
07-06-2019,584.7148438,590.2066815,580.5792829,589.6286089,14722419
10-06-2019,586.6047363,590.0954944,582.5803728,587.3829406,11768468
11-06-2019,591.0515137,593.4305935,586.0933411,587.8053548,11492074
12-06-2019,592.3856201,595.1649041,589.206132,593.5195613,10297599
13-06-2019,590.206665,593.5195544,581.9355435,591.4295405,15686169
14-06-2019,585.8932495,589.206139,582.2690902,587.8275989,14942768
17-06-2019,570.2180786,586.9826558,568.5282689,586.9826558,14908257
18-06-2019,569.6400757,572.7306296,564.3483103,568.7062068,16797371
19-06-2019,568.0169678,578.97844,561.4579188,572.2637264,14492763
20-06-2019,576.6437378,578.0890081,568.3059458,569.1952881,10748848
21-06-2019,568.9729614,576.3102731,567.2164806,576.2880099,23236832
24-06-2019,561.3688354,567.6166129,559.0120192,565.7044678,11267228
25-06-2019,576.2436523,577.1997252,557.7447941,559.8126045,14966899
26-06-2019,575.4876709,580.1346335,572.0191167,574.0869269,11593027
27-06-2019,566.5939331,576.7104691,565.1931299,575.0429226,24905533
28-06-2019,557.2333374,570.4626902,555.2544617,567.905742,18942165
01-07-2019,564.2371216,565.926872,554.2761907,559.4344949,13478857
02-07-2019,568.5283203,569.6400576,561.7691402,566.5050367,10146746
03-07-2019,570.3293457,572.0858862,566.994252,570.4850103,8806492
04-07-2019,570.9740601,574.086877,569.195316,569.817915,9351405
05-07-2019,561.7913818,573.8645913,560.3017036,571.463248,10926753
08-07-2019,556.7664795,563.9036603,555.0544656,559.4123623,14009219
09-07-2019,569.2398682,570.7518098,553.8538275,555.387973,17535754
10-07-2019,568.684021,573.3531875,564.1704597,569.2176265,12018196
11-07-2019,569.8845215,573.5532067,568.8839818,572.3080682,8608376
12-07-2019,569.4177856,578.0891122,568.3282521,570.5294637,15692436
15-07-2019,567.4611206,573.4198334,564.9041722,571.4187536,10659498
16-07-2019,574.9761963,575.8211309,567.8834835,569.1730892,10070773
17-07-2019,570.0180054,576.7549817,569.195334,575.5543101,9482233
18-07-2019,561.1243286,572.0413326,559.4123149,570.0847201,11942908
19-07-2019,555.4100952,566.060236,552.6085483,563.9480184,16336536
22-07-2019,569.4177856,571.1964706,545.7605634,556.2995686,29092589
23-07-2019,566.3271484,575.3764146,560.4795147,571.4187224,20316348
24-07-2019,559.9014893,568.6617495,557.433475,566.3049328,15189179
25-07-2019,547.6281738,564.3260813,545.6270941,562.0804028,21805071
26-07-2019,539.7572632,552.5196825,538.0674533,547.6281807,20387504
29-07-2019,538.4899292,543.4036943,535.8885137,541.1358119,17626045
30-07-2019,525.1271973,542.514376,522.9260451,539.8240261,20853117
31-07-2019,518.6125488,526.9503408,516.9004758,522.8370436,21229950
01-08-2019,524.8381348,528.3733596,511.5420513,517.3451585,22628222
02-08-2019,529.8226318,536.040842,519.8690401,525.9530482,23766807
05-08-2019,511.4811707,522.0610383,504.6142875,522.0610383,30399133
06-08-2019,504.7485046,514.2771526,501.9302007,507.6339394,29067994
07-08-2019,496.2935486,509.3339082,493.4752147,503.9433076,25349369
08-08-2019,515.5073242,518.0348268,489.9858132,495.8237535,31198568
09-08-2019,519.8690186,525.8635583,515.4849638,519.7572133,21970009
13-08-2019,570.2633667,582.8115916,548.4548983,551.6534713,104827144
14-08-2019,576.3026733,583.5497664,572.768565,583.3484931,31688983
16-08-2019,571.7173462,577.890823,569.4805844,577.6224188,21977767
19-08-2019,578.2486572,580.1275465,572.6119893,573.0817265,16317602
20-08-2019,570.8001709,578.2485965,569.3015509,576.9960435,14969299
21-08-2019,568.5634155,572.0080556,566.5727212,570.6659748,10677848
22-08-2019,557.7375488,568.5858221,554.2258372,568.5634849,14031953
23-08-2019,570.7554321,574.4013454,548.6785598,554.2704931,21307915
26-08-2019,566.7069092,578.8748646,563.2175352,578.8748646,19202504
27-08-2019,570.3080444,574.848638,564.2016404,574.848638,28401906
28-08-2019,565.1411743,573.0593372,561.8978673,569.8160302,11605488
29-08-2019,555.5006714,563.7767058,552.6152369,562.0767529,18890222
30-08-2019,558.5426636,561.159694,546.2181095,557.1782458,24735240
03-09-2019,539.6867065,556.0598381,536.8236094,555.724303,18730619
04-09-2019,537.3381348,539.1722898,530.5831169,537.0697306,32949395
05-09-2019,536.1973877,542.7287354,533.8264243,539.8656977,22995486
06-09-2019,546.8890991,549.7969305,534.6987476,538.1657245,23186819
09-09-2019,546.7549438,551.5863389,542.7064242,546.0615365,11747929
11-09-2019,552.2127075,554.7178733,546.8891781,546.8891781,12127900
12-09-2019,541.4537964,554.9190984,539.373634,552.4810638,11880005
13-09-2019,548.2759399,549.5732269,539.9104371,542.1919325,12947715
16-09-2019,541.6327515,545.3681329,530.6054837,531.9028304,20547730
17-09-2019,535.6829224,541.7445927,533.9158982,541.7445927,15640772
18-09-2019,539.3736572,544.1155843,535.5711449,539.0381221,14933909
19-09-2019,527.4517212,541.1630927,524.5886829,540.3354831,13766222
20-09-2019,561.1373901,568.0937422,525.3268067,531.4331523,48165560
23-09-2019,554.3599854,573.0593494,552.4810962,569.9949784,21610844
24-09-2019,572.0303345,581.0221132,555.9480031,556.3282722,34958974
25-09-2019,572.4106445,579.3222616,567.6239836,574.4013388,18192270
26-09-2019,580.1275635,581.0222443,574.1777571,577.9802699,18350457
27-09-2019,585.607605,588.2693698,574.4014002,578.2039128,19058663
30-09-2019,595.986145,597.5518959,584.0417999,586.0325539,25263770
01-10-2019,583.7510986,600.3479038,578.5617713,598.1111423,17920384
03-10-2019,586.5023193,588.1351415,573.1935557,575.2961151,13524851
04-10-2019,585.1825562,594.3533317,583.2813299,590.4613513,14992253
07-10-2019,586.0772095,590.8638698,582.3194318,585.1824692,10061584
09-10-2019,592.6310425,594.9573319,578.203927,585.45108,17588647
10-10-2019,609.6304321,612.426339,590.9534063,592.7428274,35006390
11-10-2019,605.0897217,610.9053245,597.9097012,610.0553182,16597126
14-10-2019,607.5054932,610.6145981,604.3069202,610.6145981,13394275
15-10-2019,610.2567749,612.8738057,605.850323,609.5186334,9672791
16-10-2019,613.9250488,617.1906931,610.0554055,612.8290351,19403660
17-10-2019,624.7285767,625.8469872,613.7684398,615.1105205,16038940
18-10-2019,633.6086426,638.7755735,625.7128755,628.0838393,28121951
22-10-2019,632.6243286,642.7791919,627.7928744,637.4780603,27786502
23-10-2019,622.8944702,637.9031876,618.7564822,633.5862634,18446160
24-10-2019,642.6002808,644.8147048,620.2774025,626.7416192,22642488
25-10-2019,640.251709,644.8370366,631.3270013,644.6804974,13539957
27-10-2019,641.6162109,646.4252691,639.7149248,644.6358479,3014841
29-10-2019,656.2894287,662.0826359,645.1279577,646.6489748,25768505
30-10-2019,661.6799316,664.1180259,653.2696948,662.0825379,16341366
31-10-2019,655.081543,666.3996128,653.8960611,663.8720501,19463741
01-11-2019,651.7487183,653.9407457,644.6358277,650.8987716,13904301
04-11-2019,652.0842285,658.0563712,646.4699581,655.7748758,14063434
05-11-2019,647.4541016,657.1392883,644.6357978,654.5223175,12685356
06-11-2019,641.9069214,647.0738516,639.0438835,645.3962954,14625505
07-11-2019,652.5092773,654.4775749,640.6991336,641.9517463,14084039
08-11-2019,646.6489258,652.978941,644.7700366,648.2146767,12019353
11-11-2019,638.7307129,646.0896701,636.3820867,643.7857779,11357841
13-11-2019,658.6379395,660.2484244,639.7149055,639.7149055,25225749
14-11-2019,654.3657227,662.7982968,651.2566178,660.2931313,14258133
15-11-2019,657.9893188,665.1246063,654.5446788,655.6630894,15691605
18-11-2019,652.7776489,664.7666685,651.0776959,658.7945257,14076051
19-11-2019,675.3913574,677.6952498,655.3723093,656.26699,30176255
20-11-2019,692.3460083,703.4180101,690.3553139,695.6564462,43538120
21-11-2019,687.8500977,696.0813988,683.801578,691.1605356,14897371
22-11-2019,691.831543,702.1206694,687.8500945,689.8631858,22352865
25-11-2019,698.564209,700.0180949,693.8446192,693.9117501,15146156
26-11-2019,697.982666,705.1850245,696.08138,701.4943772,35330983
27-11-2019,702.2772217,704.804784,696.1260834,697.8484332,9642739
28-11-2019,706.9520874,708.6743775,699.6378642,703.5297847,13747479
29-11-2019,693.9117432,707.6901835,692.4354604,707.6901835,18559594
02-12-2019,709.725708,722.2291992,705.4758553,715.7649819,31225364
03-12-2019,706.3258057,713.0808241,703.5075017,712.5216785,12990426
04-12-2019,694.6051636,705.6995025,686.1277955,703.6864112,20987607
05-12-2019,693.7775879,706.7060825,690.7132169,704.1337859,19942460
06-12-2019,695.5893555,701.4496934,689.4158793,694.7394088,13085234
09-12-2019,703.5075073,705.6548007,691.8315658,696.1485495,12642677
10-12-2019,698.7431641,703.9548283,695.25379,703.261421,10173333
11-12-2019,698.944458,704.3573953,693.6656631,695.9024244,12364641
12-12-2019,701.5391235,704.066686,696.3721933,702.4562011,10326606
13-12-2019,708.1151733,711.291409,703.4179806,706.8178267,12668303
16-12-2019,700.8233032,713.0359917,699.8167577,712.1860452,11892718
17-12-2019,699.0786133,706.3704391,695.8800406,700.8903713,20324601
18-12-2019,704.9613647,706.817857,698.7655518,699.2128921,14742077
19-12-2019,720.2161255,722.4305498,703.1496429,703.9995896,20507816
20-12-2019,715.3623657,723.6160041,714.020285,722.4752563,21271510
23-12-2019,702.9706421,705.7218149,696.8866346,697.9155173,25107772
24-12-2019,691.8092041,703.2614154,690.0421202,701.8522634,18048449
26-12-2019,677.9189453,694.7170241,675.5703188,689.6619585,29761019
27-12-2019,689.9750366,691.6973268,680.5582539,683.1081535,17677571
30-12-2019,690.8026733,692.3460274,683.5779177,691.5855488,17123749
31-12-2019,677.3150024,690.5790325,674.6309005,689.8184942,22203005
01-01-2020,675.3241577,683.152852,673.4900625,679.0819357,14004468
02-01-2020,686.821228,689.3487906,676.3978993,676.3978993,17710316
03-01-2020,687.6488647,689.6619561,681.3187895,685.7923126,20984698
06-01-2020,671.7006836,683.510767,670.1349327,679.9767187,24519177
07-01-2020,682.0345459,686.4633347,677.068889,679.5293206,16683622
08-01-2020,676.9122925,686.4408797,675.5031407,677.7399019,16047902
09-01-2020,692.5026245,693.3973052,685.0094647,688.2975058,14982742
10-01-2020,692.3460083,696.9537332,688.7671662,694.2472346,12478359
13-01-2020,690.5789795,697.2892636,688.208016,691.1829188,18282382
14-01-2020,684.1818848,693.3973352,680.8043754,688.9238121,15816535
15-01-2020,681.6990967,688.879119,679.1939308,687.0673606,15817859
16-01-2020,687.984314,690.4224085,683.5555251,684.0029251,12847975
17-01-2020,707.2653198,709.0323442,694.8288991,694.9631012,29463471
20-01-2020,685.5015259,719.7911482,682.8397613,719.7911482,32545850
21-01-2020,686.1949463,691.5408127,680.871417,683.8239827,18922720
22-01-2020,685.9488525,691.9433921,684.9423069,690.7131763,10322817
23-01-2020,683.0411987,689.796218,680.2899656,687.3581232,11247739
24-01-2020,680.670105,687.2909209,679.3280243,683.1081396,14628445
27-01-2020,673.9597778,681.9674087,673.2663705,677.6952189,13387750
28-01-2020,658.3919678,675.5032445,654.7460542,674.8769082,24532236
29-01-2020,662.0154419,668.5243925,654.9472263,659.4207487,24746565
30-01-2020,645.8660278,661.9483607,644.1884717,661.6352224,22402689
31-01-2020,631.5060425,650.1159395,629.515348,650.0040745,34750310
03-02-2020,619.8076782,626.2719547,609.7646195,612.8289902,30712290
04-02-2020,638.1044312,640.8332668,625.31014,626.2942887,25383901
05-02-2020,647.9909058,649.9145289,639.8491328,641.9068983,18472100
06-02-2020,652.1513062,656.2669566,644.2332032,650.4961469,15538577
07-02-2020,641.3478394,649.7133433,638.9544787,649.109404,12209212
10-02-2020,642.2201538,646.6489428,630.9692153,638.8202476,15142476
11-02-2020,649.8921509,655.9090271,646.4475112,647.4987907,13999816
12-02-2020,657.7432861,659.7787744,650.8987994,651.4132707,13533565
13-02-2020,659.4655762,661.0760612,654.2986457,661.0760612,13565659
14-02-2020,665.4824829,671.6782959,650.0487634,660.8523611,21227841
17-02-2020,661.2997437,673.7808983,659.5327193,666.1088019,13149130
18-02-2020,656.4459229,660.2484353,651.9723999,660.2484353,11127161
19-02-2020,672.7295532,673.9150349,659.8905275,661.7917538,14084409
20-02-2020,664.7443848,674.6085087,663.7825731,669.6876452,16892268
24-02-2020,646.4028931,660.7405401,643.9871953,657.4972329,21370214
25-02-2020,633.6308594,649.288187,630.7677622,649.288187,27745062
26-02-2020,622.7155151,631.8191602,620.6353526,630.7678805,29362748
27-02-2020,620.1433105,623.52082,612.4264202,620.9261263,25054993
28-02-2020,594.3756104,607.0580958,592.7427884,606.1186215,39315769
02-03-2020,588.7838135,612.4263781,582.0511322,606.208168,29500495
03-03-2020,600.7280884,605.6713485,591.4007735,594.8454136,27398798
04-03-2020,599.3189087,605.6265864,585.0930684,604.8213738,22105261
05-03-2020,586.5470581,607.4831839,584.2431657,604.9108873,30510390
06-03-2020,568.5857544,576.2579099,555.20992,568.1384141,33734039
09-03-2020,498.4184265,555.165158,489.8516206,554.7401549,88187018
11-03-2020,516.0441895,527.1832629,495.667239,495.667239,59578576
12-03-2020,475.5363464,492.5357574,469.1392003,485.3781327,55970485
13-03-2020,494.4594116,509.9825407,421.585604,446.4584157,73297403
16-03-2020,454.3765564,483.0071452,449.5898653,474.4403386,38482258
17-03-2020,450.9319153,474.194269,448.784622,468.4905007,45445979
18-03-2020,433.2614746,463.413079,429.9063325,458.6711222,44730415
19-03-2020,410.5359192,432.5904242,399.1284125,411.6095658,61404010
20-03-2020,455.3830872,462.9657149,416.0383697,420.2882223,63360475
23-03-2020,395.4825134,424.9854448,391.7247351,409.8648935,40670949
24-03-2020,422.0329285,433.9325105,400.7389302,416.0383885,45734887
25-03-2020,484.1478577,515.1494078,430.9128665,431.1589037,73130298
26-03-2020,476.967865,499.6486775,466.2984991,490.2095275,45744488
27-03-2020,476.6994629,495.354093,468.0208212,489.8516574,41657940
30-03-2020,460.9750061,480.8151181,456.30018,465.51566,30229866
31-03-2020,498.2395325,505.4195243,468.8260681,480.4348788,44292810
01-04-2020,483.3426514,503.0932643,467.5734569,502.0419846,41597459
03-04-2020,482.0006104,507.4997576,472.5390929,507.4997576,41367807
07-04-2020,539.5526123,543.0866608,492.0884269,493.0278715,54373624
08-04-2020,533.3119507,549.7969488,518.9295715,527.8766166,49880330
09-04-2020,545.7483521,551.4968242,533.6922026,543.0865877,33032857
13-04-2020,531.9700317,543.5341095,527.8767178,538.5908488,23673784
15-04-2020,514.388916,552.9283885,511.3245453,535.5039758,35321842
16-04-2020,522.5308228,531.2094649,512.2193584,514.3889891,37455706
17-04-2020,547.5601196,550.2442809,533.5356129,543.9813375,33269335
20-04-2020,556.4178467,562.3228591,537.7184814,548.4549491,36030932
21-04-2020,553.5324097,560.0860955,520.7190675,541.2972622,61371628
22-04-2020,610.0105591,619.5392053,581.5589421,590.5059862,142683366
23-04-2020,613.2763672,619.9643143,605.4029384,611.6882791,65464502
24-04-2020,633.8994141,668.7705821,602.6741597,603.9938437,134986308
27-04-2020,639.6030884,659.8458059,636.5834515,641.5043147,58482901
28-04-2020,638.8873291,651.1000186,622.7825997,648.6619839,78453401
29-04-2020,638.3504639,650.2948089,635.241359,646.3804915,37494672
30-04-2020,655.8196411,668.7705323,643.31615,650.4290406,71345899
04-05-2020,642.0411987,655.3722994,634.1006388,644.1884921,53456868
05-05-2020,653.4262695,661.6352335,647.4093927,650.3172243,44903763
06-05-2020,653.4710083,664.2969422,646.6488597,654.9248941,40489094
07-05-2020,674.1387329,677.1360327,646.425252,650.8987749,50026966
08-05-2020,698.6761475,706.7731874,687.6264818,691.1605902,84262770
11-05-2020,705.3863525,722.4752308,703.3732613,706.8178416,67085063
12-05-2020,661.7471313,701.6063556,655.3723813,700.0182076,100683202
13-05-2020,675.7871704,689.583349,656.6169952,689.583349,66430125
14-05-2020,648.4658203,675.9001491,645.8014275,663.390983,49266771
15-05-2020,659.0557251,662.3523669,639.0501134,652.1011648,62152260
18-05-2020,650.6334229,669.2616544,644.875633,663.8425651,62796089
19-05-2020,636.2501221,660.0943173,633.6986696,657.9718099,42315854
20-05-2020,647.449707,653.388165,629.0698125,636.7469252,55320985
21-05-2020,650.8592529,659.9814127,643.5208405,648.0367682,39167981
22-05-2020,646.4788208,658.423466,644.1982807,655.6236169,37828973
26-05-2020,643.0917969,654.675164,639.5919113,653.9751869,33216635
27-05-2020,652.8010864,656.617037,637.6501047,646.2303793,35667956
28-05-2020,664.8585815,668.2455272,654.3590441,657.0685887,40126278
29-05-2020,661.3135986,664.7456964,656.0073898,662.9393134,40022527
01-06-2020,686.5802612,694.7089546,666.5295003,668.3584593,39943702
02-06-2020,693.5122681,695.4541673,686.7835282,689.1318561,22153960
03-06-2020,696.1992798,704.4860063,692.4509975,697.7121144,25381289
04-06-2020,713.4275513,717.8080228,695.9057249,697.2604674,34202350
05-06-2020,714.2854614,730.6783035,710.6726958,720.291647,33076685
08-06-2020,708.776062,730.8590267,706.7439185,730.8590267,31414953
09-06-2020,694.1670532,714.8726405,692.292942,704.6214391,25857161
10-06-2020,709.9728394,713.314633,695.476683,696.8540015,22132647
11-06-2020,694.4154053,708.0760679,691.3897363,707.1954824,20385805
12-06-2020,717.4918823,719.3885696,676.0355556,677.3903578,38548899
15-06-2020,729.1204224,734.7201801,704.9827365,706.7439675,53107403
16-06-2020,730.5428467,744.474481,715.9111756,741.9681808,51187003
17-06-2020,729.4816895,738.5586972,723.4980791,726.275352,41782053
18-06-2020,747.7937012,751.9031997,725.0785489,725.7107978,40471557
19-06-2020,794.5336914,807.8105014,750.5484912,754.1611973,105804173
22-06-2020,788.5501099,814.7650899,783.5148136,800.8560305,60198705
23-06-2020,777.1473389,796.498123,774.9796793,790.2886928,37962078
24-06-2020,780.2858887,800.5398942,772.9926884,783.9212306,51586221
25-06-2020,775.7926025,789.837179,773.6023667,779.9021017,39679374
26-06-2020,786.5179443,791.1919643,775.3861572,780.7150022,30921913
29-06-2020,778.1633911,785.6598351,774.7312936,780.3762026,25621946
30-06-2020,769.5605469,786.2243018,765.6993849,784.4179787,30276420
01-07-2020,784.6890259,789.837203,771.3444262,776.7409997,28464103
02-07-2020,798.1978149,801.4852041,786.7259846,790.3307848,28789533
03-07-2020,810.6896973,813.0022453,801.6664243,807.0168939,29434266
06-07-2020,839.6640625,842.4753051,812.594181,818.4434654,47016185
07-07-2020,826.8092041,845.3545651,819.0329065,843.3821558,35189589
08-07-2020,815.2694702,832.0237061,811.6420024,827.0813187,26204095
09-07-2020,827.171936,832.0463194,809.9415549,820.2571396,36418942
10-07-2020,851.5665894,854.5365672,827.1719444,829.0990778,43759967
13-07-2020,877.3895264,883.148079,861.5193998,863.0383907,69608392
14-07-2020,869.2277222,880.4274761,855.760816,876.9360759,67331128
15-07-2020,836.1272583,897.2498215,815.2694682,878.7271276,139669773
16-07-2020,835.8551636,847.4629996,821.8214399,837.487494,60961724
17-07-2020,866.824585,870.5880603,833.4066658,836.5807151,49726765
20-07-2020,870.5426636,876.029201,861.3607146,869.5904908,36592938
21-07-2020,893.9624023,896.433626,878.0696681,879.2032443,42173371
22-07-2020,908.6762695,911.3968403,889.0426683,899.1541819,59771457
23-07-2020,933.0708008,943.0009105,902.940273,908.6534893,58333751
24-07-2020,973.1314697,980.7717596,933.070831,933.1615027,120597372
27-07-2020,977.6885376,997.0047293,964.8564523,987.9361195,80304827
28-07-2020,987.4372559,994.8281989,975.1719293,977.6884888,55114422
29-07-2020,950.6866455,989.7497165,938.806734,987.52796,72663399
30-07-2020,956.2185669,970.206896,939.509607,951.7522659,72857444
31-07-2020,937.2877808,965.3551703,930.8037346,958.7804524,74958061
03-08-2020,910.9434204,932.7081064,908.2681255,930.1235432,46715383
04-08-2020,975.149292,982.5855711,906.9759242,916.2032693,92041055
05-08-2020,964.1988525,995.734972,960.5033813,983.4923741,74549993
06-08-2020,967.6676636,982.9029684,955.7424157,978.0512527,49322975
07-08-2020,973.2674561,978.4139143,961.3649371,965.7178381,32984416
10-08-2020,961.2062378,981.678672,955.878436,979.0034371,26958997
11-08-2020,967.5316162,979.4115278,952.3643158,967.9850347,46828306
12-08-2020,964.7202759,972.6100327,955.2889203,961.7276302,30264617
13-08-2020,962.2037964,969.8440863,956.7399271,964.9016992,24830322
14-08-2020,958.4629517,978.0511559,947.3312022,962.430438,33224635
17-08-2020,948.2835083,954.4728114,938.6480809,954.4728114,30979066
18-08-2020,960.6168213,967.758357,944.2026051,945.404185,30547672
19-08-2020,966.5114136,976.6909913,961.8864371,970.7963711,34087543
20-08-2020,950.867981,963.0426354,946.764427,961.2742374,22537845
21-08-2020,943.9758911,962.1811737,941.7767425,960.3674398,25280895
24-08-2020,950.2785645,954.246051,938.8294034,948.3061552,32717218
25-08-2020,944.0891724,957.3293989,942.2301028,954.9261791,19388008
26-08-2020,969.1186523,973.9477001,928.1738419,945.404224,59870421
27-08-2020,957.0120239,974.8772272,953.6792993,973.9703303,28085062
28-08-2020,959.5285645,967.1235185,955.0395958,961.2742345,27166900
31-08-2020,943.4544678,985.759593,934.2271229,985.759593,62076132
01-09-2020,946.4243774,962.3624465,935.1565603,952.2055975,38616258
02-09-2020,964.9923706,969.4360034,945.4041656,948.5781548,26949439
03-09-2020,957.6921997,969.7761229,953.5659776,964.9017394,18586429
04-09-2020,941.8900757,950.8226775,939.6002554,944.746714,28475945
07-09-2020,944.338623,954.8128835,926.9268381,944.950777,21926473
08-09-2020,955.4250488,961.7276916,943.3637336,948.578196,27397082
09-09-2020,980.0236816,982.9483239,943.7945187,945.4042413,55310877
10-09-2020,1049.239868,1063.273591,986.371583,989.8857107,140304404
11-09-2020,1051.847046,1060.054153,1037.042613,1048.333038,59470807
14-09-2020,1044.048218,1070.097863,1034.730141,1054.227796,44063445
15-09-2020,1051.439209,1054.567863,1037.518823,1048.310555,27178393
16-09-2020,1054.02356,1074.337258,1047.675581,1051.960419,33952295
17-09-2020,1042.325195,1058.172594,1039.196422,1051.960503,25828669
18-09-2020,1045.47644,1051.711079,1032.258882,1049.353255,33074915
21-09-2020,1022.872864,1059.215301,1019.018597,1042.891758,33627381
22-09-2020,1002.604553,1032.462948,998.251592,1032.462948,34792254
23-09-2020,1011.514465,1032.349648,999.952024,1024.754693,42988708
24-09-2020,989.024353,1009.337993,986.6891368,1001.130945,29826318
25-09-2020,998.3196411,1003.35276,982.7216491,992.5610883,28374935
28-09-2020,1004.917053,1014.77922,1000.745495,1009.791437,19666849
29-09-2020,1017.97583,1026.568293,1004.917007,1008.884553,25842539
30-09-2020,1013.124146,1027.928579,1008.884524,1024.754589,24465159
01-10-2020,1008.997986,1026.477716,1003.896863,1026.477716,20783227
05-10-2020,1003.080627,1019.834863,1000.269385,1017.499707,18922799
06-10-2020,1002.241821,1012.920093,998.2969426,1008.997943,18412175
07-10-2020,1023.621155,1046.972836,1006.617452,1013.418909,53170865
08-10-2020,1015.345886,1028.382102,1007.569589,1024.301156,21077808
09-10-2020,1012.716064,1021.580662,1005.302454,1013.41889,18545499
12-10-2020,1014.34845,1022.827573,1009.451458,1013.418945,14226473
13-10-2020,1034.140625,1036.430445,1009.269836,1011.423648,23112012
14-10-2020,1037.223999,1044.705613,1028.608749,1033.324516,26742011
15-10-2020,1000.496094,1038.357586,995.2816313,1038.357586,20036197
16-10-2020,986.5757446,1012.28525,985.1474255,1004.350276,21583600
19-10-2020,986.7570801,1010.562239,977.2123845,993.0371147,31200385
20-10-2020,977.5524902,994.3747896,975.8974318,988.0267509,18482288
21-10-2020,963.3600464,993.921326,951.185392,983.0389832,34082321
22-10-2020,955.3569946,966.9421636,948.124787,964.6296754,30802210
23-10-2020,958.1229858,968.0757646,950.5733671,954.9262685,23422125
26-10-2020,920.057373,953.0898169,915.2509934,953.0898169,37324416
27-10-2020,922.5058594,934.0002955,909.1296258,922.6872028,36478896
28-10-2020,912.0543213,933.0255098,910.2179196,925.8159104,29924017
29-10-2020,919.0597534,925.9066058,902.7816056,905.5021762,30655304
30-10-2020,931.5745239,936.3809035,916.7473025,922.0524364,34021563
02-11-2020,851.2945557,919.1051762,842.9967755,919.1051762,99366895
03-11-2020,839.0291748,865.6002399,832.0917105,856.9850494,88691623
04-11-2020,867.5046387,874.6689021,832.9532051,832.9532051,80180117
05-11-2020,886.4581299,889.1560328,876.0292051,886.435462,37205373
06-11-2020,920.0800781,924.9997976,896.9550757,902.3282736,66674086
09-11-2020,929.8514404,938.14922,923.1859913,935.0205667,35838510
10-11-2020,945.2001343,947.6713579,925.5439247,941.7767378,36934242
11-11-2020,905.5928345,949.9384288,896.9323085,947.2178582,56724780
12-11-2020,897.7938232,910.6939707,890.9923667,898.2473017,40046527
13-11-2020,905.2301025,923.4807196,898.5873814,898.700721,45388670
14-11-2020,907.9053345,913.7999541,904.7540133,913.6186107,5226220
17-11-2020,903.8018799,945.4042408,900.0610724,945.4042408,46542562
18-11-2020,901.0585938,909.809852,888.7705995,903.8018325,30402290
19-11-2020,894.6878662,911.6008364,892.4433819,901.0585724,27796343
20-11-2020,861.2926636,899.5169004,859.2521906,895.5266861,57471248
23-11-2020,884.5084229,893.2596217,873.4220078,884.6444304,45327567
24-11-2020,890.5616455,895.0732821,876.0291672,890.5389776,30936268
25-11-2020,883.1934204,903.6658556,880.6542529,897.7939034,32637879
26-11-2020,885.369873,890.992418,875.1450197,885.5739443,25838637
27-11-2020,875.0316162,886.9568637,871.2228051,879.8833317,47336811
01-12-2020,886.4128418,891.5593007,875.1450832,879.8153957,19750687
02-12-2020,887.8864746,889.6322048,877.3895457,888.0451501,22188887
03-12-2020,890.5616455,898.2926671,888.1130899,894.1664452,27785372
04-12-2020,882.7172852,892.8061307,879.6566356,892.8061307,18464552
07-12-2020,887.9090576,890.992375,879.9286891,879.9286891,18242188
08-12-2020,904.0285645,913.3239128,884.1909519,889.2467387,43403061
09-12-2020,919.0824585,922.1885039,906.5224493,911.3741648,29175254
10-12-2020,910.036499,919.7852656,907.3159283,916.6566123,16065507
11-12-2020,909.4924316,924.0929139,895.1866324,912.7570925,26944202
14-12-2020,902.9177246,913.6640609,900.6732401,910.4673435,17312747
15-12-2020,895.2319946,902.1921267,889.2239753,902.1921267,18551265
16-12-2020,896.2295532,904.5727289,891.3098339,901.4213476,18561011
17-12-2020,900.3331909,909.1297859,896.5017115,899.8344365,20252358
18-12-2020,903.0309448,909.0842999,890.9923585,897.8392108,18466344
21-12-2020,879.5205688,916.8379694,841.2283276,911.396828,44135540
22-12-2020,878.1603394,888.2265173,856.2822534,883.7375485,28140001
23-12-2020,881.4023438,884.8484079,870.882688,875.1223094,19501410
24-12-2020,904.2098999,906.3183166,882.331816,882.8305703,20776988
28-12-2020,908.3588257,915.0242748,904.7313582,909.9004844,17221499
29-12-2020,902.3508911,912.4397367,898.9501027,910.9434138,18611939
30-12-2020,904.8220825,910.1272166,895.7761411,904.7087429,22043630
31-12-2020,900.1971436,912.2583993,897.1591617,903.9152831,18781189
01-01-2021,901.1946411,905.5022064,898.7007496,901.4213204,10015175
04-01-2021,902.713623,906.3636986,892.3527026,904.6406964,24513534
05-01-2021,891.4911499,899.4261823,886.9114499,892.8060693,24123091
06-01-2021,867.9807739,891.4457932,863.8545521,891.4004574,46401468
07-01-2021,866.5750732,881.9237156,863.8545027,870.8146344,32325918
08-01-2021,876.8000488,878.9311937,867.0059457,869.6811807,27540187
11-01-2021,860.2723999,879.1124427,858.1185874,879.1124427,33307825
12-01-2021,887.3876953,888.7252828,861.4740587,862.87971,41161546
13-01-2021,879.1125488,895.504098,869.8852637,890.3349713,26619458
14-01-2021,888.9973145,891.8539527,879.2258799,881.9237827,21553242
15-01-2021,878.5004272,894.9826476,870.6107299,888.9973558,20593268
18-01-2021,899.5849609,905.502249,872.1070575,883.7828982,35100458
19-01-2021,914.2987671,920.9188203,904.4366012,904.4366012,32006615
20-01-2021,931.6652222,933.1615451,907.4973159,916.5659852,30924537
21-01-2021,951.9335327,961.2742166,940.8698467,944.0438358,39087742
22-01-2021,929.3527222,959.165841,922.8006124,957.1933717,30532660
25-01-2021,880.1101074,922.7099765,876.0292211,922.7099765,54207104
27-01-2021,859.2521973,872.8551707,856.0782081,872.8551707,42370131
28-01-2021,850.8864136,872.084341,847.9164357,852.518744,34067814
29-01-2021,835.1976929,867.4593064,829.7791594,858.9347876,43712383
01-02-2021,859.3882446,863.7864815,837.9409106,843.1100368,34180952
02-02-2021,873.2179565,879.6566668,841.0923491,867.9808262,41470034
03-02-2021,875.4171753,885.0978794,861.5194572,874.3516028,30301696
04-02-2021,872.5377808,879.6566486,863.7865225,872.4017132,25626981
05-02-2021,872.2883911,881.7651431,870.5880568,875.1450294,20248046
08-02-2021,884.8483887,892.8060891,874.6915398,876.5052136,21183400
09-02-2021,886.9796143,902.1469161,885.233944,889.6095735,19604141
10-02-2021,895.2093506,899.9477267,873.8980819,885.8913938,21234156
11-02-2021,932.1185913,935.9727981,894.2797692,897.7938372,42539278
12-02-2021,925.7252808,942.2301692,913.8453687,932.0279835,30497029
15-02-2021,921.6443481,934.6578357,918.1982839,928.6498762,15791099
16-02-2021,933.8416748,942.864948,922.7325927,924.8864054,21421660
17-02-2021,944.6106567,950.369209,929.8061036,934.068333,23742994
18-02-2021,937.5598145,956.0144435,933.6602718,945.4041757,18646877
19-02-2021,943.2730713,954.4501576,931.0304125,932.7081389,23403483
22-02-2021,910.5352783,947.6260001,904.5727146,943.1370314,23804335
23-02-2021,917.4954834,930.8490501,913.0291825,928.6272337,25644108
24-02-2021,934.5219116,936.4489852,918.7197882,920.4655184,10807663
25-02-2021,972.3153687,975.784101,939.9630214,941.3233368,34855693
26-02-2021,945.7669067,967.576928,938.9200542,959.9139703,37481215
01-03-2021,952.9765015,957.6468737,935.2019694,956.8306485,17680764
02-03-2021,954.9262085,965.8085514,947.2632506,962.1811438,17150760
03-03-2021,998.5009766,1006.572077,955.4703591,961.7503937,31924461
04-03-2021,986.5983887,992.9917629,978.3686128,988.4801263,21435754
05-03-2021,987.890625,1002.967253,976.2601209,977.5977683,25511666
08-03-2021,993.5132446,1012.013209,983.0389844,983.2656636,19506841
09-03-2021,993.4905396,1003.806125,973.3355759,997.5487578,15154484
10-03-2021,989.3643188,1004.395612,984.0591848,1000.722808,11519358
12-03-2021,969.2546997,1000.450742,963.0426687,995.2816158,16864952
15-03-2021,956.2411499,974.3783674,943.3636703,970.3655452,16698099
16-03-2021,952.4777222,963.9948871,950.165234,958.5536855,13873801
17-03-2021,931.960022,953.5660342,922.7780125,951.3215497,19210236
18-03-2021,910.9888306,945.3135886,907.3160268,939.9177225,20647480
19-03-2021,944.0438843,950.323919,899.0635245,902.7816639,41787429
22-03-2021,935.1566162,940.4164144,921.916449,939.056159,18572478
23-03-2021,946.5377808,956.6039587,932.254709,934.9526119,17421165
24-03-2021,928.3098145,943.0236365,925.1811611,943.0236365,16822814
25-03-2021,902.9856567,931.3477881,900.0610147,931.3477881,22001648
26-03-2021,904.4366455,913.0745041,894.9372858,912.3036747,20180202
30-03-2021,920.1480103,929.0352757,903.030969,910.4899154,20441701
31-03-2021,908.2681274,929.4887233,906.4090578,915.0243084,16250796
01-04-2021,916.7699585,920.4654298,908.2907755,915.0242884,11723312
05-04-2021,903.5072021,918.1983572,889.6775483,918.1756892,14875099
06-04-2021,899.7437134,909.107066,892.8061886,908.6763154,14009194
07-04-2021,908.1547852,928.1284652,903.8245519,906.8625335,24266353
08-04-2021,909.2883911,916.8380097,903.688514,911.8502865,15369188
09-04-2021,898.7234497,909.7418005,897.7938849,906.1597286,14037885
12-04-2021,866.5750732,889.3599936,861.6326865,888.2717534,20901482
13-04-2021,875.9385376,879.9287521,869.6131669,872.4017415,19411189
15-04-2021,881.6063843,889.1786705,867.4139846,873.4446121,19723716
16-04-2021,876.074585,884.1456861,873.5126895,878.1150582,15656948
19-04-2021,862.2902222,868.9556717,856.9850881,863.3331266,18478808
20-04-2021,862.0408325,870.1345408,857.1891171,866.280394,17203668
22-04-2021,864.4213867,868.0715225,850.9544799,858.0053442,14490954
23-04-2021,863.4918823,870.0892682,859.410996,864.2400438,11828857
26-04-2021,878.6817627,889.6321696,866.7338471,870.5880541,20846778
27-04-2021,901.7161255,905.5929405,878.863198,879.6566953,19992524
28-04-2021,905.6381836,910.4898989,897.8618864,905.8875907,17122437
29-04-2021,917.7675781,927.0402589,910.1726237,917.2460959,17412606
30-04-2021,904.3687134,923.1860908,901.2173918,910.7167523,19828769
03-05-2021,888.2944946,897.3404357,881.0622873,891.4458159,23640186
04-05-2021,869.0462646,892.2619962,866.5070974,884.1908962,21849830
05-05-2021,870.6334229,878.9765389,865.1695531,872.1070779,12393609
06-05-2021,875.5757446,877.3894784,864.5119985,871.4268548,14624666
07-05-2021,875.9158936,886.7529013,873.3086623,878.6364645,12288548
10-05-2021,873.399231,882.7399146,871.0187392,879.2031789,13941237
11-05-2021,876.5505981,878.9990937,866.0536106,868.3208227,13478264
12-05-2021,867.4819946,876.4372642,864.6934201,875.1676805,13177961
14-05-2021,878.432373,880.5634578,864.2399738,874.2380875,13291616
17-05-2021,888.8839722,890.2895634,875.3036667,878.43238,11873078
18-05-2021,901.3986816,908.0414632,894.3931534,898.2473603,12064918
19-05-2021,905.5249023,914.3214965,894.1664728,897.7938805,16317002
20-05-2021,900.2424927,911.8049943,898.2474153,905.9103738,11422532
21-05-2021,908.0187988,911.215456,900.5145162,903.235087,10785605
24-05-2021,900.3557129,911.306119,898.7007146,910.4898939,8551760
25-05-2021,890.1536255,905.5022701,888.7253063,905.2301951,14780102
26-05-2021,893.2822876,897.5672453,891.1285348,895.5267721,7480204
27-05-2021,896.0255127,903.6884705,889.7454782,893.3956137,26819294
28-05-2021,949.8478394,954.4728157,902.3282519,902.3282519,56469931
31-05-2021,979.5476074,993.785344,945.426921,953.1125474,59124142
01-06-2021,983.4470215,998.4555856,973.2901127,982.132042,28013832
02-06-2021,998.1155396,1001.856347,978.0511883,978.0511883,24630162
03-06-2021,1001.924377,1020.220331,995.7804103,1007.070776,23974257
04-06-2021,993.2412109,1005.007723,990.4072405,1004.259562,14468646
07-06-2021,1009.972778,1016.592892,990.7473191,998.4556731,16336573
08-06-2021,1004.168884,1009.859433,996.7099375,1009.610086,9674735
09-06-2021,986.2129517,1007.07074,978.4819302,1006.163903,11409161
10-06-2021,989.8404541,1011.151722,987.3692305,994.5561021,14155653
11-06-2021,1007.009827,1013.766814,991.9716856,993.2457555,13762778
14-06-2021,1021.456604,1027.531003,998.7742214,1007.85176,20332436
15-06-2021,1023.7771,1035.106887,1019.363469,1028.782271,15174215
16-06-2021,1006.304565,1022.434741,1003.688245,1021.456502,10797349
17-06-2021,1008.1474,1016.951914,991.8807423,1001.026461,15745975
18-06-2021,1012.69751,1016.951912,993.9055194,1012.629269,29369026
21-06-2021,1017.975586,1022.639433,1001.094701,1002.618988,12186448
22-06-2021,1012.742981,1028.782229,1009.83089,1025.597054,12871913
23-06-2021,1003.460815,1024.050056,1001.799987,1023.777093,16653951
24-06-2021,979.8684692,1007.669698,973.7258293,1004.143379,91461975
25-06-2021,957.5499878,979.8683558,946.9254774,979.8683558,55355022
28-06-2021,949.1550903,967.5830691,946.8800342,965.5355426,20277042
29-06-2021,949.9741211,959.620393,948.290606,950.7476378,27144063
30-06-2021,960.3711548,965.8312655,951.4529058,953.8189497,19762858
01-07-2021,954.5925293,966.0587979,953.2502185,963.7155009,12534407
02-07-2021,968.7432861,970.4951021,952.3173409,954.1601447,14086620
05-07-2021,978.3668213,979.8911076,969.8580781,972.1103871,11702287
06-07-2021,966.8095093,977.7752841,964.716489,975.9780344,10070124
07-07-2021,960.0980835,968.1518276,954.6152261,968.1518276,10454892
08-07-2021,952.1581421,963.2377121,946.8800072,963.2377121,11185460
09-07-2021,942.4209595,951.7487142,940.1004093,950.0651388,9037675
12-07-2021,948.2905884,956.207791,943.9224517,946.3112426,8585292
13-07-2021,955.3887329,956.9130192,950.087791,955.5252146,6717133
14-07-2021,949.1550903,958.6420732,946.993769,955.6844882,8532544
15-07-2021,947.4943237,953.2502049,945.7425076,953.2502049,9448356
16-07-2021,961.1674194,962.2367067,949.8831264,949.9513673,8828185
19-07-2021,955.0474854,966.4455126,951.9989126,955.5252315,8354449
20-07-2021,952.7041626,959.1653798,948.2450983,955.2977362,6741464
22-07-2021,964.9440308,966.4000764,954.6835309,964.1705141,7972397
23-07-2021,958.1187744,971.2003764,956.4579462,971.2003764,9937030
26-07-2021,944.9917603,965.0805076,942.3754396,959.1653976,12389668
27-07-2021,935.0496826,948.1085383,929.1345729,944.9689778,10824523
28-07-2021,927.0187378,936.4147327,917.4179602,936.4147327,12897848
29-07-2021,934.253418,943.8769426,929.7715466,934.5946824,13765738
30-07-2021,926.0859985,940.942104,924.1748936,936.4147388,11350608
02-08-2021,943.0124512,946.1520118,928.7478264,934.7312372,10925104
03-08-2021,949.951355,951.4301475,939.2358562,950.9751483,11817299
04-08-2021,957.2315674,961.8954143,949.6100753,952.9771655,13169800
05-08-2021,971.109375,980.4598153,957.4589791,962.0318379,21252078
06-08-2021,950.5429077,976.8880893,945.8562535,969.1528623,16620987
09-08-2021,945.1281738,950.8841149,940.2822913,946.8799898,7494143
10-08-2021,950.0877686,961.4403616,943.5811181,947.3349665,11919198
11-08-2021,963.3969116,964.6254274,947.9720127,954.1373988,9184963
12-08-2021,960.3029175,967.4466035,957.8003316,966.8550624,8137612
13-08-2021,976.2965088,978.2303606,959.5975997,963.3969421,12780901
16-08-2021,988.9686279,1002.391495,968.333834,977.9801057,21935444
17-08-2021,984.7598267,994.2923038,977.297623,986.8529073,12658169
18-08-2021,988.5818481,995.020258,979.4588769,989.1961362,10075860
20-08-2021,977.4796143,988.2861008,972.3607079,975.0907632,9426282
23-08-2021,983.8952026,989.1960842,970.2220598,989.1960842,9854395
24-08-2021,993.6097412,997.3863366,980.8238494,985.123745,11864472
25-08-2021,1002.209534,1010.126797,991.9717804,994.3833786,13380559
26-08-2021,1014.881531,1021.456482,1003.301468,1004.666525,18589616
27-08-2021,1013.493774,1020.478292,1008.329434,1017.861911,10480636
30-08-2021,1032.991089,1035.539229,1017.770971,1023.777129,14027062
31-08-2021,1027.485474,1039.133718,1020.250739,1036.016904,26485463
01-09-2021,1031.557739,1043.297092,1029.692249,1034.242361,11145486
02-09-2021,1043.979614,1050.07676,1026.052128,1026.052128,9956770
03-09-2021,1086.796265,1089.75385,1047.66525,1051.077774,30664428
06-09-2021,1103.677246,1128.4299,1097.488992,1097.944052,33641710
07-09-2021,1110.638916,1118.419577,1097.489012,1105.679238,17349882
08-09-2021,1106.293335,1116.599387,1095.054538,1115.689389,14301651
09-09-2021,1103.677246,1109.251092,1099.354603,1104.723726,8963249
13-09-2021,1079.083862,1107.044319,1077.491335,1107.044319,16311160
14-09-2021,1077.67334,1089.298838,1076.558498,1080.653672,8908356
15-09-2021,1082.155151,1090.095041,1077.696027,1077.696027,9071075
16-09-2021,1104.860107,1108.750437,1077.013389,1083.633834,13448882
17-09-2021,1087.729004,1117.441337,1080.926582,1112.959465,34882133
20-09-2021,1089.458008,1100.378228,1078.378438,1079.333931,11779819
21-09-2021,1094.16748,1099.582097,1084.748678,1094.303962,9915736
22-09-2021,1105.906738,1111.139259,1091.232549,1095.668926,10995912
23-09-2021,1132.934448,1136.164996,1112.731907,1113.596412,15748397
24-09-2021,1129.658325,1140.009873,1124.789756,1139.145368,15192163
27-09-2021,1148.655029,1151.134928,1126.291287,1131.614916,15373834
28-09-2021,1159.393433,1167.060359,1143.354184,1153.000456,18035258
29-09-2021,1150.202271,1169.38096,1146.653144,1169.38096,9719875
30-09-2021,1146.289063,1153.27358,1137.689391,1148.905443,13590654
01-10-2021,1148.313843,1155.639564,1135.255047,1138.417355,8958928
04-10-2021,1163.078979,1171.587663,1154.3882,1161.645681,10918552
05-10-2021,1187.217407,1188.491477,1159.074855,1162.601235,13533634
06-10-2021,1164.762451,1192.108616,1160.781133,1192.108616,10258881
07-10-2021,1170.4729,1182.462468,1168.334326,1180.756086,6336665
08-10-2021,1215.450928,1221.434339,1174.613532,1176.319794,15772493
11-10-2021,1206.987427,1237.632499,1203.665891,1229.169311,14768666
12-10-2021,1213.880981,1220.797258,1201.800425,1203.506808,6682011
13-10-2021,1226.234497,1237.405054,1214.563387,1218.977017,9959762
14-10-2021,1228.714478,1236.472512,1222.70832,1228.691731,8623469
18-10-2021,1231.990601,1249.007967,1211.378494,1214.245091,13594479
19-10-2021,1243.024658,1251.897414,1232.172677,1239.361797,8833409
20-10-2021,1228.714478,1247.984274,1224.664918,1247.984274,12710570
21-10-2021,1193.269043,1241.272811,1184.487276,1240.999848,20831669
22-10-2021,1195.498535,1212.561515,1188.263802,1192.131385,11027475
25-10-2021,1183.850342,1219.432353,1169.380993,1219.432353,17198417
26-10-2021,1210.809692,1214.381565,1184.464512,1190.811994,9750178
27-10-2021,1195.498535,1217.976132,1192.108638,1206.69184,9896298
28-10-2021,1182.394165,1200.298903,1178.708678,1192.131424,9886181
29-10-2021,1154.024292,1181.279472,1138.303622,1181.279472,14233025
01-11-2021,1154.729614,1163.010828,1134.845529,1154.024338,15481114
02-11-2021,1137.894043,1159.370654,1135.36877,1158.005597,10569130
03-11-2021,1130.067871,1146.630298,1119.784565,1140.282816,11989430
04-11-2021,1137.006836,1139.759698,1132.980024,1134.322214,1705656
08-11-2021,1138.417358,1146.630331,1117.691516,1146.357248,20337183
09-11-2021,1147.403931,1150.679973,1131.637765,1139.805245,15682497
10-11-2021,1160.235107,1163.920715,1139.190809,1145.128726,10253470
11-11-2021,1162.351074,1169.608435,1153.705788,1155.753375,10722478
12-11-2021,1179.891724,1182.462611,1163.465777,1166.150398,8712341
15-11-2021,1172.930054,1184.032371,1169.380928,1183.031265,4803269
16-11-2021,1145.674805,1171.655914,1135.255017,1170.313603,11337581
17-11-2021,1121.149658,1137.052304,1119.7846,1137.052304,10202029
18-11-2021,1125.381348,1132.525095,1114.802329,1119.329695,8505625
22-11-2021,1075.534546,1114.32435,1069.733111,1108.454675,24124307
23-11-2021,1085.590332,1092.597596,1050.622735,1061.565702,25326999
24-11-2021,1069.915283,1096.533426,1066.34341,1082.928584,16820296
25-11-2021,1134.322144,1138.440064,1072.531559,1079.743546,42401936
26-11-2021,1097.762085,1127.337815,1092.711419,1122.878691,15763138
29-11-2021,1110.911987,1137.530256,1091.619441,1109.820013,24325354
30-11-2021,1094.48584,1126.564214,1086.955396,1122.969594,32172299
01-12-2021,1122.514771,1125.699825,1103.449696,1107.044316,10104610
02-12-2021,1129.726563,1135.800961,1120.057544,1123.743152,12720411
03-12-2021,1095.782593,1136.847454,1092.028745,1136.80196,19222481
06-12-2021,1075.011475,1103.404245,1072.531696,1099.309192,10332254
07-12-2021,1083.770386,1093.848849,1073.828404,1081.176872,11235122
08-12-2021,1100.264526,1106.498153,1094.895404,1102.994642,8744178
09-12-2021,1117.714233,1126.109182,1103.404115,1107.954227,13213547
10-12-2021,1118.851807,1122.059608,1105.838385,1110.343003,8364414
13-12-2021,1096.4198,1125.745314,1093.848913,1125.472351,12901733
14-12-2021,1082.996826,1094.758925,1079.925507,1082.928585,12991523
15-12-2021,1079.834473,1094.303819,1074.328748,1084.748536,9366969
16-12-2021,1093.803345,1099.08148,1077.764217,1094.622355,9761279
17-12-2021,1064.932861,1095.668925,1055.627794,1091.14156,21049821
20-12-2021,1036.22168,1054.649598,1022.457488,1054.649598,14325846
21-12-2021,1051.646606,1067.458266,1042.978694,1051.6921,12836561
22-12-2021,1076.603882,1079.243009,1056.537943,1057.857386,17658543
23-12-2021,1076.217285,1082.928719,1072.941243,1080.198604,9072401
24-12-2021,1079.652588,1088.388741,1063.61334,1078.378518,7886494
27-12-2021,1078.49231,1082.018689,1068.413845,1074.533738,4017223
28-12-2021,1091.300781,1094.235619,1079.766273,1080.926487,6374613
29-12-2021,1093.166382,1100.674079,1083.884062,1087.933741,15425312
30-12-2021,1073.418945,1094.281271,1067.276305,1092.028961,29333171
31-12-2021,1077.536743,1084.703116,1073.828389,1079.743558,9477290
03-01-2022,1093.780518,1095.646128,1075.443589,1076.10337,5421611
04-01-2022,1118.464966,1119.78453,1093.848795,1099.263532,10847728
05-01-2022,1123.697754,1127.064905,1107.02159,1120.239736,11643813
06-01-2022,1099.536499,1116.599479,1096.123855,1115.325409,14447422
07-01-2022,1108.409302,1118.442271,1097.284238,1106.111499,13112115
10-01-2022,1109.319336,1117.964622,1099.33186,1115.689565,9246731
11-01-2022,1117.304932,1126.132073,1107.954369,1108.409429,16205164
12-01-2022,1147.130859,1148.882736,1121.604687,1124.471284,14800442
13-01-2022,1153.591919,1156.185553,1141.352135,1147.199063,11856712
14-01-2022,1155.275513,1168.152333,1149.292102,1153.455516,19930176
17-01-2022,1161.304321,1167.105756,1154.365419,1154.820478,8036453
18-01-2022,1147.449219,1165.899882,1144.696357,1162.441865,6215029
19-01-2022,1147.358398,1156.640599,1141.625204,1151.180488,9755485
20-01-2022,1127.269653,1142.05758,1117.054587,1137.552961,16494486
21-01-2022,1127.45166,1138.553979,1115.68968,1115.68968,13338594
24-01-2022,1081.973145,1139.691425,1071.59885,1126.154703,21868937
25-01-2022,1079.8573,1086.864444,1048.802658,1069.07344,24510205
27-01-2022,1063.863647,1072.053874,1051.555621,1062.908155,20020431
28-01-2022,1062.839844,1081.06304,1059.450067,1076.103482,14667727
31-01-2022,1085.931885,1094.941123,1072.09945,1073.919567,12143683
01-02-2022,1082.337158,1101.402113,1067.958798,1095.669038,13200509
02-02-2022,1084.543945,1095.21395,1080.699109,1095.21395,10017691
03-02-2022,1070.529541,1092.688682,1068.004268,1088.388786,9572839
04-02-2022,1060.769409,1068.572936,1056.12831,1065.183039,11061241
07-02-2022,1054.30835,1072.372316,1048.802625,1065.638136,10714467
08-02-2022,1072.031006,1073.828376,1051.077695,1060.47375,12060849
09-02-2022,1084.521118,1086.204633,1072.918369,1078.901659,11486225
10-02-2022,1083.406494,1090.072314,1076.149013,1090.072314,12464491
11-02-2022,1081.290649,1084.976257,1066.593712,1079.857351,15943370
14-02-2022,1064.068359,1071.530562,1052.442742,1064.841876,10719633
15-02-2022,1100.196411,1102.90378,1062.771657,1069.824296,11212671
16-02-2022,1097.921387,1107.044359,1090.186219,1105.679301,10392840
17-02-2022,1111.821777,1117.008924,1096.578914,1101.17452,12853252
18-02-2022,1103.131226,1117.691561,1101.197374,1112.23145,6775458
21-02-2022,1091.983276,1109.09175,1085.021627,1097.48888,11107193
22-02-2022,1087.023682,1090.163363,1067.981475,1070.597736,13494914
23-02-2022,1080.221313,1095.009239,1077.468571,1092.52946,7310110
24-02-2022,1026.393188,1064.68256,1020.77385,1048.802543,24846650
25-02-2022,1039.224731,1050.144952,1035.721099,1037.472855,14570089
28-02-2022,1073.623535,1077.172661,1020.59197,1020.59197,21297446
02-03-2022,1091.369019,1092.48386,1059.813945,1062.202736,21471786
03-03-2022,1082.155151,1098.78582,1078.401303,1092.028893,10186748
04-03-2022,1058.153198,1075.784852,1055.787154,1070.643199,10805667
07-03-2022,1019.022278,1052.0334,1011.036774,1036.835909,17983310
08-03-2022,1017.179382,1021.957085,991.9262348,1006.259101,21289374
09-03-2022,1071.143677,1077.013352,1016.564962,1017.40684,20414228
10-03-2022,1088.502563,1094.303999,1073.828493,1092.028943,17980493
11-03-2022,1091.641968,1097.033958,1081.131192,1081.131192,12257423
14-03-2022,1100.605835,1103.131228,1080.19857,1086.068246,8340678
15-03-2022,1075.398193,1104.746453,1065.114887,1104.746453,15925769
16-03-2022,1093.553223,1095.623556,1081.609147,1083.83871,11149828
17-03-2022,1129.203247,1136.346872,1098.899378,1106.930375,21422098
21-03-2022,1122.696777,1130.249969,1109.774462,1112.049519,11999466
22-03-2022,1151.703613,1153.432622,1116.41744,1119.374905,22557065
23-03-2022,1155.366455,1167.037566,1147.99536,1147.99536,15462187
24-03-2022,1173.316772,1175.819419,1142.080273,1142.080273,13168266
25-03-2022,1181.142944,1190.311409,1172.5659,1175.068546,14222488
28-03-2022,1193.018921,1196.567927,1176.888684,1187.581436,9891424
29-03-2022,1193.291748,1200.321639,1186.398339,1200.321639,8684065
30-03-2022,1216.224487,1223.072403,1190.812051,1201.186345,15811550
31-03-2022,1198.843018,1214.745786,1196.044781,1212.584464,13223718
01-04-2022,1208.443604,1212.675258,1193.041512,1199.41162,7922880
04-04-2022,1212.015625,1217.157279,1201.982654,1208.261776,7929162
05-04-2022,1194.884399,1214.836726,1192.450114,1206.282428,13149870
06-04-2022,1191.699341,1198.729232,1177.161752,1177.161752,12257215
07-04-2022,1170.677734,1185.76137,1168.01586,1180.801692,15496499
08-04-2022,1190.152222,1194.406624,1164.830774,1164.830774,15152495
11-04-2022,1187.672363,1200.571929,1175.295977,1183.031143,9254209
12-04-2022,1165.308716,1184.214443,1162.737829,1177.11619,13217742
13-04-2022,1161.031372,1179.664132,1158.233016,1171.428413,10354235
18-04-2022,1157.4823,1164.739781,1147.44933,1152.545489,9974224
19-04-2022,1201.595581,1213.971966,1160.758311,1163.920618,26141820
20-04-2022,1236.927368,1244.002873,1205.372294,1209.012408,25072240
21-04-2022,1265.888916,1269.028476,1243.092742,1251.692533,21708633
22-04-2022,1255.287109,1274.943602,1248.643917,1255.332603,15054154
25-04-2022,1226.257568,1255.105279,1211.992942,1247.82517,17063215
26-04-2022,1262.954224,1271.758738,1232.036181,1233.082661,12227666
27-04-2022,1264.182617,1286.773948,1253.580734,1253.944805,19338945
28-04-2022,1283.065674,1297.239311,1267.708955,1278.561056,25614076
29-04-2022,1269.597534,1299.582834,1263.70511,1299.582834,18214862
02-05-2022,1265.138184,1276.536211,1254.945865,1256.743235,9467006
04-05-2022,1225.643188,1269.483665,1217.748793,1267.208609,19247660
05-05-2022,1201.641235,1242.1828,1197.591676,1239.225215,17210669
06-05-2022,1192.427246,1209.876925,1180.096353,1188.58241,19649948
09-05-2022,1145.856689,1181.711657,1140.715037,1171.633074,18083752
10-05-2022,1125.995361,1149.633292,1118.419424,1135.254934,19511677
11-05-2022,1114.460938,1130.682161,1102.01631,1125.085448,16643899
12-05-2022,1091.755859,1107.885974,1078.378487,1104.541691,20490321
13-05-2022,1104.132202,1127.519799,1099.013296,1103.859239,19308778
16-05-2022,1104.405151,1128.884719,1099.604703,1107.70394,13437911
17-05-2022,1150.793701,1155.685138,1106.589272,1107.999824,16551828
18-05-2022,1154.979736,1169.380842,1141.283906,1155.571277,17276788
19-05-2022,1128.361572,1143.217739,1122.082451,1130.24993,14699118
20-05-2022,1194.156372,1203.23385,1138.44018,1143.217762,21793091
23-05-2022,1186.171021,1207.397297,1179.846284,1197.364206,15252755
24-05-2022,1190.243286,1200.32175,1181.984819,1186.216474,13527818
25-05-2022,1188.491577,1208.830603,1183.713875,1198.95686,12714544
26-05-2022,1177.161743,1198.911319,1159.370738,1194.133617,17882023
27-05-2022,1171.701538,1185.374623,1155.776144,1179.869018,16521973
30-05-2022,1212.516113,1216.702154,1180.392243,1189.856419,13853398
31-05-2022,1197.887329,1218.886133,1190.17491,1201.868647,70620653
01-06-2022,1198.274292,1208.148034,1190.402523,1198.638243,9776989
02-06-2022,1239.589233,1243.297588,1198.501623,1198.501623,22126569
03-06-2022,1264.705933,1281.928143,1247.642951,1248.55307,23939791
06-06-2022,1259.268677,1280.403966,1252.102183,1264.933631,11093152
07-06-2022,1261.634644,1269.984099,1252.215961,1260.337827,12358255
08-06-2022,1239.475586,1265.388455,1235.949207,1261.634607,12479250
09-06-2022,1273.464966,1275.398697,1233.082628,1233.082628,17278305
10-06-2022,1235.016357,1269.438028,1229.214923,1261.247802,18093057
13-06-2022,1211.651367,1216.155985,1190.447841,1205.781812,17620803
14-06-2022,1195.817017,1215.723847,1189.151077,1205.804612,14714312
15-06-2022,1181.347656,1200.003164,1175.93304,1191.016674,11195535
16-06-2022,1164.830688,1209.899615,1162.100573,1193.496417,17111475
17-06-2022,1178.481079,1194.338231,1163.05624,1164.830743,24457187
20-06-2022,1157.118408,1190.812059,1147.130812,1185.306334,12066797
21-06-2022,1175.796509,1180.028043,1150.406822,1164.830674,11720049
22-06-2022,1140.078125,1164.057262,1137.985044,1163.966274,10617206
23-06-2022,1121.581787,1148.905326,1112.50431,1144.377961,19446323
24-06-2022,1137.552979,1142.535283,1122.969775,1128.430006,14240234
27-06-2022,1134.185791,1157.982955,1129.135125,1157.982955,15474529
28-06-2022,1150.133911,1152.977762,1129.385441,1129.385441,13572847
29-06-2022,1173.999268,1181.666314,1137.985067,1140.80617,19205146
30-06-2022,1181.052002,1190.265961,1167.560894,1173.931003,23112959
01-07-2022,1095.987549,1179.391238,1076.103583,1171.610576,81997149
04-07-2022,1098.262451,1111.139271,1076.603865,1082.450794,41857728
05-07-2022,1107.157959,1121.559065,1099.809491,1102.494112,17647327
06-07-2022,1097.420776,1111.116608,1086.568796,1101.174625,23943726
07-07-2022,1086.614258,1107.158004,1080.653594,1103.813721,23301033
08-07-2022,1088.115723,1100.219025,1084.088791,1100.219025,19010108
11-07-2022,1102.903687,1105.133128,1078.378503,1081.336088,13847467
12-07-2022,1101.33374,1110.09276,1093.84879,1093.84879,10778989
13-07-2022,1081.813843,1107.499363,1079.743629,1104.450791,14224132
14-07-2022,1090.732056,1107.47658,1081.540843,1086.568762,16970315
15-07-2022,1092.8479,1098.854058,1084.339217,1098.854058,9603210
18-07-2022,1102.152832,1103.404035,1088.525123,1101.584038,15160908
19-07-2022,1108.909912,1113.414531,1092.165388,1092.165388,16439888
20-07-2022,1138.89502,1156.867999,1131.273588,1155.730531,23924246
21-07-2022,1131.296387,1137.530135,1122.651221,1134.800019,16523230
22-07-2022,1138.940674,1144.946832,1135.255066,1137.530122,10969995
25-07-2022,1101.311035,1122.719405,1093.393893,1122.719405,23110452
26-07-2022,1101.811646,1112.003965,1097.193292,1101.62967,11303288
27-07-2022,1100.765137,1104.314142,1092.938862,1101.106341,8655086
28-07-2022,1118.010132,1122.946942,1101.584185,1108.409354,12496073
29-07-2022,1141.829956,1145.310841,1121.149727,1126.018297,15130683
01-08-2022,1171.587769,1177.457445,1140.988184,1146.243572,15700044
02-08-2022,1176.046753,1186.580275,1165.535978,1170.518402,13917913
03-08-2022,1185.920654,1187.581423,1168.220757,1183.03131,14250977
04-08-2022,1170.245483,1191.107809,1153.455585,1187.581429,14467127
05-08-2022,1153.000488,1173.385006,1149.792687,1172.111057,13942438
08-08-2022,1168.084106,1175.54631,1151.635413,1151.635413,10165178
10-08-2022,1175.068604,1178.435634,1163.48848,1172.520464,10724688
11-08-2022,1178.981689,1187.535867,1174.022012,1184.4418,8198226
12-08-2022,1198.046631,1201.845973,1174.932118,1178.617606,12650587
16-08-2022,1206.373291,1209.103406,1195.45307,1204.052741,6607378
17-08-2022,1212.675293,1218.021669,1208.307156,1212.607052,6595965
18-08-2022,1214.874512,1218.389455,1205.242409,1214.281041,7410035
19-08-2022,1193.213623,1215.056981,1189.150731,1209.715983,9460724
22-08-2022,1189.904053,1201.179521,1180.500282,1194.651701,9471680
23-08-2022,1208.255371,1211.176964,1182.942588,1184.152352,9678484
24-08-2022,1205.036865,1218.845966,1203.028361,1205.196734,10369622
25-08-2022,1201.522095,1215.604931,1197.208169,1209.236858,7871946
26-08-2022,1195.108032,1209.715994,1190.086651,1201.955469,10742038
29-08-2022,1185.818359,1211.998463,1176.871013,1180.043638,19838975
30-08-2022,1204.21521,1207.547704,1176.209169,1193.28218,23139054
01-09-2022,1168.813965,1189.150887,1164.385933,1178.971076,19909939
02-09-2022,1155.164673,1175.638521,1152.973478,1168.813905,12999345
05-09-2022,1173.105103,1178.446102,1155.392977,1155.392977,11327815
06-09-2022,1185.453247,1189.630246,1174.109315,1174.565859,10899618
07-09-2022,1178.560181,1184.563114,1173.196361,1175.47884,7488501
08-09-2022,1180.226318,1185.978219,1173.652856,1181.527366,7057077
09-09-2022,1172.876831,1191.45616,1170.457304,1191.45616,8314850
12-09-2022,1186.000977,1192.369169,1173.447282,1173.447282,7435419
13-09-2022,1195.906982,1200.449119,1187.347716,1195.108121,8888657
14-09-2022,1181.572998,1191.456134,1174.451707,1175.47878,8678219
15-09-2022,1169.863892,1188.511684,1167.14769,1179.130735,10365600
16-09-2022,1140.876343,1165.435905,1137.133067,1161.213264,20217708
19-09-2022,1142.359985,1151.604008,1132.727882,1140.876368,7580254
20-09-2022,1142.54248,1158.451491,1138.822026,1151.489827,8411448
21-09-2022,1145.692505,1156.306039,1138.959173,1139.758035,9207309
22-09-2022,1134.89624,1142.611003,1128.505347,1134.850598,10308170
23-09-2022,1113.623535,1139.39274,1112.071454,1134.39418,9528051
26-09-2022,1085.252197,1103.717541,1084.247945,1092.875675,12479523
27-09-2022,1093.880127,1107.460896,1077.377765,1092.852933,16154822
28-09-2022,1064.755493,1085.548958,1062.313266,1077.491757,16997059
29-09-2022,1061.491577,1080.755661,1055.876604,1077.332003,14671827
30-09-2022,1085.434937,1096.504894,1054.963725,1054.963725,18613024
03-10-2022,1081.668823,1103.329493,1078.701588,1091.711707,11852723
04-10-2022,1101.617676,1103.80887,1091.095426,1094.587669,8948850
06-10-2022,1105.68042,1118.416685,1103.877306,1108.830345,13352162
07-10-2022,1110.359619,1115.632154,1102.279597,1102.279597,7714340
10-10-2022,1098.239624,1103.626265,1090.11396,1097.874365,6329527
11-10-2022,1076.373291,1101.982746,1073.269129,1101.982746,9215177
12-10-2022,1084.293579,1087.237993,1069.617153,1073.680046,7417103
13-10-2022,1087.740234,1092.852901,1077.377733,1082.536163,7328492
14-10-2022,1082.216553,1103.055661,1081.486155,1102.439369,9106089
17-10-2022,1099.586182,1101.982767,1069.845491,1075.049562,16729355
18-10-2022,1118.987427,1124.351247,1104.790365,1105.634869,12415820
19-10-2022,1138.456909,1153.955018,1114.627746,1120.470931,19247142
20-10-2022,1141.515503,1149.915022,1134.394211,1134.394211,8717053
21-10-2022,1128.276978,1148.910694,1126.177189,1144.756517,8243452
24-10-2022,1132.043091,1142.382771,1120.836207,1122.981638,3370033
25-10-2022,1114.559326,1140.785075,1112.938782,1140.785075,12233241
27-10-2022,1118.94165,1126.839103,1110.564954,1122.068633,12513059
28-10-2022,1153.179077,1157.219028,1122.730686,1125.264198,17609592
31-10-2022,1163.883789,1169.065039,1155.940694,1159.957944,12419943
01-11-2022,1154.868042,1186.891214,1144.893621,1186.891214,13963166
02-11-2022,1162.080566,1164.157655,1148.089017,1155.986349,8981896
03-11-2022,1166.417236,1168.425861,1152.676721,1154.867915,6693449
04-11-2022,1183.581665,1186.891218,1164.568612,1165.846719,12575815
07-11-2022,1189.904053,1191.593181,1175.022357,1182.782761,11789748
09-11-2022,1188.717163,1196.91129,1182.348971,1191.593113,11254205
10-11-2022,1174.337524,1185.316196,1170.000778,1182.32614,5966242
11-11-2022,1201.407837,1203.325057,1181.413233,1186.891159,12310132
14-11-2022,1195.587524,1206.064131,1189.242153,1200.928523,9043112
15-11-2022,1190.223755,1198.94277,1182.326302,1197.071193,7086433
16-11-2022,1183.399048,1194.17233,1178.377546,1191.456128,9716161
17-11-2022,1186.457642,1192.825714,1177.761327,1180.020985,6661451
18-11-2022,1185.818359,1190.999609,1173.698388,1189.972415,5303197
21-11-2022,1164.477295,1181.413258,1160.916589,1181.413258,6390268
22-11-2022,1170.936646,1172.511548,1157.903706,1161.783908,6611488
23-11-2022,1167.284668,1176.802665,1165.093474,1175.478796,6413408
24-11-2022,1177.350464,1184.152259,1163.244688,1171.370352,9389439
25-11-2022,1194.925415,1198.257788,1178.719731,1181.869656,7349922
28-11-2022,1235.987427,1242.150108,1142.154514,1190.954019,31527484
29-11-2022,1238.110107,1246.988991,1229.801874,1234.344011,11058913
30-11-2022,1246.852051,1253.288707,1231.719201,1238.247142,26164986
01-12-2022,1243.177246,1257.648161,1239.844872,1251.622407,9485801
02-12-2022,1242.6521,1254.452574,1232.814607,1246.235626,11589592
05-12-2022,1224.529297,1240.187154,1222.497971,1238.018781,14828536
06-12-2022,1228.067139,1231.1713,1214.737404,1216.609102,8594245
07-12-2022,1209.944336,1230.258437,1206.132597,1225.693478,8462111
08-12-2022,1209.373657,1216.563533,1205.19678,1214.281054,7757008
09-12-2022,1191.04541,1214.281104,1187.735737,1207.89009,12655763
12-12-2022,1192.871338,1197.390654,1180.043788,1180.27212,9479842
13-12-2022,1198.303711,1201.955581,1189.949714,1192.871307,8333348
14-12-2022,1193.966919,1204.671737,1191.912652,1204.078266,7268947
15-12-2022,1177.008057,1193.73863,1173.652862,1188.032492,8688551
16-12-2022,1171.187622,1195.473329,1167.786785,1173.652791,15837349
19-12-2022,1186.571655,1188.717207,1171.689839,1178.21778,7729933
20-12-2022,1196.842896,1198.760115,1171.370366,1179.541673,7467588
21-12-2022,1179.815552,1201.955587,1175.980992,1196.477661,8527550
22-12-2022,1176.756958,1189.013857,1171.712635,1185.978159,7451122
23-12-2022,1142.24585,1182.554553,1137.703713,1170.137785,10257115
26-12-2022,1152.220215,1160.414342,1137.772122,1147.974874,5990242
27-12-2022,1161.646973,1163.51855,1148.203131,1154.936462,5763271
28-12-2022,1161.532959,1163.975186,1151.056351,1158.588545,7459393
29-12-2022,1161.007813,1163.564145,1152.882149,1153.566904,6930648
30-12-2022,1162.788086,1176.391675,1160.003541,1161.829476,7289476
02-01-2023,1175.889648,1177.304802,1163.244669,1164.066352,5316175
03-01-2023,1167.284668,1174.565828,1163.062148,1170.936659,7658932
04-01-2023,1149.709595,1169.110728,1147.632506,1167.261851,9264891
05-01-2023,1147.655273,1157.858026,1143.067494,1151.969199,13637099
06-01-2023,1158.086304,1163.130627,1149.595501,1153.40724,6349597
09-01-2023,1185.430298,1187.804182,1161.030607,1161.920753,10722753
10-01-2023,1167.901001,1189.630256,1162.240506,1189.630256,8047142
11-01-2023,1153.179077,1167.718457,1150.873656,1165.207766,11509553
12-01-2023,1128.276978,1156.077628,1125.2641,1152.585506,17688773
13-01-2023,1126.451172,1128.870578,1111.386784,1122.251352,20618583
16-01-2023,1115.723389,1131.951775,1107.917221,1128.779149,13623855
17-01-2023,1131.563843,1133.481062,1118.690651,1122.068667,10751000
18-01-2023,1129.692139,1137.178689,1123.141497,1129.144431,13448286
19-01-2023,1128.482544,1132.6366,1121.452416,1128.870504,11940054
20-01-2023,1115.061523,1129.829114,1112.596475,1129.829114,14930286
23-01-2023,1109.423828,1125.812085,1107.004422,1117.960395,10954118
24-01-2023,1102.873047,1115.517906,1089.817165,1113.851719,16488755
25-01-2023,1087.625854,1102.302279,1086.461854,1101.275206,12385018
27-01-2023,1066.992432,1089.817224,1055.260419,1088.470654,25830975
30-01-2023,1077.218018,1082.764407,1050.398796,1064.413289,21772103
31-01-2023,1074.524536,1089.954181,1068.65853,1087.374906,22691594
01-02-2023,1068.156616,1086.439272,1052.224782,1086.439272,19347800
02-02-2023,1062.244873,1071.854034,1054.963713,1058.159159,13662663
03-02-2023,1063.180664,1072.310581,1046.746766,1072.310581,24699575
06-02-2023,1055.169067,1059.528635,1052.589913,1056.789612,14837879
07-02-2023,1052.635498,1062.45017,1046.746671,1055.420163,15135435
08-02-2023,1073.657227,1077.286396,1053.137736,1055.876639,21160332
09-02-2023,1075.528809,1082.284961,1065.463104,1074.341987,13172763
10-02-2023,1066.672852,1075.003906,1059.665546,1075.003906,10790445
13-02-2023,1060.601563,1072.767178,1056.127889,1068.293504,10352493
14-02-2023,1085.594604,1087.329255,1060.738368,1063.614319,14321920
15-02-2023,1110.17688,1112.573585,1083.266497,1084.635888,33503591
16-02-2023,1109.30957,1124.716394,1107.027091,1118.165632,17264487
17-02-2023,1113.942993,1117.275487,1100.430688,1104.721792,11809520
20-02-2023,1102.165527,1118.30263,1100.202545,1116.134257,8836937
21-02-2023,1111.158569,1116.955992,1101.22967,1106.547968,13311592
22-02-2023,1085.959839,1109.286817,1084.202367,1107.438061,11024335
23-02-2023,1080.755737,1093.195327,1077.948371,1085.549028,9851910
24-02-2023,1088.150879,1093.834315,1080.983946,1082.809881,9434053
27-02-2023,1080.915527,1090.867248,1073.543203,1087.375005,11199715
28-02-2023,1060.236206,1080.527485,1056.173434,1075.551625,21994038
01-03-2023,1069.982422,1070.71282,1060.55571,1070.028064,11551145
02-03-2023,1061.833984,1073.520355,1059.802538,1066.832666,9333535
03-03-2023,1088.927124,1092.601936,1068.909818,1072.379119,14643807
06-03-2023,1099.563354,1106.821693,1095.591868,1095.591868,10171916
08-03-2023,1103.512207,1104.265426,1088.744496,1099.56342,15782657
09-03-2023,1076.989624,1103.306657,1075.095226,1102.895876,16235128
10-03-2023,1060.304688,1070.028075,1056.812445,1068.886896,13334091
13-03-2023,1042.866577,1070.028115,1038.529831,1063.180678,12771592
14-03-2023,1038.963501,1052.201831,1035.813697,1040.812257,16027522
15-03-2023,1021.20575,1049.166148,1016.80054,1042.683971,21728555
16-03-2023,1016.115784,1028.943333,1005.296859,1023.921952,18363159
17-03-2023,1014.837646,1028.007513,1010.090059,1024.720782,34014213
20-03-2023,1004.863159,1013.422486,995.1625933,1011.140007,19524589
21-03-2023,1036.110352,1038.073334,1012.052977,1012.943123,21400360
22-03-2023,1039.260132,1046.039105,1036.247255,1043.094692,10920094
23-03-2023,1026.113159,1036.201685,1023.944786,1035.33436,16249370
24-03-2023,1005.799011,1027.117424,1003.379605,1024.949051,12375945
27-03-2023,1021.43396,1028.943332,1004.383891,1012.281283,14054323
28-03-2023,1026.204468,1030.08467,1021.182965,1024.834956,12576424
29-03-2023,1020.133057,1024.743657,1009.359714,1022.095919,18804065
31-03-2023,1064.116455,1069.777071,1029.262976,1029.399903,28171201
03-04-2023,1064.299072,1072.310631,1056.7897,1070.484696,10293043
05-04-2023,1061.742676,1071.854023,1053.845344,1071.854023,16262928
06-04-2023,1068.863892,1074.592971,1058.227537,1058.227537,18435046
10-04-2023,1061.286133,1072.949682,1059.779694,1072.767113,12961408
11-04-2023,1066.535889,1068.65862,1060.921036,1065.463173,10542367
12-04-2023,1071.237793,1080.892596,1063.659958,1066.535787,18179087
13-04-2023,1075.277832,1079.979717,1069.11515,1074.136532,12378208
17-04-2023,1080.73291,1106.98148,1072.333392,1106.98148,17929479
18-04-2023,1068.361938,1085.092512,1061.811176,1085.092512,10405576
19-04-2023,1073.680054,1076.373314,1064.641422,1067.768405,12273475
20-04-2023,1070.963867,1076.875516,1064.595795,1074.638679,7007330
21-04-2023,1072.310547,1077.788472,1066.558647,1073.063766,7647317
24-04-2023,1076.419067,1086.872732,1071.853989,1084.179472,12936186
25-04-2023,1084.658691,1086.73578,1072.995264,1080.070912,9236126
26-04-2023,1078.290771,1089.246745,1074.615959,1086.005535,8617834
27-04-2023,1085.115234,1088.28786,1079.157944,1084.179446,9167125
28-04-2023,1104.949951,1106.502153,1087.26077,1087.374875,15565210
02-05-2023,1114.331055,1116.499428,1108.419406,1112.117039,12981805
03-05-2023,1104.767334,1116.134086,1101.549067,1116.134086,7061872
04-05-2023,1117.503662,1119.717678,1102.256707,1105.246763,8635233
05-05-2023,1114.650513,1123.597859,1112.025716,1114.308195,8746585
08-05-2023,1128.414063,1133.777882,1115.746261,1118.4167,9153782
09-05-2023,1131.906128,1135.215801,1124.46522,1129.829039,6464721
10-05-2023,1139.689575,1141.173193,1132.659447,1136.676698,10872255
11-05-2023,1132.248535,1145.578149,1130.536585,1140.762159,10557860
12-05-2023,1134.09729,1135.489623,1121.383847,1127.455244,6955341
15-05-2023,1136.334229,1143.318593,1128.984605,1136.631024,6833343
16-05-2023,1120.151367,1141.058816,1118.48506,1138.502483,8717229
17-05-2023,1113.532227,1125.264118,1108.830341,1124.351151,8798967
18-05-2023,1111.13562,1121.612227,1107.985695,1118.211269,10525531
19-05-2023,1114.741943,1116.567999,1104.196872,1111.135716,8050447
22-05-2023,1120.699097,1125.720599,1110.359538,1111.569181,7434906
23-05-2023,1120.493652,1126.633512,1119.078499,1123.278318,6092034
24-05-2023,1113.965698,1124.807563,1110.861537,1116.544973,8112254
25-05-2023,1113.828857,1117.960213,1102.918649,1111.067134,11487863
26-05-2023,1144.20874,1145.349919,1118.759034,1122.068586,12626260
29-05-2023,1150.645386,1154.93649,1144.528347,1150.827955,10010304
30-05-2023,1150.348633,1158.451475,1147.792179,1150.645308,11342504
31-05-2023,1127.500977,1145.738109,1123.438205,1141.241614,27107927
01-06-2023,1124.46521,1134.348466,1122.068625,1132.180093,14592692
02-06-2023,1120.790405,1133.412564,1118.873186,1128.003102,15800644
05-06-2023,1130.856323,1133.823558,1122.274115,1126.268544,10908682
06-06-2023,1131.814819,1135.626558,1123.894667,1133.686517,7493309
07-06-2023,1140.397095,1141.241599,1128.733546,1135.307129,10312545
08-06-2023,1141.081787,1148.933598,1137.133121,1143.980559,12071109
09-06-2023,1133.001709,1145.144501,1131.198475,1144.436924,5877018
12-06-2023,1134.005981,1136.311282,1125.264026,1130.057316,6391969
13-06-2023,1150.759521,1151.946464,1134.964737,1138.959166,11248016
14-06-2023,1164.910889,1166.348864,1149.001999,1150.827934,13277380
15-06-2023,1165.230469,1169.795427,1157.447122,1164.88803,11813494
16-06-2023,1176.574463,1178.856942,1168.722653,1168.722653,24171579
19-06-2023,1164.888184,1179.587432,1160.711306,1179.587432,6798554
20-06-2023,1167.307495,1170.457299,1157.218969,1162.948048,6921096
21-06-2023,1170.59436,1173.127872,1163.153452,1167.261866,6961603
22-06-2023,1157.447144,1174.702724,1155.84942,1166.805392,7619166
23-06-2023,1147.974976,1156.4886,1146.71957,1154.434333,6628570
26-06-2023,1139.210205,1148.271658,1136.083222,1144.437098,12641159
27-06-2023,1139.621094,1145.578264,1135.14742,1139.666736,9689466
28-06-2023,1154.708252,1158.519991,1140.260037,1147.176059,11354006
30-06-2023,1164.180542,1167.102135,1156.511422,1162.42307,11151555
03-07-2023,1194.05835,1196.9343,1166.508729,1167.741314,12154387
04-07-2023,1181.755737,1198.303742,1174.679967,1198.303742,8061643
05-07-2023,1179.815552,1190.999736,1175.844065,1190.999736,10248062
06-07-2023,1204.580444,1207.18242,1175.958112,1175.958112,19117987
07-07-2023,1202.229492,1216.540658,1199.673038,1202.868606,13375267
10-07-2023,1248.541016,1258.104655,1221.128446,1227.473697,33240016
11-07-2023,1262.07605,1264.495456,1249.705046,1256.689409,20069348
12-07-2023,1263.468506,1279.103542,1260.68384,1262.806571,18733835
13-07-2023,1252.170288,1277.734103,1249.545491,1270.841024,14682934
14-07-2023,1251.120239,1260.34144,1243.998828,1255.36558,15124144
17-07-2023,1276.684204,1285.060902,1245.322846,1253.996339,22220040
18-07-2023,1287.525879,1295.286284,1274.995005,1285.950977,25867313
19-07-2023,1297.294922,1303.754399,1276.821074,1291.88546,39122156
20-07-2023,1295.723999,1301.213758,1276.01496,1276.01496,38717624
21-07-2023,1255.613403,1293.275575,1248.120574,1290.357605,30249238
24-07-2023,1230.216797,1243.842484,1221.264982,1227.051537,23727866
25-07-2023,1229.425537,1239.020329,1226.556952,1233.481064,12026020
26-07-2023,1249.406372,1259.693647,1229.029726,1229.029726,12911012
27-07-2023,1237.783813,1255.069339,1231.67583,1253.288926,17226898
28-07-2023,1250.222534,1257.641225,1236.720493,1242.408156,20827852
31-07-2023,1260.806519,1263.106264,1245.326159,1250.222568,8551174
01-08-2023,1242.976929,1265.628689,1239.0698,1263.650372,9536632
02-08-2023,1229.69751,1242.383423,1218.445829,1240.998576,12748214
03-08-2023,1224.529053,1236.893537,1215.700883,1224.232378,10168350
04-08-2023,1241.171753,1244.361766,1222.402489,1235.855024,22885610
07-08-2023,1248.244385,1250.494625,1238.921514,1246.834785,5982870
08-08-2023,1240.72644,1253.486612,1236.225841,1250.296599,9844072
09-08-2023,1248.911865,1250.791291,1227.100986,1238.847247,11486586
10-08-2023,1254.47583,1261.177405,1240.627608,1248.788167,15470598
11-08-2023,1259.767822,1265.554498,1242.556556,1252.49753,22179330
14-08-2023,1274.654663,1277.152313,1248.812891,1255.737002,9575812
16-08-2023,1273.616089,1277.399694,1261.672045,1261.672045,10203112
17-08-2023,1255.242554,1275.075237,1252.695518,1269.634863,13673744
18-08-2023,1264.540649,1274.827925,1240.677193,1251.904121,18639978
21-08-2023,1250.742676,1268.337425,1248.583607,1260.644364,9221746
22-08-2023,1250.444824,1259.651704,1240.319813,1249.204008,7713044
23-08-2023,1251.834595,1262.083809,1249.228881,1252.827248,9517952
24-08-2023,1230.790405,1260.619553,1226.422708,1260.619553,14140020
25-08-2023,1225.107544,1243.297861,1212.327137,1218.977863,22222400
28-08-2023,1212.897705,1232.874844,1206.619224,1226.918927,12580826
29-08-2023,1201.283813,1217.712147,1195.228534,1217.017338,16876644
30-08-2023,1200.142334,1212.525656,1198.628514,1207.066065,12168946
31-08-2023,1194.657837,1203.591714,1191.13387,1202.599061,21638600
01-09-2023,1197.461914,1203.914158,1192.002323,1194.434396,18112842
04-09-2023,1196.494141,1202.921544,1193.814026,1197.461953,9347626
05-09-2023,1202.896973,1208.033879,1197.362859,1201.110149,8675876
06-09-2023,1205.428101,1209.125709,1199.745187,1201.656092,8200370
07-09-2023,1207.065918,1210.167958,1196.643063,1201.953731,13652572
08-09-2023,1215.106445,1218.977816,1202.574202,1211.036592,23109288
11-09-2023,1228.209473,1229.326207,1216.992446,1216.992446,13271074
12-09-2023,1210.46582,1232.378585,1209.026401,1232.378585,16255666
13-09-2023,1216.520996,1222.27831,1204.212076,1211.036564,12803338
14-09-2023,1217.637695,1223.841776,1213.518162,1220.963058,9209636
15-09-2023,1219.895996,1224.933661,1215.751622,1224.933661,25468592
18-09-2023,1209.274658,1216.496233,1207.09087,1211.061482,7516300
20-09-2023,1182.324097,1204.882233,1168.848881,1202.623923,57081884
21-09-2023,1173.712769,1186.269851,1171.330377,1178.750433,12226182
22-09-2023,1168.823975,1182.472952,1166.367183,1179.271671,19176786
25-09-2023,1161.627319,1171.677931,1158.972045,1166.565744,14254884
26-09-2023,1162.644775,1166.466465,1159.220171,1160.68431,10087782
27-09-2023,1175.747803,1177.187222,1160.659526,1163.141158,11722778
28-09-2023,1158.475708,1182.746025,1153.959088,1182.746025,14518346
29-09-2023,1163.88562,1175.847137,1158.47571,1162.2974,12342014
03-10-2023,1150.559204,1159.220198,1149.492151,1156.415881,8859056
04-10-2023,1148.573853,1150.981084,1139.11893,1146.01782,10286386
05-10-2023,1148.549194,1156.142893,1146.017881,1151.105227,10953682
06-10-2023,1150.484741,1153.859785,1147.531623,1150.013255,5431026
09-10-2023,1140.682251,1147.481899,1139.06919,1145.571115,7576878
10-10-2023,1145.719971,1150.435072,1143.412101,1144.801839,10236032
11-10-2023,1163.9104,1166.21827,1148.003113,1148.722762,9814118
12-10-2023,1166.069336,1171.007881,1160.485663,1163.314821,12554450
13-10-2023,1166.019775,1170.089628,1156.018725,1161.403915,10150316
16-10-2023,1163.414063,1168.62549,1159.41861,1163.885548,5929036
17-10-2023,1168.9729,1171.181529,1162.04917,1169.345145,7928180
18-10-2023,1153.462769,1174.804808,1151.973789,1168.972971,8918320
19-10-2023,1144.603271,1152.370854,1142.047239,1147.50683,12032556
20-10-2023,1141.104248,1148.846868,1139.71451,1141.550893,8913312
23-10-2023,1123.286011,1144.652889,1119.34024,1136.587584,7853962
25-10-2023,1120.68042,1132.220011,1113.260363,1116.759489,11620688
26-10-2023,1105.070801,1120.705083,1101.993601,1117.230798,15222534
27-10-2023,1124.576538,1128.398228,1109.761145,1111.771291,11771084
30-10-2023,1147.755005,1153.959086,1126.636289,1128.646435,16813304
31-10-2023,1135.545288,1155.448028,1133.063656,1155.448028,12808438
01-11-2023,1140.260376,1150.236586,1129.241953,1136.165683,10309190
02-11-2023,1151.57666,1153.611647,1145.496661,1148.47462,10562104
03-11-2023,1151.328491,1158.89747,1149.368026,1155.05094,8850156
06-11-2023,1160.907593,1161.403919,1154.256867,1157.58223,10647304
07-11-2023,1153.363403,1160.957222,1151.254016,1158.450749,6960204
08-11-2023,1159.369019,1161.900332,1152.346047,1157.433394,7884494
09-11-2023,1146.787109,1159.368912,1143.635388,1159.344193,14513610
10-11-2023,1148.946167,1149.665937,1140.583138,1144.305587,7734954
13-11-2023,1148.797363,1153.760628,1147.357944,1152.916776,3854810
15-11-2023,1169.568481,1172.298277,1154.951691,1161.403935,12220648
16-11-2023,1171.677856,1178.353423,1164.853368,1166.913195,13134910
17-11-2023,1169.121826,1177.90678,1167.384684,1167.806488,7758634
20-11-2023,1166.044556,1170.536213,1159.617031,1165.64747,4490186
21-11-2023,1180.710938,1185.227557,1171.429657,1174.308375,8214450
22-11-2023,1185.326782,1188.428822,1177.385559,1178.775297,8534814
23-11-2023,1188.950073,1191.183542,1185.326866,1185.326866,8531542
24-11-2023,1188.155884,1192.474021,1186.741426,1187.01443,6749486
28-11-2023,1188.404053,1191.034607,1178.899449,1188.155889,13792174
29-11-2023,1191.530884,1197.114556,1190.215667,1195.154091,12531306
30-11-2023,1179.991333,1191.530923,1176.244044,1188.552965,28439984
01-12-2023,1188.354492,1189.396705,1180.065864,1180.264346,14342842
04-12-2023,1201.209351,1215.999904,1190.488771,1215.999904,15590990
05-12-2023,1209.919922,1211.458582,1201.929017,1210.54033,12693624
06-12-2023,1221.509155,1227.390551,1208.554986,1214.560585,16422442
07-12-2023,1219.498901,1221.434526,1212.029164,1220.96304,8142096
08-12-2023,1218.853638,1229.251652,1213.518129,1222.87393,10204894
11-12-2023,1220.640503,1224.735196,1217.190937,1218.977761,7066138
12-12-2023,1203.120117,1223.41982,1201.184371,1220.963028,9197124
13-12-2023,1208.033691,1210.2176,1194.310314,1202.102615,10031182
14-12-2023,1223.022827,1228.383177,1212.351808,1217.985162,16972354
15-12-2023,1238.632324,1240.816112,1225.951159,1229.89693,15932152
18-12-2023,1251.239014,1258.137903,1236.324379,1238.63237,14165188
19-12-2023,1269.65271,1277.494571,1253.323497,1268.11405,16820604
20-12-2023,1254.291382,1289.878086,1250.742696,1276.080186,17736722
21-12-2023,1271.86145,1277.296201,1249.874163,1254.21702,13765454
22-12-2023,1273.102295,1280.968997,1264.466141,1270.39734,16541784
26-12-2023,1279.554443,1286.453333,1271.935784,1274.566338,7465664
27-12-2023,1283.922241,1290.399205,1277.097752,1281.515009,9204156
28-12-2023,1293.203491,1296.404773,1283.92221,1285.386349,12302636
29-12-2023,1282.979004,1297.397311,1280.174808,1295.958013,10864584
01-01-2024,1285.609619,1293.848687,1277.122388,1280.795277,4030540
02-01-2024,1296.255859,1297.893761,1277.048049,1283.003966,7448800
03-01-2024,1282.160156,1307.323883,1279.132516,1295.412048,9037536
04-01-2024,1288.786011,1295.337617,1280.075579,1284.492835,9612778
05-01-2024,1294.270508,1300.300947,1289.456165,1291.888117,8086406
08-01-2024,1284.170288,1306.306375,1275.037809,1295.412034,7734652
09-01-2024,1280.770508,1293.823919,1279.132606,1290.448874,5403074
10-01-2024,1315.314819,1319.732076,1278.065494,1279.033306,11102740
11-01-2024,1349.908813,1352.489687,1318.739486,1319.732139,23725852
12-01-2024,1360.654175,1363.235048,1335.862692,1349.908755,15012164
15-01-2024,1383.882324,1386.190194,1355.963959,1364.897836,8610594
16-01-2024,1364.525513,1386.041313,1360.430819,1379.762711,9069024
17-01-2024,1351.571289,1376.089888,1345.069485,1349.511583,12197382
18-01-2024,1357.899536,1360.927176,1341.322281,1341.471203,10279438
19-01-2024,1357.403198,1365.890429,1349.015329,1365.890429,10422704
23-01-2024,1318.813843,1361.671682,1312.833206,1361.671682,20055420
24-01-2024,1334.001465,1339.585138,1314.198087,1325.414993,21919128
25-01-2024,1343.133789,1354.127493,1325.390118,1333.083178,11808872
29-01-2024,1437.411133,1441.82839,1350.181756,1354.474932,23893438
30-01-2024,1397.283081,1449.248438,1394.10664,1449.223597,14093978
31-01-2024,1416.143555,1423.712534,1392.195802,1393.684781,15130226
01-02-2024,1416.168335,1432.745591,1407.631544,1424.456963,13349362
02-02-2024,1446.990112,1464.063815,1422.645396,1422.645396,19652588
05-02-2024,1428.452393,1459.696119,1421.007496,1450.017753,8814432
06-02-2024,1417.309814,1431.256515,1409.393311,1431.256515,9047984
07-02-2024,1431.554443,1438.850418,1418.749196,1425.375203,9296568
08-02-2024,1439.470825,1448.752106,1417.036893,1439.346744,14694634
09-02-2024,1450.0177,1461.160205,1440.289653,1443.317293,12556798
12-02-2024,1441.679443,1450.265915,1431.752914,1450.017752,6674430
13-02-2024,1454.335815,1468.133716,1443.317392,1444.806371,7715594
14-02-2024,1470.491211,1472.749521,1446.791623,1446.791623,7117888
15-02-2024,1459.795288,1473.81651,1455.750276,1472.451612,10006782
16-02-2024,1449.843994,1466.148367,1447.833969,1465.6272,9767498
19-02-2024,1463.17041,1468.630001,1442.845866,1451.308256,6729828
20-02-2024,1460.217407,1464.659505,1451.060208,1464.188019,7117496
21-02-2024,1456.916748,1477.588819,1446.841417,1463.17051,12720292
22-02-2024,1470.863403,1474.039844,1447.287897,1457.363348,18493728
23-02-2024,1482.651245,1486.547456,1472.451712,1478.556552,14438584
26-02-2024,1476.397461,1483.544635,1471.607959,1482.576822,7513106
27-02-2024,1474.734863,1488.929728,1467.190725,1472.129149,10826044
28-02-2024,1444.93042,1480.318521,1439.52051,1472.104294,8647950
29-02-2024,1450.067505,1468.1089,1443.838583,1454.236599,23628976
01-03-2024,1481.162231,1488.979373,1451.754889,1452.747542,12132926
04-03-2024,1496.325073,1501.337898,1476.298252,1479.524374,10024420
05-03-2024,1489.177856,1496.32503,1475.131915,1494.711969,7107668
06-03-2024,1491.957397,1497.913315,1467.6374,1482.477513,7805676
07-03-2024,1468.059326,1492.056639,1464.709122,1491.932557,8315726
11-03-2024,1455.824707,1478.060156,1452.747507,1478.060156,11277130
12-03-2024,1464.585083,1477.067646,1454.261468,1455.824848,9432678
13-03-2024,1421.65271,1472.203486,1417.285013,1468.902964,13522134
14-03-2024,1420.957886,1437.882667,1415.026808,1429.122432,18571102
15-03-2024,1407.805176,1422.69497,1402.519347,1415.473395,19223818
18-03-2024,1428.899048,1431.132517,1406.117712,1409.567156,9169392
19-03-2024,1414.778564,1427.037804,1406.837341,1418.25285,8275764
20-03-2024,1433.142578,1434.383394,1413.562525,1417.458614,8488806
21-03-2024,1440.314575,1447.188745,1434.060934,1441.853236,13006936
22-03-2024,1444.334839,1449.273263,1436.716179,1439.321893,19527608
26-03-2024,1430.983643,1441.729184,1428.42761,1434.383527,11415906
27-03-2024,1481.881958,1488.979451,1436.368844,1437.361497,16326644
28-03-2024,1474.93335,1494.88565,1467.786297,1481.906761,21854364
01-04-2024,1473.866333,1482.998692,1471.608023,1481.509712,5013880
02-04-2024,1476.025146,1483.023398,1464.162993,1473.096869,8910166
03-04-2024,1460.788086,1473.543652,1458.107971,1471.186102,7008292
04-04-2024,1452.17688,1468.878217,1439.346792,1468.878217,14490272
05-04-2024,1449.372437,1459.993895,1445.302584,1450.141767,7442298
08-04-2024,1475.057373,1480.020638,1450.265891,1452.226356,8357118
09-04-2024,1452.896484,1478.854383,1451.754909,1478.060212,7071414
10-04-2024,1468.704468,1476.074965,1455.576656,1455.576656,9138330
12-04-2024,1456.370728,1475.553696,1452.325594,1465.0316,15551012
15-04-2024,1454.062744,1471.235688,1435.698665,1450.265895,12902062
16-04-2024,1454.981079,1460.36627,1440.265047,1442.672158,9366184
18-04-2024,1453.566406,1475.082206,1448.627982,1452.747516,19005692
19-04-2024,1459.323975,1463.170505,1432.423103,1446.072081,15741778
22-04-2024,1468.977417,1471.930535,1457.016022,1461.631761,10350362
23-04-2024,1448.603271,1482.527236,1444.856103,1468.133767,14605554
24-04-2024,1439.520508,1457.760505,1438.850419,1452.74756,10462776
25-04-2024,1449.248413,1457.189636,1430.909175,1431.901828,15943926
26-04-2024,1441.878174,1454.236655,1439.34686,1453.194321,9413848
29-04-2024,1454.261353,1457.11523,1439.346718,1439.346718,7247974
30-04-2024,1456.221802,1472.178649,1452.127109,1457.214455,11474262
02-05-2024,1455.775269,1466.471007,1453.368037,1461.185179,14512646
03-05-2024,1423.464355,1464.113446,1405.745524,1460.192515,17226958
06-05-2024,1409.095703,1429.420248,1407.581883,1424.95331,7394208
07-05-2024,1391.178223,1410.311632,1381.772861,1405.57169,14517472
08-05-2024,1408.12793,1422.422036,1387.232536,1387.232536,9439002
09-05-2024,1383.882324,1413.289669,1379.787631,1402.618649,11009612
10-05-2024,1397.084595,1399.640628,1377.876664,1386.487976,10505096
13-05-2024,1392.394287,1396.637903,1373.831725,1389.614931,8456620
14-05-2024,1409.641479,1416.59005,1389.738862,1390.681834,7188300
15-05-2024,1405.869629,1419.468926,1402.643507,1410.063564,5046534
16-05-2024,1414.877808,1417.012036,1387.753615,1408.127841,14711774
17-05-2024,1425.151855,1426.640835,1402.866844,1412.594892,10916476
21-05-2024,1425.57373,1431.231804,1415.126034,1415.126034,11176128
22-05-2024,1449.918579,1457.983884,1425.722663,1425.722663,10281604
23-05-2024,1475.131958,1481.261517,1444.310036,1447.834002,14608260
24-05-2024,1469.374512,1477.563898,1465.254978,1472.724715,7094776
27-05-2024,1455.477417,1473.990419,1450.811997,1469.349718,6629010
28-05-2024,1445.501099,1467.637307,1442.076495,1457.214451,7820162
29-05-2024,1430.189575,1447.287998,1427.881584,1435.872489,7383556
30-05-2024,1414.38147,1429.817271,1409.666368,1424.953247,13206858
31-05-2024,1419.890747,1431.65366,1411.800602,1420.784159,31069832
03-06-2024,1499.228516,1503.37289,1448.280652,1472.104322,21527942
04-06-2024,1387.009155,1487.043779,1349.313184,1487.043779,36709098
05-06-2024,1410.311646,1420.63526,1373.930892,1411.552462,17464890
06-06-2024,1421.081909,1433.092985,1410.907217,1424.456953,17855722
07-06-2024,1459.150024,1461.185011,1416.019306,1418.004612,18558696
10-06-2024,1460.589478,1482.37816,1457.288834,1459.150058,9251760
11-06-2024,1445.972778,1462.847878,1443.987472,1458.207177,11774902
12-06-2024,1452.573853,1465.155777,1444.483828,1446.791697,10081742
13-06-2024,1454.484741,1461.433312,1449.372554,1461.185149,9181160
14-06-2024,1466.694458,1468.803846,1446.518713,1459.19988,8157998
18-06-2024,1470.143921,1476.472084,1460.539955,1476.422403,7196766
19-06-2024,1447.933228,1476.57124,1445.302673,1476.57124,8725874
20-06-2024,1462.872681,1471.95548,1439.446094,1448.28073,16113776
21-06-2024,1443.515869,1463.865255,1429.990973,1462.798201,31170360
24-06-2024,1430.884277,1438.850341,1426.938506,1434.90457,8878386
25-06-2024,1443.466309,1445.228292,1430.412898,1432.398204,7045386
26-06-2024,1502.901367,1507.814951,1434.507557,1435.425809,22014882
27-06-2024,1519.304932,1526.203821,1494.935255,1502.628315,28383030
28-06-2024,1553.898926,1569.384287,1519.776481,1519.776481,28957336
01-07-2024,1548.6875,1567.796069,1544.245402,1551.045051,7724306
02-07-2024,1553.675659,1561.939447,1545.560673,1557.968835,7749246
03-07-2024,1541.019287,1563.428379,1531.440162,1554.817066,9049620
04-07-2024,1542.607544,1555.983518,1539.406262,1545.560662,6837176
05-07-2024,1576.953247,1586.755695,1536.626722,1542.408877,12269710
08-07-2024,1589.138184,1596.980166,1570.898185,1577.325589,9500806
09-07-2024,1578.591187,1588.741039,1568.88798,1585.862321,6960002
10-07-2024,1572.585571,1585.763063,1551.665459,1583.281431,7134578
11-07-2024,1569.036865,1592.46345,1558.961414,1575.836514,11940946
12-07-2024,1584.993774,1593.356924,1562.932087,1572.858616,12924784
15-07-2024,1585.490112,1594.051744,1573.85128,1592.662006,5329688
16-07-2024,1564.669189,1588.244697,1557.596537,1581.792453,9386838
18-07-2024,1575.0177,1582.189594,1546.379565,1564.421081,12298374
19-07-2024,1543.724243,1578.293333,1541.391533,1574.347562,13140390
22-07-2024,1489.649536,1526.203933,1488.259798,1525.95577,19674376
23-07-2024,1476.968262,1494.687092,1452.25118,1489.97199,18052044
24-07-2024,1484.710938,1498.409596,1465.552809,1474.0896,11913362
25-07-2024,1481.435181,1489.450804,1466.222703,1470.118914,12519876
26-07-2024,1497.93811,1501.313155,1479.400268,1481.435255,9859940
29-07-2024,1508.931763,1516.277419,1500.667975,1500.841617,7538550
30-07-2024,1502.032715,1513.795627,1498.905834,1505.879245,8228208
31-07-2024,1494.364502,1499.352486,1490.120887,1492.949923,10057346
01-08-2024,1504.167114,1506.847229,1493.247931,1500.891311,10764222
02-08-2024,1488.309204,1498.235733,1482.303727,1493.942558,10268248
05-08-2024,1436.691284,1472.997636,1422.719743,1469.126266,17046704
06-08-2024,1445.352417,1466.644775,1440.662035,1444.459005,10236186
07-08-2024,1454.062744,1461.681404,1450.762222,1458.207118,8174568
08-08-2024,1438.478271,1454.236638,1435.30183,1446.816581,12387192
09-08-2024,1463.468262,1465.65205,1445.302665,1449.273276,6249776
12-08-2024,1449.893677,1462.177757,1447.0398,1459.199798,8184584
13-08-2024,1452.871704,1459.274267,1447.288031,1450.017827,6265064
14-08-2024,1451.109741,1461.185193,1443.019595,1452.797324,6267466
16-08-2024,1467.3396,1469.523509,1447.337739,1457.859836,9416902
19-08-2024,1482.479126,1492.339768,1474.610528,1476.602572,13797742
20-08-2024,1489.999023,1497.942396,1484.097666,1491.268976,8411808
21-08-2024,1492.713257,1501.87661,1484.072718,1487.309789,7769996
22-08-2024,1492.165405,1500.507089,1484.720165,1497.021012,10445782
23-08-2024,1494.008057,1505.312882,1492.464296,1497.768064,9249654
26-08-2024,1506.582886,1516.941539,1497.021099,1500.980262,8816114
27-08-2024,1494.481201,1507.454412,1493.485179,1504.491271,6251156
28-08-2024,1492.339844,1501.478273,1487.060878,1499.013143,9610286
29-08-2024,1514.874756,1530.88576,1488.056816,1497.120591,38335358
30-08-2024,1503.619751,1533.59999,1497.344764,1527.897788,41620730
02-09-2024,1510.218384,1520.726465,1500.631672,1504.864765,11240852
03-09-2024,1503.121704,1516.941509,1501.503168,1515.198471,10923800
04-09-2024,1508.525146,1511.463363,1493.534967,1494.730145,11983304
05-09-2024,1487.035889,1519.705458,1481.134531,1513.007235,16264168
06-09-2024,1458.997803,1491.044858,1455.810581,1486.562759,19394228
09-09-2024,1456.632324,1464.077686,1449.809598,1460.666262,9010298
10-09-2024,1455.71106,1466.194215,1451.7767,1454.690113,10768260
11-09-2024,1445.725952,1462.907332,1441.791714,1457.230055,9760202
12-09-2024,1473.91333,1480.088618,1440.123237,1451.203981,22349376
13-09-2024,1466.766846,1477.250001,1463.654277,1470.526853,8711328
16-09-2024,1465.496948,1475.009007,1458.923227,1471.672358,5481774
17-09-2024,1466.443237,1471.597578,1460.790764,1468.136426,5935328
18-09-2024,1457.628296,1476.104552,1454.739929,1464.152288,8574714
19-09-2024,1463.828613,1470.626414,1449.759803,1460.417189,16955902
20-09-2024,1480.014038,1489.052889,1465.521869,1468.136427,30897320
23-09-2024,1487.434326,1495.527005,1483.02688,1485.068774,8832314
24-09-2024,1483.450195,1494.53094,1481.956162,1482.578676,17137444
25-09-2024,1488.006958,1490.546863,1474.311656,1477.99701,7069002
26-09-2024,1491.991089,1498.017071,1482.130568,1484.720201,18818998
27-09-2024,1520.103882,1527.374769,1486.064782,1493.036936,20597478
30-09-2024,1470.701172,1518.908662,1468.534897,1513.355888,27008814
01-10-2024,1458.997803,1482.03081,1457.005759,1474.759923,16431642
03-10-2024,1401.378052,1443.634334,1396.49752,1430.860279,37757294
04-10-2024,1381.009399,1411.711728,1376.278295,1398.340206,37072876
07-10-2024,1365.272217,1390.944708,1355.959436,1387.956642,22181340
08-10-2024,1391.79126,1395.426764,1359.669552,1367.513225,17020808
09-10-2024,1369.131836,1395.401917,1367.040214,1391.965689,14310610
10-10-2024,1365.595947,1380.486427,1363.977412,1374.53522,22358646
11-10-2024,1366.641724,1377.772318,1363.379727,1364.550102,7980122
14-10-2024,1367.065063,1374.584956,1362.807045,1373.962443,12221432
15-10-2024,1338.678467,1366.243302,1335.366621,1353.120786,33762794
16-10-2024,1348.688477,1358.574044,1332.303963,1334.669515,20034438
17-10-2024,1351.029175,1363.006242,1346.671579,1360.267181,15543660
18-10-2024,1353.8927,1362.981401,1335.989108,1346.796044,12082452
21-10-2024,1363.753296,1368.53425,1352.323968,1361.686599,14067408
22-10-2024,1338.006104,1370.526246,1334.893535,1363.753247,15831960
23-10-2024,1333.200317,1352.074885,1329.689316,1332.179371,17214742
24-10-2024,1334.470337,1338.354725,1317.861621,1329.963313,22155934
25-10-2024,1322.567749,1339.002112,1316.741045,1338.155517,18597496
28-10-2024,1329.04187,1347.617704,1316.840601,1331.681353,10824350
29-10-2024,1334.669434,1337.856655,1315.04785,1322.816748,12008361
30-10-2024,1338.553955,1344.629665,1320.077699,1329.689335,11984423
31-10-2024,1326.751099,1337.65749,1320.874545,1334.669425,9331650
01-11-2024,1333.324829,1336.611629,1327.697281,1327.74713,2127335
04-11-2024,1296.970093,1334.669502,1279.987869,1332.52803,19796890
05-11-2024,1300.107544,1304.340637,1281.033699,1287.856425,16267479
06-11-2024,1320.077759,1323.016097,1295.027781,1304.788845,21625209
07-11-2024,1300.456177,1318.733157,1297.418261,1318.733157,9611974
08-11-2024,1278.643188,1296.472006,1269.927996,1292.487918,19814406
11-11-2024,1267.637085,1280.884226,1261.959808,1273.862222,9056552
12-11-2024,1269.18103,1284.17121,1262.457882,1270.475908,10671091
13-11-2024,1247.069336,1270.376152,1244.529431,1265.196887,14633633
14-11-2024,1262.557495,1267.537605,1246.123132,1248.613187,12612633
18-11-2024,1255.734741,1267.836433,1238.951795,1262.557468,13620611
19-11-2024,1236.710693,1276.402144,1230.236551,1255.734689,14183746
21-11-2024,1218.134888,1239.0015,1212.407761,1236.710722,19433843
22-11-2024,1260.366211,1263.802438,1217.586995,1224.50942,20471957
25-11-2024,1281.880249,1299.260783,1277.348301,1284.868315,28923341
26-11-2024,1290.545654,1292.687126,1279.091401,1289.798638,9247557
27-11-2024,1288.055542,1298.6632,1280.884233,1288.354397,9572746
28-11-2024,1265.744751,1291.442045,1264.001713,1284.818474,15027412
29-11-2024,1287.05957,1294.330579,1270.177046,1274.908151,13202307
02-12-2024,1303.942261,1306.133461,1271.969978,1282.876371,11024152
03-12-2024,1318.035889,1321.521965,1301.800682,1311.760902,16869482
04-12-2024,1303.74292,1323.11562,1298.862509,1320.725143,19608540
05-12-2024,1316.790894,1324.65937,1300.95412,1309.121451,16858723
06-12-2024,1306.332642,1318.633488,1304.788759,1318.633488,9037514
09-12-2024,1289.997925,1309.768937,1287.956031,1297.816673,14650002
10-12-2024,1279.73877,1289.748839,1275.107243,1284.12129,16043729
11-12-2024,1273.115234,1284.868342,1270.973884,1279.888232,11724373
12-12-2024,1257.876221,1273.115285,1255.585321,1264.947953,20906813
13-12-2024,1267.786621,1270.127249,1234.668888,1254.987762,28630222
16-12-2024,1263.254761,1275.904192,1261.511722,1269.92806,9486781
17-12-2024,1240.346191,1258.872175,1237.856137,1256.033537,17462791
18-12-2024,1248.264526,1254.937825,1235.714674,1235.714674,12670179
19-12-2024,1225.555176,1239.947766,1224.110993,1234.071212,14244653
20-12-2024,1200.505371,1234.569275,1196.720439,1219.130934,20312896
23-12-2024,1217.437744,1222.318155,1208.373847,1210.166735,10052824
24-12-2024,1217.885864,1228.64295,1216.142826,1217.437703,6734917
26-12-2024,1211.710571,1222.816119,1209.419672,1219.379892,10016178
27-12-2024,1216.192749,1223.015476,1212.158811,1213.453688,7000397
30-12-2024,1205.883789,1218.334064,1203.294156,1211.561187,8818766
31-12-2024,1210.614868,1214.250373,1201.351937,1203.194553,6405475
01-01-2025,1216.391846,1221.421805,1206.780209,1210.017281,5892590
02-01-2025,1236.860107,1239.499468,1215.14678,1216.391808,15486276
03-01-2025,1246.172974,1257.029638,1230.585205,1238.951814,15521102
06-01-2025,1213.154785,1256.979753,1210.166719,1248.961727,14816766
07-01-2025,1235.913818,1239.549323,1216.391812,1217.138829,10070505
08-01-2025,1260.46582,1265.993791,1240.395953,1244.031458,19346579
09-01-2025,1249.758545,1264.698874,1243.085246,1261.959814,12794704
10-01-2025,1236.959717,1251.750619,1231.083163,1248.862131,8120332
13-01-2025,1234.917847,1240.29639,1221.521399,1225.107054,13764861
14-01-2025,1233.822266,1248.364163,1222.368013,1239.150959,13095266
15-01-2025,1247.218628,1251.999582,1236.909825,1239.997469,9578856
16-01-2025,1261.411987,1269.928024,1246.322352,1253.892094,14117603
17-01-2025,1297.169189,1320.725133,1279.888233,1316.990051,29366277
20-01-2025,1300.256836,1310.764916,1295.07757,1310.764916,14040244
21-01-2025,1268.633179,1307.776892,1265.147102,1305.286837,14562976
22-01-2025,1272.019653,1277.796629,1263.653044,1273.214953,10273590
23-01-2025,1258.623169,1272.268621,1256.581275,1264.947884,8720682
24-01-2025,1241.342285,1267.936024,1238.553375,1260.96387,14235970
27-01-2025,1224.459595,1235.515414,1215.146814,1234.170809,9536019
28-01-2025,1229.489624,1239.798428,1213.652849,1233.075279,10568025
29-01-2025,1230.585205,1237.806365,1223.16489,1231.083216,5928156
30-01-2025,1248.06543,1251.999668,1227.497551,1230.635044,9269259
31-01-2025,1260.067383,1261.959849,1244.031453,1250.854179,6584612
01-02-2025,1259.569336,1265.49574,1236.063242,1260.067347,7118453
03-02-2025,1240.943848,1251.003646,1232.627088,1246.023536,9252345
04-02-2025,1280.087402,1283.673179,1241.640978,1243.085283,16691069
05-02-2025,1273.115234,1285.366353,1271.621201,1277.547605,10112028
06-02-2025,1276.452026,1282.87632,1265.296507,1268.633156,9956001
07-02-2025,1261.661011,1278.593385,1256.979756,1271.073492,8764283
10-02-2025,1248.662964,1261.461822,1240.59521,1259.469778,6970972
11-02-2025,1229.937744,1259.519671,1225.20664,1259.519671,8859714
12-02-2025,1211.710571,1222.019374,1188.602789,1214.598938,21131654
13-02-2025,1211.262329,1223.115015,1207.178663,1212.208623,8511216
14-02-2025,1212.407715,1219.130863,1200.654607,1214.150753,10298145
17-02-2025,1220.027344,1222.616977,1199.708471,1206.282192,8166683
18-02-2025,1220.525391,1225.00749,1211.262337,1219.97753,6673250
19-02-2025,1222.567139,1227.846104,1212.706618,1214.648813,6217338
20-02-2025,1228.095093,1234.419808,1217.138851,1219.081045,7795582
21-02-2025,1223.264404,1235.06724,1217.288272,1223.812143,6904025
24-02-2025,1209.718506,1218.383848,1205.684568,1211.71055,7172498
25-02-2025,1199.210449,1216.142823,1196.720394,1206.182603,11552182
27-02-2025,1202.298096,1210.166694,1195.873803,1207.975494,11509215
28-02-2025,1195.325928,1212.507307,1188.553051,1197.218394,23007298
03-03-2025,1166.590698,1201.650622,1151.401364,1199.210417,17944938
04-03-2025,1157.277954,1169.329796,1154.937327,1157.576688,11377373
05-03-2025,1170.923462,1178.294049,1152.397477,1156.381565,8664095
06-03-2025,1204.788208,1209.120879,1180.435518,1192.238355,14468014
07-03-2025,1244.828369,1249.808479,1207.178688,1211.162776,16474965
10-03-2025,1233.473633,1252.995639,1230.485567,1240.047354,11931051
11-03-2025,1242.338257,1244.529457,1224.858023,1235.067248,10089838
12-03-2025,1252.049438,1257.97572,1239.051303,1252.995611,11977555
13-03-2025,1242.935913,1259.121271,1238.901975,1255.037605,9505270
17-03-2025,1233.921753,1252.398009,1228.194627,1237.208674,16640917
18-03-2025,1233.921753,1233.921753,1233.921753,1233.921753,0
19-03-2025,1242.188843,1248.264553,1233.872084,1236.113133,16162399
20-03-2025,1264.101318,1267.935979,1245.077323,1246.870089,15971477
21-03-2025,1271.272583,1275.904109,1265.047446,1269.927978,21780769
24-03-2025,1296.920166,1300.804676,1279.141198,1285.864347,20299319
25-03-2025,1280.336426,1302.497915,1277.497787,1302.497915,13713899
26-03-2025,1267.98584,1288.653296,1263.702897,1285.864386,12074747
27-03-2025,1273.115234,1279.888232,1266.24278,1273.065506,15028056
28-03-2025,1270.027588,1290.595466,1263.951878,1274.90812,18147129
01-04-2025,1247.617065,1272.816469,1244.330266,1259.569329,12099648
02-04-2025,1246.172974,1250.555495,1238.951814,1242.587319,10142590
03-04-2025,1243.732666,1246.820432,1228.145018,1228.145018,7434366
04-04-2025,1199.907593,1240.495487,1188.403612,1236.162816,17908652
07-04-2025,1161.062744,1166.590715,1110.415052,1127.696009,22156106
08-04-2025,1177.497192,1191.839934,1158.672473,1167.337816,19555040
09-04-2025,1180.634644,1185.067014,1163.353686,1164.847719,10223104
11-04-2025,1214.100952,1217.786306,1190.395702,1190.395702,11224242
15-04-2025,1235.16687,1246.023534,1232.178804,1246.023534,13378535
16-04-2025,1234.370117,1235.963728,1224.111042,1229.19073,8248464
17-04-2025,1269.430054,1275.107331,1222.716597,1235.26645,15398401
21-04-2025,1290.346436,1295.724978,1261.95981,1264.947876,10429964
22-04-2025,1286.063599,1298.713151,1281.183188,1294.828641,13051707
23-04-2025,1294.828613,1300.804745,1280.286716,1291.840547,10480888
24-04-2025,1296.422241,1299.310729,1285.167265,1287.258887,10468940
25-04-2025,1295.227051,1319.928324,1282.975931,1298.314695,14431012
28-04-2025,1363.35498,1369.131835,1314.948213,1334.669498,31104496
29-04-2025,1394.131958,1405.287477,1364.550153,1365.546175,32538970
30-04-2025,1399.410889,1406.781476,1363.554097,1396.422823,25480745
02-05-2025,1414.1521,1421.024554,1403.494591,1408.375123,13007841
05-05-2025,1425.606323,1433.773655,1421.223802,1425.307468,12685649
06-05-2025,1415.247681,1426.303501,1404.988605,1425.307479,14084117
07-05-2025,1400.40686,1418.733689,1397.119939,1415.247612,13440169
08-05-2025,1401.402954,1415.148106,1392.438756,1398.514466,16106175
09-05-2025,1371.721436,1389.25152,1369.032225,1379.988467,13668904
12-05-2025,1430.785522,1433.275577,1394.430722,1394.430722,10674081
13-05-2025,1410.068237,1441.94094,1406.781438,1427.797477,11407896
14-05-2025,1418.733765,1424.211886,1409.869145,1414.351244,5570160
15-05-2025,1448.415161,1455.586593,1407.080248,1419.331367,20177211
16-05-2025,1450.606445,1455.188122,1441.54267,1447.419102,9036695
19-05-2025,1435.068481,1448.813511,1432.478727,1446.323457,6195791
20-05-2025,1418.932861,1439.251734,1416.144073,1432.478736,11270560
21-05-2025,1423.514526,1430.48668,1412.458707,1418.235683,6136364
22-05-2025,1403.793457,1418.136198,1391.343182,1415.546444,12134466
23-05-2025,1421.124268,1428.096422,1401.00455,1401.00455,6474883
26-05-2025,1429.092407,1435.267695,1419.430921,1426.303497,4842944
27-05-2025,1416.442871,1431.283623,1408.275539,1420.426959,12640414
28-05-2025,1407.279541,1416.940906,1405.08822,1414.450851,5944611
29-05-2025,1412.160034,1414.351234,1402.996559,1406.482636,13771917
30-05-2025,1415.247681,1424.909045,1404.092161,1412.359193,13788484
02-06-2025,1408.076294,1411.861226,1390.04832,1406.482683,8098668
03-06-2025,1399.908936,1420.825398,1397.817314,1416.642154,11252626
04-06-2025,1417.83728,1420.02848,1400.506474,1409.072238,8126827
05-06-2025,1436.662109,1448.913107,1417.936848,1422.319369,13716817
06-06-2025,1437.75769,1445.725866,1431.283548,1435.267636,8182161
09-06-2025,1443.036743,1451.702086,1439.550666,1451.204075,7885125
10-06-2025,1432.777588,1448.11635,1430.287533,1444.23184,7913181
11-06-2025,1443.13623,1462.757814,1437.359255,1440.048587,8195700
12-06-2025,1435.865234,1451.203997,1428.693925,1447.71792,8828114
13-06-2025,1422.219849,1429.789592,1408.673974,1418.335338,9757276
16-06-2025,1432.080444,1436.662121,1418.733726,1421.22378,8458093
17-06-2025,1425.506592,1442.239809,1420.12817,1442.239809,10366599
18-06-2025,1424.411011,1437.060563,1420.02849,1424.311433,6681735
19-06-2025,1427.598389,1434.17211,1420.028524,1424.411045,10007230
20-06-2025,1460.367432,1465.148386,1422.419017,1425.307505,29010635
23-06-2025,1451.004883,1457.977037,1436.263709,1447.219951,5989078
24-06-2025,1445.028687,1469.132369,1437.359245,1459.17215,16402744
25-06-2025,1461.463135,1466.542823,1454.690137,1458.176214,7525851
26-06-2025,1489.351685,1492.837761,1459.271748,1463.255836,14657893
27-06-2025,1509.371704,1515.945425,1490.945298,1493.435353,11117052
30-06-2025,1494.630615,1518.734421,1490.048938,1507.778179,8409527
01-07-2025,1522.320068,1525.308134,1494.132597,1494.630608,10368523
02-07-2025,1512.758301,1523.913699,1502.698381,1522.320088,6361002
03-07-2025,1511.762207,1525.806093,1506.981253,1514.750273,11283291
04-07-2025,1521.224487,1523.913698,1511.164568,1517.937566,6603501
07-07-2025,1535.36792,1538.654841,1518.933557,1520.527168,7251074
08-07-2025,1531.483398,1538.754408,1524.112811,1529.889788,7171261
09-07-2025,1512.957397,1544.830101,1504.092777,1530.586938,8870660
10-07-2025,1511.164551,1518.634716,1501.503186,1513.654606,10047129
11-07-2025,1489.252075,1508.97336,1484.371665,1505.985294,7234991
14-07-2025,1477.797729,1494.032936,1473.216053,1486.263916,10311846
15-07-2025,1479.491089,1490.546909,1476.503023,1480.287834,8132454
16-07-2025,1479.690186,1485.068728,1465.6463,1467.140333,10409983
17-07-2025,1470.526855,1483.674297,1468.036801,1481.483097,11854613
18-07-2025,1470.128418,1478.89346,1463.255842,1478.89346,10296318
21-07-2025,1422.916992,1470.128459,1417.438871,1459.172217,22442744
22-07-2025,1407.179932,1426.203928,1405.088188,1421.721829,20396320
23-07-2025,1418.932861,1420.327316,1408.773486,1420.327316,8354596
24-07-2025,1397.319214,1417.339231,1390.446638,1413.554299,14740507
25-07-2025,1386.163696,1395.426749,1378.593954,1393.335127,11854722
28-07-2025,1382.080078,1402.199795,1379.490445,1386.761454,7748361
29-07-2025,1411.462769,1414.550412,1377.498442,1377.498442,10750072
30-07-2025,1404.490601,1417.638164,1395.72568,1412.458777,7209849
31-07-2025,1384.669678,1397.020374,1376.701502,1382.578056,17065827
01-08-2025,1388.155762,1400.307303,1378.793253,1381.382885,10321171
04-08-2025,1405.88501,1410.466687,1386.163726,1389.550225,6312820
05-08-2025,1386.163696,1405.386969,1382.578042,1405.386969,9315972
06-08-2025,1387.259521,1390.347165,1377.797312,1386.363077,5834312
07-08-2025,1383.872925,1388.155746,1360.565987,1382.179615,9976705
08-08-2025,1362.358887,1391.641835,1359.569977,1379.490416,8793606
11-08-2025,1380.685669,1382.478557,1355.785119,1364.550161,9997486
12-08-2025,1374.908813,1396.323287,1369.729426,1376.402846,12244664
13-08-2025,1377.099976,1386.263451,1372.020288,1382.478519,7457021
14-08-2025,1373.800049,1380.699951,1370.099976,1377.300049,7126128
18-08-2025,1381.699951,1394.900024,1377,1390,11785109
19-08-2025,1420.099976,1421,1389.099976,1390,14384719
20-08-2025,1413,1424.900024,1410,1413,8725641
21-08-2025,1424.800049,1431.900024,1420.300049,1425,11021323
22-08-2025,1409.199951,1423.400024,1407.900024,1420,5818868
25-08-2025,1412.599976,1419.5,1405.699951,1414.699951,5979407
26-08-2025,1384.900024,1410,1381.599976,1408,12145259
28-08-2025,1385.900024,1392.199951,1366.5,1389.900024,13161813
29-08-2025,1357.199951,1403.5,1350,1381.099976,18758842
01-09-2025,1353.900024,1363.199951,1340.599976,1356,11232238
02-09-2025,1366.5,1384.5,1354.5,1354.800049,11517006
03-09-2025,1372.599976,1376.5,1360.5,1369.699951,7847563
04-09-2025,1359.300049,1374,1357.099976,1371.800049,13223177
05-09-2025,1375,1381,1359.300049,1363,5777575
08-09-2025,1378.5,1386,1372.400024,1380,6986720
09-09-2025,1376.199951,1381.199951,1368.699951,1376.599976,9754452
10-09-2025,1377,1388.5,1374.099976,1383.900024,7790815
11-09-2025,1383.300049,1385.5,1375,1376,9766072
12-09-2025,1395,1396.300049,1380.5,1383.300049,7403368
15-09-2025,1399.300049,1400.800049,1388.599976,1393,5396697
16-09-2025,1405.300049,1408,1398.199951,1404.699951,8686961
17-09-2025,1413.800049,1416.199951,1406.900024,1407,7519417
18-09-2025,1415,1422,1410.699951,1420.400024,9332642
19-09-2025,1407.400024,1417,1403.599976,1414.900024,13461373
22-09-2025,1390.599976,1410.699951,1388,1403.900024,7757970
23-09-2025,1389.800049,1395,1376.800049,1391,14014702
24-09-2025,1383,1396,1380.400024,1385.300049,5922759
25-09-2025,1372.400024,1384.5,1369,1381.300049,11411143
26-09-2025,1377.599976,1382.699951,1366,1372,9879109
29-09-2025,1372.800049,1389,1368,1381.599976,14231999
30-09-2025,1364,1377.099976,1362.800049,1377.099976,14604684
01-10-2025,1368.699951,1378.599976,1362.699951,1367,12045916
03-10-2025,1363.400024,1371.599976,1356.900024,1363.199951,12842347
06-10-2025,1375,1377.400024,1359,1360,12396580
07-10-2025,1384.800049,1395.900024,1375.900024,1376,11244040
08-10-2025,1367.400024,1389,1364.5,1384.800049,8525081
09-10-2025,1377.800049,1380,1369.099976,1374,8826633
10-10-2025,1381.699951,1388,1375.099976,1377.800049,6373084
13-10-2025,1375,1377.699951,1367.800049,1376.900024,7600682
14-10-2025,1375.900024,1388,1370.099976,1380,9768174
15-10-2025,1374.300049,1384,1372.699951,1383,10882743
16-10-2025,1398.300049,1400.5,1375,1375.099976,12315932
17-10-2025,1416.800049,1423.300049,1399.099976,1401,19335561
20-10-2025,1466.800049,1473.800049,1433.300049,1440,24721978
21-10-2025,1465.199951,1474,1460,1468,2066169
23-10-2025,1448.400024,1482.900024,1444.599976,1475,18707090
24-10-2025,1451.599976,1459.800049,1441,1450,9700837
27-10-2025,1484.099976,1485,1458,1463,14113867
28-10-2025,1486.900024,1492,1477.599976,1484.099976,17631577
29-10-2025,1504.199951,1508.300049,1488.099976,1490,11884745
30-10-2025,1488.5,1503.099976,1484,1500,9318663
31-10-2025,1486.400024,1497.5,1482.300049,1490.400024,8758053
03-11-2025,1484.699951,1495,1479.300049,1486,8452085
04-11-2025,1473.099976,1492.800049,1470.099976,1483.900024,10007806
05-11-2025,1473.099976,1473.099976,1473.099976,1473.099976,0
06-11-2025,1496.099976,1501.599976,1476.199951,1484,16772678
07-11-2025,1478,1498.400024,1475.900024,1494.599976,7821765
10-11-2025,1489.300049,1501,1475.5,1477.900024,7068438
11-11-2025,1493.400024,1498.800049,1480.199951,1497,7127506
12-11-2025,1511.5,1524.699951,1500,1505,12384459
13-11-2025,1510.900024,1522.099976,1506.800049,1515,7196443
14-11-2025,1518.900024,1520.900024,1505.5,1505.5,7682823
17-11-2025,1518.300049,1523.699951,1511.5,1520.900024,5871416
18-11-2025,1519.400024,1527.800049,1510.5,1521.699951,11045042
19-11-2025,1518.900024,1522.300049,1512,1517.400024,5692366
20-11-2025,1549.099976,1550.900024,1526.699951,1530,18171724
21-11-2025,1546.599976,1557.800049,1540.099976,1541,9615271
24-11-2025,1535.900024,1550,1531.800049,1550,18433951
25-11-2025,1539.699951,1559.599976,1525.099976,1535.900024,15033482
26-11-2025,1569.900024,1571.599976,1540.5,1542.300049,14054299
27-11-2025,1563.400024,1575.5,1556,1575,9794643
28-11-2025,1567.5,1581.300049,1563,1568,8959508
01-12-2025,1566.099976,1577.5,1563.599976,1575,8920233
02-12-2025,1546.300049,1567.5,1542,1561.099976,11389150
03-12-2025,1538.800049,1552.400024,1533,1545.199951,6090883
04-12-2025,1535.599976,1560.5,1517.599976,1536,11867930
05-12-2025,1540.599976,1545.800049,1520.599976,1530.400024,10183266
08-12-2025,1543,1551,1535,1539.199951,11301491
09-12-2025,1529.400024,1542.5,1520.099976,1540.300049,11503971
10-12-2025,1536.900024,1547.5,1531.400024,1534,7991629
11-12-2025,1545,1550,1524,1536.900024,4706197
12-12-2025,1556.5,1559.800049,1546.099976,1550.800049,5106655
15-12-2025,1556.199951,1558.599976,1546.5,1551.199951,5774543
16-12-2025,1542.300049,1551.699951,1538.800049,1545,11731856
17-12-2025,1544.400024,1550,1539.300049,1550,7116649
18-12-2025,1544.400024,1551.5,1535.199951,1535.199951,6580829
19-12-2025,1565.099976,1574.199951,1551,1554.400024,13937275
22-12-2025,1575.400024,1577.5,1565.300049,1573.5,10184852
23-12-2025,1570.699951,1580.900024,1568.099976,1580.900024,7506564
24-12-2025,1558.199951,1575.699951,1553.599976,1572.699951,8815745
25-12-2025,1558.199951,1558.199951,1558.199951,1558.199951,0
26-12-2025,1559.199951,1561,1554.300049,1554.699951,2311495
29-12-2025,1545.599976,1558.099976,1543.599976,1554.900024,5972105
30-12-2025,1539.800049,1553.599976,1537.800049,1547,8815884
