Date,Close,High,Low,Open,Volume
01-01-2015,1006.856506,1015.340733,1005.056799,1015.340733,366830
02-01-2015,1020.265137,1024.8138,1008.853983,1009.012159,925740
05-01-2015,1004.760376,1028.354061,998.5899754,1020.878469,1754242
06-01-2015,967.7182617,1000.349977,965.1076859,1000.349977,2423784
07-01-2015,956.2872925,980.5929585,952.2330488,976.973843,2636332
08-01-2015,966.6105347,968.6673018,957.4143261,966.0567265,1565408
09-01-2015,993.7049561,996.7109712,969.0630478,971.0407275,3197642
12-01-2015,992.6765747,999.9149021,981.0280601,995.5640065,1596006
13-01-2015,988.0090942,1000.864011,980.9686324,996.7504763,1468432
14-01-2015,997.5220337,1001.418102,989.0378055,995.1686137,1787096
15-01-2015,1004.30542,1021.17499,998.0361362,1001.892612,5009920
16-01-2015,1001.556458,1006.639134,982.6301176,1006.124918,5293830
19-01-2015,993.1907349,1009.012172,990.0264474,1003.079133,1135074
20-01-2015,989.0176392,1000.705743,982.2144416,996.7503847,2058566
21-01-2015,994.2983398,997.5417155,984.1923765,997.5417155,2310480
22-01-2015,994.199585,997.245193,987.0601405,995.3663969,2113214
23-01-2015,990.2636108,1001.516587,987.2970919,994.3771451,3150380
27-01-2015,991.6309204,996.7633405,986.6768283,995.7131117,2738736
28-01-2015,1006.512756,1008.613213,991.9674684,992.0071398,3121980
29-01-2015,1008.514404,1018.046097,995.9310103,1005.878866,3734392
30-01-2015,983.7041626,1020.542765,978.9283994,1014.875265,5817402
02-02-2015,996.4465332,999.3199074,975.7780938,983.6848077,3181802
03-02-2015,1013.904602,1016.579812,993.6324936,995.4357059,2345054
04-02-2015,996.486084,1019.23524,991.6509087,1017.768848,2245418
05-02-2015,1011.585876,1027.16156,998.3485818,998.7449092,4530168
06-02-2015,1020.84021,1028.390266,1010.971697,1011.823762,2136416
09-02-2015,995.9312134,1018.204894,990.818628,1015.192766,2076432
10-02-2015,967.4945068,1001.222004,964.2644775,994.7816846,3799054
11-02-2015,974.9255371,985.765128,969.9120352,973.0034077,2937522
12-02-2015,975.8175659,982.8128033,969.8132439,982.8128033,3107980
13-02-2015,1006.176208,1009.743155,975.0645069,978.9286992,4158326
16-02-2015,1024.426758,1028.469277,1012.616186,1014.597822,2364392
18-02-2015,1044.580444,1047.49349,1016.67903,1024.526333,2660014
19-02-2015,1062.573364,1065.05041,1044.322472,1044.718799,2618002
20-02-2015,1060.393433,1069.608042,1047.195715,1069.608042,1801588
23-02-2015,1068.756592,1078.803533,1058.590829,1058.590829,1614892
24-02-2015,1071.966675,1081.973943,1061.761243,1067.706155,2199922
25-02-2015,1059.065918,1078.803039,1057.341952,1074.047111,1767994
26-02-2015,1052.82373,1067.210432,1040.498008,1061.760931,1991994
27-02-2015,1055.162964,1060.473716,1036.912056,1054.013556,2877376
02-03-2015,1057.956543,1073.631314,1051.278483,1062.038735,2176038
03-03-2015,1100.204712,1105.753295,1060.631388,1062.949941,3424308
04-03-2015,1088.315186,1114.512469,1076.286609,1104.960939,3862994
05-03-2015,1068.67688,1098.104186,1062.573477,1089.900229,2173514
09-03-2015,1048.99939,1062.078194,1034.414522,1046.304344,2883174
10-03-2015,1047.374634,1061.464095,1028.568914,1049.831845,3037052
11-03-2015,1033.047363,1054.211211,1029.579498,1047.097152,2240200
12-03-2015,1038.001221,1040.319678,1026.527563,1039.92335,1827636
13-03-2015,1023.456116,1046.284516,1020.543071,1045.511697,1586838
16-03-2015,1015.51001,1034.414813,1011.427817,1024.585871,1556296
17-03-2015,1023.99115,1033.106681,1013.706473,1023.515576,1267318
18-03-2015,1014.340698,1030.233371,1011.308735,1026.864588,1255170
19-03-2015,1028.964966,1032.769747,1017.808389,1020.939336,2448964
20-03-2015,1034.79126,1037.585388,1022.069205,1028.866183,1963908
23-03-2015,1037.248413,1042.737587,1032.8294,1036.792675,1566608
24-03-2015,1027.003052,1045.115192,1023.35686,1042.3409,2394878
25-03-2015,1020.047729,1035.999909,1008.732562,1027.04287,2224858
26-03-2015,996.0107422,1025.18039,991.2151404,1011.943089,3091642
27-03-2015,996.6845703,1019.314816,992.4438848,1003.105057,2751776
30-03-2015,1016.242798,1018.52168,998.744983,1000.72662,1339006
31-03-2015,1012.200439,1018.343515,999.1414697,1018.343515,2427028
01-04-2015,1007.721802,1016.024938,999.6367617,1013.805466,2075758
06-04-2015,1009.564941,1015.747592,990.858305,1013.805626,1568542
07-04-2015,1024.505981,1030.054563,1008.256564,1015.568782,1886922
08-04-2015,1046.859009,1052.84359,1026.824739,1028.073131,1652134
09-04-2015,1056.033936,1065.109792,1044.381855,1053.8343,2544450
10-04-2015,1051.75415,1058.511554,1041.548717,1049.673431,1815544
13-04-2015,1052.447266,1056.212375,1041.548264,1055.816048,1308642
15-04-2015,1041.449341,1075.592908,1034.176694,1052.130345,2913934
16-04-2015,1023.634766,1041.152423,1019.096835,1041.132587,3217570
17-04-2015,980.850769,1014.598004,978.9285427,1013.448693,9668742
20-04-2015,962.6000977,984.4376814,961.0346236,982.9118788,2890722
21-04-2015,961.9069824,971.7953373,951.5826284,962.6005558,2546032
22-04-2015,969.0603638,980.1178618,954.1782475,963.6702713,4186812
23-04-2015,973.8754883,982.8126904,963.749304,979.7213173,4342990
24-04-2015,988.0641479,996.3671885,970.0312494,973.102787,3625158
27-04-2015,990.8978882,998.7451912,985.2700576,990.6204783,2733052
28-04-2015,988.8369141,994.7818254,973.0234887,994.7818254,3088298
29-04-2015,985.7852783,988.8369803,971.4184084,984.4773784,2019620
30-04-2015,976.4319458,986.8553774,961.9264188,982.8921028,3738054
04-05-2015,983.5064697,992.7210836,973.855857,987.251745,1890630
05-05-2015,997.8928223,1005.264453,990.8183406,991.2146679,3255070
06-05-2015,976.1741333,996.7633205,973.3007599,996.7633205,3394406
07-05-2015,1008.752625,1012.121408,972.4688206,976.9076694,3205028
08-05-2015,1001.618347,1025.695235,997.2785818,1014.598069,3003664
11-05-2015,1013.012939,1015.807067,1000.726789,1004.690063,2573082
12-05-2015,999.8945923,1016.580018,995.9709888,1014.598381,2467386
13-05-2015,996.9219971,1009.445983,983.0703725,1009.445983,1863774
14-05-2015,990.5211182,998.7449106,984.8734535,998.7449106,1309050
15-05-2015,995.2373047,1003.65926,991.2146211,996.7632036,1461454
18-05-2015,998.9035034,1000.82573,989.6691527,996.4067183,4507752
19-05-2015,995.8518677,1002.708351,989.5304648,998.507242,1957722
20-05-2015,1013.42926,1018.522011,997.516653,998.7453069,1897814
21-05-2015,1012.81488,1022.524904,1009.901835,1013.409372,1579578
22-05-2015,1037.545288,1041.845478,1006.374182,1010.634701,2691632
25-05-2015,1030.84729,1045.075401,1024.783463,1038.377509,982978
26-05-2015,1033.958496,1039.66557,1026.051689,1032.432597,1961740
27-05-2015,1036.494995,1043.589215,1027.280385,1033.621622,1620690
28-05-2015,1034.216187,1039.566606,1023.416267,1031.996715,2763608
29-05-2015,1034.533691,1049.713054,1029.361598,1037.189066,4423532
01-06-2015,1037.48584,1049.118085,1033.760402,1034.196304,882264
02-06-2015,1030.411621,1042.341115,1026.686182,1036.792531,3935820
03-06-2015,1034.770874,1040.596963,1026.685836,1032.036254,1804684
04-06-2015,1032.690674,1039.487748,1025.893696,1037.228701,4131468
05-06-2015,1030.370728,1043.631083,1028.030619,1036.830881,2308534
08-06-2015,1031.01062,1036.030789,1024.690413,1036.030789,1570320
09-06-2015,1024.690186,1036.030559,1020.430099,1034.0305,2578914
10-06-2015,1040.330933,1044.031043,1025.550513,1026.430519,2763350
11-06-2015,1028.550781,1045.231261,1022.730588,1042.231171,1847336
12-06-2015,1002.349731,1035.610678,990.7493876,1028.790457,2571456
15-06-2015,1001.94989,1008.210038,992.4295868,1002.149896,2525176
16-06-2015,1004.8302,1007.750307,997.8099697,1000.030056,1267396
17-06-2015,1005.549744,1011.689867,1000.749602,1008.429809,1975720
18-06-2015,1012.05011,1018.550303,1003.229828,1006.029911,2165046
19-06-2015,1019.850037,1022.030081,1010.869792,1014.029846,1999610
22-06-2015,1036.630615,1040.030716,1018.83009,1018.83009,1102002
23-06-2015,1029.87085,1043.23121,1026.910702,1040.031115,898318
24-06-2015,1028.150635,1035.190786,1023.570518,1032.030731,1170246
25-06-2015,1020.030457,1029.230731,1017.690348,1024.8306,1930992
26-06-2015,1037.151001,1038.571063,1020.110453,1020.110453,1290102
29-06-2015,1037.190552,1041.630722,1017.389968,1028.830344,1372756
30-06-2015,1020.410095,1035.530561,1016.029985,1034.030517,1549952
01-07-2015,1037.270508,1043.230644,1022.730042,1025.590087,1279708
02-07-2015,1031.130737,1041.211018,1028.450677,1040.031003,1445880
03-07-2015,1041.590698,1044.030809,1028.030337,1029.250393,963470
06-07-2015,1053.350952,1058.03107,1032.15033,1032.15033,1182338
07-07-2015,1046.531006,1058.79133,1041.230849,1053.131201,1642836
08-07-2015,1038.070801,1048.711057,1032.230589,1039.210776,2667850
09-07-2015,1009.03009,1039.330994,1002.689862,1038.030955,3934122
10-07-2015,989.769104,1023.630059,982.0288376,1023.630059,8263654
13-07-2015,1003.849976,1007.470103,990.1895093,990.1895093,2280308
14-07-2015,999.8296509,1006.029835,996.0295382,1004.429787,1703274
15-07-2015,1018.330322,1020.010353,1000.029777,1000.429789,2003660
16-07-2015,1016.110107,1023.570387,1010.670005,1017.510149,1456608
17-07-2015,1025.790649,1028.070796,1017.350456,1018.750497,1070526
20-07-2015,1033.907715,1035.811855,1022.983966,1027.834551,853786
21-07-2015,1026.792603,1042.406632,1024.267189,1032.645368,1274500
22-07-2015,1013.423218,1029.838886,1010.617117,1026.631914,1320628
23-07-2015,997.6092529,1017.352182,995.3643325,1009.194405,1496780
24-07-2015,1004.243347,1008.793279,999.0120516,1001.176719,1574972
27-07-2015,1000.996704,1004.183615,994.6227853,997.3687956,2003738
28-07-2015,1003.000671,1009.795425,999.0319844,1001.978429,1891188
29-07-2015,1004.885193,1008.212448,995.5649253,1006.588898,2413318
30-07-2015,994.4221802,1008.913748,991.2753966,1008.613095,2770574
31-07-2015,1006.488586,1009.795778,996.9678839,998.1303726,1963776
03-08-2015,1006.027283,1012.200665,1002.539622,1003.541801,1179324
04-08-2015,1005.746765,1011.399094,996.5668442,1006.348073,2342692
05-08-2015,1021.079895,1022.222418,1006.588428,1010.196272,988994
06-08-2015,1031.563232,1035.451669,1022.263028,1028.235978,2211366
07-08-2015,1023.044434,1031.442674,1021.020012,1031.442674,1188506
10-08-2015,1031.082153,1037.856846,1024.868642,1031.042027,1431182
11-08-2015,1043.949707,1046.274782,1019.055642,1033.446892,2200306
12-08-2015,1071.008911,1078.906064,1043.068173,1043.509171,3479784
13-08-2015,1056.537231,1075.939378,1024.627813,1070.327175,1406426
14-08-2015,1083.635986,1090.110121,1057.138435,1057.49918,2293964
17-08-2015,1076.240234,1081.070758,1064.314302,1078.384937,773644
18-08-2015,1098.749146,1102.356991,1078.344816,1085.119508,1916926
19-08-2015,1095.82251,1103.539287,1091.132234,1102.396764,1690070
20-08-2015,1077.082153,1100.392803,1071.129169,1100.392803,2349298
21-08-2015,1072.79248,1094.339329,1064.354212,1087.163766,3536080
24-08-2015,1033.707642,1060.305515,1029.879396,1057.900285,4692344
25-08-2015,1029.097656,1051.085506,1016.410107,1037.415743,3925800
26-08-2015,1032.945923,1057.900181,1006.969423,1025.449643,3216158
27-08-2015,1032.104126,1048.239209,1020.539038,1048.239209,5264798
28-08-2015,1030.580811,1045.874023,1025.30929,1045.874023,2744152
31-08-2015,1027.854736,1038.257334,1014.625975,1038.257334,3692044
01-09-2015,1017.171631,1046.755977,1014.20522,1024.627882,2987602
02-09-2015,1038.979126,1050.464059,1021.420929,1026.111107,3765950
03-09-2015,1044.511353,1048.279507,1032.745729,1040.703071,2265074
04-09-2015,1021.199951,1048.238711,1017.872699,1046.835661,2426396
07-09-2015,1018.113831,1026.211419,1015.287666,1023.42538,1759184
08-09-2015,1018.333923,1027.874685,1011.599262,1020.218,1787746
09-09-2015,1022.122864,1031.844005,1019.817851,1027.414352,2045076
10-09-2015,1020.378479,1033.647367,1013.002481,1019.015555,2665818
11-09-2015,1023.024475,1029.598731,1018.454577,1020.819681,1592672
14-09-2015,1022.884033,1028.235708,1019.416533,1028.235708,1589318
15-09-2015,1017.111511,1025.790343,1016.610422,1022.884023,1379900
16-09-2015,1022.362671,1028.235399,1018.634546,1024.226684,1756816
18-09-2015,1022.723755,1036.654044,1017.813077,1028.23574,2455294
21-09-2015,1022.643372,1025.068664,1015.487775,1022.222437,1108840
22-09-2015,1012.921997,1031.201676,998.1699082,1025.228731,2081246
23-09-2015,1015.26709,1025.329003,1007.229695,1015.928586,1228352
24-09-2015,1034.40918,1038.257587,1014.165161,1016.410082,2354254
28-09-2015,1039.740845,1049.882918,1034.048487,1039.861126,2366812
29-09-2015,1037.555908,1055.895784,1030.17991,1035.591677,3325952
30-09-2015,1037.475708,1059.784172,1030.620765,1059.784172,3368336
01-10-2015,1060.145264,1062.289868,1039.139529,1041.865476,2834408
05-10-2015,1087.023193,1110.414085,1063.391837,1063.391837,4807306
06-10-2015,1082.353149,1092.775809,1075.939205,1092.374938,3979590
07-10-2015,1063.893188,1089.168163,1061.087087,1079.928053,2065530
08-10-2015,1055.815674,1073.674524,1050.283626,1070.327207,2357550
09-10-2015,1054.151855,1062.550193,1045.473025,1062.510067,2249724
12-10-2015,1039.299683,1066.458732,1037.054763,1064.31403,2455912
13-10-2015,1041.684814,1047.076517,1029.277859,1043.388519,6179712
14-10-2015,995.6450195,1021.421089,994.1618138,1021.421089,8337128
15-10-2015,989.2511597,1003.582323,988.1487625,998.1705552,3215710
16-10-2015,990.9545288,998.9719603,990.1527857,994.5222467,2333828
19-10-2015,997.6689453,1000.154329,984.4803121,998.1700347,3130642
20-10-2015,1012.902466,1014.205299,1000.415353,1000.67588,2695084
21-10-2015,1014.205322,1019.015782,1011.098567,1016.209681,1929688
23-10-2015,1019.287292,1023.646265,1015.330163,1023.646265,2335398
26-10-2015,1019.046143,1024.047847,1010.428733,1024.047847,1414630
27-10-2015,1016.856873,1022.400875,1012.538114,1016.435021,1530420
28-10-2015,1016.053406,1017.841152,1008.400143,1008.400143,1255342
29-10-2015,1002.494263,1018.584069,1000.364995,1017.8409,3130316
30-10-2015,1002.433777,1009.142897,998.3359988,1004.362172,1516696
02-11-2015,1011.332703,1013.522193,999.3606834,1004.362388,1319294
03-11-2015,1021.818237,1023.565867,1011.79472,1015.611297,1364906
04-11-2015,1017.941406,1023.32475,1012.397306,1022.44093,991434
05-11-2015,997.3917847,1018.403059,996.3272001,1016.735858,1596098
06-11-2015,1006.672119,1011.69393,997.7131897,1001.148128,908024
09-11-2015,992.8525391,1005.467293,991.7477403,1002.353769,2021556
10-11-2015,987.5494995,995.1224325,984.2753168,993.4953455,1361920
13-11-2015,963.1435547,979.47455,958.7846797,979.47455,2743232
16-11-2015,953.9840088,960.1708445,946.5115103,960.1708445,2043528
17-11-2015,960.3912964,963.5650419,954.1441435,956.3537405,1985028
18-11-2015,944.6832886,959.7286197,942.4937979,959.7286197,1520352
19-11-2015,949.1427002,956.7959623,944.9042707,950.2676058,1866906
20-11-2015,963.5251465,973.6491007,948.9015698,950.7295292,2012126
23-11-2015,960.5925293,969.5714724,957.0571532,966.3173963,1088082
24-11-2015,951.3120117,961.1547638,950.3277561,956.1731652,998640
26-11-2015,942.3129883,957.1172324,939.2195715,955.30938,2915292
27-11-2015,945.4465332,947.8971186,937.0701116,943.2971585,1737206
30-11-2015,953.5617676,960.6726337,944.1608767,950.1268286,4100048
01-12-2015,948.8813477,955.3695874,946.9329435,949.2830926,1721994
02-12-2015,950.2069702,955.389538,942.6943606,955.3493243,1640296
03-12-2015,944.4022217,953.3410495,942.8956777,948.1183636,2283358
04-12-2015,935.4226685,943.015705,932.4900095,940.0829479,1246092
07-12-2015,931.9678955,941.6498893,930.1399365,936.9494933,1382604
08-12-2015,935.6638794,943.6987775,930.9634836,931.8070891,1139964
09-12-2015,951.1912231,953.2602681,932.0481189,939.239313,5282806
10-12-2015,957.9807739,960.6523381,944.9039585,951.7336214,1723988
11-12-2015,958.5632935,960.9536559,949.4235973,957.3580588,1652378
14-12-2015,955.5303345,958.9652737,936.3068959,938.154864,2718532
15-12-2015,954.4855957,958.1615221,949.3432417,955.5300735,1135868
16-12-2015,967.5625,970.0131834,957.7599624,957.7599624,1435934
17-12-2015,980.1571045,982.2662652,961.5161807,970.2139184,1618844
18-12-2015,970.9372559,977.9275791,964.4490158,972.2228201,3024970
21-12-2015,982.8287964,984.2751174,966.9398622,972.2026622,1610104
22-12-2015,966.2168579,980.2578264,964.188026,980.2578264,1560858
23-12-2015,974.5528564,978.2488901,968.4262464,970.2139916,849834
24-12-2015,977.9476929,979.5345659,965.7949075,972.624572,843160
28-12-2015,989.3775635,990.8640006,972.303398,975.4370292,3704198
29-12-2015,986.6052856,990.4218627,982.5677292,987.6297549,1708524
30-12-2015,971.5397949,987.8907941,969.1293253,985.5004314,1605762
31-12-2015,978.9924316,983.6727221,967.2011756,970.5155721,1240318
01-01-2016,970.7765503,979.8560263,969.1093478,979.8560263,712262
04-01-2016,951.9748535,969.8122897,950.5486394,968.2655324,1870184
05-01-2016,943.678833,958.8045901,940.4849801,958.1617589,2678020
06-01-2016,956.7955933,958.6234539,944.1807459,944.1807459,2653228
07-01-2016,952.6376953,957.3179847,948.1180647,952.1355141,3199580
08-01-2016,963.2240601,967.1410747,953.1402191,958.1620327,1907544
11-01-2016,949.0623169,957.7600567,943.6387595,957.1574392,2930228
12-01-2016,934.8809814,950.1271888,924.656588,949.2031554,3482594
13-01-2016,915.6572266,934.8606581,905.9752305,930.8432079,4746092
14-01-2016,915.4967651,923.5717829,903.9264865,913.1666239,2742052
15-01-2016,908.3857422,920.6790815,905.9350582,919.534167,3269408
18-01-2016,915.0341797,920.7590442,907.9434218,908.7469116,2213922
19-01-2016,915.6973877,924.0134895,911.2781927,914.7733546,967910
20-01-2016,916.0189209,917.9874324,901.1141404,913.4879075,1615954
21-01-2016,907.9237061,922.1798207,904.3999392,920.2065506,2675536
22-01-2016,924.536377,927.0735105,910.1392625,915.3745769,1343178
25-01-2016,928.1201172,941.953462,922.824437,927.0126473,1397560
27-01-2016,934.2012329,938.3089199,918.9583801,927.0530179,1626986
28-01-2016,938.812439,945.9404995,929.4895938,932.4898112,3106660
29-01-2016,963.015625,966.5192376,940.3628304,949.8870327,2235744
01-02-2016,967.6066284,971.7344713,950.0079422,962.9351774,1495274
02-02-2016,965.7546997,979.8094695,958.3446554,970.1442712,1475588
03-02-2016,973.0838013,978.5606861,950.5316795,961.4855476,1308692
04-02-2016,974.5941162,982.628291,967.3250635,975.3390828,1250046
05-02-2016,975.3591309,982.6080273,969.7815668,969.7815668,1402996
08-02-2016,951.5983887,971.3717968,945.1750838,966.5190461,1063658
09-02-2016,918.7574463,939.7793277,908.3674385,939.7793277,2489610
10-02-2016,913.6829834,922.1802404,909.3739376,916.1798054,1890732
11-02-2016,885.1504517,921.8177979,874.5589912,918.1933504,1962408
12-02-2016,896.6885986,903.4541572,871.4785064,885.9763004,2172568
15-02-2016,913.8237305,929.0062149,902.0845887,906.111752,2479712
16-02-2016,912.3743286,918.998995,903.2930524,912.5555314,1588702
17-02-2016,916.401123,918.0522009,904.6618836,912.1524463,1585178
18-02-2016,932.6309814,934.2015364,917.3881236,920.207139,1529140
19-02-2016,934.1610718,937.1210767,928.4425185,929.2077386,879012
22-02-2016,932.6505737,943.564224,928.2610057,934.4024288,1324884
23-02-2016,911.7501221,934.2619343,908.8304276,930.3757595,1306852
24-02-2016,890.3858032,911.1256978,886.4593183,911.1256978,1659328
25-02-2016,891.1508789,897.251992,880.196916,893.9497378,1830556
26-02-2016,890.2046509,908.8906535,885.8150812,897.9367865,1537536
29-02-2016,876.6329956,900.8765009,851.7451048,900.8765009,2191718
01-03-2016,916.8441162,920.2471479,870.6727272,883.1569337,1999760
02-03-2016,933.8388672,938.3291153,908.6287838,928.2612063,1527486
03-03-2016,955.7059937,962.8945178,926.6500566,940.7451249,2648284
04-03-2016,949.4239502,958.4649126,946.2022194,958.4649126,1512966
08-03-2016,948.1151123,953.2295902,927.9389841,943.2019926,1268152
09-03-2016,949.3031006,954.1960648,924.2943763,942.75896,2017784
10-03-2016,945.6990967,950.3504915,932.2684632,948.8201493,1661666
11-03-2016,952.5252686,962.834851,940.3430936,942.3566762,1530528
14-03-2016,948.3970947,965.7138994,942.3563489,951.2161094,1636742
15-03-2016,938.2890015,951.8203133,934.342459,946.0010803,1623356
16-03-2016,937.1414185,939.1348454,929.0266223,932.2886651,1918246
17-03-2016,947.2088623,951.1353461,939.1343811,939.9398137,2221088
18-03-2016,976.9298706,978.6011048,950.4109495,950.4109495,3204070
21-03-2016,985.1450195,988.6486326,974.5737138,976.9900122,2336982
22-03-2016,995.9575195,1000.749803,981.2180666,983.4330058,1951984
23-03-2016,996.2399902,1001.918233,989.5951687,1001.918233,2278434
28-03-2016,996.0785522,1013.697392,991.3064226,1003.166399,3320882
29-03-2016,994.4675903,1001.535281,988.6685149,997.9309898,1838796
30-03-2016,1002.563049,1008.805157,990.6829087,995.0724807,2136504
31-03-2016,1014.966248,1026.926906,995.5753923,998.0521573,4363964
01-04-2016,988.2255859,1015.187524,980.2518811,1008.80443,3041400
04-04-2016,995.2133789,1001.958882,985.4475015,989.0719509,1752352
05-04-2016,991.7896729,1000.709801,983.4534642,995.0315591,1491794
06-04-2016,999.5016479,1002.360973,990.4204731,994.7093628,1763150
07-04-2016,995.0316772,1000.629396,989.4741714,998.7366484,2390942
08-04-2016,979.4265137,996.1996137,977.392776,993.0987168,1399500
11-04-2016,1009.46875,1013.636903,971.7544087,979.8087345,2400648
12-04-2016,1014.100159,1016.858805,1001.998611,1005.985463,1303628
13-04-2016,1017.341797,1024.912882,1011.824604,1018.872138,1601468
18-04-2016,1014.744507,1028.336183,982.6278784,987.8631909,7121504
20-04-2016,986.7960815,1020.845671,982.6279278,1020.845671,6405024
21-04-2016,976.3452148,993.6620132,971.4320964,987.0575062,2525724
22-04-2016,973.3857422,980.7755295,968.2107969,974.1710195,1964126
25-04-2016,987.1587524,989.4945276,967.4458008,967.4458008,2267654
26-04-2016,1002.68335,1004.173381,983.4334853,986.2525002,2554368
27-04-2016,1011.261292,1012.670799,997.0855942,998.7367709,1848670
28-04-2016,1017.965942,1022.899216,1006.025446,1007.314118,4992744
29-04-2016,1021.087219,1023.704875,1010.817953,1013.636967,2372178
02-05-2016,1017.543762,1018.872746,1006.791251,1018.47003,1116692
03-05-2016,997.9714355,1018.872375,995.5148265,1016.858793,2153118
04-05-2016,997.9310303,1004.394647,989.4739876,996.2798541,1364892
05-05-2016,994.8303223,1002.74366,992.1119866,997.9312188,1246566
06-05-2016,996.0785522,1000.468219,979.0034188,992.6957743,885598
09-05-2016,1011.845032,1014.039816,989.2324486,996.0786269,1821276
10-05-2016,1016.013245,1020.463281,1005.180212,1012.831824,1158534
11-05-2016,1014.160706,1017.100555,1002.763812,1006.790976,1598716
12-05-2016,1033.45105,1034.941081,1015.067081,1015.067081,1513082
13-05-2016,1016.214539,1033.370297,1010.878546,1032.96758,1621730
16-05-2016,1027.389893,1032.88703,1015.852107,1022.094211,1111526
17-05-2016,1035.061523,1043.538722,1027.732106,1032.645225,1756698
18-05-2016,1027.369751,1033.309817,1017.281686,1033.309817,1500740
19-05-2016,1029.72583,1030.954135,1017.302086,1028.940553,1038792
20-05-2016,1018.590881,1033.290034,1015.973224,1023.826196,1230918
23-05-2016,1003.347473,1025.275355,998.8169149,1024.510234,1533016
24-05-2016,993.7836304,1002.059475,990.5216852,1000.34793,1339158
25-05-2016,1017.442932,1020.060589,999.1394896,999.1394896,1548678
26-05-2016,1026.403442,1032.92743,1008.845063,1018.872664,1943248
27-05-2016,1036.04834,1038.947977,1027.168522,1028.19537,1104676
30-05-2016,1061.721436,1063.956531,1039.813704,1040.21642,1349464
31-05-2016,1034.739868,1065.990712,1031.759805,1063.171696,3722608
01-06-2016,1060.57373,1065.184813,1035.383802,1035.464325,1911942
02-06-2016,1067.259399,1068.930732,1047.0632,1047.0632,1408756
03-06-2016,1058.963257,1070.420522,1055.318653,1067.762554,1554922
06-06-2016,1063.011475,1073.794175,1059.227337,1066.266629,1322026
07-06-2016,1070.600098,1073.794258,1063.215004,1063.621899,1202194
08-06-2016,1063.255493,1069.54199,1060.163057,1064.944065,938266
09-06-2016,1048.668213,1067.039449,1039.696175,1067.039449,1562138
10-06-2016,1039.920166,1059.247646,1038.882566,1044.090833,1396832
13-06-2016,1036.359985,1038.943804,1024.560048,1033.511725,1029978
14-06-2016,1031.416504,1041.222601,1024.662016,1041.222601,977570
15-06-2016,1040.367798,1043.643218,1026.187491,1029.442645,1270844
16-06-2016,1040.957886,1043.56197,1023.929317,1035.769983,1145070
17-06-2016,1058.983276,1061.994255,1041.242643,1041.242643,1878988
20-06-2016,1082.053955,1085.593915,1054.588592,1058.98307,1872838
21-06-2016,1078.757935,1084.373095,1074.770351,1083.762753,1027690
22-06-2016,1085.45166,1089.540968,1070.844193,1078.270015,1761712
23-06-2016,1076.378052,1082.135567,1068.2198,1080.304543,1397014
24-06-2016,1047.325073,1055.157785,1022.992786,1043.744385,3766586
27-06-2016,1015.547119,1036.359722,1010.176035,1036.359722,4272566
28-06-2016,1002.567444,1018.415961,1000.30916,1015.547435,4499524
29-06-2016,1018.415833,1022.322058,1003.116665,1007.06352,2531264
30-06-2016,1038.841919,1042.829404,1017.378244,1026.187466,5121812
01-07-2016,1017.581543,1043.521052,1014.93673,1042.463087,2197296
04-07-2016,1014.875732,1027.753996,1009.911642,1023.746048,1883484
05-07-2016,1011.2547,1016.035709,1007.938451,1014.87602,1559748
07-07-2016,988.6720581,1013.919876,986.7189451,1012.231205,3316800
08-07-2016,987.3696289,993.6561252,977.970332,990.7875009,2456356
11-07-2016,1002.648621,1005.761422,987.532536,988.753219,1543632
12-07-2016,1002.974121,1007.063429,991.1335561,1005.720658,1465536
13-07-2016,1014.428162,1016.930522,997.3995964,1008.284018,2102300
14-07-2016,1026.14624,1029.035228,1005.435369,1011.538781,2699988
15-07-2016,994.9991455,1028.547565,987.3495118,1024.153086,8336366
18-07-2016,990.1568604,1004.621972,988.9972713,995.6702977,2598850
19-07-2016,1003.482788,1006.16833,987.7359972,987.7359972,2362896
20-07-2016,1015.180969,1018.253041,996.1382951,996.8910893,2815252
21-07-2016,1019.697632,1025.170341,1002.770787,1012.96351,2527148
22-07-2016,1023.380127,1027.001447,1013.980827,1016.788358,1517216
25-07-2016,1043.92041,1045.654192,1022.237974,1024.767237,1688796
26-07-2016,1041.329346,1047.611713,1033.333516,1043.919759,2311290
27-07-2016,1051.508179,1052.670773,1038.229429,1042.308916,1750510
28-07-2016,1068.519409,1072.7213,1051.303998,1052.7114,4632080
29-07-2016,1068.539917,1074.903856,1060.258539,1066.377769,2488084
01-08-2016,1104.827148,1111.66029,1073.721058,1073.721058,3961704
02-08-2016,1101.13501,1107.866163,1097.300332,1102.6444,2578162
03-08-2016,1083.634155,1101.053545,1080.676527,1095.750212,2294702
04-08-2016,1081.880005,1094.505998,1075.454813,1089.223082,1415416
05-08-2016,1080.697021,1095.056797,1073.721058,1090.81407,1868484
08-08-2016,1080.859741,1088.40679,1072.517213,1076.98423,2058244
09-08-2016,1081.145386,1085.061732,1052.038312,1084.327405,2261914
10-08-2016,1091.425781,1094.118282,1080.248028,1081.471874,2062078
11-08-2016,1105.499878,1107.580456,1087.407417,1087.407417,2233138
12-08-2016,1117.146729,1119.737242,1102.297441,1103.500869,2327358
16-08-2016,1098.075195,1117.779132,1090.793373,1116.963235,3183754
17-08-2016,1070.681641,1101.053397,1068.009557,1101.053397,1848566
18-08-2016,1076.393188,1084.144215,1072.946041,1074.944951,1292064
19-08-2016,1062.09436,1079.615736,1060.66654,1076.984487,2416244
22-08-2016,1039.738647,1058.402297,1034.680124,1055.771048,2265274
23-08-2016,1061.094604,1062.685564,1036.270895,1038.208651,1503374
24-08-2016,1049.26416,1061.4822,1048.040314,1056.505247,1116878
25-08-2016,1040.697632,1056.46481,1030.478496,1052.507728,1939690
26-08-2016,1030.049805,1049.468198,1026.888203,1044.266853,1250314
29-08-2016,1020.095825,1034.129216,1006.307143,1034.129216,1488728
30-08-2016,1037.88269,1040.18766,1020.38173,1023.951282,1444026
31-08-2016,1024.481567,1040.269162,1020.218523,1040.269162,3231668
01-09-2016,1022.931763,1034.129939,1014.589228,1030.030033,1345736
02-09-2016,1025.909058,1027.785561,1018.260022,1024.766782,1742330
06-09-2016,1013.365051,1028.09194,1011.712839,1027.989953,2239066
07-09-2016,995.6194458,1019.749577,988.4599246,1019.749577,3854040
08-09-2016,947.2976685,962.7588836,932.0607454,962.7588836,7021516
09-09-2016,959.678894,965.4717456,946.4613961,950.3980612,2742438
12-09-2016,962.3711548,964.3700631,948.0725366,953.3758683,2024454
14-09-2016,949.8881226,969.9388608,942.361489,963.5748212,2069858
15-09-2016,949.276062,955.4565436,945.1150058,954.5793943,2818964
16-09-2016,963.4525146,969.2862015,946.4410722,953.2537962,4358004
19-09-2016,983.7476196,990.0912402,958.6791984,964.7984273,2802546
20-09-2016,981.7286987,985.971326,973.12094,983.5644682,1184552
21-09-2016,984.543396,988.8676922,979.3624672,982.2181082,1678020
22-09-2016,970.1018677,990.4992997,967.2870619,989.377441,2857574
23-09-2016,978.302063,980.6477686,967.3077631,971.7340474,1800726
26-09-2016,979.5255127,986.8685882,977.0369862,979.5255127,1753476
27-09-2016,993.803772,998.6583212,979.5255689,979.5255689,2038792
28-09-2016,988.4800415,994.3748798,985.2776046,991.7232135,1731328
29-09-2016,994.4970703,1002.125689,987.0724261,993.3547944,3603958
30-09-2016,991.6414185,999.3924414,988.5002343,994.1910971,2175364
03-10-2016,983.8499756,1002.595201,979.5257786,999.4744326,1818880
04-10-2016,981.1774902,989.2957268,978.2606977,987.2355665,1780718
05-10-2016,973.508667,985.3595001,969.3271918,982.3407187,1176354
06-10-2016,974.4872437,980.0557023,967.9600659,977.0369225,2267572
07-10-2016,965.940918,974.1814615,962.0245707,974.1814615,1816512
10-10-2016,971.0400391,973.73244,960.7393373,966.797314,1202142
13-10-2016,950.0716553,966.7975514,946.8080658,964.1051498,5173334
14-10-2016,965.2880249,973.7733763,934.610308,944.401075,7741214
17-10-2016,963.7579956,969.2041484,956.3945046,966.3892437,2728346
18-10-2016,979.1584473,985.4816521,960.6376162,969.2861087,2128632
19-10-2016,977.0778198,983.1562147,966.9606737,979.4846769,1985058
20-10-2016,979.5460815,982.8913409,973.3656979,977.8122994,1265854
21-10-2016,990.7644653,992.0902985,978.362866,979.0767762,1259660
24-10-2016,993.0349121,995.9800054,982.7475077,993.2394339,1253190
25-10-2016,981.0703125,987.6764246,973.9325238,983.7495673,1772466
26-10-2016,980.1705322,982.8293151,970.4557487,981.1318244,1437130
27-10-2016,989.1080933,993.7711491,967.592366,973.4007635,2941602
28-10-2016,981.1722412,987.8806119,976.7954974,985.7944509,1752102
01-11-2016,961.2518311,981.5812647,954.7684543,981.5812647,2934776
02-11-2016,942.456543,958.7978082,938.7546799,957.5706779,2325076
03-11-2016,948.7557983,955.1164439,934.4597499,938.3456626,1463310
04-11-2016,953.2960205,955.5866034,938.3454658,948.9805931,1183752
07-11-2016,931.4124756,959.1660158,924.4587364,956.3027114,2048052
08-11-2016,933.9280396,943.6632942,924.4382509,932.80317,1933634
09-11-2016,887.5626221,930.573484,876.5184532,891.7143715,4500226
10-11-2016,881.6724243,907.0535829,875.6799795,901.8587526,2172426
11-11-2016,859.4614868,878.2366385,853.3463081,878.2366385,2398424
15-11-2016,867.7037354,882.5315578,839.3160651,865.9038846,6290324
16-11-2016,895.6415405,903.5359989,874.5348594,877.4391078,4019958
17-11-2016,874.2077026,903.4134669,871.3239261,893.7600009,2504688
18-11-2016,869.2582397,879.4433813,860.7091721,876.1710338,2140534
21-11-2016,872.4486084,875.3528564,861.0363377,869.7080377,1793366
22-11-2016,873.3076172,890.6714887,868.0105254,872.080487,1318860
23-11-2016,882.0408325,884.7404592,870.1171567,879.0343234,1275808
24-11-2016,895.1709595,903.0042001,874.1256977,881.4475342,3026234
25-11-2016,940.9430542,943.7654138,896.7049492,904.8040287,4276148
28-11-2016,933.6824341,948.7556223,921.1247228,938.3454885,1924296
29-11-2016,924.376709,937.5274135,921.3906724,930.5736762,1442296
30-11-2016,931.0030518,938.6521417,917.19784,926.4831032,3445832
01-12-2016,925.8494263,936.7095504,922.0044576,931.3919853,1123052
02-12-2016,908.8330688,928.8557222,902.0224367,923.619947,1998032
05-12-2016,894.1687622,915.3776998,887.6240686,911.7576262,2249526
06-12-2016,892.6757813,901.5110576,887.5831117,895.8049229,1593444
07-12-2016,881.3045654,893.5349244,877.6640189,892.6145766,2065706
08-12-2016,898.1571045,899.4864956,883.533802,883.7383237,3239546
09-12-2016,897.9526367,908.0355179,888.9741529,901.9408104,1588718
12-12-2016,903.2498169,907.0948856,884.7610711,897.7686741,1311758
13-12-2016,900.0179443,907.2579904,892.9414757,907.2579904,2147534
14-12-2016,903.0042114,909.9987934,895.3959646,905.6220491,1870366
15-12-2016,924.1517944,929.38757,900.7135871,900.7135871,4295410
16-12-2016,933.7028809,936.7093898,921.1657405,931.3918256,1987230
19-12-2016,936.2592773,939.8588788,924.9697409,932.6188315,1334210
20-12-2016,956.8754883,959.2070163,935.5029652,937.5277106,2922760
21-12-2016,946.362793,958.7158829,943.090446,958.7158829,2034902
22-12-2016,943.9494629,951.0259339,935.1550295,943.2541091,1868300
23-12-2016,935.932373,948.0604716,932.1282489,940.7999502,1118954
26-12-2016,937.977478,941.454347,926.8923617,926.8923617,897408
27-12-2016,950.371582,953.0713089,933.2327002,933.2327002,1294692
28-12-2016,946.2807617,961.2108427,942.0880678,951.7210578,1350418
29-12-2016,961.9472656,965.3014013,942.0268736,942.0268736,1963516
30-12-2016,967.6130981,972.951137,959.4730707,963.2567239,1405748
02-01-2017,965.8947754,971.5191227,962.2337567,968.0422535,823132
03-01-2017,968.7167969,970.1279763,958.5111865,965.8534938,1475324
04-01-2017,973.3189697,977.1435662,964.6472678,969.3103236,1420066
05-01-2017,954.8706665,977.5930424,949.1440601,975.1592547,2216404
06-01-2017,933.1914673,952.805176,923.2517937,949.389624,3009896
09-01-2017,942.3131714,945.4219409,923.2108664,930.5736469,1854578
10-01-2017,947.0785522,952.9892086,937.3228285,942.4358703,1533914
11-01-2017,950.7807617,952.907868,932.7010573,946.9357924,1931296
12-01-2017,958.9408569,965.3423457,942.4359171,950.7803619,2570374
13-01-2017,920.0613403,964.5038658,915.3778134,960.433904,10235580
16-01-2017,923.8449707,930.1237268,911.3486751,920.3476297,3364808
17-01-2017,932.107605,935.8094676,921.4929492,922.3518804,3009956
18-01-2017,938.7955933,939.9817792,926.6673959,931.8009108,3136574
19-01-2017,937.1184082,938.8158983,933.8255889,938.7545818,2251676
20-01-2017,934.8076782,940.800126,926.4836024,935.4825601,2037246
23-01-2017,946.2316895,949.0211384,926.9928744,929.125947,2318546
24-01-2017,951.0107422,952.9181793,939.3812444,945.1241865,2282638
25-01-2017,965.2247314,968.0962032,950.887903,952.7543797,4111648
27-01-2017,967.1937256,975.7876101,961.963545,961.963545,2871658
30-01-2017,956.9790649,964.7935871,950.9284662,960.3018067,2577956
31-01-2017,914.6865845,956.630571,902.4828329,951.6875188,4666804
01-02-2017,889.2944336,918.8500913,884.228399,910.6664198,4864152
02-02-2017,905.6003418,910.2562668,883.1823985,890.1765012,6009482
03-02-2017,915.8145752,920.1012507,898.7703256,906.4412344,2153372
06-02-2017,919.1784668,926.4596975,908.5950241,926.2545924,2408910
07-02-2017,920.7578125,924.0394939,913.1278631,920.5116463,1814638
08-02-2017,931.5668945,936.3459038,920.5322795,920.8808981,2212584
09-02-2017,950.5801392,954.9693684,931.2591982,933.2282273,4033202
10-02-2017,983.6635742,994.534145,947.9958157,947.9958157,5782160
13-02-2017,990.3497314,996.4003304,977.2640693,982.8633971,3819812
14-02-2017,987.0679932,992.5647681,983.68376,992.5647681,2033328
15-02-2017,990.1244507,995.9904772,974.2903953,983.2739596,1924972
16-02-2017,1004.091736,1016.500591,999.1077234,1009.116809,4175680
17-02-2017,987.744812,1015.516115,985.3246126,1014.039318,2723324
20-02-2017,1026.427979,1048.087098,987.8272574,994.75977,3973948
21-02-2017,1011.311707,1036.149853,1007.127483,1031.268392,5501112
22-02-2017,989.2216797,1013.218971,984.5657549,1011.53707,4505496
23-02-2017,1018.059265,1022.75615,990.6572153,990.6572153,4853352
27-02-2017,1021.361694,1026.345707,1013.239514,1016.951936,2139892
28-02-2017,1011.680603,1021.423092,1005.014689,1021.217987,2354828
01-03-2017,1017.136658,1026.304795,1013.219131,1017.280171,1130374
02-03-2017,1026.120239,1029.627556,1013.23968,1020.069639,1544942
03-03-2017,1023.084534,1025.402181,1015.434055,1022.243583,1013970
06-03-2017,1014.24469,1018.962107,1006.881437,1017.321266,1400694
07-03-2017,1025.442993,1027.576065,1015.290296,1018.510384,1511672
08-03-2017,1030.530273,1033.729934,1022.326068,1026.346148,1791510
09-03-2017,1033.627075,1035.370468,1027.186796,1031.329858,858468
10-03-2017,1042.856567,1045.851121,1031.247602,1033.565349,1171420
14-03-2017,1053.214233,1061.27482,1046.466299,1048.825006,3402294
15-03-2017,1024.828003,1055.121961,1023.002588,1055.06047,3022496
16-03-2017,1034.098511,1036.600832,1027.986421,1027.986421,1571818
17-03-2017,1036.088379,1044.395135,1029.525016,1044.395135,2593152
20-03-2017,1017.321289,1036.170428,1011.578346,1036.170428,3487540
21-03-2017,1020.069702,1022.243836,1011.168161,1018.141734,3373700
22-03-2017,1016.890686,1023.884791,1013.198794,1017.382918,1888716
23-03-2017,1009.26062,1019.392791,1003.866296,1018.14163,2620638
24-03-2017,995.6618652,1013.136854,994.062086,1013.136854,5099814
27-03-2017,989.4470825,1000.912432,986.9652919,995.5591717,2181270
28-03-2017,996.7902222,1002.307529,988.606549,988.606549,1153158
29-03-2017,1002.799927,1005.34321,995.0059327,999.2720789,1717764
30-03-2017,1001.322876,1011.167919,998.8616153,1002.922655,2986086
31-03-2017,997.5490723,1001.261494,990.6575217,1000.256399,1867044
03-04-2017,989.303772,998.8616882,987.8680365,998.8616882,1196888
05-04-2017,985.0172119,992.6675918,982.4533982,992.6675918,2905568
06-04-2017,984.5249634,988.6065346,981.448387,984.5044328,1720704
07-04-2017,996.4211426,998.1440055,981.2843256,982.4124036,2277012
10-04-2017,993.6314697,1004.604591,986.5553451,997.6310184,2543264
11-04-2017,992.421814,1002.184839,986.9659969,991.6013934,1557784
12-04-2017,981.7351685,995.9899672,977.5305156,993.733812,1050538
13-04-2017,955.2360229,988.1964554,952.1184853,984.5045633,2500472
17-04-2017,949.5748291,956.9790408,941.4936105,955.9535156,2270882
18-04-2017,947.0932617,957.51256,944.3243431,955.7896973,1730620
19-04-2017,943.1348877,963.4608263,924.1217021,928.5109319,5626812
20-04-2017,953.9436646,956.6100304,939.7708844,945.6574399,1268842
21-04-2017,947.9136353,958.1072974,943.8935558,955.420501,1161154
24-04-2017,955.0101929,959.7480395,936.3045719,943.4832488,2000020
25-04-2017,948.2009277,961.7173345,944.5910578,954.9693964,3148710
26-04-2017,947.7290649,961.512066,944.7345108,959.8917559,2187438
27-04-2017,944.5705566,954.8874041,934.3153008,945.9653315,5773186
28-04-2017,932.4694214,942.9708442,930.3568786,941.0223454,2540510
02-05-2017,939.3399048,944.3034862,935.2788656,941.021806,2382696
03-05-2017,958.7841187,961.9427165,930.5616428,941.4322108,3514406
04-05-2017,955.8310547,963.9941996,947.0935553,963.973669,2708208
05-05-2017,951.8927612,956.8152836,944.5089777,946.7651338,1682474
08-05-2017,960.8965454,962.9270652,950.7438463,952.0975596,1071782
09-05-2017,965.0397949,968.5060503,956.8355929,961.511948,1790270
10-05-2017,956.7945557,966.5165153,950.0466194,966.0448137,1206388
11-05-2017,963.7683105,968.0960481,952.8157185,962.8863987,2071302
12-05-2017,968.3626709,972.1571153,951.7081968,961.245584,2314446
15-05-2017,970.1879883,975.4591282,960.5480505,974.2900895,1817604
16-05-2017,996.461853,998.8616222,973.6131698,976.3000661,3601026
17-05-2017,1007.209595,1009.42469,993.9392555,998.2464623,2876198
18-05-2017,1040.375122,1055.060668,1001.835893,1005.015022,5138594
19-05-2017,1028.457886,1042.158959,1019.781985,1040.374505,1786044
22-05-2017,1038.385498,1047.574165,1029.627471,1029.627471,1663940
23-05-2017,1034.427002,1051.840404,1031.268404,1039.144419,2748596
24-05-2017,1049.789429,1054.24025,1037.688227,1039.80087,2534548
25-05-2017,1076.637329,1081.949529,1053.4194,1057.111291,4094094
26-05-2017,1057.624146,1077.560396,1052.045248,1076.801467,1362550
29-05-2017,1055.409302,1065.110732,1051.778902,1057.932054,1749290
30-05-2017,1046.487061,1056.680722,1035.780537,1050.13789,927634
31-05-2017,1044.640991,1055.265392,1037.011044,1039.062094,2502730
01-06-2017,1047.512695,1051.778841,1037.831696,1037.831696,1080064
02-06-2017,1052.147827,1063.203069,1047.061262,1048.59955,1355648
05-06-2017,1068.166748,1074.70958,1050.199523,1052.189082,1500188
06-06-2017,1105.926514,1111.238715,1078.852645,1079.262855,5946720
07-06-2017,1072.802246,1107.567561,1056.927131,1106.336931,4927776
08-06-2017,1034.385864,1068.576817,1031.883543,1065.725877,3330714
09-06-2017,1028.396484,1044.968929,1019.782074,1033.729214,3148034
12-06-2017,1020.274536,1030.816916,1013.382986,1024.294615,1626506
13-06-2017,1016.894287,1029.151543,1015.006943,1022.473279,1175414
14-06-2017,1024.630127,1027.035967,1018.325241,1018.325241,1489142
15-06-2017,1000.157043,1024.422632,997.5853261,1024.132295,2997198
16-06-2017,995.3869629,1010.029297,989.9116703,1001.712608,2450426
19-06-2017,1008.660156,1014.736983,997.6472941,1002.521151,1644742
20-06-2017,1014.177246,1015.836432,987.339938,1008.370096,1670958
21-06-2017,998.1243896,1012.994777,994.3497027,1012.103005,1657818
22-06-2017,993.3752441,1008.370094,989.2894589,999.244573,5775882
23-06-2017,979.6247559,1001.29787,976.4308434,995.2625618,1424756
27-06-2017,971.8058472,989.1650168,967.1393874,975.0205195,1974330
28-06-2017,974.7924805,978.0900922,968.5497732,974.7302002,1789726
29-06-2017,967.8234863,983.9176033,963.6133443,978.5044913,2471826
30-06-2017,979.8939209,985.9706452,963.6131688,964.1523229,1753848
03-07-2017,984.5606689,988.4804742,971.9093801,977.840887,1475956
04-07-2017,981.7608032,987.4019729,974.7922041,984.4362195,1215134
05-07-2017,977.260437,980.9936051,972.6976761,979.2514802,815856
06-07-2017,973.7550659,979.707332,970.6648538,978.5044633,1026788
07-07-2017,967.2843018,977.4468121,964.6088856,974.7713959,1232090
10-07-2017,1010.008484,1014.135688,986.7798853,998.0001482,783608
11-07-2017,1026.952637,1043.129691,1006.295762,1006.295762,3537504
12-07-2017,1011.875244,1030.06411,1007.996958,1029.732253,2646450
13-07-2017,1014.757751,1025.376579,1006.544865,1014.177077,3131960
14-07-2017,994.4536743,1005.881336,985.1415148,988.4598862,4508432
17-07-2017,993.6242065,1004.678593,988.1281532,994.5574986,2211822
18-07-2017,998.9749146,1013.347569,993.9143176,993.9143176,1908002
19-07-2017,1016.085144,1020.398985,1001.77467,1001.940548,3915576
20-07-2017,1014.052917,1019.113414,1008.162828,1015.940262,1182504
21-07-2017,1033.34082,1036.991049,1009.842644,1009.987762,2148416
24-07-2017,1052.683228,1056.551725,1032.42574,1032.42574,2271402
25-07-2017,1069.654419,1073.190123,1047.566628,1050.624013,2678832
26-07-2017,1063.207031,1071.11037,1059.463345,1064.870892,1459826
27-07-2017,1032.300781,1075.186833,1025.978131,1057.466675,4255304
28-07-2017,1033.382446,1037.022142,1015.787097,1032.009741,1382752
31-07-2017,1036.502319,1047.816555,1024.522499,1027.850221,2019662
01-08-2017,1040.599121,1048.544096,1036.169133,1039.912819,1747460
02-08-2017,1029.014648,1043.240637,1024.106239,1039.912915,1251024
03-08-2017,1035.52478,1040.745165,1025.957579,1031.593929,1882548
04-08-2017,1049.397095,1051.684903,1034.921485,1036.086207,1387890
07-08-2017,1041.348145,1048.232389,1032.092918,1046.776511,1885520
08-08-2017,1041.181396,1051.809324,1038.373632,1044.904264,1073958
09-08-2017,1044.904663,1049.417926,1037.126134,1039.91308,992946
10-08-2017,1044.675903,1048.482046,1034.235237,1043.656809,1526172
11-08-2017,1038.270264,1054.472093,1032.841896,1039.871669,1394736
14-08-2017,1027.184448,1044.031039,1024.522312,1041.16092,786504
16-08-2017,1036.731079,1058.132472,1025.437561,1033.257728,1373340
17-08-2017,1033.94397,1041.992938,1024.148069,1040.204267,1752374
18-08-2017,1045.65332,1060.669603,1028.016335,1029.097885,2837356
21-08-2017,1051.892822,1060.295299,1037.542023,1042.200813,2304834
22-08-2017,1038.893921,1056.343641,1036.585294,1049.480215,1131326
23-08-2017,1035.52478,1046.901472,1028.744526,1041.993061,1562272
24-08-2017,1038.498779,1047.379576,1034.151862,1038.95628,1623908
28-08-2017,1034.630249,1042.159158,1023.690344,1041.826467,2036796
29-08-2017,1027.787354,1038.248835,1024.917134,1032.425324,1312602
30-08-2017,1033.486328,1035.753318,1023.316,1032.009631,970782
31-08-2017,1038.394897,1041.743336,1026.040648,1033.673651,1784664
01-09-2017,1021.797913,1039.102109,1013.520244,1031.593915,1702330
04-09-2017,1021.693298,1023.689951,1014.122755,1020.403868,1062544
05-09-2017,1033.403198,1035.753361,1013.728024,1023.274405,1165994
06-09-2017,1020.445801,1029.451508,1019.114732,1026.66446,1228764
07-09-2017,1023.315674,1026.768103,1019.55117,1022.442107,870636
08-09-2017,1027.683594,1029.097835,1020.175402,1020.67454,1021134
11-09-2017,1020.965942,1032.820953,1019.114917,1027.933361,732764
12-09-2017,1035.108643,1038.665166,1022.026557,1029.056328,1396460
13-09-2017,1035.420654,1053.078358,1029.597141,1039.913099,1278980
14-09-2017,1034.484497,1038.914587,1028.224201,1032.42549,1081510
15-09-2017,1042.429443,1046.984241,1033.673357,1039.496869,2944072
18-09-2017,1039.5177,1047.795366,1035.441222,1041.971854,726600
19-09-2017,1039.184937,1041.992701,1036.377172,1041.992701,782754
20-09-2017,1037.230225,1045.736694,1029.222893,1045.736694,1334642
21-09-2017,1050.270386,1056.967465,1031.593591,1036.190026,2438740
22-09-2017,1041.410156,1051.102061,1036.584921,1048.190305,2435396
25-09-2017,1044.384644,1054.055835,1036.89727,1038.477958,1599558
26-09-2017,1029.36792,1050.894112,1025.769863,1044.072326,1449230
27-09-2017,1037.833008,1044.987588,1028.993749,1035.753182,2010356
28-09-2017,1030.116943,1045.736456,1019.946615,1037.708308,4332866
29-09-2017,1013.270752,1033.257907,1007.260073,1031.17808,1985014
03-10-2017,1018.470093,1020.90353,1009.568477,1014.955207,1923006
04-10-2017,1015.911865,1020.778638,1008.715647,1018.948432,1300778
05-10-2017,1010.629517,1016.390576,1008.466415,1015.371481,1684686
06-10-2017,1017.721191,1021.194541,1009.9843,1010.795412,1389188
09-10-2017,1020.820435,1026.581493,1015.392067,1015.392067,1773616
10-10-2017,1022.962463,1027.413271,1019.634742,1021.194611,1222010
11-10-2017,1040.058716,1045.923765,1021.922591,1023.274478,1527746
12-10-2017,1059.96228,1062.790863,1042.824538,1045.320329,5006356
13-10-2017,1064.28833,1085.232112,1049.479932,1059.962232,4066320
16-10-2017,1075.020264,1077.349709,1062.811748,1062.811748,1218590
17-10-2017,1079.242432,1087.72808,1072.171024,1075.269944,1443016
18-10-2017,1075.935547,1087.187323,1073.190136,1079.429614,1514144
19-10-2017,1074.8125,1079.762547,1069.446589,1078.181859,86822
23-10-2017,1076.476563,1093.572777,1059.650786,1074.854338,1886088
24-10-2017,1072.524536,1090.203056,1068.635323,1089.828728,1339020
25-10-2017,1067.728027,1090.293047,1065.68429,1075.486083,1105106
26-10-2017,1058.948364,1071.586341,1050.210087,1057.384248,3007552
27-10-2017,1077.905151,1081.596403,1055.381885,1058.593516,1409270
30-10-2017,1091.210449,1092.79544,1076.820586,1078.614125,1137252
31-10-2017,1094.464355,1101.137919,1084.996258,1084.996258,1592634
01-11-2017,1085.642334,1095.652675,1075.631993,1094.463906,741882
02-11-2017,1095.360718,1115.318877,1087.269066,1087.998987,1468422
03-11-2017,1092.837402,1099.761161,1085.621594,1097.967621,666886
06-11-2017,1111.794678,1114.401538,1089.354803,1092.795859,1377000
07-11-2017,1130.355469,1154.526256,1112.003173,1113.650688,2696892
08-11-2017,1140.761597,1150.771936,1133.775214,1135.756427,1402252
09-11-2017,1141.345703,1147.018271,1134.213396,1147.018271,1152432
10-11-2017,1129.812866,1137.007798,1123.389605,1135.422807,1356566
13-11-2017,1150.751221,1158.44665,1127.018412,1127.018412,1496996
14-11-2017,1132.253052,1149.750274,1129.291618,1149.750274,1657252
15-11-2017,1128.374146,1149.103876,1126.72663,1128.666093,6670834
16-11-2017,1145.621094,1152.44068,1120.720387,1130.334507,1653482
17-11-2017,1129.208252,1146.225853,1127.665011,1146.225853,1325464
20-11-2017,1127.602417,1137.383335,1124.203112,1132.419914,1014498
21-11-2017,1114.880737,1126.580342,1111.98193,1126.580342,1527740
22-11-2017,1118.092651,1130.209357,1114.651596,1114.901895,1822624
23-11-2017,1118.343018,1123.243915,1113.233572,1118.238743,793470
24-11-2017,1121.179199,1127.373037,1114.943611,1118.655738,2287512
27-11-2017,1120.261719,1124.453468,1110.397299,1121.158438,1856786
28-11-2017,1120.032104,1127.164412,1113.650491,1120.324052,911716
29-11-2017,1108.707764,1123.243653,1105.30846,1116.778642,1447532
30-11-2017,1099.88623,1112.378282,1094.046865,1106.830864,4299962
01-12-2017,1096.945313,1112.815889,1093.42086,1099.051675,1031144
04-12-2017,1097.946533,1108.853591,1085.683807,1093.629534,1259104
05-12-2017,1099.28125,1106.017333,1096.194668,1097.383436,1167914
06-12-2017,1098.342773,1103.222793,1089.813151,1099.468916,1407518
07-12-2017,1091.648804,1103.619486,1090.710334,1097.926144,1326300
08-12-2017,1085.079224,1103.222966,1083.202285,1091.961333,1385548
11-12-2017,1109.938477,1114.755872,1087.936578,1087.936578,1008002
12-12-2017,1089.521362,1110.313717,1087.540149,1109.896619,1882246
13-12-2017,1096.299316,1105.913437,1084.870883,1089.208657,2961458
14-12-2017,1066.851807,1097.800415,1055.715326,1097.800415,5504150
15-12-2017,1061.763306,1077.96748,1058.113703,1069.333584,2718138
18-12-2017,1076.320313,1079.844767,1040.387396,1058.176568,2180664
19-12-2017,1074.151367,1083.536062,1069.730092,1074.443315,1801952
20-12-2017,1079.844604,1081.429595,1063.869749,1076.945797,1577570
21-12-2017,1082.660156,1087.790477,1076.13262,1079.031428,1293648
22-12-2017,1103.953003,1111.106186,1080.366115,1086.122082,3665664
26-12-2017,1105.079346,1121.888401,1097.634214,1120.324285,2175786
27-12-2017,1092.753418,1108.853418,1088.832743,1105.078666,739284
28-12-2017,1095.694336,1106.768296,1086.810138,1088.124057,2605088
29-12-2017,1126.66394,1129.875571,1092.190867,1094.088681,2609542
01-01-2018,1103.473389,1123.994569,1099.052114,1118.780849,1351760
02-01-2018,1097.466797,1113.4834,1092.878725,1109.479224,1920290
03-01-2018,1100.574463,1113.233415,1097.467106,1097.800805,1257120
04-01-2018,1108.270264,1110.314002,1101.137853,1105.308829,913082
05-01-2018,1121.65918,1125.955307,1105.308969,1105.308969,1153706
08-01-2018,1132.169556,1137.362502,1118.593112,1126.163392,1242220
09-01-2018,1129.91748,1134.922652,1116.382683,1132.420066,2149396
10-01-2018,1170.626221,1174.546898,1123.932061,1130.751648,3365850
11-01-2018,1163.9104,1177.007219,1160.448471,1172.0438,2520744
12-01-2018,1158.008789,1169.958593,1143.076677,1169.958593,3360314
15-01-2018,1145.391479,1171.209774,1140.782532,1158.342275,1457214
16-01-2018,1189.08252,1193.587091,1147.247617,1149.520779,4267752
17-01-2018,1204.973999,1220.010387,1193.795764,1197.07002,4280806
18-01-2018,1217.17395,1223.347014,1196.256551,1208.331503,2209478
19-01-2018,1234.317017,1243.785112,1211.105473,1222.32546,1820000
22-01-2018,1302.924927,1310.575931,1221.64894,1237.954316,4367110
23-01-2018,1296.904175,1313.774004,1291.908062,1302.318374,3239610
24-01-2018,1327.257568,1362.564956,1288.814429,1291.887406,5621538
25-01-2018,1304.869141,1329.431727,1288.124753,1327.424891,3833844
29-01-2018,1337.395874,1348.328794,1305.26589,1309.195861,3141060
30-01-2018,1318.164063,1339.465549,1314.33851,1329.51507,1574758
31-01-2018,1301.231323,1316.972236,1295.482635,1311.537113,3043214
01-02-2018,1312.206421,1333.696028,1291.385691,1306.102317,2400630
02-02-2018,1318.498413,1333.695898,1297.510492,1304.429844,2456490
05-02-2018,1297.405762,1332.859511,1286.389246,1300.24877,2757742
06-02-2018,1253.109741,1286.514811,1247.988182,1258.440344,2657306
07-02-2018,1235.466309,1267.219952,1232.288811,1265.547606,2180324
08-02-2018,1243.4729,1265.798782,1237.118006,1245.793301,2755004
09-02-2018,1242.42749,1251.750839,1211.050082,1233.355035,2102458
12-02-2018,1240.588013,1264.02178,1235.675497,1245.186964,1974562
14-02-2018,1217.384155,1243.577231,1209.315066,1241.716766,2847532
15-02-2018,1223.258545,1230.428688,1214.583249,1225.808812,2465236
16-02-2018,1226.268311,1254.09198,1222.066522,1222.066522,2515756
19-02-2018,1222.317993,1234.735144,1210.444273,1231.265005,1568224
20-02-2018,1231.160156,1248.009062,1224.115358,1224.157208,1889068
21-02-2018,1271.944336,1280.431511,1237.556728,1243.389013,3089228
22-02-2018,1275.247681,1287.288595,1263.666703,1276.000257,3463010
23-02-2018,1285.950439,1291.469161,1250.956621,1275.163788,3362500
26-02-2018,1267.512817,1291.866356,1263.122909,1285.615983,1363882
27-02-2018,1271.965454,1287.100164,1267.638218,1271.400997,1717800
28-02-2018,1268.913208,1280.995865,1263.227192,1268.892283,2706864
01-03-2018,1270.021362,1279.846395,1262.621252,1274.74576,1718124
05-03-2018,1298.514038,1301.775031,1268.03547,1274.745779,2858168
06-03-2018,1272.153809,1307.356677,1266.864952,1305.266244,1906764
07-03-2018,1265.735962,1291.469207,1261.994108,1283.525563,1917772
08-03-2018,1255.911255,1277.212747,1249.033751,1277.212747,1951826
09-03-2018,1268.516479,1280.682737,1244.727293,1256.35012,1872436
12-03-2018,1276.062866,1289.337115,1269.101766,1272.237415,2091340
13-03-2018,1206.932129,1229.048864,1200.744428,1222.861163,88067154
14-03-2018,1206.973999,1222.087889,1202.019735,1209.503443,3668668
15-03-2018,1199.782593,1213.516773,1193.887635,1210.3602,2348906
16-03-2018,1181.387207,1200.744636,1172.732835,1199.406779,7197482
19-03-2018,1183.602905,1190.710376,1179.003954,1182.766732,3489940
20-03-2018,1197.755005,1201.245965,1178.5857,1179.003787,4024984
21-03-2018,1194.368774,1205.887079,1191.54669,1200.953638,3907678
22-03-2018,1183.74939,1202.395988,1180.070208,1195.706604,2326094
23-03-2018,1178.230591,1184.899153,1169.827112,1171.478534,3654122
26-03-2018,1177.749756,1182.097815,1162.928609,1178.585929,2964210
27-03-2018,1190.585083,1196.981828,1180.27929,1181.094538,2494574
28-03-2018,1191.191162,1201.998739,1181.094414,1185.651516,6865654
02-04-2018,1216.485352,1218.304069,1187.365667,1187.365667,1662988
03-04-2018,1217.154175,1224.951446,1209.14786,1209.14786,1937290
04-04-2018,1217.00769,1226.665527,1209.105898,1224.763214,2841820
05-04-2018,1236.679077,1239.104,1220.959084,1223.5512,1809424
06-04-2018,1233.480591,1237.536009,1223.551037,1235.02749,1129018
09-04-2018,1222.443237,1238.999506,1218.722308,1229.049025,1235866
10-04-2018,1228.170776,1236.386134,1223.195486,1223.195486,1184532
11-04-2018,1260.175293,1264.711572,1231.515547,1233.605979,3124416
12-04-2018,1312.477783,1316.972212,1257.583016,1258.440114,6114360
13-04-2018,1318.352295,1354.934867,1309.488881,1316.972589,8179118
16-04-2018,1332.713379,1337.855863,1300.562568,1302.757522,6270274
17-04-2018,1323.912842,1335.765534,1315.801902,1332.713482,3301724
18-04-2018,1320.776978,1335.138186,1315.237332,1323.661733,2433066
19-04-2018,1334.176514,1345.067686,1323.557159,1329.473041,4820952
20-04-2018,1422.518188,1430.83817,1354.600067,1358.780931,18465662
23-04-2018,1425.110596,1487.51001,1417.125204,1431.528265,15185910
24-04-2018,1415.494507,1439.53448,1397.454115,1425.674954,8314336
25-04-2018,1450.864868,1456.195472,1406.882183,1415.222989,8196574
26-04-2018,1479.712646,1488.387941,1449.505897,1449.505897,12135034
27-04-2018,1443.213623,1481.698504,1429.85578,1473.754861,4501330
30-04-2018,1476.723267,1483.788887,1437.214095,1443.213575,3458558
02-05-2018,1463.198364,1476.765252,1451.303823,1476.054525,3158046
03-05-2018,1455.7146,1474.173079,1450.927427,1467.400098,3761550
04-05-2018,1455.254395,1462.048299,1450.759965,1459.957867,2347244
07-05-2018,1430.25293,1459.121822,1426.05114,1459.121822,3484426
08-05-2018,1438.719116,1457.658453,1420.114269,1436.001554,2992820
09-05-2018,1458.829102,1461.107652,1438.301016,1438.301016,2615050
10-05-2018,1442.920898,1467.964237,1438.301023,1464.535948,3858678
11-05-2018,1445.304321,1457.03167,1439.262991,1444.154583,2627876
14-05-2018,1435.520874,1451.178193,1426.009406,1445.324982,2433894
15-05-2018,1455.944336,1461.546756,1435.583545,1442.398375,1952890
16-05-2018,1460.752197,1467.065343,1452.954926,1454.919912,1648450
17-05-2018,1459.874268,1477.162081,1453.268481,1468.716755,2968048
18-05-2018,1464.15979,1470.702803,1445.74306,1455.275452,1874996
21-05-2018,1487.029175,1501.766724,1470.849247,1475.301828,3446178
22-05-2018,1467.023682,1494.638315,1460.668787,1487.55177,1857416
23-05-2018,1461.254395,1482.116873,1455.359333,1473.755142,1507298
24-05-2018,1506.658325,1511.382723,1464.285319,1467.48364,2962316
25-05-2018,1499.174438,1536.384133,1493.634793,1515.563407,3769772
28-05-2018,1464.15979,1512.009768,1457.449482,1512.009768,3716798
29-05-2018,1473.127686,1481.698458,1458.285616,1475.803398,3525312
30-05-2018,1469.197876,1477.09967,1455.986301,1467.086519,3779106
31-05-2018,1467.932861,1483.109215,1455.327995,1461.988748,5049371
01-06-2018,1460.682007,1481.802476,1447.065526,1478.851518,1603856
04-06-2018,1470.630859,1474.635731,1443.94575,1471.263207,1681483
05-06-2018,1451.534058,1477.080964,1442.723381,1470.420209,2449568
06-06-2018,1455.033081,1462.747749,1446.138009,1452.714471,2236512
07-06-2018,1463.295898,1474.635968,1453.38911,1454.400826,2414762
08-06-2018,1473.033813,1481.633809,1462.831951,1462.831951,2582138
11-06-2018,1475.225952,1486.439633,1469.577017,1473.033833,2179378
12-06-2018,1501.616089,1504.988612,1478.008424,1481.380948,4608875
13-06-2018,1537.954834,1544.320513,1515.949141,1531.125495,5370983
14-06-2018,1507.13855,1544.868654,1504.145394,1542.929412,3819998
15-06-2018,1551.40271,1557.34672,1508.023573,1517.635284,9183574
18-06-2018,1542.08606,1574.925959,1536.310635,1574.925959,4674987
19-06-2018,1538.292603,1550.518003,1535.341644,1536.311265,3245034
20-06-2018,1536.563843,1548.241288,1533.317809,1544.615784,3107695
21-06-2018,1533.950195,1544.615822,1532.474716,1544.615822,2910659
22-06-2018,1525.898071,1540.399879,1517.255981,1540.399879,2949458
25-06-2018,1533.866089,1536.479774,1522.694603,1527.669097,2083217
26-06-2018,1561.478638,1569.066817,1535.341576,1537.027838,4679712
27-06-2018,1566.537354,1589.42838,1560.846219,1568.223615,4081208
28-06-2018,1553.637207,1577.497852,1539.809943,1572.439067,4888125
29-06-2018,1557.894897,1574.462438,1553.299876,1555.491995,3506276
02-07-2018,1560.93042,1566.368676,1552.288328,1561.478476,2650290
03-07-2018,1580.069214,1585.001508,1565.735991,1568.180988,3242233
04-07-2018,1573.408691,1585.001741,1565.820514,1585.001741,2700614
05-07-2018,1585.338989,1591.40949,1569.993946,1579.184093,2472571
06-07-2018,1612.867188,1619.654432,1586.477253,1587.488968,3713781
09-07-2018,1587.615845,1622.521492,1582.135493,1622.184219,6151747
10-07-2018,1580.954956,1601.021516,1577.287357,1600.262677,5303302
11-07-2018,1669.314819,1684.575467,1597.016348,1601.948643,22903802
12-07-2018,1662.106201,1678.589453,1652.958251,1672.771828,6921701
13-07-2018,1670.326538,1684.491178,1664.34033,1665.18346,4148185
16-07-2018,1677.155762,1682.889092,1667.248975,1677.830308,2582159
17-07-2018,1691.475708,1697.26277,1673.60754,1680.366177,3315492
18-07-2018,1689.87085,1699.54411,1683.788116,1693.883791,2013869
19-07-2018,1673.945679,1698.487921,1664.314599,1691.433613,1746318
20-07-2018,1686.786865,1689.659307,1676.142032,1676.9024,1934995
23-07-2018,1694.433105,1698.065812,1677.832177,1690.504626,2086201
24-07-2018,1688.814697,1702.331973,1676.268996,1702.331973,2038423
25-07-2018,1674.030029,1691.349038,1662.962781,1691.264576,1535492
26-07-2018,1659.836914,1676.986999,1651.726569,1668.496419,3503036
27-07-2018,1642.137817,1659.79478,1639.223196,1656.584385,2033977
30-07-2018,1642.855957,1651.388717,1631.83099,1641.50425,1579251
31-07-2018,1639.138428,1644.883311,1628.831547,1640.659162,2204803
01-08-2018,1669.806274,1674.072707,1647.249358,1647.376,2425180
02-08-2018,1646.066162,1676.986908,1643.193721,1672.762759,1509287
03-08-2018,1672.298218,1674.494858,1652.909416,1652.909416,1505131
06-08-2018,1669.003418,1688.772351,1666.215439,1687.124974,1532249
07-08-2018,1662.075806,1672.044838,1656.288742,1671.242188,1353521
08-08-2018,1667.693726,1671.326534,1657.55577,1666.004066,1315062
09-08-2018,1667.989502,1673.438715,1660.935195,1672.76281,2060297
10-08-2018,1683.8302,1686.702642,1666.046595,1673.565498,2784105
13-08-2018,1689.786133,1693.249914,1681.211091,1687.800804,3559575
14-08-2018,1692.658936,1710.442543,1674.790763,1682.901109,3311765
16-08-2018,1696.84082,1706.598647,1685.435617,1689.913257,2152065
17-08-2018,1700.430908,1708.16112,1693.038649,1701.3602,1213731
20-08-2018,1698.06543,1709.935328,1692.785244,1709.935328,1587032
21-08-2018,1704.570557,1709.935204,1693.038611,1698.234334,1376866
23-08-2018,1719.312866,1721.762893,1706.809449,1708.921523,3046791
24-08-2018,1725.987061,1728.52155,1715.849104,1719.312885,1570533
27-08-2018,1732.661377,1739.504581,1719.228665,1725.987304,1532702
28-08-2018,1748.121826,1750.487391,1733.590794,1736.125284,1987983
29-08-2018,1750.487549,1754.373849,1728.184019,1750.909964,1525867
30-08-2018,1759.273315,1761.469955,1744.995776,1747.10785,2408020
31-08-2018,1755.894043,1767.38381,1752.176875,1759.189003,2504554
03-09-2018,1734.350952,1765.694219,1730.549218,1761.301146,1439711
04-09-2018,1773.213257,1778.155594,1737.772687,1740.180534,4420803
05-09-2018,1756.612549,1780.267786,1753.064305,1774.142769,1681106
06-09-2018,1753.275269,1758.513172,1740.602822,1753.021778,2238097
07-09-2018,1757.119019,1760.624979,1744.911065,1756.654321,1312182
10-09-2018,1757.879517,1768.566531,1752.388123,1760.963063,1530539
11-09-2018,1728.73291,1764.849383,1725.311308,1764.849383,3679745
12-09-2018,1726.789917,1747.86838,1723.45288,1733.886611,2307661
14-09-2018,1744.911499,1750.107326,1704.993392,1726.832223,3642038
17-09-2018,1752.303589,1755.387341,1735.745049,1748.797628,1033857
18-09-2018,1749.431274,1756.232195,1738.321845,1751.332141,1456507
19-09-2018,1755.471558,1764.84925,1746.136354,1750.402579,1301268
21-09-2018,1776.803711,1791.884005,1732.027732,1754.711494,4508530
24-09-2018,1857.316528,1867.496771,1772.580036,1786.815504,3032226
25-09-2018,1844.432373,1868.678947,1819.594459,1862.765138,2868778
26-09-2018,1809.751953,1857.780607,1803.796068,1847.64265,1970951
27-09-2018,1849.205444,1866.820019,1804.387191,1809.540528,3311802
28-09-2018,1844.85498,1850.17745,1823.861082,1840.039491,2904371
01-10-2018,1905.555176,1922.789615,1850.472335,1850.936826,3772208
03-10-2018,1827.240112,1905.091091,1821.115097,1901.120433,3902322
04-10-2018,1744.404541,1822.002031,1737.265771,1821.959955,4762419
05-10-2018,1776.380981,1791.038858,1707.316261,1731.900783,3417624
08-10-2018,1755.175781,1792.89734,1730.337667,1776.380881,2010154
09-10-2018,1767.214966,1780.605394,1734.604454,1757.541706,1867130
10-10-2018,1726.494019,1779.169132,1714.159525,1774.142436,2749573
11-10-2018,1672.720581,1700.642245,1639.814504,1676.987012,4700256
12-10-2018,1620.637085,1671.073384,1607.711147,1671.073384,9373289
15-10-2018,1646.995605,1652.106867,1622.073128,1638.969723,2638151
16-10-2018,1657.809692,1665.920038,1634.745796,1654.176883,2815425
17-10-2018,1630.014404,1680.366233,1622.072985,1664.314469,2779207
19-10-2018,1616.328247,1629.676598,1579.873926,1629.676598,3428776
22-10-2018,1607.710938,1618.693724,1594.151379,1617.004064,1778496
23-10-2018,1560.851563,1606.864766,1555.221589,1598.398672,2752811
24-10-2018,1564.957153,1586.545689,1533.293948,1567.962657,2735913
25-10-2018,1568.766968,1589.00095,1545.10428,1561.147484,2507233
26-10-2018,1523.134888,1569.529122,1516.362013,1569.529122,2285970
29-10-2018,1584.006226,1589.89012,1510.647499,1531.262417,2609483
30-10-2018,1604.155273,1616.515748,1561.994091,1580.619495,2404883
31-10-2018,1640.855713,1645.723716,1587.773252,1608.55755,2769190
01-11-2018,1638.824219,1646.105039,1609.658565,1645.512454,2769759
02-11-2018,1619.944214,1654.782201,1612.790408,1637.511353,1818635
05-11-2018,1600.811157,1631.712396,1595.646861,1617.023746,1713366
06-11-2018,1636.241821,1640.305587,1600.938253,1603.478081,1398710
07-11-2018,1644.24231,1650.041563,1639.882251,1642.422079,144530
09-11-2018,1616.346191,1661.004825,1612.790474,1660.200588,2570479
12-11-2018,1621.129639,1647.586177,1615.753691,1615.753691,2552008
13-11-2018,1638.146606,1641.575415,1611.097481,1621.256792,1418432
14-11-2018,1592.176025,1633.871539,1583.159614,1629.723132,2422318
15-11-2018,1585.572144,1607.710997,1572.661352,1578.079672,1829123
16-11-2018,1597.212891,1608.388194,1583.370851,1599.244773,1829729
19-11-2018,1610.63147,1614.779875,1578.333415,1607.71071,1740628
20-11-2018,1590.143677,1610.250645,1586.714868,1610.250645,1190182
21-11-2018,1534.055908,1584.048224,1522.669056,1584.005852,3840461
22-11-2018,1534.521729,1564.195322,1532.320462,1540.828926,3194219
26-11-2018,1562.925171,1574.693059,1510.774067,1539.982083,4333177
27-11-2018,1600.303345,1606.779927,1553.82447,1569.613755,3344839
28-11-2018,1679.588257,1683.905944,1593.742051,1599.245011,5313249
29-11-2018,1659.819702,1690.678566,1644.580737,1690.678566,4035441
30-11-2018,1666.338867,1685.59923,1659.227328,1664.433996,5268901
03-12-2018,1678.317993,1684.752202,1666.380825,1679.672547,1610576
04-12-2018,1702.404053,1709.642603,1668.666698,1678.826008,3270615
05-12-2018,1698.933228,1708.457582,1680.519475,1698.298271,2501539
06-12-2018,1687.038086,1707.610731,1675.947526,1691.525156,2321216
07-12-2018,1689.154663,1696.520225,1670.35998,1680.561662,1680420
10-12-2018,1672.730469,1702.531071,1659.354002,1672.05314,2010786
11-12-2018,1693.21814,1701.68423,1660.200386,1667.819868,2942014
12-12-2018,1707.441528,1711.843855,1680.476942,1694.149701,2219993
13-12-2018,1678.487427,1718.362701,1671.629913,1713.537069,3748429
14-12-2018,1684.54126,1692.330026,1672.265422,1678.826646,2473761
17-12-2018,1688.393188,1697.367228,1680.51968,1692.372211,1227921
18-12-2018,1682.932129,1694.91167,1673.238495,1686.360938,1768742
19-12-2018,1666.508057,1680.350202,1659.396621,1680.350202,2498833
20-12-2018,1654.316895,1671.968677,1647.501649,1654.105242,1940277
21-12-2018,1605.001953,1650.888136,1597.170817,1649.194917,3729956
24-12-2018,1624.219849,1641.490698,1612.790624,1613.467952,1864116
26-12-2018,1599.41394,1627.013481,1583.370739,1627.013481,2446614
27-12-2018,1616.134888,1643.861344,1584.937354,1616.17726,4968201
28-12-2018,1605.213623,1625.489875,1602.631423,1621.256828,2239130
31-12-2018,1602.673584,1616.176959,1596.83196,1615.33035,1879740
01-01-2019,1610.927734,1617.023278,1595.858052,1605.170752,1094883
02-01-2019,1628.283691,1637.723302,1608.557654,1612.7907,2100463
03-01-2019,1608.515625,1646.613051,1602.716371,1624.643577,2611668
04-01-2019,1588.958374,1609.573286,1558.607456,1608.557397,4280862
07-01-2019,1606.779907,1616.00797,1592.472189,1601.615611,1856423
08-01-2019,1603.097046,1613.975954,1594.419301,1613.129345,1691756
09-01-2019,1597.509399,1624.643269,1580.365561,1614.822622,2414376
10-01-2019,1598.864258,1612.790941,1584.937471,1600.0918,3053461
11-01-2019,1559.919922,1587.392351,1553.527981,1583.159305,9209862
14-01-2019,1535.11438,1567.073882,1532.3629,1566.227273,3615370
15-01-2019,1581.296997,1582.60918,1530.669716,1532.362935,7711653
16-01-2019,1583.286011,1587.392044,1563.68699,1583.158999,2359280
17-01-2019,1607.169434,1610.308561,1587.655684,1593.340083,2625816
18-01-2019,1612.557129,1615.568972,1591.643456,1595.885576,1683728
21-01-2019,1619.386475,1639.154791,1608.144859,1613.702077,2409803
22-01-2019,1613.617432,1627.489142,1603.521167,1618.029194,2457093
23-01-2019,1591.303955,1617.180886,1586.552802,1612.853944,2578169
24-01-2019,1613.320435,1616.459561,1590.79474,1599.109335,1962927
25-01-2019,1629.652832,1641.700411,1612.853996,1613.70242,2327080
28-01-2019,1658.668457,1664.607423,1633.639956,1640.003134,2769033
29-01-2019,1682.212646,1687.557759,1643.100322,1664.607849,2557626
30-01-2019,1681.067017,1687.939229,1658.371679,1679.539812,2429575
31-01-2019,1708.810791,1713.604407,1684.121673,1685.818521,4094319
01-02-2019,1722.25769,1726.330166,1695.235416,1704.907467,3064163
04-02-2019,1739.481445,1743.893209,1716.361889,1722.258395,1590764
05-02-2019,1734.645142,1743.51113,1720.603685,1739.26901,1111404
06-02-2019,1760.309814,1770.533363,1731.67551,1739.183937,1789812
07-02-2019,1767.182007,1779.950828,1753.69215,1760.267435,1339945
08-02-2019,1748.940918,1772.781712,1740.117392,1760.479566,1684474
11-02-2019,1752.758911,1778.296554,1738.335704,1747.753293,1778730
12-02-2019,1740.626587,1756.237504,1712.119461,1756.237504,2422903
14-02-2019,1734.6875,1760.479607,1724.888266,1747.795712,1724085
15-02-2019,1722.046265,1740.966163,1706.138314,1738.42089,1930065
18-02-2019,1671.649292,1732.438768,1665.15883,1728.748146,2942184
19-02-2019,1616.078125,1672.243754,1605.218256,1671.39533,4408554
20-02-2019,1624.519531,1640.682047,1596.139796,1624.731637,4645778
21-02-2019,1624.052734,1645.942109,1609.50235,1624.519409,4683919
22-02-2019,1633.767334,1637.457957,1616.332183,1626.598091,2271955
25-02-2019,1684.249023,1688.363859,1637.882628,1639.579476,2934880
26-02-2019,1729.681763,1735.154159,1673.304036,1683.273017,6453309
27-02-2019,1746.141479,1760.437299,1715.513291,1730.784923,4732082
28-02-2019,1682.806274,1757.382856,1677.843016,1747.753163,8454295
01-03-2019,1692.94519,1701.09004,1680.176368,1692.648263,4148548
05-03-2019,1686.751587,1702.78682,1676.994712,1701.089972,2449622
06-03-2019,1696.508423,1709.574172,1684.163917,1687.769719,2635047
07-03-2019,1708.131958,1717.252515,1697.017522,1701.089998,2539884
08-03-2019,1716.107056,1724.845864,1705.374576,1718.058472,2031071
11-03-2019,1709.404419,1724.845692,1699.944472,1721.367175,3111689
12-03-2019,1707.410522,1717.88864,1699.392959,1708.768083,2658550
13-03-2019,1697.271973,1710.337721,1678.691469,1707.877271,1833163
14-03-2019,1686.157959,1703.46583,1680.728024,1701.047739,1905495
15-03-2019,1730.742188,1755.346479,1689.211882,1695.914451,5184318
18-03-2019,1716.192017,1751.656179,1706.180573,1733.330139,2349915
19-03-2019,1716.192017,1722.300628,1692.690611,1722.300628,2373993
20-03-2019,1709.616699,1734.857311,1696.847878,1720.603748,3091165
22-03-2019,1701.641724,1710.422892,1682.679467,1709.574468,3148149
25-03-2019,1683.485107,1703.465532,1677.503678,1703.465532,2429205
26-03-2019,1682.127808,1692.56336,1661.256599,1683.273159,2316539
27-03-2019,1669.613647,1695.15119,1663.759501,1691.757494,2266166
28-03-2019,1697.102173,1709.234571,1673.770518,1679.879128,4054489
01-04-2019,1723.700439,1730.742296,1703.847299,1705.332041,2095740
02-04-2019,1764.128052,1769.812451,1728.239675,1728.324497,3719663
03-04-2019,1764.128052,1772.86686,1746.141505,1768.964027,2939886
04-04-2019,1709.150024,1764.467224,1703.126235,1763.152125,4397518
05-04-2019,1737.82666,1743.001921,1712.798156,1721.15511,3152103
08-04-2019,1756.874023,1760.479825,1724.591448,1746.905041,2194294
09-04-2019,1774.47876,1779.993516,1745.759525,1756.237644,2690970
10-04-2019,1730.996948,1769.388132,1727.391146,1767.267072,3313062
11-04-2019,1713.391968,1743.511014,1708.428709,1735.026776,3422442
12-04-2019,1709.150024,1729.936411,1702.786845,1729.087987,3198471
15-04-2019,1792.974365,1798.489121,1731.633273,1756.237567,9189201
16-04-2019,1808.670288,1829.159644,1794.883398,1798.658844,5771952
18-04-2019,1824.153809,1828.353465,1793.73773,1824.026421,3413728
22-04-2019,1833.82605,1846.170661,1820.378653,1822.414788,2007135
23-04-2019,1828.395996,1837.261985,1810.579094,1835.140925,2163524
24-04-2019,1852.490845,1862.290181,1829.286579,1830.898501,3003071
25-04-2019,1862.290771,1870.775012,1839.425785,1845.322291,4211526
26-04-2019,1899.239624,1903.821031,1860.721049,1869.078109,2716958
30-04-2019,1917.734741,1923.334214,1892.069922,1899.239062,3488395
02-05-2019,1879.598511,1916.929168,1875.950453,1913.196185,2457699
03-05-2019,1808.839966,1854.697324,1802.900998,1853.806438,3780886
06-05-2019,1830.771606,1836.837755,1788.901804,1790.17444,2891422
07-05-2019,1825.766235,1853.255301,1814.609541,1832.638554,2201698
08-05-2019,1826.529907,1839.383449,1807.48262,1824.96024,1824895
09-05-2019,1843.243652,1853.042991,1812.318638,1819.869529,2264162
10-05-2019,1812.063843,1859.745225,1803.622066,1845.322019,2039633
13-05-2019,1806.08252,1838.534736,1800.058627,1809.688321,1701744
14-05-2019,1775.199829,1832.42598,1758.231351,1811.385026,2456110
15-05-2019,1777.787598,1802.052607,1768.539859,1779.145159,2346876
16-05-2019,1789.114014,1802.052479,1762.219016,1778.296608,1946529
17-05-2019,1777.82959,1811.384792,1773.205722,1792.380182,1947908
20-05-2019,1818.978516,1825.299233,1739.269126,1802.900923,2625116
21-05-2019,1789.962158,1823.008225,1783.853548,1822.456832,1863157
22-05-2019,1766.206421,1800.31302,1760.47956,1790.174396,2595795
23-05-2019,1742.705078,1794.713502,1739.26892,1779.993265,2541294
24-05-2019,1737.572388,1756.237716,1724.209709,1756.237716,2274208
27-05-2019,1743.638306,1755.346597,1730.869588,1743.341482,2329820
28-05-2019,1759.419189,1779.569259,1735.027001,1747.75336,5872979
29-05-2019,1788.095703,1801.797665,1762.261239,1764.721585,3281320
30-05-2019,1820.972168,1829.668513,1793.907323,1801.203851,4971725
31-05-2019,1863.605469,1870.732146,1826.02025,1832.595535,4265370
03-06-2019,1902.421265,1906.960209,1854.357919,1867.38131,3682419
04-06-2019,1867.182983,1902.164248,1860.255053,1902.164248,2408658
06-06-2019,1852.643066,1880.782013,1840.583398,1880.782013,3735467
07-06-2019,1866.028564,1872.913689,1832.116407,1859.400068,2659446
10-06-2019,1908.578857,1912.299451,1869.235533,1878.814736,2080593
11-06-2019,1926.796753,1936.33315,1908.151395,1913.283133,3048937
12-06-2019,1933.724854,1938.856593,1897.88829,1920.125828,2404448
13-06-2019,1927.908813,1954.337185,1918.457819,1936.376099,3320916
14-06-2019,1928.250244,1935.605818,1910.716809,1930.60229,2131408
17-06-2019,1923.717407,1934.665156,1917.088913,1929.533419,1489497
18-06-2019,1925.12915,1932.954969,1908.32258,1919.270332,1877447
19-06-2019,1932.869629,1946.63988,1918.543523,1928.678792,1652817
20-06-2019,1948.307739,1953.482285,1891.901408,1907.296627,2199377
21-06-2019,1924.27417,1960.752203,1917.56006,1954.337528,3871804
24-06-2019,1946.211304,1950.060107,1925.085694,1927.950789,1382424
25-06-2019,1939.626343,1945.313937,1924.829787,1941.507939,1386077
26-06-2019,1927.993896,1938.77063,1924.401722,1937.231067,1762224
27-06-2019,1926.582764,1936.375789,1916.960755,1928.678182,2813464
28-06-2019,1904.901245,1934.622563,1900.881425,1932.95479,2372928
01-07-2019,1915.464233,1928.678418,1887.282477,1911.572623,2769940
02-07-2019,1926.197876,1930.388712,1895.706675,1920.039624,1771746
03-07-2019,1913.838867,1931.928369,1909.006564,1926.283374,1656881
04-07-2019,1918.115234,1926.112276,1907.381516,1910.717062,984140
05-07-2019,1850.077026,1924.401609,1830.319753,1921.835741,4088470
08-07-2019,1860.59729,1872.058298,1823.56341,1838.017724,2788062
09-07-2019,1824.632202,1859.741674,1799.999819,1859.399642,3977224
10-07-2019,1803.121826,1819.928395,1771.561718,1779.002697,6343581
11-07-2019,1798.289307,1820.911676,1784.177027,1820.056387,2400346
12-07-2019,1802.608765,1813.000452,1790.207063,1797.904671,1560725
15-07-2019,1835.195068,1841.951982,1794.397791,1817.490613,2900415
16-07-2019,1805.447388,1828.165505,1800.303663,1822.593137,2735399
17-07-2019,1815.091919,1821.735897,1793.531223,1807.16201,1802969
18-07-2019,1771.112671,1814.191358,1766.011853,1814.191358,3072096
19-07-2019,1780.543213,1797.731869,1768.155451,1780.586119,1953177
22-07-2019,1808.790771,1815.263334,1773.556382,1780.586097,1920167
23-07-2019,1810.977051,1826.022489,1802.361269,1824.222102,3538588
24-07-2019,1797.560425,1818.135324,1780.157447,1808.876578,2413196
25-07-2019,1824.221924,1830.308749,1793.916937,1807.933462,2544464
26-07-2019,1808.062012,1825.850725,1796.017082,1825.850725,1720592
29-07-2019,1826.022095,1836.309543,1803.132564,1809.562219,1647090
30-07-2019,1868.157349,1873.172563,1817.834631,1826.021766,2851672
31-07-2019,1890.918701,1896.062425,1840.724484,1861.813837,3000677
01-08-2019,1868.929199,1901.034566,1857.098593,1886.032039,2375236
02-08-2019,1890.57605,1894.605259,1856.455968,1862.885623,2500816
05-08-2019,1927.696655,1930.825671,1882.26042,1885.946589,3039682
06-08-2019,1898.806152,1930.568699,1895.848552,1914.151725,2885467
07-08-2019,1897.56311,1919.038206,1892.247969,1911.751261,2165362
08-08-2019,1935.84082,1955.472619,1902.234986,1910.80786,2073298
09-08-2019,1925.682129,1944.24232,1921.481504,1937.469833,1744550
13-08-2019,1885.560913,1925.682009,1881.145966,1924.6104,1647281
14-08-2019,1889.803955,1901.334636,1858.084326,1869.829329,1945002
16-08-2019,1856.113525,1921.524404,1837.381707,1921.524404,3755507
19-08-2019,1854.312866,1874.030479,1849.769201,1868.886754,974884
20-08-2019,1874.673462,1890.318959,1857.31339,1862.028471,1843611
21-08-2019,1874.202026,1887.747212,1870.815782,1873.130417,1214408
22-08-2019,1899.748901,1916.594515,1860.31368,1874.887566,2131601
23-08-2019,1926.925171,1937.384037,1897.94881,1898.849004,2826425
26-08-2019,1951.443359,1956.329856,1907.464474,1926.324797,2345475
27-08-2019,1917.323242,1950.200297,1910.893587,1946.04237,3432106
28-08-2019,1919.680786,1930.73971,1899.748854,1920.323752,1294621
29-08-2019,1914.708252,1927.353239,1905.06377,1905.06377,1670652
30-08-2019,1937.126221,1942.612775,1901.46299,1921.180595,2583625
03-09-2019,1930.268921,1968.503824,1917.709531,1946.04293,2545060
04-09-2019,1924.953613,1946.042973,1914.32333,1941.756535,2228092
05-09-2019,1899.14917,1932.026022,1892.290869,1922.210122,2055943
06-09-2019,1883.889282,1914.751632,1879.688657,1899.749101,1890550
09-09-2019,1871.329468,1888.475212,1868.7147,1886.03186,1703945
11-09-2019,1846.597656,1881.746451,1840.210905,1874.030862,2627440
12-09-2019,1829.108398,1856.027138,1817.749341,1847.454264,2118859
13-09-2019,1836.266968,1849.983568,1813.634661,1830.308861,2291174
16-09-2019,1843.168213,1863.228658,1822.936143,1851.698182,2597948
17-09-2019,1819.720825,1848.782991,1805.104244,1847.411247,2796530
18-09-2019,1833.352051,1837.124032,1811.576825,1822.935883,1454663
19-09-2019,1801.97522,1830.994482,1792.587964,1830.30861,1652691
20-09-2019,1770.684326,1825.507817,1763.440289,1804.504274,6941979
23-09-2019,1728.120117,1799.446393,1693.142747,1799.446393,6323401
24-09-2019,1752.89563,1766.869457,1725.719659,1727.434234,4620978
25-09-2019,1790.402222,1793.445634,1766.055338,1770.29887,4002232
26-09-2019,1789.673462,1806.304756,1768.584106,1798.503356,4234281
27-09-2019,1762.711426,1787.615667,1758.639311,1787.444251,2046795
30-09-2019,1799.703857,1803.733067,1766.012414,1767.598479,2620039
01-10-2019,1765.969482,1796.831835,1748.609409,1796.831835,3342877
03-10-2019,1766.22644,1784.143664,1754.138709,1774.584993,2317618
04-10-2019,1782.600708,1789.973254,1761.682769,1766.526569,2163251
07-10-2019,1755.467651,1795.58875,1749.723867,1783.158081,2177916
09-10-2019,1731.806641,1766.012436,1727.863139,1766.012436,2066920
10-10-2019,1718.389648,1748.051876,1712.088607,1738.578808,2881452
11-10-2019,1703.301636,1710.28855,1650.278425,1655.42215,12593069
14-10-2019,1732.578003,1742.651131,1687.141766,1710.288528,3510704
15-10-2019,1746.551758,1754.867404,1734.035277,1742.008092,2261310
16-10-2019,1754.353027,1762.582966,1728.291468,1747.151792,3034082
17-10-2019,1780.255249,1786.43506,1752.512121,1765.397552,3818774
18-10-2019,1803.397217,1809.138534,1775.040314,1785.997353,3087901
22-10-2019,1798.181152,1850.862671,1788.232291,1823.250938,5552505
23-10-2019,1814.57312,1826.625861,1799.145526,1805.719748,2348134
24-10-2019,1825.003784,1839.905352,1806.858977,1826.75691,2798671
25-10-2019,1862.6521,1867.078785,1818.911701,1835.522523,3954245
27-10-2019,1854.544189,1866.202519,1848.495991,1866.202519,224405
29-10-2019,1923.924316,1929.928644,1859.628337,1859.628337,5064173
30-10-2019,1974.720825,1981.032035,1908.14592,1950.352335,5195136
31-10-2019,1989.491211,2002.902668,1960.871513,1972.266833,4879261
01-11-2019,1929.227051,1994.180442,1924.055416,1984.538251,4172620
04-11-2019,1923.135254,1954.034098,1911.696065,1934.574443,2646411
05-11-2019,1930.060059,1938.080523,1901.264882,1925.808643,2693475
06-11-2019,1918.35791,1937.905306,1910.030563,1928.438384,2540719
07-11-2019,1915.597168,1932.383265,1906.699925,1932.383265,1915598
08-11-2019,1867.035278,1919.322389,1861.819771,1919.322389,2788759
11-11-2019,1841.614868,1874.968131,1832.89311,1871.461879,2983768
13-11-2019,1909.679688,1914.237771,1856.559899,1856.559899,3823365
14-11-2019,1925.633911,1928.43887,1881.718013,1917.481831,2995915
15-11-2019,1906.041992,1938.518688,1901.045627,1924.931964,2724180
18-11-2019,1886.889404,1917.700505,1883.514551,1909.504556,1611089
19-11-2019,1848.496094,1888.686379,1845.165112,1887.240135,2975313
20-11-2019,1848.276733,1871.461779,1835.960982,1860.022591,2894129
21-11-2019,1856.647949,1864.098734,1847.268555,1851.30083,2052574
22-11-2019,1815.975464,1846.91818,1806.158001,1838.15255,3742049
25-11-2019,1824.565796,1827.589895,1798.882458,1818.473726,2737010
26-11-2019,1794.017578,1838.941322,1783.849469,1831.885162,6561580
27-11-2019,1800.723145,1815.975253,1793.929782,1798.707007,2907521
28-11-2019,1820.927856,1835.873081,1805.719406,1811.899217,2924429
29-11-2019,1799.802979,1827.633854,1793.272627,1827.633854,2064271
02-12-2019,1771.577515,1812.469089,1767.150829,1805.719597,3809860
03-12-2019,1797.830444,1807.472636,1761.891367,1777.406487,4664774
04-12-2019,1821.936279,1825.00425,1793.009699,1799.583922,3334301
05-12-2019,1859.453003,1864.274099,1813.039038,1825.8806,3902721
06-12-2019,1861.468994,1865.325785,1841.658588,1861.819534,1829461
09-12-2019,1806.113892,1865.281884,1800.021823,1865.281884,2244747
10-12-2019,1764.389404,1806.464526,1755.974423,1805.719362,4520045
11-12-2019,1789.853882,1795.200894,1759.042673,1775.390593,4943024
12-12-2019,1771.445923,1826.450136,1739.100732,1797.918186,7137306
13-12-2019,1815.581177,1820.971954,1759.262002,1773.287011,5711133
16-12-2019,1864.230225,1872.338432,1823.513919,1837.275914,5574177
17-12-2019,1897.71521,1901.265333,1857.437179,1864.011402,6059673
18-12-2019,1900.169434,1931.46269,1887.240129,1905.647952,8251081
19-12-2019,1953.902588,1960.432939,1899.993969,1910.731865,6251505
20-12-2019,1948.511841,1969.374083,1935.670278,1945.969894,5548338
23-12-2019,1956.225098,1965.209866,1937.203728,1937.203728,2247329
24-12-2019,1942.112427,1966.612312,1938.211551,1962.623909,1805896
26-12-2019,1930.147461,1953.858528,1924.230662,1942.813751,1880367
27-12-2019,1927.123169,1951.579184,1907.400507,1935.450515,2720261
30-12-2019,1913.712036,1950.352407,1908.365131,1934.574275,2288830
31-12-2019,1894.865723,1925.808432,1891.140331,1918.795929,1909289
01-01-2020,1900.038086,1914.325892,1888.116743,1900.388626,1354908
02-01-2020,1891.315796,1910.863191,1883.908882,1910.863191,2380752
03-01-2020,1929.007935,1948.5992,1896.881992,1896.881992,4655761
06-01-2020,1928.832642,1951.184994,1917.831735,1932.821045,3023209
07-01-2020,1933.566772,1941.280356,1914.238514,1928.877074,2429317
08-01-2020,1976.868408,1981.032082,1930.235306,1932.821124,5197454
09-01-2020,1941.01709,1973.975726,1937.203956,1971.170767,3734173
10-01-2020,1940.316284,1958.241957,1935.451316,1952.982578,1915807
13-01-2020,1919.979492,1945.049061,1915.026784,1944.08497,2843893
14-01-2020,1934.486816,1954.560238,1924.055802,1924.055802,2948452
15-01-2020,1952.017822,1955.611816,1923.354258,1939.833684,2620681
16-01-2020,1962.448364,1971.38926,1941.586132,1952.061012,3117214
17-01-2020,1945.180908,1975.378459,1939.833789,1964.15841,3281059
20-01-2020,1902.44812,1965.429028,1890.044628,1923.967565,5817599
21-01-2020,1903.062012,1916.648737,1891.666694,1902.097707,1902980
22-01-2020,1934.486816,1937.204247,1905.384967,1911.78392,1773686
23-01-2020,1924.866577,1948.411852,1918.497065,1941.427395,2069866
24-01-2020,1918.233521,1924.866642,1906.46099,1924.866642,1319430
27-01-2020,1905.801636,1927.062581,1902.067784,1923.768007,1549101
28-01-2020,1918.540649,1922.098833,1890.646584,1909.974755,1743024
29-01-2020,1892.931519,1921.352597,1888.890087,1919.63946,2306761
30-01-2020,1878.215088,1902.067722,1866.925593,1897.674956,2098567
31-01-2020,1826.556152,1883.925722,1820.010974,1879.576712,3287223
03-02-2020,1847.158203,1928.16077,1838.987615,1890.646589,4728073
04-02-2020,1851.770874,1877.204951,1833.189556,1870.440133,3509339
05-02-2020,1885.859131,1894.776363,1848.740244,1858.140724,2439322
06-02-2020,1869.869019,1910.150559,1858.579523,1884.496845,2640065
07-02-2020,1877.073364,1889.768418,1861.654709,1879.225777,2083442
10-02-2020,1899.388184,1903.82492,1861.654364,1880.894595,2383032
11-02-2020,1891.876831,1910.678003,1886.781393,1900.31103,1335820
12-02-2020,1907.119873,1919.63926,1888.889889,1889.856384,1620407
13-02-2020,1925.745117,1930.181855,1907.339466,1909.052602,1645948
14-02-2020,1918.936279,1943.360107,1907.339417,1922.274825,1500115
17-02-2020,1935.672363,1947.75247,1924.207201,1930.137435,1774724
18-02-2020,1946.654541,1951.266946,1920.56155,1932.773356,2486223
19-02-2020,1929.610718,1959.173952,1924.471095,1946.654567,1760463
20-02-2020,1894.86377,1945.46831,1889.987756,1936.770718,2317278
24-02-2020,1858.447754,1914.323613,1850.848139,1894.160859,3092877
25-02-2020,1894.292847,1912.303192,1854.626246,1858.579736,2674567
26-02-2020,1865.695923,1901.10145,1856.339201,1892.403858,2686842
27-02-2020,1849.794067,1862.48912,1832.837945,1862.48912,2349001
28-02-2020,1757.238647,1818.166306,1748.321309,1816.848476,4298076
02-03-2020,1758.249146,1804.504901,1744.543625,1787.856355,2667076
03-03-2020,1788.910522,1809.820138,1767.649572,1774.677999,2757585
04-03-2020,1830.202148,1840.085873,1779.07039,1806.305542,3237002
05-03-2020,1866.969971,1886.91309,1830.949281,1832.398808,3937056
06-03-2020,1859.414429,1865.739971,1820.011435,1843.20516,2595027
09-03-2020,1732.815063,1827.303433,1700.00111,1822.998606,4940975
11-03-2020,1716.429932,1745.949415,1686.822722,1698.243917,6796449
12-03-2020,1554.907715,1676.631331,1544.804351,1672.765675,8728786
13-03-2020,1586.93103,1598.967169,1323.145375,1482.910288,8029720
16-03-2020,1490.378174,1618.51518,1472.323857,1541.861387,7844271
17-03-2020,1456.641724,1520.77613,1426.024155,1519.897577,5713248
18-03-2020,1453.47876,1505.445215,1430.06529,1473.158377,7258778
19-03-2020,1448.124512,1491.576633,1368.831009,1380.291358,5135111
20-03-2020,1590.69397,1654.013803,1439.850432,1442.50535,8547498
23-03-2020,1477.638672,1548.702013,1431.66439,1433.655578,7003490
24-03-2020,1507.240723,1566.401104,1445.027121,1462.903628,6350865
25-03-2020,1548.967285,1601.800096,1486.75368,1504.453129,2765520
26-03-2020,1584.941528,1621.313986,1524.409493,1620.915684,4556067
27-03-2020,1614.632324,1637.199123,1549.055884,1610.649948,4331250
30-03-2020,1573.92334,1685.872343,1560.693046,1562.861185,8513547
31-03-2020,1616.048218,1641.623944,1575.251008,1626.04845,3927593
01-04-2020,1512.196777,1623.703314,1506.223213,1615.871329,4941878
03-04-2020,1463.921387,1539.852066,1460.204546,1539.852066,5735369
07-04-2020,1571.003174,1580.428153,1508.878146,1513.303009,5427577
08-04-2020,1509.276123,1598.26014,1505.338039,1557.55141,6285615
09-04-2020,1562.994019,1574.188941,1532.064169,1549.099887,5307397
13-04-2020,1556.887939,1581.445927,1545.162053,1558.436641,2990438
15-04-2020,1535.560059,1603.570174,1529.055532,1579.675916,4761399
16-04-2020,1518.656982,1561.887864,1482.373113,1513.258564,6245533
17-04-2020,1598.437378,1638.924872,1551.356881,1592.950591,9895823
20-04-2020,1609.4552,1619.499616,1595.162873,1619.499616,3244282
21-04-2020,1537.772461,1588.171601,1528.96692,1561.976437,5122541
22-04-2020,1565.958984,1584.100922,1521.400636,1537.772629,3829836
23-04-2020,1662.199463,1681.447613,1558.303678,1575.250922,5934366
24-04-2020,1609.366699,1638.924693,1599.853245,1628.968753,2987102
27-04-2020,1625.340454,1659.323419,1615.074795,1621.535137,3374741
28-04-2020,1645.207886,1653.128345,1621.800302,1650.473428,2678505
29-04-2020,1686.447876,1692.554208,1637.243426,1658.438475,4241510
30-04-2020,1782.732666,1798.263975,1718.793408,1752.245409,5915544
04-05-2020,1708.39502,1739.855833,1693.527547,1739.855833,3729348
05-05-2020,1710.430542,1749.590574,1705.34195,1730.209655,2905528
06-05-2020,1684.633667,1728.970769,1675.783942,1716.669737,3517431
07-05-2020,1674.058105,1711.93486,1666.712791,1690.297328,3166754
08-05-2020,1675.606812,1716.404019,1669.279237,1716.050008,2686530
11-05-2020,1712.68689,1726.934922,1689.412076,1689.412076,2449841
12-05-2020,1725.254028,1731.448836,1690.518855,1711.005992,3256595
13-05-2020,1725.386475,1764.634979,1704.147137,1764.634979,2656665
14-05-2020,1683.527344,1701.890522,1673.571404,1690.297405,2263146
15-05-2020,1675.164429,1696.846254,1650.650626,1695.607271,3173682
18-05-2020,1721.80249,1728.307017,1656.757011,1687.642573,3727694
19-05-2020,1724.501587,1740.254032,1684.102573,1684.102573,3198693
20-05-2020,1728.881958,1737.112244,1709.501042,1725.696079,2778505
21-05-2020,1762.157104,1768.17496,1717.864298,1722.156393,3400908
22-05-2020,1787.954346,1798.264298,1735.652487,1749.679281,3663418
26-05-2020,1719.501221,1791.183979,1703.571719,1783.219228,4575317
27-05-2020,1774.635376,1778.794703,1717.952845,1733.661107,3482160
28-05-2020,1773.75061,1782.334801,1744.546515,1759.768,3475681
29-05-2020,1745.475342,1772.29005,1736.669909,1754.015347,7237735
01-06-2020,1809.990112,1823.043457,1753.219101,1761.095379,3747773
02-06-2020,1811.671509,1841.627807,1805.388226,1823.220335,2443886
03-06-2020,1816.109131,1831.730408,1792.899055,1821.168366,3699799
04-06-2020,1856.404663,1863.904617,1816.641321,1816.641321,4048593
05-06-2020,1817.9729,1862.129694,1810.916733,1856.449308,3573289
08-06-2020,1838.831177,1859.467269,1830.266176,1844.600407,2957841
09-06-2020,1839.09729,1859.910852,1828.623876,1831.153548,2909439
10-06-2020,1871.671143,1892.307232,1840.384168,1843.535098,5168397
11-06-2020,1835.192139,1868.343111,1829.999961,1863.905242,2269513
12-06-2020,1810.206665,1818.816087,1784.910813,1785.088285,2842642
15-06-2020,1801.686279,1827.514658,1775.99095,1809.851916,2399022
16-06-2020,1815.798828,1840.783948,1802.66269,1832.840205,2146528
17-06-2020,1817.573853,1827.381587,1798.712907,1815.976176,2703527
18-06-2020,1808.964233,1827.69202,1797.514509,1815.088515,1944389
19-06-2020,1814.733521,1855.029396,1803.550111,1812.42585,5681758
22-06-2020,1799.955322,1821.52341,1792.144737,1819.526369,3196138
23-06-2020,1806.479126,1814.200975,1784.023464,1799.11222,4205944
24-06-2020,1812.603271,1832.174318,1803.19501,1805.325209,2560937
25-06-2020,1789.437256,1828.401762,1783.357398,1806.21242,3043931
26-06-2020,1880.636108,1892.307619,1792.854917,1797.337208,6300722
29-06-2020,1865.369263,1888.401975,1856.183005,1871.005443,3076341
30-06-2020,1848.06189,1874.467213,1841.760245,1863.90517,3071725
01-07-2020,1856.848999,1876.286781,1845.709903,1845.887375,2503466
02-07-2020,1914.629761,1921.597302,1862.129856,1865.680152,3758699
03-07-2020,1952.351563,1957.100169,1917.381243,1920.398907,4185208
06-07-2020,2008.756592,2014.703292,1957.09985,1957.09985,5190366
07-07-2020,2014.703491,2043.815952,1981.197583,2019.230204,5630055
08-07-2020,1969.437744,2018.698098,1959.408332,2014.79286,2793358
09-07-2020,1956.523193,1992.159191,1944.71842,1978.401799,3443998
10-07-2020,1972.499512,1996.907789,1931.360384,1957.321915,9610320
13-07-2020,1970.414307,1992.559235,1961.538567,1970.414307,2963503
14-07-2020,1927.766235,1987.278113,1921.59764,1961.538468,2976738
15-07-2020,1982.751221,2005.916986,1935.887493,1939.348944,5569321
16-07-2020,1987.954834,2075.354571,1974.922797,1996.183308,8582118
17-07-2020,1957.709717,1996.094351,1948.191417,1989.956441,4509135
20-07-2020,1964.070068,1980.9718,1948.85864,1957.932158,2952646
21-07-2020,1979.326294,1991.424245,1958.065564,1983.729596,2665286
22-07-2020,1948.99231,1984.61943,1942.987746,1984.61943,2861534
23-07-2020,1931.422974,1948.991878,1924.128586,1948.991878,2265766
24-07-2020,1919.146851,1924.1285,1890.414084,1916.5672,3665100
27-07-2020,1963.091675,1970.386063,1924.573475,1925.907822,4248480
28-07-2020,2054.673096,2063.791138,1970.386798,1970.386798,8092319
29-07-2020,2024.693848,2083.360598,1998.006906,2038.882362,6090431
30-07-2020,2027.763062,2097.593902,2021.313716,2033.45619,7098496
31-07-2020,2029.452637,2076.955518,2008.147608,2048.800667,4723290
03-08-2020,2005.212769,2049.424321,1984.352514,2037.50402,4012337
04-08-2020,2001.254517,2019.001297,1979.326824,2010.372559,2927928
05-08-2020,2009.971558,2045.99893,2004.189387,2010.41634,3800641
06-08-2020,2053.204346,2063.345296,2015.175455,2023.759668,4748047
07-08-2020,2041.863037,2070.907246,2034.435083,2053.115947,3165491
10-08-2020,2030.698853,2068.238449,2024.694289,2062.011494,2929353
11-08-2020,2028.119141,2056.674264,2024.294185,2030.876879,2774423
12-08-2020,2008.059082,2042.796412,1998.451739,2035.635589,3415751
13-08-2020,2005.479248,2045.998967,2001.965511,2021.980718,2695682
14-08-2020,1994.537476,2029.364065,1986.487089,2025.538893,2270405
17-08-2020,2004.545776,2019.312643,1991.068953,2013.085688,2625630
18-08-2020,2019.089722,2036.213844,2000.0086,2012.90729,3493374
19-08-2020,2007.392334,2032.300152,2003.745031,2024.961242,2843005
20-08-2020,2004.05603,2025.138671,1992.669558,2007.747637,2895164
21-08-2020,2000.275635,2020.201801,1993.559377,2010.416587,1975294
24-08-2020,1999.830811,2010.372024,1983.7296,2002.054723,2167966
25-08-2020,1994.982422,2001.52081,1986.887512,1997.072986,1663419
26-08-2020,2004.634399,2010.327528,1971.675978,1994.404404,2618149
27-08-2020,2000.09729,2034.746011,1994.181771,2015.753716,3579393
28-08-2020,1991.335449,2028.163347,1988.266494,2017.88883,2941136
31-08-2020,2007.970459,2024.827671,1981.950685,1992.625464,6018154
01-09-2020,1998.273926,2026.428564,1993.78158,2018.422481,3610908
02-09-2020,2014.998047,2018.200568,1994.09327,1998.852529,2084137
03-09-2020,2045.554565,2067.348906,2017.53327,2017.53327,4654146
04-09-2020,2036.036377,2067.571412,2013.041035,2023.760337,5231303
07-09-2020,2070.062256,2084.695557,2031.188309,2036.214265,4620401
08-09-2020,2088.876465,2126.460586,2070.062252,2077.979294,7453998
09-09-2020,2070.595215,2098.483155,2063.790132,2068.237955,3866535
10-09-2020,2073.708984,2089.143021,2067.615596,2077.133896,2308813
11-09-2020,2111.915771,2119.832811,2072.819227,2073.530922,4145424
14-09-2020,2216.261719,2229.027061,2118.810066,2120.811587,7512131
15-09-2020,2216.261719,2257.715526,2192.421555,2216.261719,7318770
16-09-2020,2226.581299,2230.673385,2203.719521,2214.082867,3074003
17-09-2020,2189.174561,2220.131461,2179.967695,2206.120814,4828176
18-09-2020,2179.344727,2224.267749,2167.335602,2210.568538,4183256
21-09-2020,2193.044189,2228.270826,2181.346282,2192.777277,4598809
22-09-2020,2244.327148,2272.83774,2186.549966,2210.568213,7499613
23-09-2020,2194.957031,2241.570366,2142.962002,2232.808064,7502280
24-09-2020,2074.6875,2179.433755,2048.311991,2179.433755,8424708
25-09-2020,2154.792969,2170.538223,2092.34556,2106.489554,8228267
28-09-2020,2158.351318,2174.096573,2104.710512,2170.538314,4347166
29-09-2020,2213.593018,2233.741791,2158.351172,2165.956995,6995811
30-09-2020,2217.0625,2228.35993,2188.329512,2214.126893,3917166
01-10-2020,2244.771973,2259.494312,2217.062119,2232.807371,2610337
05-10-2020,2406.985107,2426.822451,2315.5823,2330.660384,17412105
06-10-2020,2414.546143,2433.849658,2357.436117,2433.849658,9846367
07-10-2020,2433.804932,2464.094659,2404.493813,2439.186842,9656101
08-10-2020,2513.644043,2566.395296,2490.782263,2490.782263,19839329
09-10-2020,2502.301514,2517.335291,2472.990394,2499.677341,7739245
12-10-2020,2517.468994,2538.818555,2491.449217,2504.570301,4623203
13-10-2020,2514.399658,2539.618692,2501.634315,2530.812087,4209878
14-10-2020,2509.977783,2538.922484,2490.279203,2538.922484,4395936
15-10-2020,2448.335693,2526.191714,2436.185944,2511.227975,6629355
16-10-2020,2468.615723,2476.07513,2440.028272,2456.823443,5273773
19-10-2020,2422.383789,2478.173926,2417.961713,2478.173926,3331194
20-10-2020,2446.906494,2465.577581,2428.101273,2434.399488,3406273
21-10-2020,2390.088867,2455.840075,2379.056032,2446.906499,4570143
22-10-2020,2386.291748,2400.138789,2356.766458,2377.224257,5262294
23-10-2020,2400.273193,2413.852185,2385.354165,2401.166551,3499091
26-10-2020,2401.52417,2420.9547,2385.711782,2403.087546,2672752
27-10-2020,2349.664795,2428.280277,2344.260155,2411.842581,3537502
28-10-2020,2342.5625,2372.713322,2328.090149,2367.397887,3569445
29-10-2020,2351.897949,2371.86458,2322.953248,2329.87677,3105968
30-10-2020,2380.663818,2389.150715,2342.026107,2354.97979,3427003
02-11-2020,2326.839111,2380.663903,2322.774291,2376.331031,2571196
03-11-2020,2352.746338,2380.797675,2323.667508,2326.302869,2879269
04-11-2020,2370.211426,2431.585262,2331.663136,2331.663136,4893928
05-11-2020,2399.290527,2420.999161,2382.584783,2398.665221,2816502
06-11-2020,2418.720947,2423.902465,2395.359734,2411.172119,3884421
09-11-2020,2435.828857,2451.373192,2407.688094,2439.848967,3646592
10-11-2020,2367.040039,2423.812732,2356.989768,2409.563724,4760020
11-11-2020,2401.166992,2405.633781,2361.501777,2383.433754,3242441
12-11-2020,2386.203125,2423.679437,2377.894855,2399.558779,2437505
13-11-2020,2373.517578,2380.708933,2354.890982,2372.534797,2548093
14-11-2020,2385.578125,2402.239161,2376.376496,2392.367514,298819
17-11-2020,2381.736572,2407.599237,2367.442848,2407.599237,2827273
18-11-2020,2346.537598,2380.083218,2329.02792,2377.224518,2893762
19-11-2020,2355.69458,2390.758866,2350.289941,2355.784003,4167501
20-11-2020,2376.554688,2390.62507,2347.341936,2371.86456,2711471
23-11-2020,2433.729492,2438.866298,2380.798053,2403.131994,3706418
24-11-2020,2431.76416,2450.479959,2416.532369,2442.796996,3120516
25-11-2020,2413.226563,2441.501239,2401.523492,2437.972521,3302249
26-11-2020,2430.46875,2439.71487,2394.198345,2399.55849,2341099
27-11-2020,2393.885254,2427.877549,2384.415796,2416.531953,6086808
01-12-2020,2436.00708,2444.136502,2344.57186,2393.304551,3605017
02-12-2020,2456.331543,2460.932248,2414.254311,2429.039423,2509032
03-12-2020,2420.506836,2478.083669,2412.779383,2478.083669,2852548
04-12-2020,2436.677734,2446.77272,2411.17233,2421.713994,2686527
07-12-2020,2445.745117,2451.373314,2417.559641,2425.465943,1996400
08-12-2020,2498.98877,2506.358968,2441.054453,2447.799345,4277818
09-12-2020,2511.049316,2537.135312,2495.281426,2514.801374,3659996
10-12-2020,2487.375977,2525.790359,2483.757834,2517.482089,2127801
11-12-2020,2486.75,2508.279785,2469.731496,2494.879422,1795408
14-12-2020,2499.346191,2504.974387,2462.316567,2503.187672,2483658
15-12-2020,2467.051758,2496.666475,2461.200222,2488.894308,2365509
16-12-2020,2514.087158,2519.090048,2466.069183,2482.641011,2565149
17-12-2020,2535.527344,2549.374386,2505.867917,2511.228062,2863460
18-12-2020,2555.89624,2588.950473,2542.674503,2562.149744,6076692
21-12-2020,2519.402588,2578.676958,2488.001153,2555.896337,2705195
22-12-2020,2566.169189,2576.130037,2518.061805,2531.774929,2881737
23-12-2020,2598.553955,2607.710871,2559.871527,2569.341205,2790988
24-12-2020,2599.089844,2609.810134,2575.728413,2598.777081,1807144
28-12-2020,2617.001709,2635.136912,2592.523798,2599.670659,2108994
29-12-2020,2617.985107,2637.192301,2608.60485,2608.60485,1994151
30-12-2020,2599.045166,2633.350009,2592.523612,2621.46831,2637968
31-12-2020,2557.459229,2595.203584,2541.602133,2590.736796,4040956
01-01-2021,2615.973877,2626.470827,2571.976024,2572.869381,2681440
04-01-2021,2715.315918,2725.410903,2627.320188,2635.405118,5113293
05-01-2021,2763.155273,2782.139124,2715.450061,2715.450061,5801309
06-01-2021,2726.080322,2781.468485,2713.305267,2769.40816,3726716
07-01-2021,2709.375244,2752.301125,2680.296408,2747.074895,3717827
08-01-2021,2788.07959,2794.422516,2733.6742,2760.474928,5879039
11-01-2021,2837.705811,2885.545155,2810.994505,2885.545155,9508039
12-01-2021,2836.276855,2867.678292,2814.076829,2837.706097,3611458
13-01-2021,2822.072021,2838.19717,2792.859271,2836.410455,3572801
14-01-2021,2909.563477,2923.705429,2792.937436,2823.906514,6931542
15-01-2021,2894.03418,2930.418179,2873.1345,2895.510937,4131692
18-01-2021,2883.6521,2914.979119,2852.906781,2908.937479,4160906
19-01-2021,2918.51416,2934.893757,2892.826052,2893.721109,2975735
20-01-2021,2961.566406,2978.706671,2924.242551,2926.83813,3453446
21-01-2021,2930.284424,2961.879782,2919.767497,2958.165381,2778546
22-01-2021,2956.4646,2976.066272,2901.686904,2901.686904,3052459
25-01-2021,2945.903076,2989.313369,2934.580467,2961.700755,2272887
27-01-2021,2918.827881,2959.463412,2888.351123,2953.690334,2786662
28-01-2021,2861.096191,2931.313411,2849.684208,2891.035822,3083938
29-01-2021,2784.837891,2879.266479,2774.678898,2873.180043,5445659
01-02-2021,2809.89917,2832.85731,2724.644933,2774.678566,3985846
02-02-2021,2867.271973,2885.665448,2819.431192,2840.912572,2881837
03-02-2021,2864.22876,2896.406033,2830.753479,2875.819711,2505866
04-02-2021,2853.846191,2898.062165,2842.702769,2878.549867,2057261
05-02-2021,2826.547363,2869.420757,2800.635487,2863.244728,2366135
08-02-2021,2876.805176,2887.456276,2824.041347,2854.786668,2526592
09-02-2021,2843.508789,2905.178397,2831.962632,2859.709421,2658751
10-02-2021,2876.088379,2881.548099,2825.965158,2850.758207,2127983
11-02-2021,2869.554932,2881.459243,2850.803517,2877.610451,1165882
12-02-2021,2855.949951,2904.90956,2848.0734,2850.042483,2777404
15-02-2021,2810.346924,2872.240075,2802.917901,2872.240075,2630853
16-02-2021,2782.55542,2835.229434,2774.678868,2819.431753,3435770
17-02-2021,2750.601807,2804.081502,2725.942924,2779.243652,3678426
18-02-2021,2736.504395,2772.798805,2712.91954,2743.351498,4189909
19-02-2021,2749.483154,2763.177363,2699.628264,2737.086517,3725028
22-02-2021,2647.983154,2771.098373,2634.288729,2771.098373,5366696
23-02-2021,2667.450928,2710.23473,2656.531267,2658.321383,3832829
24-02-2021,2638.719482,2688.171416,2614.597505,2660.111272,3774549
25-02-2021,2680.966309,2711.935173,2656.933923,2661.901536,4224073
26-02-2021,2590.56543,2660.424724,2577.766061,2649.370674,5553153
01-03-2021,2617.327637,2653.846034,2597.278432,2618.938784,3265871
02-03-2021,2690.856201,2707.548936,2638.629509,2649.370199,3306469
03-03-2021,2738.071045,2742.45674,2682.398282,2716.500067,3509857
04-03-2021,2729.656738,2758.074813,2699.538142,2705.758747,3916760
05-03-2021,2692.378174,2741.740515,2682.129808,2699.583432,3203686
08-03-2021,2691.392822,2714.709111,2681.591987,2699.493135,2003125
09-03-2021,2730.776123,2745.052249,2678.102111,2691.393586,1942397
10-03-2021,2748.677002,2768.592033,2738.876165,2752.302029,3053778
12-03-2021,2737.041748,2789.894951,2722.183921,2752.302526,2938317
15-03-2021,2744.380371,2773.783096,2721.869763,2721.869763,3097083
16-03-2021,2783.674316,2811.376309,2738.876634,2738.876634,4894756
17-03-2021,2786.269531,2823.906747,2761.521276,2779.153867,3838390
18-03-2021,2717.842285,2816.25382,2673.581732,2797.90514,3656306
19-03-2021,2730.105469,2773.784336,2689.648897,2712.025343,5776626
22-03-2021,2801.217285,2809.988894,2701.865879,2728.762407,2821646
23-03-2021,2812.807861,2836.437293,2795.130475,2810.480624,3305973
24-03-2021,2793.564209,2821.489961,2784.658212,2784.703008,2207104
25-03-2021,2743.217041,2802.290835,2729.92535,2785.597882,3179786
26-03-2021,2744.962402,2790.789303,2723.704787,2766.309393,3697370
30-03-2021,2827.084229,2853.846363,2739.681723,2759.462583,4694008
31-03-2021,2844.358887,2868.659613,2803.320408,2823.906733,3530069
01-04-2021,2832.857422,2877.610304,2814.956269,2856.218514,4285076
05-04-2021,2899.001953,2920.572929,2820.326478,2838.22763,5317862
06-04-2021,2922.094482,2931.313619,2891.036028,2931.313619,2291562
07-04-2021,2928.09082,2933.595555,2895.331849,2916.992195,2491268
08-04-2021,2969.219727,2985.017407,2923.303223,2926.838657,2578118
09-04-2021,2973.60498,3002.336416,2960.85041,3002.023058,2911129
12-04-2021,2905.849609,2987.792185,2875.999348,2973.605433,3791828
13-04-2021,2778.303223,2876.714749,2750.556441,2876.714749,8654596
15-04-2021,2881.14624,2897.525842,2763.44614,2828.651188,6062760
16-04-2021,2859.843262,2906.252087,2848.610463,2890.14105,3224657
19-04-2021,2829.992676,2854.338195,2806.094686,2836.437046,2679106
20-04-2021,2814.552979,2886.873665,2798.262976,2886.560307,3141893
22-04-2021,2791.505615,2817.641253,2779.377541,2817.641253,1988980
23-04-2021,2783.182129,2791.685178,2766.668357,2779.154369,1615309
26-04-2021,2775.394775,2822.116741,2763.98279,2776.513597,2490260
27-04-2021,2803.320557,2806.99038,2777.363885,2780.049058,1471417
28-04-2021,2796.249512,2820.326474,2785.419227,2819.386619,1639037
29-04-2021,2788.328613,2826.010631,2779.6018,2815.493703,1621395
30-04-2021,2717.081543,2803.365228,2703.073979,2773.78353,3072305
03-05-2021,2718.289551,2734.400585,2688.752654,2707.459268,1545831
04-05-2021,2729.701904,2765.727973,2716.499805,2741.38245,1990777
05-05-2021,2770.82959,2774.141259,2732.073555,2747.826655,1939289
06-05-2021,2784.927002,2805.110595,2751.407138,2779.601453,1791671
07-05-2021,2804.126221,2828.248201,2785.240634,2804.215814,1912540
10-05-2021,2815.403809,2832.141343,2797.055127,2815.806541,2137153
11-05-2021,2794.907471,2799.830288,2766.757729,2797.055522,2415625
12-05-2021,2763.580078,2792.579858,2748.364098,2792.579858,1978558
14-05-2021,2731.268066,2773.335771,2720.974905,2773.335771,2043935
17-05-2021,2747.603271,2752.481292,2717.395075,2734.401171,2890462
18-05-2021,2764.654541,2796.160531,2754.987873,2774.679145,2098538
19-05-2021,2758.567627,2790.789702,2745.231356,2760.357742,1986041
20-05-2021,2738.876465,2764.654169,2731.805597,2745.231462,2329027
21-05-2021,2757.225098,2764.116998,2734.490721,2739.771473,1685566
24-05-2021,2758.120117,2779.153972,2749.61707,2758.120117,1652260
25-05-2021,2800.843262,2813.660223,2772.151346,2781.055673,1841613
26-05-2021,2840.86792,2846.714253,2791.668827,2806.239642,1923753
27-05-2021,2860.205811,2894.159512,2843.836123,2843.970951,5959785
28-05-2021,2827.466553,2876.395774,2820.315862,2868.750569,1763701
31-05-2021,2841.452881,2851.526739,2813.975289,2833.22313,1652799
01-06-2021,2835.921143,2851.166536,2817.03299,2849.952429,1377441
02-06-2021,2814.739502,2841.722578,2801.742698,2833.987561,2240078
03-06-2021,2825.352295,2837.314833,2808.622704,2837.314833,1281706
04-06-2021,2827.601807,2839.384506,2810.737382,2813.43569,1836060
07-06-2021,2863.084473,2869.605383,2818.472581,2828.726063,2559821
08-06-2021,2878.329346,2906.077028,2866.681696,2876.395647,2574057
09-06-2021,2878.419922,2896.183782,2865.782803,2879.993935,1710925
10-06-2021,2893.30542,2899.781314,2871.898802,2887.189212,1874324
11-06-2021,2944.572754,2976.232848,2888.088146,2888.582879,3452954
14-06-2021,2946.866455,2975.96307,2941.46984,2949.249872,1847360
15-06-2021,2934.634277,2966.339391,2924.56064,2966.339391,1304985
16-06-2021,2945.067383,2963.370768,2925.864343,2934.049295,1635552
17-06-2021,2984.103516,3000.563237,2932.161091,2937.107989,2273413
18-06-2021,2965.709961,3020.305675,2945.652497,3013.919592,3380431
21-06-2021,2943.943848,2955.546483,2924.695787,2936.658329,1130569
22-06-2021,2969.217773,2992.468279,2954.646956,2971.736238,1708688
23-06-2021,2933.419922,2994.221872,2928.922743,2994.221872,1467104
24-06-2021,3034.337158,3042.791768,2948.800713,2953.747611,4155204
25-06-2021,3040.812744,3057.766978,3013.110076,3035.820831,2722861
28-06-2021,3001.192871,3050.436989,2997.819986,3050.436989,1355238
29-06-2021,3004.880615,3027.771216,2991.973622,3005.914879,1497322
30-06-2021,3009.287109,3041.891655,3002.7662,3009.511968,1693146
01-07-2021,3005.464355,3023.902787,2997.234607,3020.305044,990310
02-07-2021,2991.028564,3003.845524,2963.820633,2996.020477,1682274
05-07-2021,2987.026123,3034.696218,2969.936844,3005.914274,1972858
06-07-2021,2934.229492,2993.322381,2928.653034,2979.830844,2159420
07-07-2021,2945.607422,2952.57805,2915.611368,2945.652438,2640710
08-07-2021,2930.811768,2966.339484,2906.886686,2966.339484,2485811
09-07-2021,2885.524902,2951.948325,2879.094024,2923.166379,6365067
12-07-2021,2871.988281,2910.573986,2867.715962,2909.67455,1892226
13-07-2021,2866.996582,2890.786615,2855.708619,2890.786615,1809339
14-07-2021,2891.281738,2897.982492,2864.703363,2866.502235,2044279
15-07-2021,2887.134521,2913.185072,2879.067048,2909.354128,2232968
16-07-2021,2879.78833,2902.368409,2877.26437,2896.193741,1256526
19-07-2021,2870.594727,2884.295944,2862.842609,2866.448204,1597058
20-07-2021,2889.704346,2897.997171,2844.949763,2870.594735,1811945
22-07-2021,2899.213379,2906.965275,2875.461439,2875.461439,2859334
23-07-2021,2896.058838,2921.928936,2890.46999,2911.517737,1776193
26-07-2021,2882.267334,2906.334634,2876.228007,2884.475717,1259611
27-07-2021,2869.106689,2893.489566,2849.456156,2884.47558,1121367
28-07-2021,2882.493164,2888.487378,2823.54155,2873.659412,1660654
29-07-2021,2880.689941,2907.416324,2875.732249,2884.701122,1731997
30-07-2021,2855.13501,2905.658446,2850.538009,2901.602153,2999943
02-08-2021,2901.963135,2906.920828,2854.729927,2866.448111,2608669
03-08-2021,2961.004639,2965.60186,2901.557436,2910.616537,3804735
04-08-2021,2951.134277,2979.302987,2939.641444,2974.615758,2929598
05-08-2021,2960.148193,2988.136667,2940.813235,2952.080719,2534521
06-08-2021,2983.449463,2996.24928,2943.066757,2949.872361,2292362
09-08-2021,2995.077393,3007.967438,2983.629673,2996.159027,1510489
10-08-2021,3005.173584,3019.595966,2988.678161,2988.678161,2040777
11-08-2021,3014.45752,3028.699663,2999.043734,3019.685676,1929707
12-08-2021,3021.263184,3035.910913,2998.052166,2998.052166,1310205
13-08-2021,3121.904785,3136.868095,3026.446732,3029.376278,4363584
16-08-2021,3130.512451,3149.802515,3097.656514,3118.839382,2083489
17-08-2021,3202.714844,3209.700684,3121.543843,3138.760647,4336019
18-08-2021,3209.475098,3240.528238,3187.886643,3221.463744,2631309
20-08-2021,3208.528564,3222.500244,3154.895344,3160.303736,2836148
23-08-2021,3278.747803,3310.837687,3210.692196,3227.007601,3744176
24-08-2021,3256.933838,3305.744711,3239.987498,3296.415146,2511141
25-08-2021,3298.218018,3333.147219,3251.390397,3254.049479,2123263
26-08-2021,3309.801025,3323.998055,3288.21235,3299.119362,1902533
27-08-2021,3353.338623,3361.76679,3291.097213,3304.527967,3944728
30-08-2021,3336.346924,3371.546586,3323.997806,3348.696042,2033114
31-08-2021,3413.101318,3429.011139,3338.285221,3343.648499,3207480
01-09-2021,3348.650635,3440.367941,3341.48456,3421.709034,2643336
02-09-2021,3458.44165,3478.632894,3355.006144,3365.822929,3403717
03-09-2021,3463.219238,3476.604878,3429.416784,3447.850345,1746812
06-09-2021,3472.187744,3495.263639,3437.934594,3470.114483,1723693
07-09-2021,3439.647217,3488.367861,3432.751605,3483.004582,1585039
08-09-2021,3402.013672,3438.835895,3385.653374,3434.328902,4147175
09-09-2021,3417.562744,3433.156985,3393.765908,3416.03041,1441148
13-09-2021,3466.193604,3472.548288,3395.568927,3395.568927,1691473
14-09-2021,3502.745117,3512.300031,3447.850024,3470.339878,1991188
15-09-2021,3564.626465,3587.567019,3484.807562,3499.32017,2461369
16-09-2021,3518.429688,3589.144373,3508.334066,3542.496989,2946666
17-09-2021,3450.418945,3556.01771,3429.821898,3533.482744,6477148
20-09-2021,3446.497559,3489.313992,3432.390758,3433.427279,2002008
21-09-2021,3482.057861,3489.809978,3444.830053,3477.595982,1568129
22-09-2021,3481.336182,3512.614886,3472.59266,3481.651759,1744067
23-09-2021,3487.736816,3496.525453,3456.863912,3488.412865,2003869
24-09-2021,3489.584961,3555.477076,3474.892118,3506.441073,2320754
27-09-2021,3458.621826,3519.060655,3427.929155,3515.45506,1673362
28-09-2021,3406.520752,3470.384937,3381.371817,3470.384937,2253075
29-09-2021,3418.013672,3430.723482,3355.141112,3389.078905,2489161
30-09-2021,3403.276123,3429.822272,3380.335569,3429.822272,2252412
01-10-2021,3362.397705,3434.329372,3357.710475,3408.864856,1578374
04-10-2021,3401.247559,3410.576903,3341.89037,3357.529724,1356860
05-10-2021,3455.331787,3461.371115,3372.673568,3383.850824,1877966
06-10-2021,3435.140137,3477.100289,3420.807986,3457.765332,1678154
07-10-2021,3509.054443,3514.553063,3443.387689,3452.356561,1647233
08-10-2021,3547.589844,3596.490725,3515.455067,3537.990035,2934339
11-10-2021,3322.195068,3387.005546,3299.119174,3384.752049,11845402
12-10-2021,3292.674316,3341.484968,3272.618195,3340.583569,5752877
13-10-2021,3294.79248,3313.045804,3285.598258,3290.105251,3545655
14-10-2021,3261.602783,3314.480991,3258.667616,3273.840216,6442299
18-10-2021,3293.844238,3298.856644,3252.57132,3254.377576,3590107
19-10-2021,3282.103516,3332.633719,3274.020562,3313.577624,3135441
20-10-2021,3259.254639,3278.355714,3231.664025,3262.099405,2933693
21-10-2021,3190.300781,3257.990205,3171.109305,3254.964857,4871211
22-10-2021,3159.9104,3216.581699,3147.401986,3215.136605,2691670
25-10-2021,3154.581787,3174.089446,3115.792473,3163.65827,2595594
26-10-2021,3145.234863,3187.13993,3138.371,3155.982002,3878763
27-10-2021,3151.692139,3171.109398,3145.596022,3145.596022,2510813
28-10-2021,3090.188965,3177.205468,3084.18325,3177.205468,2424942
29-10-2021,3068.604492,3125.727363,3057.947533,3070.681732,3960501
01-11-2021,3139.635254,3149.208502,3082.331805,3104.910014,2020718
02-11-2021,3146.679688,3173.231793,3133.629527,3155.530389,3087414
03-11-2021,3153.950195,3178.921608,3130.288275,3164.742536,1537639
04-11-2021,3168.760986,3172.915465,3165.464656,3172.644482,328991
08-11-2021,3163.432373,3204.298925,3143.969916,3204.298925,2526082
09-11-2021,3166.09668,3192.558382,3157.33638,3168.173919,1782692
10-11-2021,3146.770264,3178.74092,3143.067349,3159.143078,1516489
11-11-2021,3150.292236,3170.025679,3103.148981,3142.886628,1284514
12-11-2021,3184.475586,3191.790793,3148.034271,3166.367819,1747259
15-11-2021,3209.085938,3223.806973,3186.236747,3186.236747,1809157
16-11-2021,3211.885498,3229.180538,3198.880538,3223.265003,2013204
17-11-2021,3180.727539,3217.71082,3166.72905,3206.647498,1632914
18-11-2021,3139.00293,3179.779304,3117.23767,3174.631296,2136598
22-11-2021,3123.378906,3175.353985,3107.032416,3141.441473,3167936
23-11-2021,3128.662598,3143.744798,3077.681043,3111.277376,2153461
24-11-2021,3109.741943,3154.67258,3092.311522,3135.842265,2161746
25-11-2021,3112.089355,3127.532936,3101.387419,3110.283099,1849619
26-11-2021,3112.947998,3151.917898,3081.383486,3093.214556,1941251
29-11-2021,3162.755371,3187.456019,3076.461416,3113.218695,2981745
30-11-2021,3187.275146,3218.523474,3152.82089,3152.82089,5588446
01-12-2021,3231.212402,3242.230523,3192.558468,3192.558468,2102118
02-12-2021,3290.005859,3294.611902,3227.870811,3241.507916,3152938
03-12-2021,3287.793701,3310.823475,3279.123801,3293.212472,2486263
06-12-2021,3193.822998,3303.643493,3180.818038,3287.793547,1849642
07-12-2021,3237.263184,3249.455415,3182.894908,3217.394362,1484458
08-12-2021,3275.555908,3293.21211,3252.164974,3252.164974,1428660
09-12-2021,3252.842529,3282.645765,3220.555691,3260.293338,1567957
10-12-2021,3284.496582,3289.192804,3228.773618,3237.714499,1510718
13-12-2021,3259.977051,3307.255907,3252.797225,3296.418367,1883864
14-12-2021,3272.756592,3282.871585,3230.219158,3255.777735,1747007
15-12-2021,3224.484131,3272.033746,3213.465789,3269.324362,1603233
16-12-2021,3234.644531,3258.893395,3224.168154,3235.005694,2072320
17-12-2021,3237.128174,3297.637773,3227.509725,3253.519865,4333992
20-12-2021,3212.336914,3256.680601,3170.115667,3241.32742,2312310
21-12-2021,3258.757813,3288.470645,3220.916605,3235.59244,2340989
22-12-2021,3279.033447,3284.497418,3256.906801,3272.937331,1224328
23-12-2021,3307.887695,3314.93214,3278.355447,3294.611755,1792861
24-12-2021,3315.293945,3346.090712,3291.722426,3328.028144,2209923
27-12-2021,3338.052734,3341.574847,3299.218216,3315.384125,1534135
28-12-2021,3347.48999,3364.152662,3336.020306,3350.605739,1456218
29-12-2021,3336.788086,3359.592076,3328.027786,3334.575466,1456923
30-12-2021,3372.054932,3377.699483,3323.511791,3324.731102,1966475
31-12-2021,3376.209961,3395.762602,3369.842862,3380.228838,1207141
03-01-2022,3447.918213,3458.981535,3382.215626,3386.731268,2346158
04-01-2022,3508.427246,3512.400922,3442.453688,3459.974507,2488606
05-01-2022,3486.932861,3495.106216,3443.085942,3490.590575,1733031
06-01-2022,3438.615723,3463.496951,3406.599869,3442.725,1810293
07-01-2022,3480.204834,3490.500408,3428.636121,3449.950037,2460591
10-01-2022,3504.002686,3592.644647,3486.978628,3592.644647,3937092
11-01-2022,3536.55957,3544.778125,3482.46228,3482.46228,1906106
12-01-2022,3485.984863,3548.391117,3464.89695,3544.778604,3203744
13-01-2022,3520.303711,3542.972319,3483.365852,3538.456678,6684507
14-01-2022,3583.748047,3591.74082,3486.120022,3502.195748,3348123
17-01-2022,3629.807617,3651.347313,3578.464911,3605.91992,3442604
18-01-2022,3604.023438,3650.173156,3594.450191,3643.173912,2389041
19-01-2022,3541.643799,3629.717925,3537.889319,3629.717925,3102539
20-01-2022,3461.937988,3546.483579,3447.869623,3537.436427,6176776
21-01-2022,3468.22583,3484.555984,3411.771688,3444.250877,3112358
24-01-2022,3411.997803,3482.836827,3383.725452,3474.106414,3258414
25-01-2022,3410.686279,3446.422535,3367.531402,3410.324482,3330501
27-01-2022,3301.532471,3377.664179,3279.683683,3375.49295,5718297
28-01-2022,3338.444336,3374.406765,3298.591588,3298.591588,3143862
31-01-2022,3380.242432,3399.919989,3366.807322,3391.777551,2739393
01-02-2022,3438.506592,3445.156339,3380.378626,3410.777152,2105169
02-02-2022,3488.762695,3495.819518,3438.505722,3463.159211,1984212
03-02-2022,3460.174072,3512.556997,3452.438713,3484.058467,1960538
04-02-2022,3451.397949,3460.264202,3409.87161,3451.759968,2307366
07-02-2022,3418.918945,3466.687955,3398.246113,3429.775528,1919149
08-02-2022,3386.756348,3437.646582,3366.445534,3430.273241,2946443
09-02-2022,3402.227051,3417.969008,3389.153959,3392.682261,1638721
10-02-2022,3411.093018,3428.689684,3399.919697,3428.689684,2112459
11-02-2022,3342.877441,3394.943846,3338.399145,3394.943846,3851488
14-02-2022,3377.980225,3431.810777,3356.49324,3369.159252,5951745
15-02-2022,3454.022461,3469.583521,3390.873283,3425.252467,3931683
16-02-2022,3449.770508,3486.863841,3443.34694,3477.726126,3256906
17-02-2022,3423.623047,3469.582621,3418.918572,3460.535469,3134372
18-02-2022,3432.398926,3452.34794,3399.557941,3409.871606,3688883
21-02-2022,3364.998047,3463.069319,3352.467872,3446.965343,7465922
22-02-2022,3244.670654,3318.404946,3229.833413,3302.210632,5408531
23-02-2022,3224.224854,3277.693402,3216.85129,3266.927377,2426203
24-02-2022,3077.524902,3151.892681,3067.980332,3142.981147,5039136
25-02-2022,3185.275879,3193.644494,3132.123864,3137.552155,2549723
28-02-2022,3215.539307,3224.179383,3126.605742,3157.456624,3288942
02-03-2022,3208.255859,3231.597557,3171.931631,3214.000889,2761341
03-03-2022,3206.672607,3237.614045,3193.735356,3223.36478,1928039
04-03-2022,3188.533203,3221.871827,3154.787281,3167.860372,2370257
07-03-2022,3152.841797,3209.929412,3104.575375,3121.267326,3054130
08-03-2022,3256.929688,3265.117405,3130.31483,3130.31483,3300992
09-03-2022,3286.46875,3305.829568,3254.306078,3261.49852,2719654
10-03-2022,3275.928711,3332.971053,3270.545699,3332.971053,2005441
11-03-2022,3256.205322,3293.027404,3250.505794,3259.914743,1623423
14-03-2022,3295.87793,3300.718245,3238.880864,3238.880864,1765688
15-03-2022,3251.456055,3310.353106,3243.765975,3310.353106,3651133
16-03-2022,3307.548828,3318.495972,3271.676952,3293.6163,3090475
17-03-2022,3322.792725,3356.493366,3311.529065,3344.37027,3600452
21-03-2022,3281.130859,3360.067267,3270.545735,3343.827672,2413831
22-03-2022,3348.305908,3357.398341,3279.592828,3293.163557,2907611
23-03-2022,3358.665527,3374.407709,3338.39999,3354.684868,1596195
24-03-2022,3392.546631,3400.100871,3342.92291,3347.446486,1879046
25-03-2022,3354.186279,3419.371053,3322.11417,3401.638547,1690133
28-03-2022,3354.412598,3359.207633,3312.34334,3342.922758,1760990
29-03-2022,3352.286621,3367.350041,3339.303869,3342.696551,2689063
30-03-2022,3375.990234,3381.825604,3353.055614,3381.825604,1583455
31-03-2022,3383.589844,3396.889114,3365.721717,3383.635124,2168110
01-04-2022,3400.598389,3404.443428,3372.823675,3390.8727,1387014
04-04-2022,3411.093018,3419.823431,3381.011237,3403.538557,1472994
05-04-2022,3451.307861,3470.125983,3412.586004,3412.586004,2314947
06-04-2022,3397.522461,3446.331804,3375.628175,3446.331804,2051729
07-04-2022,3333.106445,3388.610812,3328.44725,3388.610812,2494829
08-04-2022,3334.463379,3351.969706,3295.425008,3338.398978,2296773
11-04-2022,3344.189453,3358.619838,3307.729604,3338.399364,2291660
12-04-2022,3339.394287,3382.730056,3300.717713,3332.066006,4483476
13-04-2022,3313.022217,3356.358213,3307.232127,3353.779686,1621672
18-04-2022,3191.880615,3266.021984,3186.859402,3266.021984,3820792
19-04-2022,3141.080811,3223.998096,3111.451386,3211.73916,3170014
20-04-2022,3217.891602,3229.064704,3148.409418,3166.503725,2640370
21-04-2022,3282.89502,3296.782487,3227.481209,3238.880709,2280996
22-04-2022,3268.329346,3272.355285,3231.190738,3239.876093,1581465
25-04-2022,3210.110596,3242.499446,3196.449528,3218.976849,1960694
26-04-2022,3208.391846,3246.027869,3182.923978,3234.492749,1943469
27-04-2022,3221.871826,3228.431012,3172.203048,3208.120199,1727648
28-04-2022,3242.770508,3260.95515,3200.927433,3246.11791,1703660
29-04-2022,3208.753662,3278.009661,3199.842349,3254.260885,2051115
02-05-2022,3204.863037,3209.884251,3159.944016,3184.506945,1324161
04-05-2022,3148.18335,3207.623106,3135.110257,3201.335378,2305825
05-05-2022,3178.626953,3196.359463,3153.249863,3177.451,1612262
06-05-2022,3105.525635,3143.433115,3098.197353,3129.410029,2010812
09-05-2022,3116.834961,3126.69627,3027.946677,3074.222779,2481830
10-05-2022,3111.0896,3134.657476,3095.935619,3106.792202,1622685
11-05-2022,3086.888428,3119.865254,3059.882589,3107.696878,1841769
12-05-2022,3083.857666,3120.996273,3030.886763,3056.128231,2807195
13-05-2022,3089.511963,3112.129844,3059.882539,3107.696827,2187823
16-05-2022,3055.042725,3103.173535,3045.814673,3089.602806,1195813
17-05-2022,3122.714844,3136.647368,3031.157496,3048.89,1754076
18-05-2022,3120.181885,3161.979684,3114.979772,3134.838227,1866781
19-05-2022,2951.13623,3080.555807,2922.230619,3073.318084,4642963
20-05-2022,2979.227539,2998.136001,2958.464367,2994.607699,3065125
23-05-2022,3005.238281,3020.754061,2955.705115,2989.9034,2293690
24-05-2022,2974.703369,3008.04221,2963.48499,2999.266297,1711510
25-05-2022,2885.125244,2999.158756,2872.73837,2999.158756,3548046
26-05-2022,2939.136963,2952.389287,2896.875487,2906.393403,2813186
27-05-2022,2970.422852,2986.452964,2941.18578,2963.045206,3103153
30-05-2022,3074.209961,3084.547738,2993.23908,3002.939113,2094624
31-05-2022,3064.281738,3081.63248,3028.441299,3054.991304,4840965
01-06-2022,3055.947754,3085.822348,3042.14908,3085.822348,1493835
02-06-2022,3117.700928,3125.898213,3047.841883,3055.765882,2657939
03-06-2022,3133.320801,3167.157503,3125.169101,3150.853881,1913622
06-06-2022,3124.941406,3145.024798,3075.939817,3113.146469,1084210
07-06-2022,3062.778809,3113.920891,3056.67643,3097.708439,2308256
08-06-2022,3100.531982,3109.45796,3048.023905,3078.672555,2185707
09-06-2022,3121.435547,3130.452473,3054.035639,3083.090375,1279197
10-06-2022,3060.228516,3090.376397,3053.03321,3080.357493,1527582
13-06-2022,2932.441895,2999.295212,2907.713287,2996.562784,3030921
14-06-2022,2924.198975,2950.020286,2891.546371,2905.481798,2611493
15-06-2022,2920.328125,2945.5575,2915.500791,2931.439955,1404536
16-06-2022,2861.763672,2955.440525,2853.611971,2951.02301,2032028
17-06-2022,2813.39917,2840.58692,2754.151194,2816.222768,5240434
20-06-2022,2834.802979,2858.802894,2795.273941,2818.044175,1502769
21-06-2022,2925.474121,2948.973047,2846.643525,2850.833337,2964461
22-06-2022,2935.493164,2960.631593,2899.106372,2914.498963,3336315
23-06-2022,3013.686035,3022.065437,2935.492963,2935.492963,3692578
24-06-2022,2999.386719,3046.657641,2985.178002,3041.192784,2132118
27-06-2022,3019.060303,3062.961278,3011.591709,3051.211924,2037686
28-06-2022,3022.202393,3032.995574,2980.715199,3012.046956,1400046
29-06-2022,2997.019043,3035.728452,2979.258255,2979.258255,2133994
30-06-2022,2975.705811,3015.599089,2964.684927,2980.168688,2719603
01-07-2022,3019.424316,3035.727716,2961.99774,2969.23863,1502879
04-07-2022,2946.514404,3022.020425,2937.406309,3016.601153,2622535
05-07-2022,2929.436523,2980.168566,2920.920366,2964.684805,2170627
06-07-2022,2969.922119,2976.980893,2916.639763,2931.440417,2182144
07-07-2022,2994.60498,3023.340841,2973.83848,2979.257752,1989921
08-07-2022,2974.202881,3010.225442,2960.130918,3005.671394,2136916
11-07-2022,2836.078857,2937.360836,2828.974498,2920.191987,6974600
12-07-2022,2809.573975,2856.480663,2805.520917,2837.080377,3734815
13-07-2022,2767.722412,2832.61759,2764.306876,2827.152733,3863530
14-07-2022,2738.499756,2791.694457,2709.505219,2790.781243,4764908
15-07-2022,2734.709717,2766.032767,2696.719939,2756.581139,4574806
18-07-2022,2797.629883,2809.912561,2752.699818,2760.644732,3202795
19-07-2022,2807.447021,2811.739081,2767.083023,2767.083023,1865074
20-07-2022,2890.138916,2896.668305,2829.181898,2838.085732,3402251
21-07-2022,2901.553223,2907.671708,2871.188875,2892.147079,2420640
22-07-2022,2895.800781,2919.544339,2870.687403,2908.585774,2075886
25-07-2022,2891.919678,2909.909944,2875.801544,2890.321554,1797504
26-07-2022,2845.482178,2893.882499,2827.765923,2890.047046,2639367
27-07-2022,2912.101563,2916.895934,2840.094574,2844.660642,1389808
28-07-2022,2977.533203,2980.729451,2923.790489,2936.895194,2106333
29-07-2022,3015.339844,3029.403467,2990.774488,3004.472691,2430257
01-08-2022,3012.509033,3038.261612,2987.121651,3038.261612,1306913
02-08-2022,3006.116455,3025.385128,2987.715068,3004.472626,1269114
03-08-2022,3049.677246,3058.352777,2992.647093,2995.341029,2895824
04-08-2022,3063.785645,3093.875985,3020.316815,3059.265282,2150567
05-08-2022,3073.009766,3083.922625,3063.831923,3069.493804,1106933
08-08-2022,3081.593506,3085.657262,3046.480488,3072.963682,1068836
10-08-2022,3063.146973,3091.228293,3045.567609,3091.228293,1878359
11-08-2022,3125.474121,3131.136002,3082.142172,3104.926811,1449248
12-08-2022,3106.342285,3122.277821,3087.804001,3122.277821,1472354
16-08-2022,3098.26001,3118.487827,3093.511343,3114.971865,839942
17-08-2022,3105.931152,3121.318669,3078.534742,3091.319733,1622326
18-08-2022,3087.803711,3097.620758,3070.224348,3095.794331,1430659
19-08-2022,3091.913086,3124.560474,3078.671488,3093.054603,1398410
22-08-2022,3063.420654,3090.40616,3056.891043,3072.963692,1536532
23-08-2022,2999.541992,3051.868962,2986.208982,3031.823965,1849256
24-08-2022,2972.830322,3020.910935,2968.127138,3006.299515,1691923
25-08-2022,2938.904297,2993.651414,2935.753754,2991.688094,1946930
26-08-2022,2942.556396,2974.33627,2937.625133,2953.606369,1457962
29-08-2022,2860.687256,2869.956285,2813.611051,2853.792449,2539173
30-08-2022,2932.465576,2946.483493,2869.408359,2881.188725,3431525
01-09-2022,2859.911133,2913.151533,2850.139791,2913.151533,3546935
02-09-2022,2858.723389,2888.494237,2849.500066,2888.494237,2052900
05-09-2022,2861.463379,2874.750681,2842.149001,2852.559546,2147912
06-09-2022,2855.664795,2868.267188,2836.761317,2863.381406,1936453
07-09-2022,2876.257813,2887.490162,2832.788753,2832.788753,1291534
08-09-2022,2894.567139,2907.215235,2885.846128,2894.886853,1346113
09-09-2022,2938.401611,2952.876136,2893.517253,2917.717413,1561185
12-09-2022,2961.506104,2986.025979,2945.113963,2958.720757,1785928
13-09-2022,2949.086914,2980.227369,2945.114345,2980.227369,1972678
14-09-2022,2849.591797,2868.769284,2843.564721,2862.924805,5090269
15-09-2022,2834.93457,2865.435814,2830.962002,2858.358409,2138023
16-09-2022,2747.586426,2825.803325,2739.64151,2809.045762,5322221
19-09-2022,2765.94165,2777.996026,2728.499889,2772.516744,2072220
20-09-2022,2776.443115,2812.651942,2767.036971,2785.301242,1544295
21-09-2022,2740.736816,2777.447961,2737.95147,2765.210987,2253818
22-09-2022,2746.398438,2766.991448,2720.73727,2730.50861,2017983
23-09-2022,2723.249268,2760.188721,2720.463921,2743.294266,2652374
26-09-2022,2734.526855,2763.247603,2672.154542,2702.975502,2925489
27-09-2022,2755.576416,2762.471223,2717.723756,2748.225002,2227447
28-09-2022,2772.197021,2785.256022,2721.376769,2721.376769,2739767
29-09-2022,2737.175049,2790.643747,2730.508545,2788.954213,2493902
30-09-2022,2743.796143,2757.63124,2694.071703,2731.28516,2817353
03-10-2022,2725.896973,2758.54436,2715.897328,2735.074814,1763331
04-10-2022,2822.880127,2829.135729,2760.644709,2766.991499,2145875
06-10-2022,2832.743164,2852.879571,2824.067634,2841.007793,1790816
07-10-2022,2798.908691,2835.528651,2792.699016,2828.588138,1939879
10-10-2022,2847.902588,2855.619199,2744.207129,2748.773198,3064063
11-10-2022,2803.155029,2872.056955,2788.361013,2830.962341,4730645
12-10-2022,2831.647217,2840.003032,2796.305893,2817.172691,1665247
13-10-2022,2833.97583,2840.094317,2787.447641,2831.647091,2054781
14-10-2022,2830.186279,2876.623287,2804.479402,2872.057219,2245977
17-10-2022,2849.046631,2864.290898,2812.148834,2813.247482,1517005
18-10-2022,2879.215088,2888.966118,2864.428608,2884.067691,1793722
19-10-2022,2858.294922,2892.308527,2849.276397,2892.308527,1194289
20-10-2022,2890.751465,2893.223478,2842.86674,2842.86674,1587601
21-10-2022,2872.531494,2893.589767,2863.009582,2891.209401,1021913
24-10-2022,2894.780029,2909.703981,2888.645708,2902.471011,260949
25-10-2022,2895.145996,2915.425936,2885.12025,2911.992523,2069643
27-10-2022,2890.843506,2906.042178,2869.739629,2893.864955,2438421
28-10-2022,2896.199219,2910.161769,2879.489937,2884.067822,1355739
31-10-2022,2923.574707,2928.930922,2909.520734,2928.930922,1919414
01-11-2022,2984.506348,2987.161655,2933.005141,2943.122311,2991060
02-11-2022,2968.026123,2993.936999,2950.035123,2993.936999,1405955
03-11-2022,2936.026855,2955.528692,2925.268825,2955.528692,1422652
04-11-2022,2945.777344,2948.203757,2898.854023,2945.411202,1464013
07-11-2022,2960.701416,2969.033256,2925.360277,2956.398249,1474498
09-11-2022,2944.542236,2975.442968,2931.35779,2975.442968,1162267
10-11-2022,2935.019531,2952.736037,2902.379298,2902.379298,1573092
11-11-2022,3036.007813,3059.492499,2980.249257,2993.570948,3265394
14-11-2022,3053.907227,3066.267517,3029.644435,3043.378091,1342074
15-11-2022,3051.251709,3057.981065,3014.079197,3040.630927,1400708
16-11-2022,3072.081543,3083.571856,3041.043347,3057.020122,1748235
17-11-2022,3066.267822,3076.339171,3037.656037,3058.027628,1417986
18-11-2022,3061.186035,3078.856717,3040.631375,3067.18311,1164540
21-11-2022,3006.297607,3052.259536,2996.684047,3042.005117,1304194
22-11-2022,3035.092529,3038.754838,2980.432616,3003.093152,1149739
23-11-2022,3029.003906,3048.871886,3013.164377,3048.871886,1150011
24-11-2022,3094.787842,3106.507273,3029.003761,3036.282555,1296591
25-11-2022,3103.485596,3116.02918,3065.351902,3097.397098,1588981
28-11-2022,3108.612793,3128.526593,3081.420201,3081.832166,2195437
29-11-2022,3110.536133,3139.51406,3097.397511,3097.397511,1576028
30-11-2022,3104.538818,3126.604092,3090.072656,3097.397272,3410702
01-12-2022,3182.225342,3186.208191,3131.273567,3135.851453,2180856
02-12-2022,3148.806641,3176.045057,3124.864391,3166.157004,2411749
05-12-2022,3136.675537,3148.806934,3119.371219,3143.176224,1475065
06-12-2022,3099.549316,3120.241227,3083.663963,3113.008256,1166999
07-12-2022,3095.200195,3107.194122,3070.845754,3083.938552,1167505
08-12-2022,3067.687012,3095.200149,3057.524016,3076.339171,1285619
09-12-2022,3014.766357,3089.24864,2999.750983,3089.24864,1797896
12-12-2022,3008.997559,3017.741362,2962.898397,2980.660499,1527610
13-12-2022,3050.794678,3054.777304,2991.923023,3000.529359,1378016
14-12-2022,3081.237549,3091.903933,3058.851509,3066.084703,1213311
15-12-2022,3026.07373,3080.687811,3020.442798,3075.240172,1415694
16-12-2022,2966.69873,3014.079846,2952.91925,2998.515035,2703680
19-12-2022,2931.724121,2971.505907,2924.811468,2954.567728,2120965
20-12-2022,2970.086182,2974.709891,2896.565298,2928.83939,1529971
21-12-2022,2992.609375,3005.885242,2966.469606,2974.709799,1432566
22-12-2022,2984.506348,3015.910684,2971.139057,3015.910684,1384101
23-12-2022,2955.803467,2991.053186,2945.411577,2945.411577,1360281
26-12-2022,2978.280518,2995.768129,2952.781831,2955.80328,870157
27-12-2022,2984.322998,2997.415793,2958.686844,2993.20405,835883
28-12-2022,2982.125977,2990.36617,2953.651442,2975.44222,910795
29-12-2022,2992.792725,2995.310562,2955.482957,2958.321335,1037927
30-12-2022,2981.759766,3020.48872,2972.146206,3008.632042,1163131
02-01-2023,2986.109131,2991.053382,2962.07523,2985.697166,709547
03-01-2023,3031.796875,3039.716529,2971.322952,2977.457275,1245178
04-01-2023,3034.817627,3046.445635,3008.769502,3027.538834,1231668
05-01-2023,3031.567383,3055.555458,3004.878177,3049.054771,1826057
06-01-2023,2940.422119,3022.82407,2929.847157,3021.404881,2488376
09-01-2023,3039.670166,3046.125029,2949.211103,2956.398473,2885060
10-01-2023,3008.952637,3019.573421,2957.405822,3007.670918,3864655
11-01-2023,3047.681885,3066.725936,2994.99037,3012.340738,2720512
12-01-2023,3052.854004,3067.182693,3035.641113,3047.955578,2250391
13-01-2023,3089.6604,3093.734673,3025.981976,3060.682254,1742837
16-01-2023,3121.966064,3139.71058,3088.256079,3106.000595,1843607
17-01-2023,3163.494629,3166.678487,3109.746024,3118.17352,1688475
18-01-2023,3174.357178,3192.101695,3157.736281,3164.993292,2421189
19-01-2023,3158.532227,3171.547936,3147.201834,3164.993216,1585044
20-01-2023,3149.168457,3178.711333,3142.145543,3150.947504,1529349
23-01-2023,3197.672852,3201.512136,3142.145199,3172.484094,1067916
24-01-2023,3217.711426,3232.365812,3199.920047,3207.130191,1387863
25-01-2023,3211.578369,3216.494409,3188.402754,3207.411486,874110
27-01-2023,3194.067871,3226.794602,3167.146703,3208.066833,1785879
30-01-2023,3215.230713,3238.453197,3170.190557,3202.4491,1953798
31-01-2023,3145.048096,3229.604025,3137.83795,3229.604025,2820375
01-02-2023,3191.539795,3201.512241,3141.583378,3149.074486,2205161
02-02-2023,3240.278809,3248.331841,3202.542533,3209.003523,1813847
03-02-2023,3260.785889,3281.105474,3233.255928,3281.105474,1804469
06-02-2023,3239.857178,3252.21746,3218.226742,3252.21746,1138714
07-02-2023,3251.65625,3270.805351,3241.21538,3248.238294,1455647
08-02-2023,3296.181396,3314.721707,3256.806213,3256.806213,1986946
09-02-2023,3315.611328,3321.931951,3282.322671,3291.405594,1655427
10-02-2023,3312.520996,3317.015706,3284.991039,3296.087333,1187821
13-02-2023,3260.879395,3323.242963,3252.451898,3323.242963,1087939
14-02-2023,3277.453369,3300.628984,3272.677697,3282.041581,1579818
15-02-2023,3296.695557,3301.705326,3240.044061,3265.18618,1429449
16-02-2023,3331.717529,3347.58927,3302.642617,3302.829849,1618931
17-02-2023,3278.436768,3313.785436,3267.996126,3301.846482,1061369
20-02-2023,3265.467773,3297.96041,3253.997014,3279.232639,1296082
21-02-2023,3231.476807,3285.693611,3225.624378,3271.741513,1139541
22-02-2023,3185.172363,3227.731175,3179.038973,3197.719878,1218430
23-02-2023,3196.643311,3232.787772,3191.212211,3203.385262,1441570
24-02-2023,3184.142578,3215.511596,3167.147216,3204.789993,977592
27-02-2023,3119.906494,3174.357401,3105.064643,3174.357401,1128022
28-02-2023,3102.114502,3176.229555,3089.988089,3116.768889,4116217
01-03-2023,3170.330322,3173.42045,3104.127705,3111.618812,1669307
02-03-2023,3110.167969,3155.535952,3106.937474,3147.202185,1556538
03-03-2023,3129.551025,3144.392876,3119.204114,3140.647322,1043190
06-03-2023,3157.361816,3188.35614,3145.329132,3148.044567,1334132
08-03-2023,3174.731201,3179.975068,3118.969454,3150.010638,1844590
09-03-2023,3124.587891,3169.674903,3118.96956,3169.674903,1648500
10-03-2023,3119.110107,3124.962536,3080.718179,3102.161384,1024404
13-03-2023,3073.180176,3155.441997,3063.863156,3120.982854,1901233
14-03-2023,3010.442139,3094.202044,3005.245137,3071.354256,2670334
15-03-2023,2995.413086,3052.954342,2988.952097,3043.26263,1780522
16-03-2023,2982.397461,3014.983827,2970.22441,3003.934397,1901060
17-03-2023,2977.060059,3016.481878,2944.005498,2950.092024,6739966
20-03-2023,2943.349609,2968.023306,2898.168871,2968.023306,2289468
21-03-2023,2908.516602,2955.944591,2900.416703,2943.35021,1815297
22-03-2023,2931.645264,2943.537352,2908.516513,2930.942972,1123939
23-03-2023,2925.886475,2946.20629,2903.740976,2916.756686,1372218
24-03-2023,2922.000244,2968.351474,2908.422611,2948.593585,1329577
27-03-2023,2923.686035,2952.199021,2908.422856,2935.578124,1524217
28-03-2023,2917.692871,2949.202482,2912.308637,2928.086875,1303530
29-03-2023,2939.229736,2949.62374,2906.6436,2929.959582,1740616
31-03-2023,3001.968262,3008.616713,2951.497005,2987.032909,2382581
03-04-2023,2996.443359,3019.806208,2971.86316,3019.806208,1521830
05-04-2023,3033.711914,3056.700301,2982.865966,2982.865966,2655065
06-04-2023,3015.826416,3050.145192,3010.489047,3019.852932,1703464
10-04-2023,3055.810303,3063.863336,3010.489188,3015.171131,2203187
11-04-2023,3009.365479,3064.752768,2989.09253,3056.372137,2348779
12-04-2023,3035.444092,3053.516438,2995.507208,3022.615613,2417727
13-04-2023,2986.002686,3024.534983,2977.715556,3005.807212,4174070
17-04-2023,2939.791992,2962.171588,2874.947082,2934.735585,5505048
18-04-2023,2931.598389,2956.038221,2912.730251,2954.258945,2617302
19-04-2023,2893.066406,2940.260302,2876.117681,2931.598707,3298034
20-04-2023,2907.299072,2914.977412,2882.203815,2893.440477,2419999
21-04-2023,2959.783936,2963.154797,2903.553756,2912.168485,1929184
24-04-2023,2972.846191,2978.604889,2927.290755,2950.65383,1640676
25-04-2023,2973.969727,2988.202785,2947.282656,2980.524446,2024090
26-04-2023,2994.710938,3004.30892,2978.651965,2978.651965,2000029
27-04-2023,2985.159912,2995.694284,2968.960344,2982.397612,2434446
28-04-2023,3014.468994,3021.960103,2992.932056,2996.817978,2931312
02-05-2023,3014.609131,3029.216883,3005.80717,3029.216883,2321159
03-05-2023,2977.621826,3011.425544,2971.301204,3011.425544,2468285
04-05-2023,3015.826416,3019.337873,2975.842673,2977.855816,1953253
05-05-2023,3025.190186,3037.644198,3005.853855,3015.170875,1710027
08-05-2023,3043.824707,3047.804358,3025.752362,3038.58084,928235
09-05-2023,3074.397705,3088.209436,3039.517232,3045.697487,1107375
10-05-2023,3077.72168,3096.168487,3058.291619,3080.718077,1559987
11-05-2023,3073.367188,3099.164734,3063.862936,3098.509308,1719623
12-05-2023,3066.016846,3080.718099,3052.626445,3070.558193,1027479
15-05-2023,3047.991455,3082.590965,3041.717698,3075.099857,1150390
16-05-2023,3050.894043,3076.036165,3043.683897,3049.068131,986306
17-05-2023,3004.589844,3071.354392,2994.804629,3048.834202,1588815
18-05-2023,2996.30249,3023.551255,2991.760915,3020.74209,1369364
19-05-2023,3017.840088,3028.748924,2999.299548,3005.807403,1152449
22-05-2023,3088.864746,3097.994534,3012.408715,3024.534901,1333243
23-05-2023,3087.319824,3116.254138,3080.81197,3095.700456,1687418
24-05-2023,3093.219238,3106.188083,3067.60892,3067.60892,1016555
25-05-2023,3083.995605,3095.700462,3059.27504,3084.4638,1374917
26-05-2023,3117.143555,3126.273342,3081.654522,3083.995494,1791115
29-05-2023,3109.137939,3157.502319,3101.319003,3147.014812,1210372
30-05-2023,3105.251709,3115.317886,3091.346476,3104.128088,1344224
31-05-2023,3080.250244,3116.020242,3057.449091,3098.509822,5815424
01-06-2023,3112.554932,3127.537146,3087.74064,3103.191048,1177314
02-06-2023,3095.326172,3123.698563,3087.694468,3114.662505,2030661
05-06-2023,3079.687744,3115.364234,3076.082786,3104.127573,1861468
06-06-2023,3026.688965,3079.641787,3015.733264,3071.354656,2022849
07-06-2023,3066.578369,3070.277286,3034.834893,3046.071554,1567196
08-06-2023,3030.574707,3061.990589,3027.344212,3053.563092,1759366
09-06-2023,3005.151611,3043.262577,3001.452923,3038.580635,1775689
12-06-2023,3040.359131,3047.382043,3006.742882,3010.488435,2324605
13-06-2023,3037.363281,3057.308402,3032.962301,3052.626459,1371928
14-06-2023,3044.246094,3048.740805,3020.649148,3037.363546,1658544
15-06-2023,3034.10498,3063.490322,3028.161813,3061.462206,2273810
16-06-2023,2995.049805,3018.161941,2977.220534,3015.897987,4156189
19-06-2023,3028.539307,3032.784394,2995.144714,3009.295004,1468186
20-06-2023,3044.858887,3049.387025,3019.718634,3031.935003,1528452
21-06-2023,3073.631592,3076.650274,3041.321763,3065.896146,1645987
22-06-2023,3055.046875,3082.545506,3047.122807,3075.328952,1529603
23-06-2023,3034.151855,3065.329471,3027.359533,3053.915044,1119505
26-06-2023,3008.964355,3031.840655,2993.257628,3023.444909,1978803
27-06-2023,3016.228271,3027.831323,3002.03077,3020.614769,863542
28-06-2023,3033.302734,3047.924698,3012.501766,3026.274804,1575872
30-06-2023,3115.185791,3122.496773,3032.02936,3037.595048,2672406
03-07-2023,3086.932861,3130.798759,3083.583913,3126.553672,1687264
04-07-2023,3121.412109,3127.213635,3091.649291,3103.629822,1656681
05-07-2023,3131.883301,3140.420688,3117.780226,3131.930514,1453008
06-07-2023,3134.666016,3139.901668,3114.95004,3119.24234,1848238
07-07-2023,3140.65625,3166.739854,3114.949895,3114.949895,1789326
10-07-2023,3086.602539,3136.411603,3080.234909,3136.411603,1407431
11-07-2023,3087.026855,3108.346716,3076.084104,3108.346716,1110172
12-07-2023,3075.234619,3102.827679,3065.989949,3095.092235,1515240
13-07-2023,3151.31665,3176.692744,3087.357296,3097.970014,4585146
14-07-2023,3315.553955,3325.176335,3162.117755,3174.381338,6306101
17-07-2023,3293.904053,3348.807125,3280.08403,3311.16745,2743228
18-07-2023,3298.762451,3324.374381,3268.71658,3279.093458,2600090
19-07-2023,3273.480469,3317.629413,3250.462529,3301.733831,2405370
20-07-2023,3275.608398,3290.362826,3249.835197,3265.961228,1715404
21-07-2023,3185.757324,3248.747844,3177.008622,3219.569877,3770223
24-07-2023,3210.773438,3228.459955,3189.351034,3197.768611,1680132
25-07-2023,3214.935303,3222.170855,3197.012331,3213.374816,1272980
26-07-2023,3204.67334,3235.45936,3201.552135,3216.070344,1066803
27-07-2023,3212.807129,3226.757762,3201.59947,3210.962854,1701769
28-07-2023,3173.556152,3209.780555,3150.478587,3201.552092,2599831
31-07-2023,3236.026367,3240.94451,3178.757795,3182.068114,2743678
01-08-2023,3264.96875,3272.487859,3229.926601,3229.926601,1956167
02-08-2023,3254.186035,3259.624418,3228.602178,3248.794989,1914899
03-08-2023,3215.691895,3247.187269,3185.47345,3234.655344,2026351
04-08-2023,3256.929199,3282.891519,3216.921573,3216.921573,2248493
07-08-2023,3295.234375,3298.970261,3254.753845,3266.765531,1853889
08-08-2023,3282.512695,3300.813893,3269.271418,3295.233733,1634225
09-08-2023,3274.852051,3279.108176,3239.431676,3277.121892,1794589
10-08-2023,3255.557617,3277.121801,3244.160613,3263.029389,1096701
11-08-2023,3261.894531,3278.777023,3228.980449,3251.774457,1679974
14-08-2023,3262.887695,3267.758502,3226.143054,3254.233435,1190425
16-08-2023,3270.974365,3278.162581,3249.031719,3263.02969,1328445
17-08-2023,3249.551514,3273.24399,3228.223552,3267.758271,1843241
18-08-2023,3184.621826,3225.19679,3174.596195,3225.19679,2526749
21-08-2023,3217.299561,3224.960678,3189.256517,3192.093933,1375579
22-08-2023,3198.855957,3226.142538,3182.682822,3215.738677,1222012
23-08-2023,3214.08374,3217.630511,3193.039567,3204.389233,1330046
24-08-2023,3204.153076,3228.082005,3195.026144,3223.30564,1152881
25-08-2023,3198.05249,3202.308615,3168.68518,3192.093869,1158046
28-08-2023,3192.614258,3210.064326,3178.001607,3210.064326,1037485
29-08-2023,3193.181396,3205.85533,3182.635757,3197.815982,944517
30-08-2023,3207.179443,3223.400148,3199.707672,3213.847419,1188200
31-08-2023,3174.880127,3232.195805,3162.442645,3216.684686,3417652
01-09-2023,3196.066406,3205.335348,3174.880452,3183.581818,1277950
04-09-2023,3233.236816,3246.809221,3187.412576,3194.931685,1828332
05-09-2023,3243.498535,3260.191912,3220.609855,3234.65516,1501842
06-09-2023,3244.018555,3257.259833,3213.942121,3247.89645,1314818
07-09-2023,3267.994873,3272.48745,3236.830624,3244.869972,1885092
08-09-2023,3255.368408,3277.216611,3248.889778,3267.995006,1518917
11-09-2023,3292.018311,3296.794675,3258.300432,3274.379128,1783604
12-09-2023,3386.740723,3395.347415,3294.240889,3302.75314,4476016
13-09-2023,3374.492676,3394.354594,3352.880925,3377.566544,1754929
14-09-2023,3367.115479,3402.724969,3353.448633,3376.573535,2604721
15-09-2023,3403.29248,3411.852068,3369.385256,3374.492745,2952897
18-09-2023,3410.716797,3423.154279,3381.491496,3386.031409,1395753
20-09-2023,3410.622314,3428.545284,3385.984033,3385.984033,1649396
21-09-2023,3390.99707,3409.629396,3336.80236,3394.070939,2004073
22-09-2023,3408.352295,3436.821136,3371.844337,3389.767307,1989083
25-09-2023,3383.288574,3423.816439,3365.79117,3407.26484,1238778
26-09-2023,3391.375244,3400.123946,3344.36875,3374.256301,1726062
27-09-2023,3394.780273,3418.141627,3363.001111,3395.442291,1541134
28-09-2023,3345.077881,3407.548386,3336.187401,3404.900084,1755753
29-09-2023,3337.370117,3375.060336,3315.569249,3345.503908,2243791
03-10-2023,3323.419189,3342.666195,3291.49825,3342.666195,1948148
04-10-2023,3346.023682,3355.718189,3288.849781,3297.362031,1788138
05-10-2023,3394.827148,3427.599217,3358.744529,3361.392831,2990768
06-10-2023,3425.140625,3437.956338,3381.30267,3396.388224,2075691
09-10-2023,3441.171631,3479.618533,3434.219868,3447.508482,4233074
10-10-2023,3432.234131,3450.299112,3406.177369,3442.780003,1848148
11-10-2023,3414.263428,3452.190323,3409.629073,3452.190323,2426417
12-10-2023,3350.563477,3394.164974,3346.354688,3381.25482,4241281
13-10-2023,3377.32959,3383.146201,3333.964316,3338.693344,2890357
16-10-2023,3333.066162,3380.923785,3328.384471,3372.74266,1671104
17-10-2023,3316.987549,3342.618742,3313.488114,3338.693741,1672065
18-10-2023,3298.260498,3331.78926,3295.18663,3320.72338,1408245
19-10-2023,3276.829834,3296.932979,3273.273886,3289.963228,1514545
20-10-2023,3313.717285,3318.411091,3265.830513,3271.85178,1481211
23-10-2023,3233.684814,3298.924666,3225.292914,3293.282607,1106272
25-10-2023,3214.672363,3247.766298,3202.439762,3215.051572,1518537
26-10-2023,3164.083008,3199.120908,3157.6823,3193.763371,1984471
27-10-2023,3177.54834,3188.026582,3164.320257,3176.647546,1108851
30-10-2023,3203.719971,3207.797505,3161.238193,3176.647303,910972
31-10-2023,3194.427246,3223.111899,3176.694962,3223.111899,999811
01-11-2023,3158.298584,3197.129727,3139.665506,3181.388636,1563475
02-11-2023,3186.224609,3201.254279,3170.198997,3170.198997,1245384
03-11-2023,3177.500244,3212.585598,3171.241915,3206.990999,1402598
06-11-2023,3205.332031,3216.758526,3185.181656,3200.353703,1099852
07-11-2023,3196.039063,3227.99514,3191.819383,3203.198418,1191144
08-11-2023,3206.564209,3225.908473,3195.185176,3196.986763,992899
09-11-2023,3174.229248,3215.999836,3169.108775,3214.672375,2112352
10-11-2023,3160.953613,3174.229154,3150.428145,3165.26821,1338557
13-11-2023,3159.151855,3182.336592,3154.837259,3182.336592,1030990
15-11-2023,3228.137451,3236.387205,3182.384248,3208.034536,2059802
16-11-2023,3316.846191,3346.716155,3237.524705,3252.554604,3951984
17-11-2023,3321.208252,3342.117274,3311.820641,3316.846428,2021292
20-11-2023,3337.470947,3351.030778,3310.587885,3310.587885,1475621
21-11-2023,3328.557617,3355.914809,3319.833736,3337.471334,1807236
22-11-2023,3347.475098,3349.84573,3300.963475,3318.885363,1798051
23-11-2023,3326.708496,3360.60854,3318.885409,3347.332998,2729804
24-11-2023,3278.205078,3323.19963,3274.317149,3313.43258,1989733
28-11-2023,3290.579834,3301.105534,3255.35233,3278.205318,1689195
29-11-2023,3331.924072,3335.954148,3295.937916,3300.868786,1441634
30-11-2023,3307.126953,3334.673515,3300.868391,3318.363611,3266235
01-12-2023,3329.932373,3334.95816,3309.450248,3318.885319,1172141
04-12-2023,3330.690674,3364.211505,3316.988466,3361.224369,1625213
05-12-2023,3348.850342,3354.919068,3321.540609,3354.919068,1377656
06-12-2023,3417.598389,3425.895602,3342.733637,3349.798306,1896572
07-12-2023,3427.8396,3442.679898,3405.840177,3418.451988,1967653
08-12-2023,3439.028809,3456.381883,3415.654467,3445.002848,1641155
11-12-2023,3454.390137,3463.967583,3427.933975,3435.42508,1102503
12-12-2023,3482.07959,3507.018456,3443.106303,3450.644867,2236866
13-12-2023,3407.594238,3461.123068,3378.625066,3455.006883,3850968
14-12-2023,3477.480469,3487.674187,3439.882334,3442.158048,3290396
15-12-2023,3661.204834,3694.34623,3476.95923,3476.95923,8531230
18-12-2023,3659.49707,3725.68516,3631.950281,3658.454131,2521612
19-12-2023,3618.722656,3655.609833,3593.878477,3646.032386,2004435
20-12-2023,3584.443604,3697.048641,3571.642189,3629.201096,2586083
21-12-2023,3591.507568,3609.713976,3549.642299,3561.874668,1517562
22-12-2023,3626.119141,3646.933246,3567.32746,3603.361071,2413058
26-12-2023,3599.141113,3635.601389,3594.020409,3622.183704,1285231
27-12-2023,3613.981201,3620.618971,3573.016725,3602.412563,1293976
28-12-2023,3603.266113,3639.394641,3595.869926,3626.119101,1682889
29-12-2023,3597.102539,3624.79171,3570.551457,3595.775078,1574996
01-01-2024,3613.886963,3633.705357,3577.758432,3593.878733,825907
02-01-2024,3587.43042,3613.886815,3572.305832,3613.886815,1344068
03-01-2024,3500.712646,3576.667796,3496.255904,3572.068677,1803075
04-01-2024,3477.053955,3526.552713,3462.071512,3510.195349,3598144
05-01-2024,3544.474609,3553.814994,3484.687446,3484.829591,1963127
08-01-2024,3487.958496,3546.228587,3482.363665,3544.474227,1067805
09-01-2024,3498.957764,3558.176334,3492.177849,3517.970278,1370944
10-01-2024,3520.910645,3536.272296,3497.156862,3499.053368,1292227
11-01-2024,3542.24585,3577.757871,3515.173185,3531.293483,1777909
12-01-2024,3681.876465,3703.164696,3623.843433,3648.877217,6813450
15-01-2024,3701.789551,3759.822579,3683.962351,3755.081315,2801505
16-01-2024,3661.48877,3697.237856,3656.036316,3697.237856,1432672
17-01-2024,3683.583252,3707.621324,3615.261585,3621.37777,3458696
18-01-2024,3700.651855,3706.530977,3662.152695,3696.2898,2239110
19-01-2024,3765.056885,3784.631495,3738.320832,3766.918813,2941975
23-01-2024,3684.084961,3756.319955,3669.284646,3723.950327,2618854
24-01-2024,3668.377686,3708.338398,3633.811833,3704.853256,2657709
25-01-2024,3638.299805,3686.711116,3608.126163,3666.563495,2205154
29-01-2024,3629.419434,3647.561756,3610.179116,3629.228508,1646747
30-01-2024,3628.989746,3674.106838,3616.051359,3635.578181,1411621
31-01-2024,3643.69458,3660.929834,3625.074827,3639.158999,2459358
01-02-2024,3680.170166,3728.629266,3633.286723,3647.56182,2363107
02-02-2024,3787.257568,3804.540378,3697.214312,3700.126678,2826510
05-02-2024,3793.94165,3840.443241,3783.247275,3803.203737,1691523
06-02-2024,3949.297363,3962.569812,3809.88793,3816.571944,4474396
07-02-2024,3899.071289,3967.439289,3890.047918,3965.529571,2124267
08-02-2024,3947.48291,3970.303948,3901.601886,3905.373533,2345173
09-02-2024,3947.101318,3995.84669,3914.92238,3949.822294,2100596
12-02-2024,3934.687988,3971.831913,3920.2215,3943.567991,1013716
13-02-2024,3962.187988,3981.762601,3897.257567,3939.223813,1257415
14-02-2024,3915.017822,3929.14955,3866.701859,3921.606257,1391283
15-02-2024,3917.977783,3959.131835,3898.689444,3941.658101,1091582
16-02-2024,3941.944824,3960.708179,3915.018076,3927.574381,1307556
19-02-2024,3918.550293,3941.944339,3871.953359,3936.931329,772291
20-02-2024,3848.702148,3913.011992,3828.984404,3897.829828,1193648
21-02-2024,3811.319824,3879.926539,3800.911954,3831.849293,1885939
22-02-2024,3902.604736,3910.10024,3791.745501,3791.745501,2982052
23-02-2024,3869.184326,3943.567751,3863.741443,3943.567751,2538072
26-02-2024,3820.439209,3867.179517,3802.96524,3853.811489,1379284
27-02-2024,3919.123535,3937.838866,3818.481481,3818.481481,2960475
28-02-2024,3933.016846,3967.343749,3904.418631,3910.720794,1939225
29-02-2024,3910.243408,3951.302348,3881.072417,3913.967265,3772719
01-03-2024,3909.527344,3953.116567,3902.318111,3921.797376,2043265
04-03-2024,3896.493408,3932.014119,3891.910038,3919.696531,1749271
05-03-2024,3830.990234,3880.547328,3800.339164,3878.63761,2070859
06-03-2024,3880.83374,3888.186108,3779.761815,3813.754891,1744204
07-03-2024,3923.134033,3937.83877,3855.434386,3881.502085,2688905
11-03-2024,3936.263672,3965.530011,3904.419026,3904.419026,2304068
12-03-2024,4003.008057,4039.006431,3935.021902,3936.263499,4039801
13-03-2024,3961.710693,4049.557737,3945.382508,4015.182807,2837260
14-03-2024,4017.665039,4034.279493,3901.554085,3965.959515,2919608
15-03-2024,4028.789307,4047.647774,3988.446509,4003.342405,3373143
18-03-2024,3965.05249,4062.686835,3931.966715,4024.9699,1526904
19-03-2024,3797.76123,3874.818315,3787.544284,3868.373016,8931209
20-03-2024,3791.649414,3836.623365,3781.43247,3806.067878,1817913
21-03-2024,3793.607422,3827.45713,3769.783734,3809.935606,3829582
22-03-2024,3734.358154,3760.234928,3680.981627,3721.085707,5852485
26-03-2024,3702.466309,3768.542514,3696.689364,3700.079161,3440925
27-03-2024,3667.518066,3719.176035,3656.537187,3712.969451,1968575
28-03-2024,3701.320068,3738.273066,3667.136069,3676.302809,4311783
01-04-2024,3739.94458,3755.747546,3712.540169,3721.754467,1569676
02-04-2024,3708.481934,3733.356061,3698.169408,3714.402014,2142666
03-04-2024,3769.115234,3801.293938,3677.16226,3677.16226,3973090
04-04-2024,3822.587158,3846.792694,3757.608955,3796.423881,3394637
05-04-2024,3799.622803,3821.345846,3781.719196,3798.429229,1636819
08-04-2024,3793.225342,3850.61223,3781.241814,3803.203572,2302538
09-04-2024,3768.398926,3834.570703,3747.869457,3804.15835,1876992
10-04-2024,3804.779053,3810.078567,3741.13779,3777.804284,2101965
12-04-2024,3820.772949,3832.183701,3767.396421,3791.745327,4354821
15-04-2024,3763.290527,3880.738193,3742.140492,3820.772997,4200329
16-04-2024,3697.978027,3751.354553,3688.477227,3725.859864,3051420
18-04-2024,3687.666016,3758.325592,3676.207706,3701.797978,3476284
19-04-2024,3653.481934,3678.642565,3629.323951,3664.749318,2957749
22-04-2024,3690.148682,3702.943701,3639.922998,3663.794476,1728883
23-04-2024,3699.79248,3719.176167,3686.329107,3702.036493,1807586
24-04-2024,3658.113037,3722.040808,3651.810874,3714.401935,1317312
25-04-2024,3678.308105,3698.789786,3638.967958,3639.158883,2856271
26-04-2024,3648.85083,3701.797719,3630.899433,3681.12488,2039178
29-04-2024,3695.49585,3702.752872,3646.798033,3664.749431,1110693
30-04-2024,3648.182129,3706.52411,3638.012973,3697.214234,2203078
02-05-2024,3688.906982,3696.35493,3607.505249,3607.505249,2491044
03-05-2024,3669.905029,3717.839138,3626.172673,3714.544688,2962234
06-05-2024,3744.050293,3762.097037,3679.072085,3679.072085,2053831
07-05-2024,3799.33667,3807.978192,3736.841187,3753.360296,2062112
08-05-2024,3797.427002,3804.44531,3760.808294,3782.197045,1247685
09-05-2024,3781.432861,3791.745386,3733.546772,3783.151654,1726486
10-05-2024,3718.125488,3794.22794,3709.675126,3783.72449,1672489
13-05-2024,3769.592773,3776.467712,3695.304689,3709.150146,931326
14-05-2024,3725.096191,3767.683,3717.170814,3758.325334,1058317
15-05-2024,3705.235107,3749.683845,3700.556391,3728.247305,1115021
16-05-2024,3751.930664,3760.154094,3696.675345,3742.457083,2599399
17-05-2024,3687.634277,3770.252732,3683.690807,3769.290933,2765804
21-05-2024,3674.264893,3697.877108,3664.502726,3684.267744,1908117
22-05-2024,3685.614258,3694.5109,3671.716307,3688.499655,1311168
23-05-2024,3744.717041,3755.825869,3679.362832,3694.222583,2095742
24-05-2024,3702.446045,3735.435805,3697.444736,3730.097772,1309452
27-05-2024,3700.0896,3759.047937,3694.607391,3707.735856,1841538
28-05-2024,3693.212402,3722.16265,3683.690685,3710.621061,1801993
29-05-2024,3658.347168,3701.868579,3654.836695,3701.868579,1568095
30-05-2024,3593.37793,3649.450633,3573.516636,3632.715421,2919230
31-05-2024,3530.716553,3606.55451,3514.173654,3597.128831,10956800
03-06-2024,3561.397705,3608.237272,3554.809288,3590.20354,2156773
04-06-2024,3573.083984,3601.93796,3454.301785,3558.656997,3395997
05-06-2024,3603.33252,3639.255813,3558.656994,3574.045781,2799670
06-06-2024,3684.075195,3693.212287,3598.571349,3636.562413,4328036
07-06-2024,3745.197998,3765.443918,3690.712167,3690.712167,4552445
10-06-2024,3711.294678,3756.691555,3695.136404,3746.208037,1734661
11-06-2024,3704.946777,3731.732744,3694.270712,3698.117909,1419898
12-06-2024,3685.278076,3744.765455,3681.238566,3726.394995,2177001
13-06-2024,3730.001465,3741.398879,3704.85051,3709.467193,1932323
14-06-2024,3685.662354,3740.436766,3681.76702,3740.436766,1860730
18-06-2024,3669.360352,3695.232657,3650.07623,3679.892006,1774045
19-06-2024,3656.471924,3687.393909,3648.056181,3681.430566,1509050
20-06-2024,3642.573975,3664.406769,3635.649067,3650.989718,2846526
21-06-2024,3665.17627,3729.664952,3652.961467,3680.805506,4642195
24-06-2024,3670.995361,3709.659644,3646.469481,3663.252831,1702154
25-06-2024,3691.818115,3700.666621,3648.008114,3671.187569,1338808
26-06-2024,3708.553467,3719.229297,3694.270655,3697.636952,1639845
27-06-2024,3783.862305,3791.412522,3672.245693,3684.652809,4526556
28-06-2024,3755.008301,3808.724881,3748.949154,3768.137001,2731571
01-07-2024,3826.229492,3848.831773,3735.628055,3735.628055,2658723
02-07-2024,3863.932129,3869.702924,3830.413567,3841.041495,2307449
03-07-2024,3813.774414,3872.299991,3803.915972,3866.432922,1821198
04-07-2024,3867.346191,3892.73783,3829.980436,3847.052371,2518001
05-07-2024,3858.545898,3872.924749,3835.655032,3856.814613,1668616
08-07-2024,3840.65625,3877.252754,3826.085087,3868.356112,1758882
09-07-2024,3833.250488,3853.881033,3823.247871,3832.769589,1305801
10-07-2024,3759.817139,3850.370672,3752.940369,3831.519314,2669716
11-07-2024,3773.811035,3827.960371,3746.784622,3780.832215,4872189
12-07-2024,4024.119873,4039.50866,3819.593136,3827.960742,13509164
15-07-2024,4009.93335,4078.028544,3998.247114,4073.892995,4848030
16-07-2024,4018.830078,4034.31467,3986.561433,4012.626285,2029521
18-07-2024,4150.691895,4159.781084,4001.084233,4001.084233,5613364
19-07-2024,4147.655762,4201.979119,4131.122689,4162.116258,3903354
22-07-2024,4133.146973,4164.574543,4111.600741,4145.293883,1896386
23-07-2024,4147.607422,4204.822874,4112.85375,4128.953289,2365208
24-07-2024,4151.367188,4183.035766,4114.589422,4133.291568,1809793
25-07-2024,4167.032715,4186.795392,4120.470108,4140.521807,2810342
26-07-2024,4230.032227,4263.387862,4181.059069,4193.543484,3552210
29-07-2024,4223.524902,4271.630053,4213.788075,4256.205526,1746803
30-07-2024,4208.341797,4239.817382,4171.660057,4233.165648,1797906
31-07-2024,4227.622559,4255.242012,4188.72373,4193.543895,2330091
01-08-2024,4238.949707,4260.350958,4208.052166,4241.166795,2202244
02-08-2024,4129.000977,4239.816748,4116.420535,4208.003662,2811282
05-08-2024,4005.60498,4086.535736,3962.6575,4086.535736,2787771
06-08-2024,4021.174805,4105.093693,4011.148484,4020.933796,2203067
07-08-2024,4049.372803,4092.272273,4029.94716,4075.931725,1237666
08-08-2024,4022.47583,4079.787782,4010.377404,4030.622097,2441283
09-08-2024,4076.654541,4100.658869,4054.288787,4065.327153,1302536
12-08-2024,4044.744873,4086.535797,4035.779555,4077.8595,936912
13-08-2024,4045.998779,4081.716016,4032.55033,4061.471322,1495593
14-08-2024,4140.762695,4151.319045,4037.514668,4057.61485,3226545
16-08-2024,4257.218262,4267.774613,4169.539732,4193.544063,3457058
19-08-2024,4328.508301,4332.605441,4232.442504,4261.990022,2055210
20-08-2024,4360.61084,4400.811209,4338.149056,4342.969222,2212298
21-08-2024,4387.795898,4395.990178,4330.965969,4355.500795,1896990
22-08-2024,4340.07666,4396.906595,4335.44949,4395.990575,1829872
23-08-2024,4303.34668,4343.932562,4294.76688,4338.148364,1809253
26-08-2024,4340.510742,4388.422902,4323.688177,4327.54431,1844164
27-08-2024,4335.401367,4347.789287,4325.42353,4342.969121,930697
28-08-2024,4343.980469,4398.400317,4296.983863,4336.943217,1848058
29-08-2024,4349.523926,4392.134373,4299.587204,4299.587204,2133641
30-08-2024,4389.965332,4427.080603,4326.387167,4338.148558,3637222
02-09-2024,4358.441895,4422.984102,4349.717583,4411.415705,1216500
03-09-2024,4350.054688,4392.038139,4334.196155,4358.441493,1717263
04-09-2024,4318.144531,4325.615787,4277.125118,4315.927444,1265505
05-09-2024,4314.963867,4337.18464,4293.947665,4319.832046,1688793
06-09-2024,4296.453613,4356.416648,4280.306062,4313.035167,1649179
09-09-2024,4289.512695,4328.749025,4271.148056,4294.766863,1184938
10-09-2024,4345.716797,4376.662354,4280.741059,4282.669125,1385591
11-09-2024,4318.241699,4385.724015,4310.432937,4358.827586,1325919
12-09-2024,4355.211914,4369.575911,4271.919089,4348.02968,2742216
13-09-2024,4359.935547,4383.457857,4342.968473,4367.069297,1458786
16-09-2024,4350.921875,4382.541969,4332.798243,4364.177329,1155120
17-09-2024,4343.595215,4372.660716,4305.3714,4350.92196,1699364
18-09-2024,4189.832031,4335.30452,4165.586695,4335.30452,2961779
19-09-2024,4141.630371,4263.147016,4127.796403,4232.152978,2927551
20-09-2024,4130.785645,4174.938646,4075.450235,4161.634706,5447908
23-09-2024,4114.974609,4154.403463,4100.032099,4145.341647,1702319
24-09-2024,4117.674316,4136.665956,4087.500269,4098.73116,3012026
25-09-2024,4120.999512,4135.315494,4087.499369,4099.40527,2713073
26-09-2024,4138.111816,4161.537631,4106.780743,4106.780743,3964251
27-09-2024,4153.729492,4220.536796,4145.39023,4179.083374,3012477
30-09-2024,4114.974609,4144.136606,4106.828343,4132.712721,2503416
01-10-2024,4133.677246,4141.245,4090.344243,4102.490683,1823365
03-10-2024,4080.510742,4125.097269,4058.578991,4109.287222,3350119
04-10-2024,4099.30957,4143.414083,4072.12365,4073.039669,2965463
07-10-2024,4119.168457,4142.690768,4077.281035,4120.180503,1472619
08-10-2024,4100.273926,4125.483298,4052.747281,4118.928061,1541867
09-10-2024,4099.984863,4140.522268,4093.959656,4106.781109,1082504
10-10-2024,4075.352783,4139.412961,4047.588823,4100.273129,2378875
11-10-2024,3999.966309,4089.380378,3964.538092,3993.989115,5759183
14-10-2024,3987.867188,4015.583137,3973.937192,3991.096792,2137590
15-10-2024,3968.731201,4019.969936,3947.715468,3982.468673,2759474
16-10-2024,3947.667236,3966.996147,3920.915318,3938.075154,2359151
17-10-2024,3961.211914,3981.408595,3945.739136,3964.875051,2522659
18-10-2024,3984.452881,4006.776465,3942.850202,3952.51405,2361000
21-10-2024,3942.705322,4000.785146,3933.186337,3993.682123,1595450
22-10-2024,3880.518555,3952.321,3871.676227,3929.320992,1928049
23-10-2024,3929.5625,3975.272316,3860.852441,3865.153042,1966476
24-10-2024,3911.829346,3941.88401,3869.405143,3869.405143,2676744
25-10-2024,3921.155273,3954.447188,3897.140513,3920.672081,1759676
28-10-2024,3953.335693,3995.035107,3914.825161,3932.171723,1532534
29-10-2024,3938.26001,3965.560383,3923.619373,3958.167633,1445885
30-10-2024,3947.34375,3968.942546,3923.570824,3938.018231,1935002
31-10-2024,3835.050049,3941.207523,3826.884144,3933.186481,3740372
01-11-2024,3850.270508,3864.524684,3842.394566,3855.730724,154895
04-11-2024,3830.894531,3857.711712,3781.705635,3832.9724,2269192
05-11-2024,3837.852539,3852.009983,3808.619398,3808.619398,967590
06-11-2024,4000.495117,4010.303829,3841.621536,3869.018642,3792017
07-11-2024,4011.366699,4064.421132,3947.7304,4029.535017,3724349
08-11-2024,4007.5979,4029.583155,3979.234411,4015.328979,1648039
11-11-2024,4057.560303,4091.963226,3979.234527,3989.43017,1406487
12-11-2024,4056.303711,4076.211333,4024.36488,4074.278564,1587640
13-11-2024,4010.835693,4055.675859,3992.184182,4037.652875,1098813
14-11-2024,4006.534668,4020.160788,3978.074919,3996.001168,1825432
18-11-2024,3884.384033,4071.379508,3856.068909,4071.379508,3313944
19-11-2024,3903.76001,3993.247106,3879.165562,3884.770406,1776233
21-11-2024,3935.940674,3954.881676,3888.732679,3908.930028,2384347
22-11-2024,4101.91748,4111.919659,3917.724422,3934.152966,3096553
25-11-2024,4170.047852,4182.610856,4109.262332,4136.127645,4052167
26-11-2024,4206.383301,4219.815955,4165.118481,4175.796844,2060669
27-11-2024,4186.910156,4230.252608,4178.695886,4212.423092,1558993
28-11-2024,4102.207031,4194.062196,4090.707146,4173.816244,2558544
29-11-2024,4127.28418,4154.198088,4054.611862,4078.143423,2017425
02-12-2024,4132.889648,4144.051677,4087.85602,4126.463284,1670944
03-12-2024,4158.112305,4179.614367,4122.066339,4169.322463,2010905
04-12-2024,4208.026367,4239.482479,4144.873019,4168.549449,3302642
05-12-2024,4313.990234,4338.101726,4213.438076,4252.866391,3746747
06-12-2024,4296.063965,4314.90847,4264.41486,4303.311851,1842087
09-12-2024,4302.490234,4319.160373,4267.120454,4281.519966,2066639
10-12-2024,4283.549316,4342.740393,4263.787028,4277.364547,2087828
11-12-2024,4278.621094,4299.108171,4258.858333,4282.873093,1635256
12-12-2024,4305.196289,4334.235964,4277.219259,4281.132929,1914642
13-12-2024,4323.508789,4343.80287,4246.681199,4285.868385,1967048
16-12-2024,4266.782715,4324.572342,4249.194321,4309.110184,1646224
17-12-2024,4182.99707,4283.936163,4172.850029,4261.75744,3225027
18-12-2024,4201.696289,4215.37054,4145.404374,4166.761573,1575404
19-12-2024,4128.299805,4217.303954,4118.732688,4138.060387,3015763
20-12-2024,4030.114502,4234.698361,4012.913041,4183.479965,4116989
23-12-2024,4018.517822,4075.2448,3976.576815,4058.864389,2195338
24-12-2024,4039.005615,4076.211433,4018.518067,4018.518067,1181886
26-12-2024,4028.955322,4058.76839,4003.877446,4039.005631,1208464
27-12-2024,4024.848145,4040.407035,4007.839676,4023.060238,858100
30-12-2024,4019.000977,4058.139562,3973.774356,4011.463364,1527169
31-12-2024,3957.152832,4000.785251,3896.512181,3996.001457,1555429
01-01-2025,3974.209717,3995.035122,3948.117089,3956.766186,763161
02-01-2025,4035.381592,4042.387882,3959.230653,3981.505636,1720835
03-01-2025,3962.081055,4039.440443,3954.736672,4039.440443,1791953
06-01-2025,3957.346191,4010.159032,3929.707489,3967.493233,2085593
07-01-2025,3892.887939,4001.171404,3876.700994,3976.625324,2669054
08-01-2025,3970.29541,3987.303878,3882.692718,3899.266124,2181277
09-01-2025,3903.08374,3998.659112,3889.989178,3963.144467,2392472
10-01-2025,4122.259766,4152.556027,4029.825142,4058.81669,7894300
13-01-2025,4146.854492,4177.633947,4085.295583,4102.304052,4003771
14-01-2025,4090.755127,4168.887435,4077.225739,4157.38755,3441709
15-01-2025,4106.749512,4113.369343,4066.016481,4076.211653,1653474
16-01-2025,4064.904541,4149.656684,4050.940563,4116.799598,2637705
17-01-2025,4058.999512,4094.72506,4035.133463,4094.035951,1761466
20-01-2025,4013.236084,4080.159197,4003.689713,4080.159197,1287799
21-01-2025,3971.950439,4045.910493,3966.192966,4030.459119,1971591
22-01-2025,4090.788574,4097.234676,3980.168061,3985.876278,2409223
23-01-2025,4079.815186,4124.988354,4074.500299,4102.007959,1822998
24-01-2025,4086.605469,4111.849253,4039.020904,4039.020904,1910099
27-01-2025,4000.786133,4090.54235,3977.067854,4037.052781,1551782
28-01-2025,3976.329834,4037.052888,3964.51983,4006.346926,2468272
29-01-2025,4034.887451,4042.810283,3989.812797,3989.812797,1217089
30-01-2025,4035.133301,4064.510779,3994.241358,4034.985772,1531251
31-01-2025,4047.288086,4063.084254,4020.568049,4044.926181,1492943
01-02-2025,4008.659668,4070.416146,3991.7813,4047.878819,437172
03-02-2025,4004.230469,4012.448358,3935.388044,3967.078169,1265713
04-02-2025,4042.022461,4053.635919,4001.671858,4019.042308,2547132
05-02-2025,4026.325439,4084.292776,4011.464423,4084.292776,1693912
06-02-2025,4018.107422,4073.958894,3987.401463,4040.398706,2284536
07-02-2025,3965.602051,4025.242662,3944.540975,4025.242662,1548940
10-02-2025,3973.032715,3987.844475,3950.790686,3976.034472,1339511
11-02-2025,3900.795166,3976.034685,3892.38049,3954.776582,1810908
12-02-2025,3887.606934,3958.073382,3877.765264,3908.225423,1678002
13-02-2025,3848.240234,3921.363886,3840.465412,3905.174388,2277310
14-02-2025,3872.549316,3885.491015,3838.251003,3862.855176,1681975
17-02-2025,3842.679443,3871.712365,3795.144137,3795.439435,1799806
18-02-2025,3811.875244,3862.264542,3803.31304,3836.676202,2149879
19-02-2025,3724.186279,3813.597703,3708.488624,3810.891244,4366672
20-02-2025,3719.560303,3728.024234,3691.905357,3701.943811,2888572
21-02-2025,3726.056152,3756.565328,3715.230316,3716.312995,1833931
24-02-2025,3617.404297,3703.617181,3611.892866,3683.884585,2508516
25-02-2025,3572.083008,3600.082508,3563.914375,3567.605,4101954
27-02-2025,3555.352295,3580.399295,3543.689821,3554.515657,3823856
28-02-2025,3428.099609,3543.001103,3402.265226,3528.189342,7085018
03-03-2025,3437.744141,3467.465932,3421.111576,3429.821549,4990439
04-03-2025,3476.126953,3494.776869,3409.449642,3418.996013,2797737
05-03-2025,3490.889404,3543.34555,3465.104278,3465.104278,2501894
06-03-2025,3544.575684,3552.30125,3480.11275,3500.681743,2786513
07-03-2025,3554.023438,3567.604989,3517.806048,3543.000816,2051315
10-03-2025,3532.814697,3564.751106,3525.876513,3549.398006,1004626
11-03-2025,3518.692139,3531.929136,3481.638109,3501.666002,1995450
12-03-2025,3450.686035,3512.737808,3431.642549,3508.555099,3174167
13-03-2025,3455.459229,3468.49944,3428.935979,3446.847768,1693004
17-03-2025,3442.320557,3474.552023,3422.292904,3433.758353,2690906
18-03-2025,3442.320557,3442.320557,3442.320557,3442.320557,0
19-03-2025,3441.730469,3490.840305,3407.924237,3490.840305,3051244
20-03-2025,3506.734375,3522.284261,3456.394332,3456.394332,2845192
21-03-2025,3521.447754,3558.993626,3410.138379,3419.980048,4161925
24-03-2025,3571.492432,3591.963151,3510.129769,3543.000848,1834751
25-03-2025,3599.83667,3651.259393,3580.399373,3587.288541,3135390
26-03-2025,3578.234131,3622.226344,3568.441718,3589.994877,1734499
27-03-2025,3593.390381,3605.003599,3553.334833,3557.616056,2528474
28-03-2025,3549.053467,3602.985862,3535.029088,3593.19345,2051919
01-04-2025,3494.579834,3527.254127,3469.18828,3516.132993,2618493
02-04-2025,3487.838135,3507.669241,3474.158311,3487.887391,1764313
03-04-2025,3349.267578,3446.552575,3342.37841,3435.726739,4537821
04-04-2025,3247.160156,3345.822887,3243.322001,3309.359696,5317367
07-04-2025,3222.21167,3239.286821,3007.663287,3050.917374,6623955
08-04-2025,3240.8125,3295.975105,3203.758711,3249.768515,5557558
09-04-2025,3195.196289,3218.225698,3161.193275,3208.925369,2990265
11-04-2025,3180.335449,3246.717461,3155.239192,3237.466388,7108961
15-04-2025,3196.770996,3261.922799,3187.323138,3261.922799,3512160
16-04-2025,3221.96582,3226.197786,3177.875093,3196.77105,2384391
17-04-2025,3246.668213,3251.29399,3167.049204,3194.113795,2932346
21-04-2025,3269.009033,3300.895946,3232.102773,3238.007774,2432946
22-04-2025,3261.922607,3281.113862,3242.829866,3269.992968,2710498
23-04-2025,3358.961914,3366.736737,3284.460521,3311.721899,3543923
24-04-2025,3347.742188,3358.46951,3334.062124,3347.250104,2252175
25-04-2025,3393.407715,3422.735939,3351.088535,3365.85104,2742991
28-04-2025,3388.97876,3403.052395,3351.088334,3380.613341,1593296
29-04-2025,3417.519531,3439.663286,3376.086009,3400.296611,1578332
30-04-2025,3399.017334,3454.327468,3312.705941,3417.027637,2809332
02-05-2025,3376.676514,3436.218609,3365.850678,3417.027355,1721761
05-05-2025,3399.607666,3449.012795,3391.832604,3395.3757,1284443
06-05-2025,3405.217529,3418.011699,3382.58169,3405.217529,1324763
07-05-2025,3390.553467,3404.725374,3366.441378,3366.441378,1477128
08-05-2025,3394.293213,3421.9484,3374.413089,3393.407559,2543591
09-05-2025,3385.829834,3391.636323,3344.298034,3345.183688,2531757
12-05-2025,3563.077881,3573.018063,3446.749397,3449.505112,2228678
13-05-2025,3459.34668,3565.636706,3454.917929,3563.077776,3062887
14-05-2025,3492.513184,3504.618485,3453.048233,3465.251807,2119499
15-05-2025,3523.219238,3543.00109,3458.461244,3507.57108,3548330
16-05-2025,3504.913574,3536.99727,3489.954286,3536.99727,1666727
19-05-2025,3463.08667,3493.79263,3448.225653,3493.79263,2537377
20-05-2025,3442.911377,3501.666097,3438.679411,3475.880971,2038374
21-05-2025,3469.97583,3480.998452,3442.911239,3452.457611,1440153
22-05-2025,3421.948486,3442.419207,3396.655444,3439.663491,2034383
23-05-2025,3458.952881,3479.029788,3410.728706,3421.948111,1274331
26-05-2025,3481.293701,3488.871738,3454.524409,3465.251732,967470
27-05-2025,3443.304932,3483.951076,3427.952071,3476.07774,2467680
28-05-2025,3442.320557,3473.125029,3437.69502,3464.267527,1222933
29-05-2025,3442.7146,3476.569848,3431.298167,3449.209957,3188072
30-05-2025,3408.563477,3451.177951,3398.42675,3434.742412,3404365
02-06-2025,3395.179199,3405.217654,3364.473238,3395.375985,1877585
03-06-2025,3351.285156,3418.503805,3346.65962,3391.439215,2848125
04-06-2025,3356.944824,3370.746482,3346.122152,3364.987529,2544807
05-06-2025,3347.214111,3384.845473,3339.866399,3384.845473,3584683
06-06-2025,3360.221436,3366.873915,3334.902114,3347.2144,2070390
09-06-2025,3397.654297,3409.66866,3366.873945,3375.909565,1718678
10-06-2025,3438.36377,3461.101659,3398.94511,3415.626123,2419874
11-06-2025,3447.300049,3464.278985,3424.66179,3445.413608,2847013
12-06-2025,3409.866943,3450.079981,3398.944884,3447.299772,4060134
13-06-2025,3421.285645,3426.051683,3369.15763,3369.15763,2178493
16-06-2025,3471.5271,3484.137066,3401.923694,3415.625963,1934088
17-06-2025,3490.392578,3495.059228,3463.385351,3485.130083,2111940
18-06-2025,3426.945068,3512.931563,3418.704072,3494.165575,2696327
19-06-2025,3399.739502,3426.548195,3388.817442,3425.555281,2672768
20-06-2025,3411.356445,3421.881436,3386.732116,3400.732308,2351248
23-06-2025,3369.554932,3400.732352,3346.122051,3390.803206,3123421
24-06-2025,3366.377441,3417.711318,3358.037056,3410.264459,3403048
25-06-2025,3420.39209,3425.555197,3375.90947,3383.157794,1757699
26-06-2025,3417.41333,3426.945164,3391.101095,3420.392074,2879106
27-06-2025,3416.718506,3441.839051,3406.689971,3430.519922,1778433
30-06-2025,3437.470215,3440.34957,3405.696949,3415.526706,1468351
01-07-2025,3405.39917,3460.307396,3389.314002,3430.519958,2375183
02-07-2025,3399.044434,3465.172397,3395.767767,3462.491576,3090585
03-07-2025,3376.703857,3410.959409,3373.526579,3405.696914,2531870
04-07-2025,3395.569336,3402.718272,3366.079821,3383.852895,1109320
07-07-2025,3387.526611,3401.824727,3384.249945,3394.079944,1639174
08-07-2025,3382.06543,3400.732271,3369.356075,3380.873981,2325242
09-07-2025,3359.824219,3389.810189,3343.143206,3385.838531,2034938
10-07-2025,3358.036865,3374.916412,3332.221088,3356.051036,3035012
11-07-2025,3242.858887,3311.36999,3237.993702,3276.518593,7635550
14-07-2025,3199.865479,3248.816211,3177.326368,3242.858724,3924009
15-07-2025,3229.256104,3236.305652,3183.28411,3183.28411,2590889
16-07-2025,3221.086426,3232.842384,3208.632874,3215.008995,2540733
17-07-2025,3197.275146,3229.953316,3192.194243,3212.119927,2947640
18-07-2025,3178.046875,3216.802476,3175.157748,3213.016548,3432645
21-07-2025,3146.4646,3185.718342,3140.287686,3178.146485,3844346
22-07-2025,3147.859619,3168.283445,3142.878198,3147.859619,3198036
23-07-2025,3167.287109,3170.176236,3145.867,3147.859568,1922875
24-07-2025,3136.302734,3161.90719,3128.332461,3153.339292,2934778
25-07-2025,3124.147949,3145.169399,3113.985899,3128.332294,2568917
28-07-2025,3067.85791,3106.414059,3058.492693,3098.443786,3374473
29-07-2025,3044.644531,3062.577647,3029.899476,3048.629668,4785312
30-07-2025,3042.253418,3057.596097,3035.877053,3048.629539,2880121
31-07-2025,3025.515869,3048.430405,3003.796825,3030.397564,2968371
01-08-2025,2991.841309,3025.515762,2988.852456,3018.641255,2053847
04-08-2025,3062.976074,3067.957495,2980.483936,2997.91891,2519252
05-08-2025,3052.515137,3066.064699,3030.69661,3062.976121,1927996
06-08-2025,3021.032471,3055.404274,3014.755832,3051.618345,1487081
07-08-2025,3035.677979,3040.260983,2999.712021,3004.793168,2543076
08-08-2025,3025.117188,3048.430383,3013.759645,3036.773907,2762140
11-08-2025,3029.500977,3038.567017,3010.073435,3025.11718,1884215
12-08-2025,3024.12085,3084.894184,3015.652434,3029.700138,3358232
13-08-2025,3024.917969,3033.08745,3017.346355,3024.818486,2148166
14-08-2025,3011.069824,3044.544828,3007.881763,3022.726301,3342174
18-08-2025,3000.010986,3037.670578,2992.239921,3035.179868,2945609
19-08-2025,3004.992432,3013.759781,2999.911528,3000.011011,2650784
20-08-2025,3087.086182,3091.868151,2999.711867,2999.711867,4952358
21-08-2025,3091.071533,3118.369624,3071.643991,3118.369624,3230726
22-08-2025,3042.651855,3084.196857,3038.666719,3074.532949,1593791
25-08-2025,3128.930176,3140.287718,3065.666131,3075.828181,3448370
26-08-2025,3145.468506,3150.250719,3108.406781,3117.373339,5522097
28-08-2025,3082.204346,3134.8082,3075.031148,3133.313773,3116051
29-08-2025,3073.237793,3103.425253,3065.765662,3081.507,2271789
01-09-2025,3101.03418,3119.465437,3078.51806,3078.51806,1246862
02-09-2025,3099.938232,3143.276594,3091.569543,3109.502658,2185229
03-09-2025,3085.990234,3130.225154,3076.525535,3118.269744,1799774
04-09-2025,3084.197021,3106.414208,3079.315326,3104.42164,1481391
05-09-2025,3036.973145,3091.868257,3017.346395,3085.591862,2802055
08-09-2025,3007.781982,3053.51133,3004.79313,3038.666792,2626187
09-09-2025,3038.068848,3048.629557,3019.538108,3020.833326,2489301
10-09-2025,3098.443848,3111.096608,3042.054065,3045.042917,2079428
11-09-2025,3112.591064,3127.336119,3098.543603,3127.336119,2263446
12-09-2025,3121.756836,3137.000033,3109.403009,3132.317546,1447167
15-09-2025,3100.33667,3122.354648,3084.495849,3122.354648,1732539
16-09-2025,3134.01123,3138.295301,3097.547374,3116.377048,2573429
17-09-2025,3161.010498,3170.57468,3130.723313,3140.287738,2418271
18-09-2025,3164.895996,3191.098319,3149.652799,3173.165204,2633138
19-09-2025,3157.423828,3168.681888,3132.317515,3158.220904,4901694
22-09-2025,3062.378418,3095.355279,3053.611068,3083.499594,3634901
23-09-2025,3051.020508,3069.252557,3040.65925,3058.592365,3177741
24-09-2025,3024.12085,3045.640685,3021.729865,3038.666696,1625714
25-09-2025,2946.410645,3018.342555,2940.034523,3010.770698,4974361
26-09-2025,2888.327637,2943.820618,2880.556571,2930.071848,3934636
29-09-2025,2885.338623,2918.415208,2883.246329,2905.16458,3110035
30-09-2025,2877.667236,2904.467428,2874.379693,2900.183357,2253458
01-10-2025,2903.371338,2913.932048,2855.948356,2880.257593,1952902
03-10-2025,2891.116943,2913.134921,2880.357269,2913.134921,2899519
06-10-2025,2977.295654,2982.476527,2884.840674,2891.216795,2112774
07-10-2025,2962.650146,2993.335747,2944.517823,2983.871048,3062943
08-10-2025,3015.951416,3031.692755,2956.971441,2963.945431,4121889
09-10-2025,3050.323242,3054.607313,3008.77824,3022.726219,3211304
10-10-2025,3017.047363,3058.592364,2995.726736,3038.666681,8817365
13-10-2025,2996.025879,3024.220771,2987.059321,3015.752355,2866865
14-10-2025,2949.300049,3015.951362,2944.517836,3009.774449,3611416
15-10-2025,2969.800049,2979.699951,2951,2971,4282226
16-10-2025,2970.699951,2975,2943.100098,2969.899902,3251495
17-10-2025,2962.199951,2988.800049,2955.399902,2970,4374683
20-10-2025,3015.199951,3023,2978.5,2985.5,3133039
21-10-2025,3006.699951,3031.800049,2996,3031.100098,310644
23-10-2025,3073.199951,3098,3036.100098,3055,5564758
24-10-2025,3063.199951,3090,3058.300049,3080,2684318
27-10-2025,3084.899902,3094.199951,3060.199951,3066.5,1946312
28-10-2025,3057.899902,3090.199951,3040.199951,3076,3470737
29-10-2025,3057.600098,3076,3046.100098,3057.899902,2895420
30-10-2025,3035.300049,3063.800049,3032.800049,3049.100098,2241536
31-10-2025,3058,3067.399902,3025.100098,3035,1868085
03-11-2025,3016.800049,3058,3010,3046.899902,2194877
04-11-2025,2990.199951,3029.300049,2976,3019.600098,2670720
05-11-2025,2990.199951,2990.199951,2990.199951,2990.199951,0
06-11-2025,3010.899902,3024,2990,2990.100098,2542721
07-11-2025,2991.800049,3004,2960.5,3001,1830520
10-11-2025,3025.199951,3047.899902,2992,2993,1556656
11-11-2025,3047,3055.699951,3018,3045,2806868
12-11-2025,3131.800049,3136.399902,3057.100098,3060,4460315
13-11-2025,3105.699951,3131.899902,3102,3131.800049,1740435
14-11-2025,3106,3113.100098,3077.300049,3090,2210794
17-11-2025,3102.199951,3123.5,3086.600098,3106,2232853
18-11-2025,3087.100098,3105,3078,3102,2548350
19-11-2025,3147.699951,3155,3083.5,3097,3151053
20-11-2025,3144.800049,3164.5,3138.100098,3148,2700767
21-11-2025,3150.600098,3170,3135.199951,3144.800049,4177037
24-11-2025,3141.199951,3178.899902,3131,3158,6703764
25-11-2025,3119.199951,3149.800049,3115,3145.300049,2737920
26-11-2025,3162.899902,3178,3117,3118.800049,2508527
27-11-2025,3136.600098,3180,3125,3180,2836233
28-11-2025,3137.5,3147.300049,3125,3140,1616690
01-12-2025,3133.399902,3154,3122.199951,3137.899902,1747647
02-12-2025,3135.699951,3144,3120.399902,3131,2512003
03-12-2025,3180,3211.899902,3139,3140,3952112
04-12-2025,3229.199951,3250,3187.399902,3194,5025905
05-12-2025,3238.199951,3271.600098,3222.399902,3230,5244013
08-12-2025,3236.5,3259.899902,3208.600098,3243,2544725
09-12-2025,3208.300049,3233.699951,3181.199951,3230,2734893
10-12-2025,3189.199951,3225,3178.100098,3225,1386849
11-12-2025,3191.899902,3208.399902,3153.100098,3205,1914362
12-12-2025,3220.5,3223,3185.699951,3197.699951,1146554
15-12-2025,3230.199951,3238.199951,3197.300049,3211.100098,1562190
16-12-2025,3205.100098,3220,3191.100098,3220,1734623
17-12-2025,3217.800049,3236.899902,3200.5,3200.5,1376350
18-12-2025,3280.800049,3287.800049,3221,3228,2307422
19-12-2025,3282,3317.899902,3278.800049,3299,3902511
22-12-2025,3324.899902,3328.600098,3291,3310,2632816
23-12-2025,3310,3319.899902,3293.5,3319.899902,2365420
24-12-2025,3319,3327.100098,3296.100098,3304.100098,1367708
25-12-2025,3319,3319,3319,3319,0
26-12-2025,3280,3320,3271.800049,3313.100098,1176664
29-12-2025,3251.5,3288,3242.899902,3280,2079473
30-12-2025,3246.800049,3267.5,3239.5,3250,2807593
